word,count
帳戶,79270
投資,68078
提供,66088
指示,63586
帳號,57386
匯款,49699
要求,47376
交易,46205
客服,45198
銀行,44444
報案,40937
詐騙,38173
操作,34463
平台,32241
加入,32149
損失,31211
需要,30774
透過,28592
台幣,28405
轉帳,28129
網站,27068
收到,25314
連結,24623
進行,24161
萬元,22995
無法,22543
獲利,21556
依照,21340
軟體,21081
廣告,20987
使用,20408
金融,18990
才能,18531
訊息,18151
方式,17543
聯絡,17343
按照,17094
貨幣,16934
電話,15873
臉書,15603
提領,15573
立刻,15386
指定,15245
資料,15139
派出所,14995
群組,14654
提醒,14552
賣家,14550
金額,14419
網址,14318
虛擬,14175
支付,13777
商品,13758
警方,13030
社群,12986
保證,12984
專員,12982
私訊,12780
網友,12735
資訊,12567
機會,12356
認證,12056
處理,11900
確認,11382
申請,11295
貸款,11229
問題,10960
面交,10860
專業,10855
通知,10723
社團,10471
付款,10444
資金,10147
點數,10113
只要,9963
公司,9827
抽獎,9424
前往,9379
一定,9306
趕緊,9284
投入,8908
集團,8389
見面,8352
配合,8252
遊戲,8193
演唱,8126
服務,7993
提款卡,7966
賣貨,7817
筆金額,7796
活動,7739
開通,7640
密碼,7480
流程,7475
郵局,7428
信用卡,7344
經驗,6936
協助,6892
必須,6842
下載,6696
驗證,6686
輸入,6533
交付,6513
分享,6472
超商,6309
金錢,6201
股票,6187
幫忙,5919
價格,5684
販售,5656
照著,5655
人員,5615
投資訊息,5470
安全,5437
來電,5343
追回,5274
官方,5179
相關,5162
最近,5105
警察,5074
拍照,5007
臉書上,4934
不安,4849
投資網,4825
凍結,4809
隨後,4754
新台幣,4751
就是,4741
立即,4732
跳出,4684
中獎,4679
一通,4671
提款,4659
還有,4659
儲值,4636
順利,4636
費用,4621
這件,4614
其他人,4596
有些,4594
方便,4592
我點,4559
會門票,4552
還要,4541
電子,4537
急需,4526
不詳,4525
失新,4523
下單,4514
情況,4507
不回,4500
出去,4481
不會,4472
參加,4471
推薦,4451
提高,4449
態度,4427
款項,4422
失望,4418
現金,4396
體會,4371
懊悔,4359
涉及,4347
簡訊,4335
對方稱,4320
吸引,4186
因此,4180
回報,4178
應該,4175
盜用,4174
退款,4149
保證金,4146
經理,4133
截圖,4131
心動,4118
而且,4098
給我,4097
點進,4091
家人,4086
受騙,4077
地址,4076
進入,4056
號碼,4014
最終,4007
元至,3989
台灣,3973
不久,3921
轉到,3920
是否,3913
受害者,3891
異常,3819
一起,3813
一天,3803
交貨,3793
單純,3771
站上,3738
包裹,3696
假買家,3694
提到,3689
打電話,3681
能夠,3681
出現,3679
查證,3676
再也,3674
共計,3656
在網,3655
這讓,3649
一段,3647
過去,3641
物流,3630
主動,3626
需求,3620
準備,3608
越來,3588
實名制,3573
賣場,3573
成為,3569
猶豫,3554
男子,3514
失聯,3504
訂購,3500
戒心,3491
引導,3485
學到,3476
陌生,3459
郵件,3453
趕快,3447
帳戶裡,3435
提出,3429
拿到,3423
根本就是,3389
這時候,3382
當天,3375
東西,3359
辦理,3349
失敗,3343
掉入,3338
發生,3312
尤其,3310
以為,3280
生活,3269
強調,3258
真是,3243
之前,3233
不錯,3223
奇怪,3186
風險,3173
收益,3172
名叫,3168
隔天,3150
穩定,3149
故至,3146
我信,3135
傳來,3102
討論,3100
無奈,3092
繳費,3091
還給,3075
存款,3067
地點,3062
出來,3059
總共損,3057
匯入,3050
放下,3047
經過,3046
像是,3042
登入,3032
親切,3026
對方聲,3024
一張,3021
紀錄,3014
借錢,3012
身份,3004
很多,2978
警惕,2973
填寫,2963
程序,2960
千萬,2960
交給,2955
金流,2954
實名,2953
合理,2944
充滿,2940
中國信,2927
傳送,2911
門票,2910
不到,2904
多次,2888
元到,2886
通話,2884
調查,2866
計損,2863
網銀,2859
證明,2849
金流驗證,2841
千元,2824
每天,2809
有異,2806
一點,2796
獎金,2794
總共,2784
領獎,2768
好像,2764
交易所,2762
獲得,2759
購物,2750
接下,2745
親友,2743
點擊,2727
過了,2722
網頁,2720
數字,2712
連結給,2711
二手,2699
刷卡,2694
否則,2689
幫助,2672
聊得,2666
本人,2664
約定,2661
留言,2657
惟因,2651
叫做,2645
拖延,2642
簡單,2634
給對方,2629
圈套,2617
上當,2616
我將,2594
熱情,2589
領取,2587
第三方,2566
聽起,2555
功能,2554
已讀,2549
幾個,2549
安排,2546
轉了,2508
心中,2503
並將,2502
我試,2499
轉入,2499
指導,2496
試試,2492
證作業,2483
貨便,2482
加上,2478
有個,2477
興趣,2473
快速,2470
某天,2469
女子,2452
錯誤,2448
事件,2444
手續費,2443
真正,2427
保障,2427
太多,2422
話術,2418
案件,2417
辛苦,2416
不再,2414
未來,2413
特別,2408
交流,2404
解決,2402
分別,2399
案例,2399
無卡,2394
大約,2393
騙子,2377
選擇,2376
名字,2375
影片,2374
警局,2372
時許,2368
查詢,2368
訂金,2358
找到,2356
報酬,2353
建議,2350
仔細,2344
如何,2344
某個,2343
進行驗,2343
附上,2339
消息,2339
了解,2338
一封,2333
認為,2313
名下,2310
至該,2307
借款,2305
積蓄,2297
就點,2295
左右,2292
可疑,2290
保持,2289
可是,2288
徹底,2286
畫面,2271
抖音,2271
臨櫃,2268
不少,2266
第一次,2257
回來,2255
講得,2242
更多人,2241
出貨,2240
以免,2240
答應,2231
這位,2225
轉出,2218
我覺,2216
遲遲,2211
沒想,2207
平常,2199
今天,2196
不僅,2195
通過,2185
下來,2185
被害人,2184
租屋,2183
解鎖,2180
投資虛擬,2173
便宜,2164
就照,2159
正在,2151
獲利時,2145
訂單,2142
陷入,2141
隨著,2134
群組裡,2133
補助,2132
一切都是,2131
兩個,2130
刊登,2118
我在網,2097
線上,2092
正式,2089
在家,2088
恐嚇,2080
代工,2067
出售,2063
變成,2063
站名,2062
視訊,2056
第一,2053
早上,2053
世界,2049
依對方,2045
而是,2044
老師,2038
多元,2034
每次,2029
說要,2023
公益,2022
嘗試,2021
怪怪的,2016
今年,2003
月初,2002
打開,2000
泰達幣,1999
尚未,1992
他人,1992
財產,1992
證件,1991
交易平台,1981
接獲,1970
單位,1969
我還,1968
助理,1955
社團裡,1953
合作,1948
傻傻,1946
似的,1934
家中,1917
全家,1908
確實,1906
審核,1902
查看,1898
序號,1897
小額,1892
半信半疑,1891
他給,1883
狀況,1882
上面,1882
金時,1881
申辦,1877
簽署,1876
擔心,1874
數卡,1868
貨到,1867
懊惱,1854
其實,1846
管道,1835
收款,1834
免費,1828
毫不,1828
信用,1821
說明,1820
滿心,1818
我誤,1814
此時,1812
承諾,1811
簡直,1804
好奇,1801
總計,1798
繳納,1796
並傳,1795
家庭,1793
一陣子,1791
導致,1781
一片空白,1776
腦袋,1774
頭頭,1771
幾次,1771
真實,1767
買賣,1762
深深,1761
但當,1760
無助,1759
通金流,1758
我聯絡,1758
清楚,1757
居然,1745
相當,1741
獲利出,1739
保護,1739
心情,1736
筆款,1735
運費,1734
有限公司,1734
女兒,1734
增加,1730
先付,1730
回想,1728
恍然大悟,1727
解除,1722
變得,1718
給他,1712
姓名,1712
等到,1711
重蹈,1707
覆轍,1706
那時,1693
交保,1693
不讀,1689
一組,1688
開啟,1683
交往,1680
目前,1672
兩筆,1672
不已,1668
面上,1667
過沒,1666
捐款,1660
兒子,1657
場並,1656
專線,1655
販賣,1653
便利商店,1652
創建賣,1649
基金,1646
並在,1644
證碼,1642
兩次,1637
聽到,1635
無論,1635
是不是,1631
女生,1627
當初,1627
邀請,1624
兩張,1619
高額,1617
會員,1611
當受,1610
匯到,1608
作為,1606
那種,1605
我先,1601
拒絕,1599
看著,1599
借貸,1598
同事,1597
電話給,1595
消費,1593
只想,1593
卡號,1588
詳細,1581
直播,1578
更多,1578
對方以,1577
一種,1569
證金,1566
刪除,1562
高達,1561
始知,1557
逐漸,1549
確定,1549
剛好,1543
一款,1543
寄給,1541
發文,1537
事宜,1533
持續,1531
之下,1531
似乎,1530
取得,1529
機構,1524
傳訊息,1519
瞬間,1518
那麼,1514
受害,1514
更是,1508
隨後傳,1506
就加,1504
聲音,1499
某日,1494
十分,1494
害怕,1492
還強,1492
大概,1488
慘痛,1479
催促,1477
周邊,1475
手續,1473
包裝,1469
血汗,1462
用戶,1458
聊著,1458
等待,1453
求助,1453
其中,1451
稱無法,1450
玉山,1444
中午,1443
不然,1442
信以,1439
看見,1438
切勿,1437
等等,1437
沒過,1432
這場,1430
本金,1427
許多,1424
取貨,1423
先匯,1420
期間,1419
步驟,1417
並未,1415
組裡,1413
物品,1412
分許,1411
匯出,1411
該平,1411
不見,1410
新竹,1409
疑惑,1406
謊稱,1405
檢察官,1396
盡快,1396
不過,1394
存下,1392
我購,1389
建立,1388
迷心,1388
回傳,1386
威脅,1386
我終,1381
元給,1378
科技,1378
請求,1376
停止,1374
結束,1374
兼職,1374
列為,1374
早就,1370
反詐,1365
全都,1364
熟悉,1361
綁定,1359
憤怒,1357
再三,1357
加碼,1356
扣款,1356
個資,1354
喜歡,1354
點多,1353
遭盜,1352
經營,1349
行為,1347
匯款給,1347
瀏覽,1346
辦法,1343
未開,1340
價值,1336
這裡,1333
整件事,1332
房子,1331
我要,1328
故事,1326
興奮,1322
根據,1319
必要,1317
保留,1317
重要,1314
剩下,1313
這段,1313
螢幕,1309
計畫,1309
認證碼,1309
社交,1305
想想,1305
合法,1304
方案,1299
看看,1299
那位,1297
同意,1295
投資詐,1294
冷靜,1289
美金,1287
額外,1283
創建,1283
領出,1283
因有,1281
只有,1280
買家聲,1273
畢竟,1272
這類,1271
上網,1267
名義,1267
我拉進,1267
警察局,1267
轉走,1267
三次,1260
打來,1259
沒什麼,1259
購買遊,1255
還傳,1254
我稱,1253
只好,1252
多年,1247
稱要,1247
戲點數,1246
主管,1245
實際,1244
慢慢,1243
相約,1241
遭受,1241
中心,1241
深信不疑,1240
丟了,1240
蒸發,1239
先生,1239
雙方談,1229
誘人,1229
探探,1226
上午,1225
還把,1223
餡餅,1223
幾乎,1219
全部,1217
悔恨,1215
剛開始,1212
今日,1211
交朋友,1210
就要,1209
我輸入,1209
如此,1209
購買點,1207
交出,1207
困難,1205
音上,1202
稅金,1200
談妥,1199
嫌疑人,1197
甜言,1196
藉口,1194
標榜,1193
發覺,1188
程式,1185
過來,1183
虛假,1182
嘉里,1180
蜜語,1179
心態,1179
預付,1176
猛然,1175
傻眼,1175
公仔,1173
關閉,1171
附近,1168
專家,1168
財務,1164
不同,1164
早已,1163
還款,1159
政府,1158
務必,1158
並以,1155
轉給,1155
去年,1155
解釋,1154
語音,1154
釣魚,1153
一共,1152
核實,1152
對方要,1151
刑事案件,1151
有意,1151
黑貓,1149
數並,1148
成員,1146
凌晨,1144
冒用,1143
還叫,1140
造成,1138
我家,1138
一瞬,1134
產生,1134
說法,1134
將我,1132
月底,1132
一心,1131
退還,1129
材料,1129
乖乖,1126
頁面,1125
愣住,1124
獲自稱,1124
欺騙,1123
得到,1122
遭騙,1120
誠懇,1120
網購,1119
關心,1118
共損,1116
始終,1115
感情,1113
受到,1113
並稱,1112
臨時,1112
求職,1110
狠狠,1108
差點,1107
並沒有,1103
之後對方,1102
友人,1102
遇上,1102
回頭,1102
一堆,1102
並說,1101
清醒,1101
對方給,1100
防詐,1099
我用,1099
試圖,1096
自責,1095
驗證碼,1093
確保,1093
迅速,1092
多加,1091
隨後接,1089
即使,1088
挽回,1088
人生,1086
一台,1085
主動加,1084
檢查,1081
滑著,1081
回饋,1081
先繳,1080
但後來,1080
顧問,1077
宣稱,1076
反而,1075
周轉,1073
多少,1072
以便,1071
還不錯,1070
設定,1069
大榮,1068
令人,1068
借用,1067
留下,1067
可靠,1066
轉接,1065
正規,1065
別人,1063
自行,1063
難得,1060
類似,1060
反正,1058
耐心,1058
提議,1057
收入,1055
財富,1055
行員,1055
付出,1054
加一個,1053
千萬別,1051
門市,1049
噩夢,1047
難過,1046
講話,1046
當場,1045
疑慮,1044
沒懷疑,1043
日接,1043
急事,1042
並向,1041
一家,1041
商店,1040
一看,1040
退回,1038
人民,1037
優惠,1037
划算,1034
金管會,1033
中華郵政,1032
有興趣,1032
還在,1031
利潤,1030
開口,1030
除了,1030
絕對,1028
按摩,1026
條件,1025
緊張,1025
還能,1024
現場,1021
對話,1021
一份,1019
明細,1018
相機,1017
方稱,1016
賺點,1016
願意,1014
存入,1013
至今,1012
方以,1011
中旬,1007
實性,1005
買點,1005
寄來,1005
工具,1003
打算,1001
台北,1000
可怕,999
推移,998
抱著,997
急用,997
可惡,994
放心,993
錯過,991
還沒,989
網絡,989
始驚覺,988
疑似,984
結婚,984
將款,983
不足,982
粉絲,981
鼓吹,981
人士,980
賺取,979
提告,978
一查,978
我繼續,977
想購,976
壓力,974
協議,972
幸好,971
我點擊,969
天上,969
容易,966
平時,966
我能,965
股份,964
寄件,964
不堪,963
如今,963
即可,962
部分,958
超商購,956
利息,956
第二次,955
合約,955
辛辛苦苦,952
常見,951
兌換,949
盜刷,948
對象,948
監理,948
影響,948
人間,947
包括,947
餘額,946
往往,946
對方還,945
出金時,945
愚蠢,944
並要,943
將新,943
猶豫地,942
發布,939
麻煩,937
小姐,936
我以,935
我馬上,935
沮喪,932
進度,930
注意,929
方法,928
那時候,926
我現,925
入帳,924
包包,924
不算,923
綠界,921
恐懼,920
典型,916
作業,913
分析,912
臉書訊息,911
不敢相信,910
同樣,908
取消,906
阻止,906
並開始,904
無比,903
超過,901
管理,901
撥款,901
並透過,900
幾筆,899
代管,896
並給,896
獎品,894
轉盤,893
產品,891
網查,890
隨意,890
抵押,890
正好,889
進行驗證,887
起疑,885
來路,882
難以,882
蹊蹺,882
基本,881
傳訊息給,880
並與,880
自身,878
哪裡,875
互動,874
那邊,873
可信,873
內部,873
一再,871
並請,870
追加,870
以利,869
尋求,869
一篇,868
漸漸,868
手上,866
點入,865
本來,865
項目,862
交出去,861
交易方式,861
不想,860
身上,860
將錢,859
玩家,859
重新,858
解凍,856
我接,856
誠意,856
錢匯,855
正當,855
登記,852
保持警惕,850
不願,850
網上,848
法律,846
信箱,845
行動,845
不用,844
客戶,844
代購,842
上述,841
越想,840
嚴肅,840
心地,838
再度,837
給了,837
代價,834
面對,833
鼓勵,832
匯給,830
石沉大海,830
我會,826
薪水,826
測試,825
另外,824
還會,824
暫時,823
信件,823
土地,821
信息,821
聊天室,820
發來,820
初醒,818
住家,817
方向,816
信誓旦旦,816
我頓,815
引以,812
如夢,812
還算,812
國外,812
關鍵,811
當面,811
開心,809
人加,808
還保證,808
專門,808
當然,807
一萬元,806
涉嫌,806
教我如何,805
無意間,803
惡意,801
規定,800
小時,800
不但,798
禮物,797
前陣子,797
欲購,794
參與,794
隨便,794
心頭,794
寄出去,792
溝通,792
地方,791
事有,791
一部分,790
問我,790
錢包,789
當我想,788
之間,787
將近,787
實在,786
敷衍,785
追查,784
國際,784
張貼,781
依其,781
此事,781
日子,781
彰化,779
直至,776
押金,776
特地,775
一開,773
娃娃,773
先匯款,773
面前,772
門號,772
自動,771
遭凍結,770
經紀,770
台中市,770
並聲,769
一件,769
入金,768
一課,768
元新,767
網址給,767
領錢,766
轉進,766
營業員,764
可恨,763
明明,761
衣服,760
工程,760
權益,760
防止,759
信心,758
有關,757
化為,757
誘惑,756
文章,752
戶頭,751
回事,750
天上掉,750
媒體,749
冒充,749
那筆,749
電腦,748
貼文者,748
從頭,748
富邦,747
還以,746
思考,746
忘記,746
心得,745
心扉,744
懊悔不已,744
痛徹,742
套路,742
我嘗試,741
至少,740
周杰倫,740
一則訊息,739
不通,739
可悲,739
接受,738
配通,738
人性,737
繳交,736
自由,735
慘重,734
援交,734
財力,731
整整,730
總金額,729
莫及,729
三萬元,728
收取,728
標題,728
一間,726
總共匯,726
搜尋,726
並把,726
卡及,725
交換,725
裝備,724
筆錢,724
加起,724
騙取,723
偶像,722
第二,721
不大,721
那頭,721
那裡,720
試著,720
一番,720
升級,719
幣商,718
我到,718
焦急,716
金庫,716
還覺,715
互加,715
說會,715
機車,714
不夠,713
聽信,712
還特別,712
心痛,711
貪婪,711
他聲,710
打給,709
並告訴,709
接收,709
不敢,709
更要,709
換來,708
臉書暱,707
又氣,705
任務,705
貨運,705
負責,705
美好,704
負荷,702
幾張,702
記得,701
緊急,701
求證,700
匯了,700
果然,700
之後對,698
他還,698
幾句,698
一天天,697
熟人,696
政事,696
封面,696
多麼,696
手頭,695
鬼迷心,695
更恨,695
記錄,694
蝦皮,691
並保證,690
致富,690
聊起,689
方知,688
香港,688
渴望,688
組內,687
輕信網,687
未通,686
轉至,685
卡寄給,684
商家,684
乾脆,683
或許,683
帳號給,683
條碼,683
急忙,682
一半,682
分局,681
萬元給,680
電商,680
看房,680
熱絡,679
打工,679
我匯,678
卸下,677
不小,677
巨大,676
主任,674
戲點,673
車手,673
還用,672
我想,671
接觸,671
課程,671
溫柔,668
既然,667
投資群,667
不了,666
用品,665
進一個,664
機票,664
之人,663
對方用,663
旋轉,662
之後他,661
票券,660
商代,658
假網,658
打電話給,656
裡的,656
我始,654
互相,652
錢給,652
多方,652
比較,651
加密,651
謊言,650
匯錢,649
回訊息,647
烏有,647
一邊,645
結果後來,644
誘導,644
賺來,643
不動產,643
想著,643
實體,643
五萬元,641
再付,641
家裡,641
更新,640
丟給,640
每個,639
存在,639
並邀,639
群組內,639
熱心,638
犯嫌,636
先行,635
全新,635
我本來,635
一模,635
發給,634
尋找,634
谷底,633
更改,632
並依,631
我並,631
高雄,630
話題,630
高度,630
來源,629
或是,629
數據,629
債務,628
原因,628
發送,628
易地,627
描述,625
內心,625
回家,624
提示,624
資產,623
便線,622
市場,622
翡翠,622
感興趣,621
還貼,620
不符,619
元過,619
先購,618
展示,617
方不斷,617
小數目,617
應用,617
機關,617
可參,617
我報,615
指導下,615
分數,615
流水,614
只覺,613
前來,612
危險,612
文件,611
寫著,611
需先,611
太過,610
樣子,609
焦慮,609
深感,609
一會兒,608
氣氛,608
正反面,607
幸運,607
自然,607
傍晚,606
返還,604
專案,604
愛情,602
取回,602
心防,602
同時,602
股市,600
增長,600
上班,599
結果過,598
需確,598
嚴重,596
元整,596
日期,596
放在,595
裸聊,593
當日,592
閒聊,591
仍然,591
代碼,591
翻倍,591
經濟,590
取票,590
洗錢,589
帳給,589
安心,589
圖片,589
投資金額,588
微信,588
母親,588
新北市,587
還被,586
購票,586
帳單,585
運條款,585
提高警惕,585
努力,584
介面,584
著能,584
氣憤,584
一支,584
地說,583
蒙蔽,582
才察覺,581
總覺,580
該名,578
保險,578
先是,578
絕望,578
額度,577
引導下,577
退貨,577
精品,577
日透過,576
事後查,575
近期,573
大筆,572
方加,572
愉快,572
誠信,571
高雄市,570
盲盒,569
資格,569
改用,569
一頭,569
痛心,569
虛擬幣,568
網銀轉,567
格外,567
找回,566
牽涉,565
設下,563
編號,563
我轉,563
之銀行,562
積極,562
我察覺,561
我問,560
談好,560
還有點,559
貨款,559
普通,559
人頭,558
不管,557
聊到,556
索取,556
她給,556
分匯款,556
生意,555
專頁,554
嚇壞,553
反應,552
外快,552
我後來,552
要購,551
方面,551
一萬,551
回到,550
打擊,550
邀約,549
送到,549
地照,549
證始,549
同一,548
當作,547
這應,546
華南,545
在手,544
整合,542
務所,542
竟是,542
這下,542
惟對,542
察覺,540
定向,540
轉完,540
一陣,538
一條,538
進來,537
網查詢,537
藉由,536
貨物,536
之類,535
收據,535
內容稱,535
隨後我,535
相同,535
提現,534
震驚,534
國泰世華,534
給予,533
閃爍,533
投機,533
原以,532
外匯,532
憑證,532
比特,531
另一名,530
理財,530
提起,530
心急,529
短短,529
激活,528
還加,525
最初,525
私人,525
剛剛,524
一股,524
遊戲點,524
一絲,523
客人,523
始還,521
負責人,521
手段,521
小紅書,520
問對方,519
疏忽,519
還傳來,518
領到,517
說服,517
廠商,517
並加,516
不接,515
我主動,515
還不斷,515
不知,515
通報,514
之後會,514
一副,514
店家,513
指引,512
三筆,511
我詢,510
抽中,510
日至,510
國泰世華銀行,509
統一超,509
累積,509
策劃,509
大量,508
又給,508
完款,508
福利,508
上架,508
無力,507
三張,507
民國,507
總共轉,506
上賣,506
一般,504
忍不住,504
幻想,503
還錢,502
下去,502
行人,502
先轉,501
出租,501
孩子,500
心軟,500
越覺,499
對方馬,499
沉重,498
交友平台,497
依然,496
碰面,496
收購,495
便主動,495
元購,495
彼此,494
四次,493
寄貨,493
帳戶驗證,493
用途,493
女性,491
結識,490
太輕信,490
證字號,490
推銷,489
銀行轉,489
將電話,489
商業,489
冰冷,488
專屬,488
計劃,488
媽媽,487
知名,487
服力,486
先前,486
全數,486
不妙,485
不法,484
房屋,484
轉過,484
一句,484
友善,484
還想,483
卡給,482
寵物,482
歸還,482
小便宜,481
臉書名,481
說現,481
錢轉,481
過賣,479
下旬,478
限時,477
元作,476
騙者,476
方給,476
價錢,476
大意,476
凡是,476
不行,475
透露,474
多筆,474
限制,474
家用,473
精美,473
於網,473
佯稱,472
很大,472
投緣,471
群裡,471
錢過,471
帳戶給,470
天花,470
拿出,469
商城,469
負擔,468
設局,468
以後在網,467
回去,467
信貸,467
三個,466
教學,466
家驗證,465
以法,465
遭人,463
豐厚,461
整理,460
酒店,459
化名,459
一把,458
匯過,458
感受,458
使用者,457
滑到,457
交通,457
桃園,456
之中,456
有位,455
便將,454
值得,454
音訊全,454
日前,453
還好,453
幾分鐘,453
低價,453
這名,452
寄到,452
進詐,452
同日,452
道具,451
目的,450
授權,450
反覆,450
求票,449
當我試,449
零件,449
符合,449
萬元到,449
欺告訴,448
人來,448
貨品,448
深淵,448
開設,447
數位,447
以求,447
父親,447
當晚,447
更換,446
轉接給,446
說還,446
惡夢,445
目標,445
驚訝,444
前面,444
當我嘗試,444
私下,443
驚醒,443
賣場並,443
假借,443
預約,442
匯進,441
成交,441
空軍一號,440
降低,440
棒球,440
事後對方,440
痛苦,439
牽著,439
貪圖,439
退出,438
權限,438
離開,438
維護,438
簽約,438
兩天,438
陸陸續續,437
一開口,437
獎勵,437
終於,436
代為,436
尾款,436
這份,436
近日,436
出新,435
結果當,435
急促,435
戶籍,435
繳款,434
血本,434
謄本,434
輕心,434
過幾天,433
厲害,433
無歸,432
錢會,432
限量,432
接洽,432
寄件人,432
團隊,432
退休,432
碼給,431
本票,431
回過,431
保管,431
心理,431
電信,430
還蠻,430
運氣,429
售票,429
開戶,429
回不來,429
動態,428
卡住,428
外幣,427
便點,427
吸引力,427
發展,426
遊戲幣,425
並推薦,425
湧上,424
對方主動,424
方態度,424
還跟,424
台灣宅,424
就給,423
異狀,423
就算,422
十萬元,422
分行,422
下方,421
價差,421
低風險,420
日本,420
模型,420
截圖給,420
租金,420
轉讓,419
接通,419
清白,419
可觀,419
裡開始,418
雙眼,418
付費,417
帳密,417
再匯,416
大錢,416
換票,416
一則關,415
超級,415
填資料,414
組名,414
改善生活,413
匯完,413
證據,413
台新,412
一口,412
這邊,412
蘋果,411
道理,411
並強,411
不合理,411
登錄,411
小卡,410
遠通,410
親戚,410
到場,410
優先,410
總是,409
白白,409
非法,408
漂亮,408
方聲,408
還介紹,407
一旦,407
情形,407
提取,407
違規,407
底下,406
娛樂城,406
老公,406
情緒,406
腦子,406
方要,405
沒辦法,405
中招,405
提升,405
兩萬元,404
交談,404
第三次,404
全額,404
並慫,404
受理,403
禮品,403
明天,403
內線,403
地轉,402
不及,402
稱會,401
昨天,401
經無法,400
中信,400
汽車,400
並匯款,399
領回,399
恐怕,399
統一,398
充值,398
不可,397
依約,397
層出,397
不窮,397
來加,396
單據,396
約會,396
這起,396
回答,396
失誤,395
妹妹,395
帳驗證,394
收藏,394
影音,394
同學,393
包含,392
換成,392
恐慌,392
泡影,392
親自,391
我點入,391
民眾,391
永豐,391
還主動,390
並介紹,390
發票,390
因而,389
並引導,388
加查,387
沒想過,387
房東,387
要驗證,386
一卡通,386
機時,386
抵押借款,386
員工,386
元訂,385
中華電信,384
高手,384
團體,383
分批,383
拆開,383
加大,383
方進,383
問我要,383
列印,382
錢財,382
傳說,382
遺失,382
還讓,382
真相,382
家私,382
玩具,382
醒悟,381
完畢,381
創業,380
五千元,380
無影,379
寒問,379
薪資,379
貪心,378
發訊息,378
故向,378
最後還,378
下文,377
還附,377
對方後來,377
真心,377
然後就,377
業務,376
我給,376
給銀行,376
監管,376
老婆,375
海關,375
寶物,375
誇張,375
免費贈,374
掛失,374
該網,374
某銀行,374
博弈,374
藉此,374
延遲,373
堅定,373
起疑心,372
我前,372
全是,372
一聽,372
能力,372
困境,371
將資金,371
即將,371
特定,371
承受,371
快點,371
學習,371
總共新,370
我後悔,370
能協助,369
傷害,369
完整,369
需謹慎,368
受害人,368
農會,367
問暖,367
深入,367
迷惑,367
衝動,367
一套,366
旅遊,366
怎樣,366
並非,365
手工,365
對方謊,364
點了,364
誤信,364
誘騙,364
條款,363
有所,363
渺茫,363
有機,363
抓到,362
美元,362
資金時,362
我興奮,362
幾萬元,362
問他,362
投資人,362
我無法,362
每月,361
先借,361
加為,361
被鎖,361
罰單,361
噓寒,360
並讓,360
當地,360
一刻,359
添加,359
水漂,359
並約定,359
店面,359
機制,359
名義之,358
詐騙者,358
進出,358
還邀,358
官網,358
話語,358
證券,358
不上,357
鞋子,357
總共花,357
台北市,357
著聯絡,357
任何人,357
方詢,356
啟動,356
對方暱,356
還推薦,356
一轉,356
寄回,355
新聞,355
筆錄,355
新加坡,355
難受,355
並承諾,355
然後我,354
考慮,354
真是太,354
說話,354
急迫,354
經常,354
坐在,354
先用,354
就會,353
運作,353
服務費,353
千萬要,353
曾經,353
困惑,352
追問,352
然後把,352
潮水般,352
有限,351
會有,351
好奇心,351
遲疑,351
某處,350
物件,350
冷淡,350
拉高,350
刮樂,349
條理,348
好康,348
連續,348
詳談,348
急切,348
海外,347
弟弟,347
信裡,347
誘餌,347
某些,347
增加收入,347
醫院,346
去問,346
獲取,346
代收,345
放置,345
遊說,345
初期,345
張票,345
網路平,345
數量,345
稱須,345
總損,344
崩潰,344
一度,344
無淚,344
我瞬間,344
號稱,343
但過,343
退休金,343
元匯,343
連忙,343
重要性,342
繳清,341
不太對,341
我付,340
不利,340
羞愧,340
洽談,340
偵辦,340
登不進,339
整起,339
行李箱,339
收貨,339
問了,339
點選,339
這整,338
堅持,338
男生,338
群組名,338
安全帽,337
遭轉,337
送給,337
點開,337
密碼給,336
鎖定,336
口袋,336
泡泡,336
這筆款,335
投進,335
未繳,335
沒回,335
雙方約定,334
具體,334
背景,334
存簿,334
一連串,334
共新,334
模式,334
頻繁,334
停用,334
放款,333
單購,333
怎麼樣,333
智慧,332
稱涉,332
隔日,331
傳訊,331
啟用,330
轉介,330
腦中,330
上去,330
手中,330
球鞋,330
契約,329
我後續,329
責任,328
天真,328
方聯絡,328
電收,328
不停,328
心涼,328
能將,328
他會,327
而已,327
滑手,327
日到,327
有趣,327
影像,327
新光,326
獲利數,326
許能,326
技術,326
職廣告,326
特殊,325
期貨,325
身邊,325
我嚇,325
盜領,325
投資時,325
中間,324
有天,323
私密,323
並購,323
心沉,323
二十,323
分以,323
收回,323
投票,323
七月,323
萬餘元,323
批發,322
天旋,322
我當,322
彩券,322
企業,322
元運費,321
韓國,321
越大,321
臉書時,321
金新,321
並用,321
刷新,321
再轉,321
故至本,321
許多人,320
投資理財,320
明星,320
豐銀行,320
假廣告,320
迫不及待,320
往來,319
款式,319
帳面,319
簡訊驗,319
還挺,319
眼睛,319
不好,319
當對方,318
張門票,318
便照,318
差價,318
取款,318
買遊,317
警員,317
天下,317
熟識,317
判斷力,317
晴天,317
便加,317
競標,317
那段,316
貪念,316
頭像,316
拍給,315
收件,315
正品,315
我正,315
更好,315
健保卡,314
執行,314
我實,314
常用,314
元及,314
並進行,314
共同,313
並詢問,313
冒稱,313
美國,313
永遠,313
那瞬間,312
恭喜,312
匯一筆,312
包裡,312
交由,312
地保,312
付諸,312
拉進,311
借給,311
卡交給,311
竹聯幫,311
有誤,310
一頁,310
月份,310
判斷,310
附有,309
轉移,309
廣告裡,309
用來,309
假裝,308
真偽,308
本以,308
刑案,308
然後他,308
專區,308
犯罪,308
我兒子,307
這句,307
車輛,307
發貨,307
專輯,306
意願,305
但系統,305
折合,305
很後悔,305
上加,305
安慰,305
到底,305
提不出,305
不理,304
隱藏,304
反映,303
銷售,303
騙行,303
有難,303
喜悅,303
並轉,302
品牌,302
攔阻,302
傳送給,302
專人,302
要用,301
裡還,301
崩塌,301
不禁,301
晚間,300
太太,300
時刻,300
改口,300
仲介,300
哥哥,300
成果,300
宣傳,300
前前,300
驚慌,300
滿滿,299
過訊息,299
短期,299
耳機,299
滿懷,299
並建議,299
財物,299
賠償,299
幫個,298
悔恨交加,298
重大,298
轉換,297
得不到,297
回收,297
三思,297
吸取,297
下訂,296
大事,296
時要,296
不察,296
從事,296
零用,296
神來,295
萬元過,295
之後便,295
先將,295
以話術,294
我決,294
不論,294
鼓起,294
自信,294
的網,294
合計,294
已無法,294
再將,293
之連結,293
對決,293
逼真,292
最後才,292
街口,292
熱門,292
五次,292
差不多,291
其詞,291
組中,291
保密,291
是場,291
法院,290
敏感,290
破案,290
常常,290
提及,290
並輸入,289
有事,289
六月,289
帶著,288
上旬,288
終無法,288
咖啡,287
成立,287
並傳來,287
等值,287
卡密碼,287
稱及,287
引誘,286
鎖住,286
兩萬,286
霹靂,286
位置,285
最好,285
隱藏著,285
這款,285
團團轉,284
就問,284
動作,284
信任感,284
兩人,284
一路,284
還拉,284
互助,283
四張,283
假貨,283
嚇到,283
貼心,283
一小,283
代辦,282
並至,282
出始,282
停卡,282
偽造,282
這聽,282
慈善,282
信譽,282
人心,282
昏了頭,282
開立,281
拿走,281
還滿,281
警告,281
手腳,281
需繳,281
引起,281
罰款,281
無妨,280
繳稅,280
體驗,280
我分,280
方用,280
一不小心,280
模有樣,280
五月天,280
好好,279
轉售,279
證及,279
認真,279
對方介紹,279
愛心,279
徵求,278
一超,278
搪塞,278
然後再,278
越南,278
搶手,278
標準,277
明顯,277
做生意,277
著要,277
退費,277
一項,277
防不勝防,277
不覺,277
卡並,276
機器,276
詳情,276
就此,276
第三,275
不料,275
大陸,275
我查,275
並到,275
企劃,275
及時,274
分在,274
藍新金流,274
身為,274
包內,273
到後來,273
還問,273
舉辦,273
搜尋相關,272
我訊息,272
心儀,272
防備,272
每日,272
一輩子,271
解散,271
便利,271
訊息裡,271
心眼,271
市價,270
補繳,270
接近,270
理智,270
分兩次,270
方時,270
冰箱,269
給他們,269
掏空,269
人們,269
可惜,269
盈利,269
教導,268
口氣,268
三天,268
並傳給,268
我剛,268
勇氣,267
某種,267
幫派,267
月間,267
深夜,267
半截,267
就將,267
一片,266
致電,266
加進,266
店員,266
結給,265
甜美,265
涉入,265
不長,265
新手,265
社會,265
字眼,265
將會,265
花言巧語,265
小錢,264
好景,264
客氣,264
偶然,264
學員,264
投資者,264
被扣,263
文字,263
午餐,263
補足,263
上以,263
糟糕,262
並指導,262
買幣,262
討論區,262
他主動,262
寒意,262
警官,262
會還,262
想透,262
問我能,262
需借,262
工作室,262
情感,261
將虛擬,261
健談,261
三十,261
改變,261
李專員,261
女友,261
週轉,261
收件人,260
代表,260
裡頭,260
以前,260
機門號,259
下場,259
寶貴,259
整件,259
操盤,259
現實,258
擔保,258
招募,258
商購,258
姐姐,258
得逞,258
時段,258
色情,258
所得,258
筆電,258
更別,258
名牌,257
完資料,257
出門,257
執行長,257
萬塊,257
沒錢,257
嬰兒,257
圖給,256
小小的,256
資訊時,256
也許,256
掃描,256
再加,256
還差,256
上升,256
宅配,256
問細節,256
別像,256
設備,255
交予,255
圖聯絡,255
策略,255
還得,255
單純想,255
獲銀行,255
大額,255
日以,254
進展,254
停下,254
一千元,254
男性,254
或者,254
已經成,254
通行,253
越怪,253
分紅,253
加速,253
之餘,253
萬元整,252
一個網,252
徵才,252
秘書,252
智能,252
五萬,252
以此,252
順豐,252
順豐速運,252
敲定,251
方有,251
社區,251
學生,251
寄過,251
要繳,250
不願意,250
頓時,250
良好,250
虧損,250
比賽,250
公道,250
太天真,249
那個網,249
主要,249
匯率,249
還我,249
陸續續,249
房租,249
玩偶,249
悲劇,249
默默,249
遠東,248
能以,248
自我,248
攢下,248
遊戲裡,248
炫耀,248
可協助,248
四月,248
人才,248
氣誠懇,248
天堂,248
急著,248
簽證,248
偵查,247
未能,247
稅務,247
高明,247
共犯,247
投顧,247
轉錢,247
五月,247
表現,247
但後續,246
正是,246
明牌,246
好心,246
天天,246
學會,246
找個,246
驚喜,245
相談,245
依據,245
評價,245
聊聊,245
稱有,245
到手,245
核對,245
掛斷,245
做驗證,245
我為,244
隨時,244
假象,244
簽訂,244
甚歡,244
落得,244
念頭,244
進帳,244
核貸,244
問卷,244
忽然,244
匯錢給,244
領走,243
八月,243
所幸,243
享受,243
還聲,243
千多元,242
投資標,242
有時,242
顯得,242
更大,242
介紹給,242
方始,242
不知情,242
空空如也,242
我氣,241
一年,241
認識暱,241
小孩,241
換匯,241
金融交易,241
慌亂,241
我人,241
越慢,241
他後來,240
明清,240
方傳,240
本身,240
途徑,240
勒索,240
憑空,240
要給,239
這項,239
會將,239
是關,239
等候,239
人主動,239
貼出,239
相似,239
先去,239
印象,239
果真,239
留意,239
品質,238
超商賣,238
贈品,238
多點數,238
惟後續,238
問銀行,238
警醒,238
應急,237
電話裡,237
地加,237
中市,237
項匯,237
進而,237
之虛擬,237
報名,237
某家,237
巨款,237
我永遠,237
列入,236
狀態,236
因一時,236
擁有,236
冷汗,236
已將,236
萬多,236
被轉,236
團購,236
驅使,236
推拖,235
心跳,235
買票,235
高興,235
計損失,235
推特,235
某地,235
只會,235
對方進,235
原先,234
店裡,234
先幫,234
電發現,234
掌握,234
方為,234
隨後對方,234
中國,234
恨透了,234
方購,233
深陷,233
感謝,233
很會,233
並被,233
聯幫,233
一點點,233
回台灣,233
佣金,232
例如,232
會給,232
對方傳,232
再給,232
角色,232
趕到,232
這不,231
信中,231
了網,231
將現,231
帳上,231
行騙,231
金交給,231
真陸續,231
連絡,231
給騙,230
對方加,230
期限,230
健康,230
正確,230
原價,230
先到,230
醫療,230
這間,229
香水,229
補貼,229
方持續,229
辦案,229
極高,229
衝去,229
及密碼,229
違約,229
聯邦,229
習慣,229
上班族,229
人用,228
流量,228
租借,228
警處理,228
文所,228
職缺,228
標示,228
沉痛,228
金飾,228
並叫,228
留個,228
規劃,227
禮貌,227
有票,227
外洩,227
好事,227
利金,227
帶來,227
領不出,227
賣出,227
不照,227
沒開,227
所購,227
助教,227
並回,226
我確,226
慌張,226
一匯,226
金給,226
依規定,226
分鐘,226
卻始,226
男人,226
二手交易,226
假銀行,226
還透過,226
湧來,226
資訊給,225
男友,225
安全性,225
大半,225
上聊,224
達成,224
融資,224
匿名,224
買個,224
肯定,224
機台,224
生病,224
遭人詐,224
一串,223
號給,223
期盼,223
日常,223
賣票,223
支票,223
高回報,223
文中,222
回傳給,222
赫然,222
名額,222
再有,222
以上,222
減少,222
生疑,222
百元,222
這也,222
賣家驗證,222
心急如焚,222
心瞬間,221
進連結,221
流動,221
還幫,221
一百,221
我腦,221
台南,221
我才終,221
詐團,220
賣給,220
有效,220
付錢,220
支支吾吾,220
公園,220
爸爸,220
充斥,220
好感,220
賣東西,220
投資款,219
不法分子,219
龐大,219
快遞,219
再繳,219
回得,219
暗藏,219
買到,219
一筆款,219
騙案,219
十之八九,219
拍賣,218
我親,218
裡雖然,218
點半,218
走進,218
成本,218
方話術,218
要將,218
簽屬,217
方才,217
還傳給,217
結帳,217
夢想,217
日起,217
總監,217
港幣,217
天文,217
翻身,217
我持續,216
奇怪的是,216
還寫,216
知識,216
滑手機,216
抽到,216
因未,216
到貨,215
的關,215
欠款,215
失落,215
旅行,215
一超商,215
抓住,215
行業,215
一臉,215
戲幣,214
異樣,214
交代,214
那則,214
時機,214
配送,214
車子,214
俱樂部,214
並進,214
血淋淋,214
這兩個,213
大銀行,213
購物時,213
無盡,213
不如,213
五千,213
行情,213
沒辦,213
刪掉,213
難逢,213
並陸續,212
運送,212
卻成,212
善良,212
行程,212
電動,212
再輕易,212
之後再,212
經查,212
以新,212
代售,212
停車費,211
手鐲,211
背叛,211
破滅,211
大哥大,211
支持,211
料及,211
當成,211
此次,211
中華,211
問對,211
固定,210
下手,210
熱烈,210
入手,210
設好,210
方約定,210
連同,210
善意,210
之一,210
商交貨,210
和後悔,210
這家,210
討回,210
不給,209
暗示,209
更糟,209
荒謬,209
四筆,209
更應,209
家主,208
表單,208
超興奮,208
所有人,208
之谷,208
總額,208
影子,208
失金額,208
巨額,208
沒關,207
誘使,207
群內,207
不輕易,207
昏頭,207
先給,207
刑事,207
公開,207
高薪,207
技巧,207
代付,207
方談,207
溫柔體,207
白吃,207
電商平,206
燃眉之急,206
上繼續,206
人員來電,206
內容物,206
高級,206
要加,206
特助,206
當事人,206
取件,206
記住,206
發出,206
開店,205
一問,205
談到,205
下注,205
上門,205
共享,205
填完,205
假警察,204
不像,204
案人,204
高風險,204
莫名其妙,204
六萬元,204
張點,203
投資穩,203
投資黃金,203
上購,203
高價,203
若要,203
轉賣,203
保單,203
形式,203
如期,203
認對方,203
以來,203
違約金,203
清查,203
經將,203
狡猾,203
缺錢,203
提前,203
到訊息,202
好運,202
無底,202
忙碌,202
開端,202
言喻,202
逮捕,202
鬼使神差,202
總共匯款,202
輩子,202
煞有其事,201
發文者,201
並報,201
電視,201
眼看,201
看屋,201
以下,201
想像,201
方約,200
某間,200
鼻子走,200
旅行社,200
大獎,200
一同,199
網拍,199
暗自,199
全身,199
稱為,199
幾筆款,199
預期,199
好久,198
並轉入,198
我來,198
定期,198
認購,198
這張,198
知悉,197
識到,197
兌獎,197
已有,197
帳新,197
消費紀錄,197
我二話,197
賬戶,197
我什麼,197
疑心,197
明確,197
並由,197
稱能,196
至此,196
越少,196
期待已久,196
往常,196
這對,196
傳過,196
刺痛,196
局裡,196
分子,196
陽光,196
發抖,195
質疑,195
單時,195
將遊戲,195
意外,195
理完,195
一來,195
報告,195
補助款,195
門口,195
發放,195
生氣,194
很熱,194
他問,194
漏洞,194
收錢,194
事後才,194
冒名,194
速配,194
我陸,193
改善,193
投越,193
日將,193
自認,193
緊接,193
這或許,193
著急,193
一人,193
傭金,193
無情,193
千載,193
對方將,192
案情,192
許久,192
不該,192
眼前,192
步步,192
太大,192
沒多,192
不一樣,192
未有,192
談論,192
本案,192
當鋪,192
還拍,192
私下交易,192
沒有察覺,192
卡來,192
關注,191
四萬,191
訊息給,191
從來,191
威士忌,191
她還,191
律師,191
提交,191
好後悔,191
女孩,191
方透過,190
深信,190
效果,190
萬元作,190
並提議,190
動搖,190
鑽石,190
雙證件,190
定存,190
方聊,190
三重,190
出事,189
那張,189
出示,189
我經,189
一沉,189
增值,189
投資達,189
不高,189
日及,189
總價,189
表明,189
學費,189
差額,189
傳來訊息,189
正經,189
期望,188
交錢,188
對方持續,188
早日,188
對方後續,188
需再,188
還約,188
忽略,188
刑警,188
投資前,188
地檢署,188
通常,188
出國,187
接手,187
內容聲,187
想買個,187
再用,187
我開,187
一身,187
一打,187
同一天,187
不肯,187
立得,187
捷徑,187
號的,187
但要,186
檢警,186
便點擊,186
以購,186
國泰銀行,186
全程,186
商用,186
口吻,186
來驗證,186
這機會,186
履行,186
會計,186
好不容易,186
瀏覽時,185
還損失,185
強烈,185
數給,185
持有,185
先儲值,185
卡寄到,185
男模,185
這更,185
多個,184
花費,184
還沒有,184
方馬上,184
三千元,184
電話響,184
裡一驚,184
日有,184
之後有,183
隨後對,183
重重,183
並協助,183
分期,183
幣托,183
專業術語,183
因未開,183
三月,183
名單,182
將該,182
著用,182
漏洞百出,182
為詐,182
項會,182
簽名,182
伊卡,182
跨行,182
也好,181
發了,181
那份,181
交織,181
吊飾,181
理會,181
裝潢,181
這不僅,181
轉成,181
文者,181
沒事,181
投資理,181
申購,181
也給,181
還打,180
止付,180
故驚覺,180
點數並,180
二段,180
連線,180
吃儉用,180
他加,180
地將,180
日約,180
兩位,180
致電向,180
吞噬,180
親手,179
萬元現,179
九月,179
應徵,179
一驚,179
接連,179
搶購,179
之後與,179
並不斷,179
而後行,179
婷婷,179
幾年,179
通通,179
交了,178
現金給,178
剩餘,178
檢視,178
將訊息,178
即便,178
現金新,177
筆新,177
唯一,177
用交貨,177
裡想,177
對方問,177
為何,177
最後卻,177
並申,177
補錢,177
書籍,177
中學到,177
地介紹,177
想法,176
換算,176
半左右,176
會用,176
直覺,176
禮拜,176
三萬,176
人家,176
未經,176
激動,176
中計,176
心血,176
二話,176
楓之谷,175
住址,175
翻拍,175
飾品,175
為名,175
退給,175
取信,175
住宿,175
多一分,175
鬼滅,175
當我要,175
轉介給,175
操控,175
購物詐,175
丈夫,175
表哥,175
行銷,174
支付款,174
深怕,174
銀行匯,174
惟對方,174
金幣,174
交款,174
輸入驗,174
管制,174
是當,174
下班,174
實現,174
投資有,174
很難,173
贈送,173
三點,173
對方詢,173
說系,173
員警,173
機上,173
健保,173
查不到,173
會費,173
項到,173
窗口,173
論壇,173
流向,173
網時,173
通訊軟,173
提醒您,173
並報案,172
上市,172
跌落,172
電稱,172
對方先,172
娛樂,172
嫌犯,172
雙方以,172
親人,172
還照,172
稍微,172
上傳,172
十五,171
人防,171
不勝防,171
進行後續,171
預購,171
網站給,171
大哥,171
該筆,171
嚴重性,171
極大,171
設想,171
沒見,171
單號,171
時務必,171
購入,171
並確,171
黑色,171
腳底,171
玩弄,170
主機,170
一系列,170
韓團,170
面時,170
正面,170
假賣,170
鑑定,170
小林,170
免得,170
專業且,170
傻瓜,170
意思,169
影本,169
含糊,169
發送給,169
想靠,169
成人,169
失效,169
中古,169
方盜,169
檔案,169
如同,169
營造,169
地匯,169
集團會,169
傳一個,169
一本,169
一層,169
這不僅僅,169
模糊,169
英豪,169
匯至,168
但現,168
查獲,168
財政部,168
資料給,168
車牌,168
六次,168
糊塗,168
海報,168
多一份,168
順豐快,168
案子,168
適合,168
推說,168
分接,168
方遲,168
營業,167
瑪特,167
這人,167
時會,167
自然人,167
之刃,167
數目,167
快要,167
疑問,167
西屯區,167
家具,167
合庫,167
接起,167
限額,167
氣到,166
騙光,166
公告,166
提走,166
我產生,166
他用,166
隨後便,166
應有,166
萬元購,166
換了,166
方可,166
其購,166
糾紛,166
分期付款,166
檢署,166
事業,166
新銀行,166
特派,166
上談,166
一接,166
逐步,165
帶領,165
還請,165
改成,165
扣除,165
小賣家,165
用話術,165
問我有,165
再補,165
外面,165
算是,165
疑點,165
萬新,165
並跟,165
損失並,165
還發,165
特此,165
林俊傑,165
學院,164
出錯,164
身體,164
還教,164
幸福,164
過得,164
沒給,164
理想,164
更離,164
開頭,164
一向,164
置信,164
對方承諾,164
賺大錢,164
轉為,163
太想,163
雪花,163
投資新,163
封信,163
上海,163
人覺,163
一空,163
網友暱,163
未開通,163
有利,163
半天,163
外套,163
筆共新,163
可憐,163
研究,163
丟來,163
動漫,163
沒察覺,163
商品交易,162
幾十萬元,162
整體,162
此外,162
外出,162
換取,162
對方話術,162
困擾,162
玉石,162
甘心,162
成虛擬,162
有名,162
禮券,162
並決定,162
進場,162
委員會,162
音樂,162
時還,162
轉回,162
職業,161
選項,161
一批,161
方詢問,161
保人,161
先加,161
散布,161
簽了,161
承諾會,161
推特上,161
不翼,161
冷水,161
元現,161
陰影,161
我省,161
幾萬,160
幣安,160
始發現,160
少年,160
按鈕,160
著群,160
報備,160
一分一秒,160
那場,160
先確,160
冷氣,160
但始終,160
因對,160
方並,160
隊長,160
美容,160
最大,160
兄弟,160
加到,160
我媽,160
早點,160
然後對方,160
那封,160
日許,160
衣物,160
人給,159
那樣,159
財經,159
開價,159
未果,159
市政府,159
還告訴,159
跨境,159
小張,159
相處,159
經由,159
台南市,159
追不回,159
經詢,158
我出,158
及其,158
消費者,158
深刻反思,158
單連結,158
商場,158
方還,158
哪有,158
視窗,158
洗腦,158
還記,158
之錢,158
姊姊,158
以確,158
沒來,158
太好了,158
特戰,158
將其,157
不久前,157
進到,157
沒人,157
卡牌,157
填入,157
不時,157
並有,157
之訊息,157
管會,157
借點,157
排球,157
阿哲,157
涉嫌人,157
地以,156
入會費,156
一下子,156
速度,156
代操,156
加值,156
藏著,156
櫃台,156
租用,156
沒繳,156
然後在,156
先驗證,156
新北,156
半年,156
傳送訊息,156
未上市,156
趨勢,156
司機,155
信網,155
控制,155
十月,155
我繳,155
最後一筆,155
下面,155
開車,155
保證會,155
生日,155
不必要,155
蒙受,155
完美,155
方將,155
張卡,155
給對,155
太大意,155
體訊息,155
一聲,155
卡以,154
車號,154
欺案,154
很漂亮,154
男朋友,154
方見面,154
制度,154
賣個,154
一群,154
我發,154
計算,154
卡寄過,154
難關,154
模特,154
來還,154
打動,154
這其實,154
打字,154
水果,153
發文要,153
事實,153
可愛的,153
頭帳,153
之後才,153
不得了,153
假遊戲,153
交個,153
心慌,153
觀看,153
關於,153
企銀,153
編織,153
歐洲,152
當他,152
通什,152
嚇得,152
對方並,152
專用,152
五筆,152
對方接,152
音響,152
外流,152
幾天前,152
時覺,152
九千,152
文說,152
如約,152
對方會,152
關稅,152
再試,152
倒楣,152
心疼,152
層層,151
逾期,151
項時,151
項給,151
小忙,151
上下,151
並發,151
藥品,151
空空,151
曖昧,151
繳費代碼,151
小明,151
還威脅,150
還將,150
太輕,150
還抱,150
太快,150
更深,150
停手,150
有給,150
嫌疑,150
火車,150
副業,150
已久,150
從此,150
因要,150
還沒開,150
需透過,149
一顆,149
他們還,149
國信,149
將帳,149
說系統,149
繳保證,149
一熱,149
國泰,149
一切正常,149
有用,149
某某,149
每筆,149
危機,149
莫名,149
並詢,149
笑容,149
飆股,149
照辦,148
配對,148
越陷越深,148
安全可靠,148
文下,148
十多,148
填錯,148
說票,148
六千元,148
懲罰,148
大增,148
共匯款,148
市面上,148
證實,148
聽得,148
假賣家,148
賣區,148
賠上,148
至統,148
並約,148
五萬塊,148
痛恨,148
淪為,147
簡訊裡,147
單身,147
休息,147
風趣,147
老朋友,147
發財,147
上發,146
粗糙,146
冷錢,146
一千,146
平板,146
有理,146
利益,146
失約,146
渠道,146
幾分,146
驚人,146
擔任,146
問時,146
我訂,145
偵查隊,145
許是,145
致電銀行,145
小小,145
咬牙,145
編造,145
事後發現,145
造型,145
還秀出,145
多款,145
因無法,145
拱手,145
售出,145
座位,145
爽快,145
想着,145
公證,144
失措,144
名義的,144
票價,144
多月,144
人瞬間,144
偷偷,144
領款,144
輕人,144
做點,144
送訊息,144
籌錢,144
一毛,144
被動,144
公文,144
售價,144
轉向,144
大學,144
積分,144
與後悔,144
此刻,144
借過,144
拆封,143
教會,143
避不見面,143
索要,143
如其,143
金過,143
心裡還,143
大作,143
將來,143
會成,143
銀行存,143
條例,143
混亂,143
簽帳,143
講解,143
秘訣,143
故來,143
第五,143
浮現,143
洗錢案,143
此案,142
這一,142
在意,142
贊助,142
收不到,142
四點,142
把手,142
介入,142
因對方,142
幽默,142
聊細節,142
幾週,142
抵達,142
航空,142
上還,142
琪琪,142
停車場,142
簽立,142
巧妙,142
住院,142
看來,142
怪異,142
每當,142
一拖再拖,141
他將,141
竊喜,141
無人接,141
兩點,141
推車,141
冷汗直流,141
主打,141
第二天,141
稀有,141
慣用,141
不甘,141
先以,141
浪漫,141
金蛋,141
別輕易,141
渣打,141
付清,141
甜蜜,141
再行,141
潛力,141
償還,141
可不是,141
日時,140
我個,140
滿腔,140
引導到,140
外觀,140
店到,140
手把手,140
下次,140
登出,140
先下載,140
李先生,140
阿姨,140
對方語,140
才終,140
以現,140
裡一沉,140
腳踏車,140
忠訓,140
假檢警,140
境外,140
之郵局,140
手燈,140
踏入,140
面額,140
多萬元,140
戒指,140
媒合,140
戶名,140
不應,139
規則,139
椅子,139
證號,139
拿不出,139
種種,139
一則求,139
寄至,139
做出,139
氣得,139
加對方,139
查明,139
都給,139
經我,139
欣怡,139
前期,139
巨蛋,139
兌現,139
修改,139
將購,138
想見面,138
能給,138
網路轉,138
法人,138
購買並,138
標會,138
補救,138
那陣子,138
代墊,138
假連結,138
我平時,138
簿子,138
評分,138
問問,138
沉浸,138
故前,138
回本,138
還親,138
正派,138
一記,138
悲憤,138
詐財,137
銀行驗證,137
服飾,137
無奈地,137
誤訊息,137
某位,137
事態,137
嚇出,137
符號,137
因接,137
份子,137
仿冒品,137
滿腦子,137
依舊,137
上限,137
每張,137
資外,137
臨櫃匯,137
保險金,137
筆共計,137
加班,137
借到,136
到現,136
這個網,136
數來,136
不繼續,136
預感,136
包轉,136
很常見,136
警戒,136
廣告訊息,136
一週,136
合適,136
並撥,136
現貨,136
黑道,136
錄影,136
匯新,136
新竹市,136
核准,136
涉案,136
沒意識,136
地下,136
總共是,136
故意,135
帳號並,135
成長,135
此類,135
補齊,135
到期,135
小心翼翼,135
現金交給,135
我怕,135
獵物,135
聊聊天,135
車禍,135
我本,135
親身,135
墊付,135
報給,135
累計,135
並發現,135
之後在,135
五十,134
並依其,134
表達,134
買虛擬,134
安撫,134
擴大,134
借錢給,134
分將,134
號及,134
奶粉,134
人資,134
飯店,134
萊爾富,134
並鼓勵,134
願購,134
苗栗,134
幾天過,134
運動,134
商銀,133
盲目,133
九點,133
財損,133
點數給,133
陣子,133
器材,133
配件,133
中要,133
低劣,133
二月,133
可不可以,133
一堂,133
檢舉,133
提防,133
質感,133
王專員,133
追討,133
忘不了,133
諷刺,133
憧憬,132
幣的,132
並承諾會,132
算命,132
四萬元,132
顧客,132
地問,132
文要,132
手把,132
文上,132
手遊,132
特價,132
極度,132
卡用,132
試水溫,132
租房,132
更不會,132
年底,132
能否,132
換到,132
網家,132
連我,131
瑣事,131
分潤,131
能源,131
時代,131
一雙,131
電話轉,131
至本,131
打著,131
掃碼,131
多半,131
理性,131
超高,131
將銀行,131
動心,131
利率,131
方語,131
作品,131
絕佳,131
存進,131
可信度,131
商量,131
女人,131
隨後他,130
最低,130
暫停,130
名目,130
並填寫,130
博取,130
投資為,130
滿意,130
我加碼,130
四個,130
方介紹,130
這卻,130
平凡,130
辛苦工作,130
萬台幣,130
愚弄,130
顆泰達幣,130
某人,130
該群,130
返回,130
板橋,130
花蓮,129
稍後會,129
星巴克,129
減免,129
交一筆,129
給詐,129
補款,129
問該,129
看不到,129
少量,129
星期,129
以防,129
十八,129
報案並,129
日會,129
路通,129
一乾二淨,129
我進,129
再寄,129
挑選,129
十一,129
業務員,129
請輸入,129
披著,129
手邊,128
欠費,128
通關費,128
鏈接,128
處處,128
接單,128
延誤,128
用超,128
販售訊息,128
遭凍,128
審查,128
維修,128
今天下午,128
談起,128
溫暖,128
未讀,128
教授,128
裡滑,128
當人頭,128
稱該,128
我馬,128
將這些,128
搶票,128
到帳,128
款給,128
並主動,127
業者,127
擬幣,127
談吐,127
心臟,127
熟練,127
八大,127
騙過,127
轉變,127
招聘,127
安裝,127
訂金新,127
幣想,127
一生,127
對方竟,127
穿著,127
當賣家,127
宣導,127
愚昧,127
代儲,126
若想,126
幌子,126
存錢,126
工廠,126
麻將桌,126
無恥,126
處理後續,126
泡湯,126
萬現,126
此人,126
完錢,126
聯絡線,126
折扣,126
情事,126
懷著,126
回款,125
哪個,125
準時,125
問有,125
鏡頭,125
駭客,125
稱因,125
警鈴,125
返家,125
郵政,125
取出,125
小生意,125
偷走,125
違反,125
圖案,125
三段,125
放棄,125
司法,125
攝影,125
這天,125
筆資金,125
悲傷,125
尿布,124
先查,124
八點,124
一萬塊,124
並拍,124
付運費,124
終未,124
房間,124
心像,124
球票,124
金流驗,124
程中,124
萬分,124
排氣管,124
獲詐,124
評估,124
很少,124
這台,124
北屯,124
形容,123
事項,123
不當,123
會協助,123
面要,123
出面,123
保存,123
才行,123
百萬元,123
經匯,123
來時,123
繁瑣,123
未知,123
未將,123
外費用,123
指令,123
年前,123
小美,123
主辦,122
將郵局,122
煩惱,122
七千,122
掛掉,122
親密,122
精密,122
遇見,122
一想,122
一遍,122
好多,122
不知所措,122
分從,122
一整天,122
分透過,122
經到,122
轉一筆,122
表面,122
鄰居,122
告誡,122
面臨,122
用手,122
行政,122
日傳,122
入詐,121
放到,121
之後該,121
不祥,121
離譜,121
真假,121
還向,121
等級,121
錯失,121
十萬,121
保金,121
這支,121
推出,121
不得,121
首次,121
之電子,121
中小,121
餐廳,121
分依,121
眼睜睜,121
擺脫,121
筆匯款,120
第一步,120
取而代之,120
采烈,120
一緊,120
何時,120
一暱,120
等語,120
未曾,120
毫無,120
代理,120
小雅,120
了獎,120
沉默,120
儉用,120
我應,120
不記,120
墜入,120
主婦,120
親近,120
噩夢才,120
過戶,119
相互,119
交投,119
我該,119
地用,119
查帳,119
事務,119
加通訊,119
並下載,119
二次,119
再問,119
幾千塊,119
實有,119
一秒,119
意中,119
對方回,119
年初,119
繳一筆,119
就會還,119
微薄,119
無不動產,119
還去,118
多點,118
寶可夢,118
關懷,118
繳了,118
數作,118
還自稱,118
方洽,118
就轉,118
虛寶,118
四千元,118
裡有點,118
關訊息,118
父母,118
羞辱,118
地獄,118
還不時,118
抱持,118
印尼,118
盜取,118
並尋求,118
背包,118
監督,118
我花,118
月入,118
硬著頭,118
非法交易,118
組銀行,117
區的,117
創立,117
繳交一筆,117
破綻,117
數萬元,117
幫人,117
八千元,117
會員費,117
全台,117
之後就,117
我入,117
粉專,117
給的,117
到網,117
公室,117
一早,117
來歷,117
鴿子,117
促銷,117
臉色,117
合法性,117
曝光,117
一進,117
氛圍,117
同情,117
我才察覺,117
職訊息,117
做不了,117
恨不得,117
極有,116
親自到,116
名人,116
互稱,116
三百,116
網銀匯,116
豐富,116
徽章,116
說裡面,116
防範,116
完蛋,116
之金額,116
頻道,116
十二,116
續費,116
並選擇,116
殘酷,116
數次,116
不容,116
犒賞,116
大學生,116
竟會,116
李小姐,116
慎行,116
一滴,115
九百,115
這一連串,115
男女,115
確有,115
加快,115
不好意思,115
並趕,115
很氣,115
投注,115
副理,115
雙方加,115
再來,115
面後會,115
正版,115
白色,115
投資並,115
結清,115
圖表,115
之後還,114
全球,114
性交易,114
心碎,114
玩遊戲,114
才過,114
學校,114
補償,114
交到,114
重演,114
領域,114
隨後就,114
卡作,114
以交貨,114
設為,114
我興,114
文販售,113
之廣告,113
我願意,113
善事,113
私訊該,113
郵件裡,113
還清,113
骨塔,113
否則後果,113
去取,113
首先,113
單並,113
文賣,113
對網,113
查核,113
進群,113
主頁,113
平靜,113
獎訊息,113
分成,113
著詐,113
採取,113
日要,113
合約書,113
隱私,113
這點,113
毫無防備,113
元大銀行,113
進貨,113
贏得,113
半夜,113
自小,113
這輩子,113
資本,113
貝殼幣,113
尖刀,113
此為,112
露天,112
應援,112
順便,112
開始察覺,112
演出,112
日匯,112
萬給,112
服務網,112
誤以,112
數筆,112
轉完帳,112
忠實,112
時間點,112
始帳,112
並照,112
台中,112
一夜,112
予對方,112
醫生,112
空號,112
頭腦,112
匯回,112
衝到,112
劇本,112
並對,112
並威脅,112
七次,112
指控,112
正忙,112
星展,112
我始終,112
解約,112
初步,112
還發來,112
開發,111
協商,111
助手,111
機遊戲,111
推廣,111
便給,111
七點,111
市面,111
並繳,111
代銷,111
賽門票,111
妥以,111
網絡詐,111
小編,111
騙人,111
未加,111
拍胸脯,111
過氣,111
卑鄙,111
名片,111
受損,111
陪同,111
為維護,111
茫然,111
救急,111
地告訴,111
至極,111
套房,111
課堂,111
藝人,110
遠傳,110
行驗證,110
但訊息,110
保全,110
我及,110
報導,110
洗衣,110
三千,110
一環,110
想用,110
連到,110
上刷,110
幾家,110
對方則,110
原廠,110
帳號裡,110
設置,110
打消,110
不出,110
只怪,109
還繼續,109
諸東流,109
享有,109
手裡,109
一一,109
嘉義縣,109
七萬元,109
要付,109
同年,109
另一家,109
昨日,109
數卡並,109
香菸,109
交情,109
雲端,109
舒服,109
人稱,109
兼差,109
參考,109
市集,109
以超,109
異常金流,109
太高,109
因後續,109
方告訴,109
或訊息,109
贈書,109
資金來,109
猖獗,109
私訊詢,108
一算,108
交手,108
繁忙,108
賺到,108
要親,108
還差點,108
並報警,108
慶幸,108
流利,108
不得不,108
空白,108
行員察覺,108
這網,108
便代碼,108
先後匯,108
流暢,108
要確,108
綠能,108
中斷,108
穩穩,108
更多費用,108
交割,108
兜售,108
值班,108
變本,108
加厲,108
省吃儉用,108
不僅僅,108
各位,108
張惠妹,108
夥伴,107
投資能,107
指出,107
對面,107
最後損,107
經來,107
元並,107
並無,107
偽裝,107
錢還,107
並教,107
將點,107
鐘內,107
低利率,107
假稱,107
娜娜,107
以後絕,107
釋出,107
算了,107
老實,107
欄位,107
親子,107
京城,107
紅利,107
施工,107
東區,107
一盆,107
然後對,107
曬出,107
有夠,107
一試,107
總共加,106
簡短,106
依序,106
保養品,106
實惠,106
統維護,106
總共買,106
男女朋友,106
表姊,106
借出,106
她問,106
型號,106
隱約,106
過會,106
工程款,106
打銀行,106
被類,106
還依,106
環境,106
一分,106
終沒有,106
並根據,106
一部,106
經向,106
熱愛,106
報價,106
萬到,106
最高,106
腦海裡,106
分用,106
小王,106
帳戶轉,105
金到,105
然後開始,105
誤會,105
包中,105
超想,105
三十多,105
格式,105
雖覺,105
這幾個,105
回音,105
確信,105
套利,105
幫忙代,105
連結並,105
我連忙,105
一瓶,105
想過,105
一趟,105
水晶,105
日向,105
做法,105
稱其,105
日用,105
貿然,105
水溫,105
覺受,105
風控,105
方確,105
側錄,105
過大,105
刑大,105
邂逅,105
通貨,105
決心,105
穩重,104
申訴,104
大隊,104
談細節,104
一百多,104
無效,104
小金,104
拍得,104
把驗,104
最後對方,104
並將點,104
金及,104
忐忑,104
方會,104
違規罰,104
中一個,104
收集,104
彈性,104
福袋,104
人頭戶,103
醫藥費,103
師的,103
甜頭,103
電影,103
那名,103
制法,103
方能,103
會票,103
帳戶並,103
旁邊,103
幫忙代購,103
正想,103
惡劣,103
階段,103
入場券,103
改名,103
林家,103
一次次,103
刻骨,103
銘心,103
最新,103
場詐,103
不幸,103
標價,103
醫師,103
女婿,103
渾身,103
本該,103
國家,102
歐元,102
資料並,102
很棒,102
問候,102
然後說,102
二十多,102
買門票,102
過世,102
酬勞,102
我答,102
分次,102
叔叔,102
把握,102
警訊,102
途中,102
不會用,102
卻化,102
尋常,102
開銷,102
不住,102
嘲諷,102
制驗證,101
金控,101
調是,101
擔憂,101
出生年月,101
滋味,101
入場,101
先後匯款,101
拍攝,101
零風險,101
日分別,101
竟成,101
五張,101
何樂,101
事先,101
移民,101
然後要,101
沒用,101
把幣,101
請務必,101
師傅,101
一宗,101
採購,101
五點,101
分匯,101
反思,101
仍揮,101
三萬塊,101
泰世華銀行,101
機會時,100
回國,100
八萬元,100
音時,100
方接,100
沒人接,100
說訂,100
幾位,100
故無法,100
我傳,100
翻譯,100
沒寄來,100
足夠,100
之詐,100
偶爾,100
地被,100
小利,100
發麻,100
英文,100
無辜,100
極地,100
沒到,100
收費,100
投錢,100
專員來,100
元來,100
該廣告,100
人格,100
北市,100
報率,100
光芒,100
傻子,99
著頭,99
賣家購,99
兩家,99
林小姐,99
鑰匙,99
內有,99
租賃,99
出話,99
一輛,99
客車,99
數序號,99
之後加,99
公關,99
上見,99
筆共,99
無害,99
資源,99
挖礦,99
總算,99
真詐,99
眼淚,99
止不住,99
並會,99
現已,99
照顧,99
閃過,99
便服,99
男網友,99
購買門票,99
安全感,99
推遲,99
托運,99
我講,99
發文賣,99
科技股份,99
印章,99
先進,99
就還,99
留心,99
食品,99
東銀行,99
以後要,99
獲利領,99
訂房,99
比如,99
宜蘭,99
元點數,98
已忘記,98
故請,98
商賣,98
然後轉,98
前景,98
燃起,98
檢測,98
救命稻草,98
連帳,98
證資料,98
滑動時,98
同行,98
空間,98
高利,98
地匯款,98
遺憾,98
過件,98
結算,98
經詢問,98
連結供,98
我越,98
自家,98
有加,98
私訊問,98
不付,98
綽號,98
卡關,98
過面,98
獎項,98
因該,98
下標,98
故障,98
無誤,98
機壞,98
租客,98
防範詐,98
孫子,98
開箱,97
我共計,97
違法,97
算一算,97
我代為,97
職員,97
刷存,97
回錢,97
尚有,97
錯愕,97
賣掉,97
卡過,97
民宿,97
用以,97
信為,97
旅館,97
滿是,97
熱鬧,97
隨後有,97
跌入,97
泰世華,97
愛好者,97
標誌,97
我銀行,97
中銀行,97
多萬,97
還承諾,97
觀望,97
實名驗證,97
泰國,97
流驗證,97
詳細介紹,97
門檻,97
合情合理,97
美化,97
入股,97
不成,97
我小額,97
中正,97
又後悔,97
聯結,97
打到,97
倉庫,96
驗證金,96
出入,96
自打,96
自付,96
上告,96
扣押,96
爭議款,96
隨機,96
貴人,96
筆費用,96
呆住,96
明細給,96
體貼,96
需進,96
一方面,96
我刷,96
週邊,96
珠寶,96
照對方,96
裡充,96
精神,96
強制,96
經有,96
聽過,96
分及,96
妥價格,96
日依,96
永康,96
我換,96
金額會,96
一到,96
外地,95
開連結,95
並從,95
並匯,95
雙手,95
妻子,95
保健食品,95
追星,95
自一個,95
轉新,95
王道,95
地幫,95
資訊卡號,95
文稱,95
飛機,95
還不夠,95
還輸入,95
感動,95
完帳,95
理解,95
帳至,95
分幾次,95
非官方,95
儲蓄,95
詭異,95
入侵,95
懇請,95
花錢,95
多疑,95
空虛,95
交易中心,95
單親,95
虛偽,95
按時,94
換幣,94
事後對,94
仿冒,94
時地,94
方未,94
閃閃,94
例行,94
再購,94
若有,94
說動,94
打不開,94
出口,94
久久,94
方即,94
四十,94
反省,94
排隊,94
最後決定,94
服下,94
嚴厲,94
徹頭,94
卡一張,94
如要,94
最佳,94
打水漂,94
賣家暱,94
補辦,94
絕不會,94
十萬塊,94
買入,94
先轉帳,94
他現,94
重點,94
漫畫,94
快快,94
回顧,94
元進,93
停車,93
其為,93
不開,93
五味,93
雜陳,93
那人,93
女朋友,93
並自稱,93
想問,93
我手,93
之後要,93
定下,93
填好,93
貿易,93
證給,93
給付,93
口中,93
球賽,93
遭對方,93
一加,93
攀談,93
徹尾,93
這會,93
開始問,93
得標,93
站給,93
聊一聊,93
欣喜若狂,93
楊國華,93
三大,93
攜帶,93
這群,93
還跑,93
超開心,93
解除限制,92
契約書,92
八萬,92
所稱,92
記不清,92
他換,92
轉交給,92
極低,92
面會,92
轉帳給,92
關掉,92
然後用,92
繳交新,92
灣銀行,92
看中,92
金為,92
還回,92
還顯示,92
台股,92
給人,92
並不,92
用虛擬,92
倒閉,92
未料,92
餐券,92
受不了,92
然後還,92
年紀,92
出金過,92
隨後在,92
資金周,92
又將,92
還標,92
月租金,92
中華郵,92
神隱,92
地方法院,92
無知,92
一次性,91
家電,91
後經,91
問購,91
裡越,91
我下,91
貼文上,91
一塊,91
天才,91
多出,91
竊取,91
傳訊給,91
雙重,91
超心動,91
這話,91
臉書平,91
帳務,91
車上,91
筆訂,91
歌手,91
指派,91
先買,91
將一筆,91
搭配,91
找份,91
地答,91
釋懷,91
未多加,91
補充,91
投資要,91
界面,91
繳納稅,91
銀行局,91
協會,91
誤入,91
萬元及,91
說家裡,91
解凍金,91
某次,91
個個,91
無人,90
繳完,90
時務,90
節稅,90
偶爾會,90
接待,90
認時,90
上線,90
六點,90
制裁,90
開網,90
缺乏,90
進不去,90
六十,90
我學到,90
沒差,90
和解,90
想確,90
而言,90
行事,90
繳納額,90
楠梓,90
終止,90
廉價,90
帳到,90
他語,90
我此,90
專門用,90
入境,90
南投,90
日常生活,90
中山,90
小物,89
用到,89
將個,89
資訊及,89
夢寐,89
在外,89
可當,89
之處,89
多問,89
氣質,89
之款,89
賠錢,89
雅婷,89
會不會,89
吸引住,89
事後越,89
公務員,89
裡有,89
字樣,89
經記,89
匆忙,89
通電話,89
事後驚覺,89
預計,89
麻將,89
人購,89
贏家,89
險惡,89
三大保證,89
另一人,88
投資項,88
教訓實,88
福利金,88
運條例,88
有什麼,88
地區,88
發冷,88
補上,88
著嘗試,88
悠遊付,88
還開,88
變臉,88
單無法,88
定居,88
這幾天,88
有類,88
還主動加,88
幣轉,88
屏東,88
催繳,88
超像,88
須先,88
問相約,88
遇過,88
好評,88
數十萬元,88
風格,88
結無法,88
軍一號,88
依依,88
地想,88
瑕疵,88
版主,88
盯上,88
五天,88
短時間,88
送出去,88
濕機,88
出手,88
我須,88
遠離,88
有餘悸,88
螢幕後面,88
通電收,88
總價值,87
方主動,87
事後會,87
價格購,87
繳錢,87
自到,87
發光,87
可用,87
對方名,87
傳訊問,87
補一筆,87
機率,87
晚點,87
金期貨,87
買過,87
大頭,87
洽詢,87
對方表現,87
將序號,87
捐贈,87
寶了,87
幾十萬,87
變動,87
有門路,87
尺寸,87
攔截,87
不處理,87
否認,87
疲憊,87
友誼,87
分至,87
為戒,87
連密碼,87
分轉,87
來給,87
西亞,87
行政助理,87
以虛擬,87
耽誤,87
流下,87
發起,86
月許,86
兒童,86
信而以,86
過於,86
看著帳,86
認清,86
辦門號,86
三家,86
前述,86
去查,86
幣約,86
證和,86
胸口,86
重視,86
欺集團,86
它們,86
股東,86
今彩,86
趕往,86
總共轉帳,86
意圖,86
轉錢給,86
雖然現,86
攀升,86
並通過,86
高中,86
揭露,86
晶片,86
營業部,86
還滿心,86
搬家,86
獲利新,86
代號,86
時應,86
小事,86
控管,86
房源,86
金主,85
篇文章,85
開通會員,85
手套,85
正為,85
照著步,85
中壢,85
作保,85
很熱絡,85
帶單,85
管家,85
消極,85
相片,85
他馬上,85
即時,85
一滑,85
有貨,85
經幫,85
達到,85
信賴,85
活躍,85
放進,85
前後共,85
去向,85
支援,85
前後匯,85
來訊息,85
瘋狂,85
檢具,85
將匯款,85
萬元來,85
腦海中,85
淚水,85
樓下,84
澳門,84
七千元,84
和驗,84
礦機,84
無果,84
發文想,84
玩手,84
閒置,84
方後來,84
平安,84
超值,84
一根,84
攔下,84
還要繳,84
填輸,84
著終,84
中山路,84
他教,84
太久,84
保住,84
裡其實,84
那台,84
連結加,84
屋主,84
寶雅,84
並點,84
護照,84
聯盟,84
跳動,84
營運,84
球拍,84
務所人員,84
筆至,84
交流平台,84
懸河,84
地上,84
珍藏,84
組長,84
平日,84
紅酒,84
經確,83
出資,83
百多,83
還需,83
很想,83
超有,83
故到,83
更多金,83
強硬,83
這批,83
想交個,83
很無奈,83
領票,83
與幣商,83
緣分,83
還帶,83
林先生,83
顏色,83
各式,83
瘦身,83
預訂,83
上聯絡,83
雙方約,83
一致,83
將金額,83
機號,83
露營,83
中央,83
公布,83
摧毀,83
然後叫,83
別輕信,83
連對方,83
以外,83
遲無法,83
信封,83
社會局,83
幾小時,83
心寒,83
順豐速,83
進廣告,83
幹嘛,83
會先,82
發件,82
著能夠,82
詐騙案,82
買點數,82
點的,82
無回,82
打賞,82
沒換,82
更慘,82
推播,82
機號碼,82
點擊連,82
講好,82
觀察,82
順利見面,82
損失共計,82
外國,82
方言,82
連個,82
遠端,82
南路,82
我拉到,82
決定將,82
表弟,82
證明單,82
快樂,82
真人,82
加倍,82
施壓,82
聯合,82
這價格,82
所報,82
派遣,82
不定,82
看過,82
度過,82
展開,82
豐速運,82
股海,82
厚利,82
傻乎乎,82
志豪,81
當我詢,81
人員稱,81
得手,81
面試,81
領光,81
模擬,81
措施,81
至銀行,81
系列,81
九千元,81
想在網,81
出遊,81
遲未,81
美麗,81
工資,81
電銀行,81
以超商,81
詐術,81
一竅,81
匯訂,81
傳訊息問,81
並持續,81
塔位,81
過類,81
幫手,81
動產,81
設計師,81
分時,81
空氣,81
騙訊息,81
並再,81
援手,81
張銀行,81
筆是,81
盡量,81
取利潤,81
莉莉,81
寶貝,81
之網,81
姑姑,81
沒能,81
超低,81
先小額,81
華郵政,81
舊衣,81
刺耳,81
我多麼,81
止損,80
前務,80
將遊,80
達人,80
並詳,80
對方收,80
不公,80
那晚,80
補交,80
用賣,80
難辨,80
遭轉出,80
想不起,80
備案,80
位址,80
我驗證,80
坦承,80
聯名,80
越南盾,80
超商門市,80
透明,80
來當,80
某項,80
十三,80
很積,80
元以,80
裝修,80
人頁,80
不好受,80
要驗,80
一巴掌,80
精準,80
接電話,80
沒特別,80
想將,80
高端,80
職機會,80
確切,80
可笑,80
地點擊,80
跟頭,80
人身安全,79
時必須,79
十四,79
載具,79
連網,79
必謹慎,79
打去,79
證金流,79
金金,79
舅舅,79
環節,79
那網,79
我致,79
想換,79
時察覺,79
人誤,79
承租,79
搞定,79
沒有給,79
頭一沉,79
追求,79
限定,79
相符,79
元後發覺,79
身心俱疲,79
被踐,79
點滴,79
文書,79
哪來,79
超後悔,79
正值,79
接案,79
模樣,79
難道,79
之後因,79
清晨,79
我拉入,79
商討,79
不慎,78
越熟,78
刑事警察,78
一處,78
借據,78
她後來,78
商行,78
永久,78
清空,78
乾淨,78
網店,78
天內,78
還鼓勵,78
言語,78
貼補,78
有詐,78
惟該,78
賣方,78
改裝,78
導師,78
失達,78
職棒,78
有種,78
流入,78
彌補,78
假扮,78
雙方聊,78
中止,78
碰上,78
結到,78
這才察覺,78
最後發現,78
一面,78
金才,78
慘了,78
裡用,78
有過,78
證明給,78
車行,78
上給,78
輕率,78
謝謝,78
已滿,78
致使,78
冷漠,78
宿舍,78
沒接,78
還你,78
熱衷,78
羊皮,78
一匯過,77
太遲,77
一頂,77
找我聊,77
軟體加,77
票款,77
失利,77
文寫,77
並轉帳,77
代收款,77
成熟,77
還沒完,77
耳朵,77
新品,77
訪問,77
我欲購,77
一大堆,77
光是,77
送出,77
換現,77
問才,77
合資,77
領了,77
這則,77
發過,77
第四次,77
對方有,77
再犯,77
有買家,77
大多,77
基隆,77
走勢,77
忐忑不安,77
金額給,77
無風險,77
開刀,77
時光,77
我夢寐,77
新楓,77
錢訊息,77
人要,76
溫馨,76
六萬,76
共有,76
之後發現,76
軍人,76
有如,76
六千多,76
不予,76
無所,76
行列,76
有禮,76
取代,76
打過,76
方想,76
對方詐,76
表情,76
不會動,76
丟進,76
轉幣,76
愈來,76
一月,76
代練,76
扣留,76
上次,76
經不見,76
並點擊,76
認款,76
一對,76
停權,76
配偶,76
單給,76
弱勢,76
彩卷,76
一上,76
一事,76
害人,76
碰到,76
賣遊戲,76
駕照,76
慘痛代價,76
傳票,76
進行線,76
負債,76
機場,76
試用,76
自覺,76
分網路,76
股票交易,76
誘因,75
一包,75
想賣,75
最後竟,75
最後他,75
三民,75
送來,75
洗錢防,75
地給,75
好消息,75
無聊,75
還真,75
閃避,75
然後將,75
做個,75
支出,75
搜尋了,75
夢幻,75
認證費,75
移除,75
半小時,75
假求,75
操作手,75
沒幾天,75
查明真相,75
交新,75
繳個,75
乙太幣,75
出清,75
十九,75
一整,75
部門,75
應選擇,75
對方承諾會,75
神奇,75
領貨,75
十二月,75
一急,75
響起,75
力推,75
兩年,75
叫林,75
這過,75
商門市,75
加深,75
服務業,75
簡潔,75
比市,75
寒風,75
保險費,74
音幣,74
以後對,74
有購,74
還開始,74
腦海,74
寒暄,74
貨時,74
一往,74
低落,74
九月初,74
走向,74
乘客,74
下落,74
捷運站,74
方詐,74
該款,74
組連結,74
四千,74
投了,74
渡過,74
我連,74
伴侶,74
提領款,74
彤彤,74
清潔,74
北區,74
還時,74
好意,74
盡力,74
出不窮,74
治療,74
時至,74
投資上,74
當訂,74
官司,74
許在,74
三年,74
任職,74
並幫,74
這還,74
自親友,74
記下,74
無數,74
因資金,73
扣掉,73
天然,73
未見,73
稱呼,73
斯文,73
大部分,73
偽裝成,73
當我到,73
脫手,73
兩萬塊,73
還信,73
再點,73
收貨通,73
徵人,73
發文稱,73
傾家,73
高鐵站,73
藝品,73
異性,73
貸到,73
心如刀割,73
三星,73
是網,73
了證,73
研發,73
買家來,73
師父,73
主動用,73
房產,73
二手物品,73
返利,73
順手,73
氣炸,73
詢後才,73
設立,73
痛失,73
內會,73
地輸入,73
問要,73
實際上,73
但始,73
快捷,73
錢付,73
恍若,73
轉去,73
傷痛,73
條訊息,73
悲哀,73
推三阻四,72
結並,72
報表,72
口頭,72
彈出,72
瑜珈,72
調閱,72
一百元,72
有將,72
推進,72
無處,72
權狀,72
方均,72
羈押,72
續經,72
殘忍,72
針對,72
重擊,72
需匯款,72
小朋友,72
公務,72
賣社,72
日陸續,72
第四,72
化妝品,72
資金無法,72
假中獎,72
模仿,72
資助,72
再以,72
料到,72
爆料,72
以要,72
打入,72
終於意識,72
沙發,72
提幣,72
先寄,72
追究,72
全民,72
他承諾,72
富豪,72
原石,72
獲利會,72
多家,71
隨後傳來,71
出差,71
取價差,71
還提議,71
配息,71
九千多,71
一千多元,71
法事,71
十元,71
並開,71
買車,71
太急,71
變現,71
失高達,71
現金時,71
搜尋到,71
的確,71
我介紹,71
未接,71
受傷,71
放入,71
幾件,71
車資,71
等訊息,71
文裡,71
政客,71
生畏,71
好看,71
需付,71
八千,71
實質,71
承認,71
中華職,71
推播訊息,71
轉換成,71
傳播,71
各自,71
哪根筋,71
還未,71
給出,71
人影,71
極了,71
凱基銀行,71
專員會,71
將獎,71
單未繳,71
隨後該,71
上點,71
轉介到,71
活動時,71
材質,71
計師,71
防範意識,71
並請求,71
迄今,71
還來,71
鈴聲,71
減肥,70
以太,70
文化,70
款款,70
用點,70
並綁定,70
遊戲機,70
前後加,70
貨幣並,70
就近,70
只記,70
先透過,70
上接,70
轉匯,70
趕去,70
吉他,70
血淚,70
偵測,70
你現,70
規格,70
美甲,70
地要,70
飲料,70
要是,70
盒子,70
天地,70
廣告並,70
想不到,70
一個關,70
問賣家,70
進對方,70
幣給,70
百萬,70
投資團隊,70
卡裡,70
約炮,70
電號,70
還買,70
美的,70
用無卡,70
為止,70
不償失,70
還說現,70
現身,70
周杰,70
貴重,70
失金錢,70
低利,70
銀樓,70
分案,70
連本,70
好景不常,70
然後給,70
下個,70
他表現,70
西區,70
元獎,70
積攢,70
三竹,70
琳琳,69
阿坤,69
電信門號,69
點擊來,69
說並,69
苦笑,69
比金錢,69
一去不回,69
做人,69
改運,69
並保證會,69
並先,69
大小,69
六千,69
洋酒,69
地奪,69
輕信別,69
中不斷,69
可能性,69
潛藏,69
蒐集,69
網友加,69
超好,69
禮物卡,69
抽成,69
規矩,69
冰窟,69
這兩筆,69
並上,69
投資會,69
總共給,69
追悔莫及,69
電說,69
伸出,69
計程車,69
元時,69
了當,69
南市,69
我動,69
這簡直,69
該詐,69
竹北,69
正準備,69
金至,69
沉入,69
還轉,69
代理人,69
這通,69
大型,69
安穩,69
則是,69
火幣,69
內建,69
上櫃,69
變化,69
無需,69
我感,69
倒流,69
保卡,68
票務,68
大力,68
做過,68
一夕,68
萬元時,68
爆棚,68
不輕信,68
一軟,68
經轉,68
事能,68
幫上,68
領現,68
三方,68
還熱情,68
百分之百,68
不耐煩,68
畢生,68
入會,68
大樓,68
先後轉,68
專員以,68
再到,68
日之間,68
先開,68
頭來,68
碰碰,68
兩名,68
頻頻,68
方銀行,68
唬住,68
進該,68
組織,68
昂貴,68
百分之,68
具有,68
講電話,68
查出,68
那間,68
給別,68
極為,68
升起,68
情侶,68
監控,68
祈禱,68
說款,68
兩組,68
貸廣告,68
精明,68
檢察署,68
推入,68
解析,68
顫抖,68
清淨機,68
沒找,68
獎者,68
搞不好,68
從業,68
愚果,68
要查,67
以統,67
多付,67
了驗,67
紛紛,67
順勢,67
上暱,67
帳號驗證,67
沒通過,67
五百,67
領養,67
我則,67
存到,67
五百元,67
騙徒,67
收藏品,67
但頁,67
七萬,67
場騙局,67
協調,67
開獎,67
不合,67
隨他,67
網一查,67
七十,67
成功率,67
筆於,67
帽子,67
文時,67
聽著,67
項無法,67
澄清,67
藍芽,67
靜怡,67
選連結,67
獲利穩,67
真實性,67
打拼,67
承擔,67
過難關,67
紅包,67
還訂,67
時常,67
頭一緊,67
匆匆,67
送貨,67
凡事,67
月租,67
沒錯,67
號前,67
起見,67
會前,67
藥物,67
完善,67
進尺,67
分兩筆,67
如下,67
不太會,67
當中,67
寄錯,67
盆滿,67
他發,67
騷擾,67
美玲,67
實話,67
寄完,67
晚年,67
日間,67
應謹,67
雪巴,67
元點,66
投資金,66
業績,66
中文,66
深思,66
服務人員,66
瀏覽到,66
對方約,66
十點,66
一票,66
難求,66
能免,66
平時會,66
卡到,66
依約定,66
細心,66
全部都是,66
隨後與,66
還賠,66
美股,66
私訊稱,66
瞭解,66
幾天裡,66
世上,66
投資絕,66
心愛的,66
大安,66
內金額,66
檢驗,66
事時,66
提領過,66
轉回來,66
點到,66
物櫃,66
一道,66
超商將,66
經付,66
改為,66
忽視,66
騙術,66
路邊,66
反悔,66
心花怒放,66
冒出,66
發訊息給,66
簽下,66
生命,66
也將,66
帳時,66
連結點,66
萬多塊,66
隨後將,66
出金新,66
心存,66
面對網,66
真集,66
我慌亂,66
中大獎,66
表妹,66
賬號,66
專櫃,66
兩樣,66
覺天,66
並教導,65
先入,65
雯雯,65
大同,65
青春,65
手氣,65
名義向,65
前一天,65
上百,65
先試,65
生活用品,65
褲子,65
更進,65
門路,65
血腥,65
手機門號,65
依法,65
資金會,65
錄下,65
比例,65
現裡面,65
稱林,65
還建議,65
想聯絡,65
談得,65
發送訊息,65
當我點,65
天衣,65
上司,65
接聽,65
分開始,65
賣門票,65
可圖,65
證的,65
返款,65
的幣,65
續加,65
掙扎,65
要轉,65
元台幣,65
牽連,65
不便,65
還陸續,65
安妮,65
該訊息,65
卡卡,65
東西賣,65
抽取,65
七上八下,65
將驗,65
會派,65
去給,65
我別,65
敘述,65
來問,65
何會,65
前後匯款,65
滿有,65
還錢給,65
催討,65
阿明,65
獨家,65
下定,65
價低,65
超氣,64
被當,64
裡就,64
不起,64
資款,64
地面,64
換算成,64
小試,64
音訊,64
公路,64
想像中,64
神秘,64
傻傻的,64
監視器,64
那年,64
友好,64
匯兌,64
著點,64
荒唐,64
愛理,64
找出,64
醒來,64
逼迫,64
總共購,64
美女,64
太平,64
以後在,64
至幣,64
主動來,64
林子,64
資金購,64
以賣,64
無縫,64
破碎,64
出不來,64
還不,64
肥羊,64
共匯,64
臉書購,64
那股,64
故要,64
先代,64
小型,64
毛毛,64
親朋,64
先買點,64
十足,64
銀行線,64
暴富,64
秘密,64
心意,64
訴苦,64
對方為,64
並給予,64
目光,64
下架,64
動用,64
講述,64
教育,64
推諉,64
沒影,64
依詐,64
引導加,64
實用,64
高得,64
頑童,64
心生,64
我長,64
大道,64
收下,64
經忘記,64
回憶,64
媳婦,64
現住,64
利潤時,64
成功人士,64
新股,64
勉強,63
無人機,63
金購,63
陷入困境,63
將這筆,63
之用,63
一封信,63
雙方後續,63
還熱,63
交雜,63
刺激,63
背上,63
票源,63
會後悔,63
程度,63
不入,63
不貴,63
荷包,63
優惠券,63
帖子,63
網銀帳,63
裡了,63
之假,63
舉動,63
將無法,63
寶可夢卡牌,63
好氣,63
戶裡,63
正要,63
拖拖拉拉,63
數交給,63
號都,63
悠遊卡,63
寂寞,63
入住,63
續會,63
剛轉,63
談話,63
十一月,63
並繼續,63
我存,63
金項,63
變調,63
昨天晚上,63
接續,63
方後續,63
母嬰,63
匯款並,63
網站裡,63
古幣,63
優惠價格,63
要還,63
將兩張,63
人員來,63
新型,63
沙鹿,63
羽球拍,63
工人,63
自助,63
天使,63
仔細核,63
負面,63
夜晚,63
車站,63
義的,63
掏錢,63
產業,63
只能靠,63
特意,63
證才,62
輕易將,62
方請,62
因素,62
退錢,62
人來電,62
自銀行,62
相扣,62
趁機,62
言談,62
商談,62
其擾,62
至於,62
我基,62
皮膚,62
碼加,62
開卡,62
裡一陣,62
人聲,62
且後續,62
無孔,62
證金給,62
濫用,62
並聽,62
手作,62
經與,62
賣家詢,62
數日,62
八次,62
方說,62
經銀行,62
以後再,62
加強,62
仔細查,62
質問,62
裡覺,62
考量,62
精力,62
稱還,62
輸進,62
居家,62
加油,62
賣家聲,62
想進,62
開賣場,62
事後與,62
最後再,62
主動問,62
他點,62
洩漏,62
運條,62
八德,62
借來,62
打個,62
同學會,62
文內容,62
幾倍,62
一日,62
查到,62
我見,62
全沒,62
報牌,62
認定,62
再入,62
詩涵,62
潭子,62
聯手,62
管控,62
我氣憤,62
慎重,62
報警後才,62
大雅,62
萊賣貨,62
演場,61
台幣給,61
我線,61
遠遠,61
網友訊息,61
回訊,61
著步驟,61
甜甜,61
遭封鎖,61
擔心會,61
這投資,61
隨口,61
發毛,61
講越,61
他並,61
除濕機,61
聊越,61
要換,61
一自稱,61
金會,61
夫人,61
手術,61
全案,61
一等,61
分購,61
方派,61
並相約,61
丟出,61
培養,61
還購,61
專員稱,61
服務站,61
事後回,61
隨後給,61
人發,61
善心,61
她們,61
多張,61
保溫杯,61
遭鎖,61
送達,61
眼簾,61
玩虛擬,61
你們,61
進網,61
板橋區,61
否則將,61
四處,61
里程,61
還進,61
物資,61
常有,61
陪伴,61
彥良,61
妥善,61
引擎,61
粗心大意,61
加完,61
地騙,61
四百,61
我忘記,61
次共新,61
平安夜,61
阻計畫,61
錢領,60
欺車,60
避稅,60
拮据,60
人力,60
距離,60
需進行,60
很體,60
電者,60
相應,60
環環,60
總局,60
不清,60
吸金,60
口音,60
遭鎖定,60
方新,60
計得,60
卻發,60
入驗,60
親情,60
金管,60
遭銀行,60
隨後告訴,60
退票,60
九萬元,60
交完,60
萬至,60
真有,60
太忙,60
投資額度,60
前務必,60
其辭,60
有空,60
方邀,60
我代操,60
金來,60
幾日,60
到案,60
危險性,60
置之不理,60
吸塵器,60
兩件,60
減肥產品,60
贓款,60
我方,60
處理費,60
可靠性,60
十年,60
沒聊,60
知情,60
心癢,60
說加,60
著什麼,60
將三張,60
交通部,60
連訊息,60
蒙上,60
天降,60
但須,60
統出,60
啟航,60
我過,60
因銀行,60
預警,60
見過,60
藏有,60
出場,60
卡和存,60
再過,60
他家,60
營養,60
分有,60
服務員,60
紅陽,60
永創,60
給該,59
地產,59
分配,59
彰化市,59
當對,59
黑暗,59
成共識,59
打通,59
驗證費,59
多遊,59
表格,59
以驗證,59
隨後發現,59
貨源,59
這段關,59
標記,59
這幾年,59
一手,59
事後向,59
花蓮市,59
預定,59
伺服器,59
銀行將,59
為營,59
路口,59
很心動,59
如有,59
事後經,59
尊嚴,59
六筆,59
方設,59
懂得,59
進行過,59
小店,59
購物金,59
除非,59
遭列,59
並拉,59
多日,59
在後續,59
搶到,59
哪怕,59
假買,59
魅力,59
查找,59
綜合,59
定金,59
意亂,59
以後網,59
異才,59
戶頭裡,59
哪些,59
眼神,59
領補助,59
正滑著,59
詳細地,59
生基位,59
群組裡面,59
低級,59
滯納金,59
東路,59
小涵,59
車貸,59
中正路,59
三月初,59
擦亮眼睛,59
正興奮,59
嘉義市,58
電話問,58
保釋,58
欣欣,58
先要,58
買房,58
裡也,58
時分,58
資深,58
沒退,58
經不記,58
一律,58
並謊,58
其銀行,58
領藥,58
然後傳,58
還附帶,58
但事,58
這些幣,58
科長,58
打錯,58
投資案,58
蛋糕,58
談戀,58
杯子,58
隨後加,58
會面,58
並帶,58
足金,58
誠實,58
費給,58
做到,58
開賣,58
千多,58
談吐得體,58
兇狠,58
貨櫃,58
太衝動,58
並遭,58
掃地,58
次數,58
沒損,58
信對方,58
清晰,58
還有個,58
辯稱,58
心來,58
帳過,58
我票,58
滿足,58
我成,58
傳到,58
損壞,58
勁戰,58
並試,58
甚麼,58
職詐,58
榨乾,58
錢款,58
公家,58
列出,58
記官,58
大致,58
本名,58
進口,58
臉書頁,58
分傳,58
無比後悔,58
返台,58
租車,58
之路,58
港股,58
散播,58
二路,58
要來,58
基位,58
職場,58
光鮮,58
突發,58
刮刮卡,58
楊昱昌,58
冰窖,58
柴鼠,58
曉華,58
將成,58
我代墊,57
英雄,57
他詢,57
貼文賣,57
樂天,57
菲菲,57
樂趣,57
當我後來,57
數當,57
大不了,57
並聯絡,57
對方均,57
殊不知,57
妥細節,57
萬元訂,57
還很熱,57
附帶,57
大條,57
一聊,57
需將,57
該連結,57
中稱,57
還留,57
還指導,57
表演,57
騙款,57
波動,57
年間,57
一線,57
遭人盜,57
人事,57
便利店,57
我透,57
集團給,57
禮物給,57
顯卡,57
個詐,57
助人,57
家常,57
訴警,57
並轉介,57
中途,57
服用,57
獎金無法,57
各項,57
交車,57
剛才,57
讀訊息,57
寄卡,57
開來,57
愧疚,57
預謀,57
組裡面,57
我代購,57
摩托,57
布局,57
某款,57
甜點,57
搞不清楚,57
走出,57
兩失,57
並於當,57
矛盾,57
日分,57
一眼,57
底片,57
用現,57
看著空,57
人會,57
代書,57
不鮮,57
檢察,57
否則後悔,57
一震,57
投信,57
說過,57
協定,57
過驗證,57
默默地,57
華展,57
確保資金,57
中永遠,57
單調,57
御鼎,57
減輕,56
德州,56
合夥,56
始發覺,56
閒著,56
不談,56
粉絲團,56
人問,56
多人,56
問出,56
怒火,56
守住,56
信別,56
網查證,56
嚴格,56
短暫,56
刻意,56
送書,56
還保證會,56
投資及,56
通往,56
卡在,56
劣質,56
一整套,56
元轉,56
代辦費,56
著步,56
並嘗試,56
其餘,56
碼繳,56
經覺,56
人將,56
出款,56
地教,56
踏進,56
應謹慎,56
以保護,56
轉款,56
幾百塊,56
連結要,56
優質,56
日幣,56
用訊息,56
淡水,56
說會用,56
孤單,56
驚恐,56
案並,56
石油,56
並私,56
衝業績,56
上游,56
隨手,56
多餘,56
主持人,56
堅決,56
地去,56
並截,56
那款,56
那家,56
某年,56
最後在,56
喇叭,56
財務上,56
中以,56
日才,56
繳納新,56
轉直,56
預先,56
密切,56
購物網,56
懇求,56
爭議,56
入職,56
大忙,56
用貨到,56
舒適,56
士林,56
形象,56
阿豹,56
我揮,56
發來訊息,56
四萬塊,56
富遊,56
借新,56
聚會,55
音樂會,55
寶帳,55
涵涵,55
入口,55
轉光,55
還貼給,55
留存,55
下車,55
轉來,55
走入,55
沒帶,55
稍晚,55
三千多元,55
新鮮,55
頭一震,55
兩支,55
九萬,55
動靜,55
半個,55
有條,55
可透過,55
結要,55
沒買,55
貼給,55
因故,55
能領,55
完後對方,55
知受,55
投資攔,55
連接,55
投資應,55
已到,55
招領,55
便點入,55
平淡,55
無意,55
帳戶驗,55
並問,55
酒類,55
署名,55
收走,55
資金來源,55
映入,55
金買,55
還到,55
一小部分,55
很熱情,55
三百多,55
寶寶,55
虛構,55
水地,55
建國,55
進線,55
賽鴿,55
留給,55
女士,55
答案,55
前女友,55
韓星,55
便用,55
有假,55
地詢,55
物箱,55
相關訊息,55
社團發,55
聯合國,55
東西時,55
當頭,55
護理,55
需購,55
辦事,55
專員來電,55
亮麗,55
推脫,55
刺骨,55
通路,54
最後只,54
相識,54
內購,54
成詐,54
文販賣,54
卡至,54
備查,54
問價格,54
卡有,54
存放,54
假意,54
保固,54
手指,54
又問,54
說驗證,54
節節,54
還匯,54
前後轉,54
拍下,54
新增,54
極具,54
輔助,54
給你,54
小說,54
貨並,54
駕駛,54
嘉怡,54
被拉進,54
價新,54
該則,54
便詢,54
專員聯絡,54
折兵,54
實戰,54
開放,54
並發來,54
進一場,54
信來,54
及驗,54
元交給,54
犯繩,54
越查,54
一連結,54
分好,54
調整,54
六萬塊,54
現金購,54
洩露,54
跡象,54
徵才訊息,54
李子,54
我輸,54
卡時,54
之外,54
查驗,54
沒用過,54
關機,54
用網,54
哪家,54
加他,54
還詳,54
我主動加,54
已經來,54
我簽,54
名義來,54
很穩,54
難耐,54
大方,54
降臨,54
小婷,54
存疑,54
在幣,54
日當天,54
別輕,54
賣家詐,54
抖幣,54
問號,54
大好,54
發訊人,54
猜猜,54
地踐,54
交易法,53
滑鼠,53
並沒,53
熟慮,53
封郵件,53
性質,53
開出,53
五十多,53
總共大約,53
因想,53
收付,53
滑抖,53
經花,53
堂弟,53
方錢,53
興起,53
結合,53
異至,53
囤貨,53
專賣,53
簡陋,53
之通訊,53
雜的,53
超商以,53
最後人,53
前後後加,53
咯噔,53
過幣,53
之後網,53
健身,53
日購,53
某鄉,53
烤箱,53
熟絡,53
盡速,53
食髓知味,53
脆弱,53
這套,53
分到,53
最貴,53
別因,53
認細節,53
三十五,53
口罩,53
因金額,53
夫妻,53
買家稱,53
接給,53
思索,53
航空公司,53
轉而,53
次共計,53
星城,53
近百,53
日去,53
冠冕堂皇,53
流通,53
方越,53
會館,53
評論,53
文豪,53
企圖,53
過期,53
左營,53
繳罰,53
對此,53
腦波,53
面費,53
保護個,53
博奕,53
老人,53
並進入,53
有多麼,53
球員卡,53
需用,53
將伴,53
神情,52
那次,52
沒見過,52
蘋果點,52
是否是,52
做些,52
地購,52
續詢,52
問進度,52
得出,52
筆匯,52
導入,52
付訂,52
向幣,52
先交,52
省點,52
目的地,52
面並,52
電向,52
證費,52
百貨,52
剛開,52
身手,52
序號給,52
包裝成,52
隨後我們,52
打包,52
只給,52
無故,52
財團,52
客服群,52
元遊,52
機械,52
雇主,52
緬甸,52
成泰達幣,52
越聊,52
全力,52
領新,52
投資虛,52
還猶豫,52
單買,52
心靈,52
項過,52
沒賣,52
卡透過,52
要脅,52
拖欠,52
流失,52
更氣,52
每一個,52
裝得,52
所發,52
智慧型,52
損害,52
出場費,52
拘提,52
身心,52
終於能,52
很差,52
點選連結,52
釣竿,52
往上,52
韓國代購,52
人物,52
情人,52
絕地,52
用作,52
超出,52
行李,52
提問,52
庫存,52
整筆,52
今年初,52
旅程,52
仙女,52
一會,52
屢見,52
方繼續,52
創造,52
需驗證,52
故撥,52
最後要,52
太晚,52
順利賣,52
匯豐,52
補習,52
運彩,52
並意識,52
電號碼,52
財務資訊,52
清水,52
請問,52
金山,52
趕忙,52
吃大虧,52
模像樣,52
過年,52
那群,52
獲利為,51
改以,51
共轉,51
假幣商,51
給一個,51
內幕,51
著網,51
不信任感,51
電給,51
一個幣,51
證後才,51
名制,51
新店,51
其稱,51
寫得,51
能量,51
事後因,51
開門,51
茶葉,51
十次,51
付完,51
只為,51
此產生,51
現訊息,51
無關,51
辦費,51
並私訊,51
並已,51
震驚和後悔,51
對方訊息,51
上想,51
四千多,51
多多,51
用餐,51
積蓄化,51
座椅,51
之後雙方,51
應召,51
日在網,51
開一個,51
搜尋貸款,51
交入,51
香奈兒,51
給犯,51
儀式,51
方暱,51
資及,51
時千萬,51
代言,51
傳完,51
查扣,51
新奇,51
環保,51
還持續,51
時能,51
先經過,51
再還,51
賣家稱,51
之人稱,51
賣家時,51
林經理,51
單金額,51
月薪,51
私訊要,51
群友,51
有察覺,51
多樣,51
相對,51
一如,51
說門票,51
盼望,51
錢換,51
跨國,51
這看,51
來實,51
求生,51
點在,51
人財,51
網紅,51
我興高,51
嘉義,51
詐騙款,51
單價,51
沒下,51
還找,51
通關,51
還新,51
證與,51
沒顯示,51
因當時,51
跳轉,51
刑責,51
地解釋,51
家長,51
了後續,51
投資相,51
方先,51
騙得,51
並參加,51
人信,51
腦子裡,51
全方位,51
最後一,51
區戶,51
浪費,51
一桶,51
作響,51
借錢訊息,51
孤獨,51
安享晚年,51
傷疤,51
雅雯,50
以協助,50
不死心,50
仍無法,50
這哪是,50
一箱,50
經成,50
將卡號,50
回給,50
一筆筆,50
不知去向,50
精巧,50
總共要,50
收受,50
專員要,50
他講,50
百家,50
家族,50
騙慘,50
無能,50
日見面,50
十幾萬元,50
清點,50
心有,50
以貨到,50
隨後被,50
掛電話,50
主播,50
上開,50
幾十塊,50
未察覺,50
取額,50
政策,50
規模,50
方訊息,50
太輕易,50
不實,50
來會,50
這突,50
這篇,50
隨後聲,50
發生類,50
課長,50
筆轉,50
方多麼,50
時時,50
工作者,50
還引導,50
一動,50
回撥,50
簽完,50
看著網,50
找點,50
冒險,50
有效期限,50
上欲購,50
量化,50
我代,50
說能,50
越近,50
元為,50
填個,50
房貸,50
報警並,50
鈔票,50
保本,50
事給,50
過後,50
移至,50
筆筆,50
日因,50
新金流,50
經太遲,50
公正,50
面顯示,50
騙常見,50
討論後才,50
低收入,50
時才,50
上車,50
住所,50
試一試,50
大到,50
無主,50
加其,50
扭蛋,50
頭皮,50
沒聯絡,50
如刀,50
修車,50
並經,50
上個,50
騙子們,50
急情,50
隨我,50
嗡嗡,50
洋溢,50
載幣,49
網銀密碼,49
問何,49
傳電信,49
銀行詢,49
援助,49
雜物,49
珍貴,49
異常時,49
轉運,49
機裡,49
對方長,49
玩笑,49
繳交稅,49
單失敗,49
描繪,49
陸續將,49
點醒,49
面設,49
會導致,49
運勢,49
對方僅,49
場次,49
日假,49
福利社,49
修繕,49
整套,49
前天,49
著想,49
頭一驚,49
電話號,49
組合,49
點數卡,49
做工,49
樂高,49
昨晚,49
這封,49
並按,49
賣家給,49
裡滑著,49
一說,49
省下,49
指使,49
轉手,49
背面,49
必須將,49
保溫,49
療程,49
賣遊,49
方謊,49
有心人,49
超商繳,49
去領,49
澳洲,49
套取,49
剩餘款,49
中介,49
群主,49
並儲值,49
網路訊息,49
商人,49
方驚覺,49
前後後匯,49
金管局,49
貼文要,49
很興奮,49
流行,49
出境,49
說點,49
著未來,49
主辦方,49
羽球,49
清倉,49
過分,49
思議,49
最後對,49
認賣家,49
太低,49
沒太多,49
六神,49
真品,49
做好,49
去網,49
一只,49
侵害,49
滑來,49
猛地,49
牽扯,49
南屯區,49
古董,49
中聲,49
將訂,49
深深地,49
清關,49
北部,49
張及,49
人際關,49
前男友,49
痛心疾首,49
前夫,49
仁德,49
手機響,49
哭笑不得,49
個局,49
林俊嘉,49
茂達,49
心易變,49
強迫,48
數時,48
之名,48
項新,48
金飾品,48
著手,48
入款,48
區塊,48
準確,48
災難,48
聽聞,48
只差,48
還簽,48
保養,48
分轉帳,48
守護,48
務必確,48
連錢,48
情願,48
手串,48
通道,48
丟臉,48
十幾萬,48
雅區,48
過多,48
結為,48
潛在,48
簽到,48
二千元,48
伴遊,48
為力,48
同情心,48
投資顧,48
前功,48
盡棄,48
但匯,48
還裝,48
一千多,48
應付,48
幾樣,48
車馬費,48
出金且,48
並將款,48
貨幣給,48
創新,48
我共損,48
將幣,48
獲利越,48
緊迫,48
方協助,48
誠心,48
一傳,48
僅有,48
問起,48
推向,48
認證金,48
並提告,48
這事,48
降到,48
先墊付,48
幣商購,48
有誠意,48
電自稱,48
毫無懷疑,48
國稅局,48
所述,48
證書,48
人能,48
如實,48
多費用,48
多功能,48
未成年,48
自自稱,48
代替,48
睡覺,48
隨後以,48
買進,48
台灣台,48
調度,48
饋金,48
店長,48
外送,48
石頭,48
數額,48
慌忙,48
今年年初,48
感激,48
邏輯,48
數卡給,48
圖將,48
禮卷,48
擅自,48
訂票,48
選股,48
建設,48
回應訊息,48
指導員,48
騙到,48
機密,48
聖誕節,48
小芳,48
經典,48
張忠謀,48
天大,48
嘲笑,48
隆利,48
那虛假,48
特典,47
良心,47
以證,47
思思,47
一變,47
方見,47
能帶,47
生成,47
樣式,47
人員以,47
戲裡,47
當我終,47
補稅,47
畫面給,47
最後連,47
得以,47
買些,47
問後才,47
系統驗證,47
巷口,47
轉交,47
趕緊問,47
大師,47
會員並,47
過的,47
還沒繳,47
著連結,47
調要,47
被導,47
寶的,47
單有,47
還假裝,47
唱片,47
方收,47
回台,47
八十,47
妥協,47
租房子,47
很久,47
貼文裡,47
戰地,47
並獲,47
李偉峰,47
撥通,47
是給,47
商名,47
球衣,47
裝置,47
當保證,47
停話,47
例行程序,47
賣東,47
眼鏡,47
誠意金,47
帥氣,47
高金額,47
緊到,47
經查證,47
看護,47
方解釋,47
繳費用,47
臉書滑,47
超快,47
主編,47
每週,47
隨後卻,47
雙方用,47
接著給,47
機還,47
中西,47
方轉,47
名譽,47
次要,47
三十八,47
還了,47
一檔,47
那通,47
意見,47
先傳,47
眼中,47
股價,47
發布者,47
阿雄,47
外務,47
匯差,47
地步,47
一樁,47
錄音,47
賠光,47
元入,47
一期,47
起因,47
是將,47
變賣,47
紀錄給,47
幾百萬元,47
南區,47
棒喝,47
還因,47
豹哥,47
我崩潰,47
失和,47
還對,47
海洋,47
北路,47
百般,47
凱文,47
侃侃,47
這番,47
辛勤工作,47
倫嘉年華,47
匯錢過,46
也氣,46
有門票,46
騙並,46
及密,46
多位,46
集團設,46
所傳,46
術語,46
初次,46
訂閱,46
服務來,46
專員給,46
沉香,46
大海,46
錢來,46
總共花費,46
會門,46
東森,46
拉入,46
頭貼,46
新莊,46
各大,46
順手點,46
純交個,46
改掉,46
好手,46
豐原,46
日先,46
修正,46
付卡,46
資金上,46
可供,46
我媽媽,46
釣具,46
限量版,46
原地,46
並封鎖,46
應透過,46
已成,46
小額款,46
暈頭,46
愛的,46
訴訟,46
侵占,46
循循善,46
之後覺,46
費的,46
民事,46
會員卡,46
日出,46
當人頭戶,46
先收,46
五花,46
童裝,46
代匯,46
方問,46
所屬,46
加價,46
收據給,46
印鑑,46
導到,46
婚姻,46
冰水,46
很不錯,46
董事,46
項後會,46
並參,46
以往,46
離職,46
一網,46
然後照,46
居留,46
日大約,46
沒入帳,46
來潮,46
組裝,46
覺得終,46
帶利,46
裝進,46
變詐,46
時間裡,46
揭發,46
未謀面,46
這訊息,46
法去,46
予以,46
令人心寒,46
上轉,46
將泰達幣,46
主力,46
拉近,46
低廉,46
觸法,46
出車,46
避震器,46
竹南,46
緊來,46
通緝,46
楊宗嘉,46
深知,46
感湧,46
不佳,46
預繳,46
居住,46
幫到,46
這一筆,46
順風速運,46
悲慘,46
五分,46
小惠,46
寧靜,46
九百九十九,46
來行,45
需實名,45
遭該,45
一組驗,45
方開始,45
坦白,45
輪番,45
場所,45
不太熟悉,45
轉往,45
僅需,45
預借,45
裡認識,45
對方口氣,45
遭對,45
我平,45
瓦斯,45
花園,45
依靠,45
你家,45
修理,45
失大約,45
今後我會,45
匯來,45
我滿,45
聊好,45
組驗,45
對方教,45
前後損,45
又過,45
可否,45
星球,45
文內,45
以證明,45
帳款,45
之國,45
總能,45
結果訊息,45
過一陣子,45
去後加,45
實則,45
不靈,45
欣賞,45
隱隱,45
並未察覺,45
加對,45
深感不安,45
嚇人,45
外衣,45
面看,45
穩定幣,45
簽收,45
加錢,45
呼籲,45
話鋒,45
稱欲購,45
一連,45
婚紗,45
承接,45
換點,45
找人,45
八門,45
才剛,45
擅長,45
過往,45
公分,45
愛回,45
基隆市,45
來詐,45
私聊,45
掌控,45
九十,45
短片,45
之帳,45
以匯款,45
股掌,45
林口,45
最後是,45
臉書以,45
隨即將,45
度越,45
稱將,45
如遇,45
一萬多塊,45
抱怨,45
沒記,45
網銀時,45
先至,45
很來,45
日共,45
經不讀,45
七天,45
有委,45
這我,45
他進,45
張地,45
開通費,45
看出,45
賣點,45
網戀,45
幸運地,45
國中,45
明媚,45
外甥,45
埋首,45
天籟,45
收寄,45
教師,45
採用,44
我大約,44
說後續,44
警政署,44
貨櫃屋,44
騙話術,44
以進,44
瀏覽器,44
名義申,44
油然而生,44
興高,44
商以,44
見證,44
持有人,44
僵住,44
帳紀錄,44
統驗證,44
三十四,44
日領,44
藥劑,44
心甘,44
基礎,44
不法之徒,44
我領,44
從網,44
代理商,44
先後以,44
還金額,44
說終,44
措手不及,44
越難,44
方舟,44
單會,44
宗教,44
人手,44
五萬元過,44
簡訊給,44
經查詢,44
多名,44
統計,44
付個,44
已鎖定,44
撥款給,44
臉書賣,44
夏天,44
奇摩,44
同步,44
我頭,44
名義與,44
貓咪,44
更高,44
專注,44
詐取,44
卡內,44
多匯,44
南部,44
辦貸款,44
認訂,44
背負,44
十七,44
妍妍,44
六百,44
直銷,44
結果點,44
依言,44
留有,44
可領,44
這波,44
臉書及,44
聰明,44
因誤,44
得頭頭,44
上衣,44
我選,44
該人,44
微博,44
親自去,44
受限,44
心怡,44
補匯,44
投資額,44
妨害,44
還稱,44
調查並,44
建成,44
用統,44
以供,44
急急忙忙,44
陷進,44
經聯絡,44
權利,44
打進,44
下一個,44
悄悄,44
合作社,44
上匯,44
遭假,44
弱點,44
付給,44
匯個,44
投資回,44
供稱,44
一周,44
剛匯,44
職時,44
裸照,44
投資多,44
中還,44
到位,44
講師,44
中華電,44
做股票,44
選填,44
我遇,44
將獲利,44
解說,44
難眠,44
沒有換,44
中學習,44
伊甸,44
輾轉,44
那感覺,44
屈辱,44
蘇曉婉,44
犯下,44
匯安,44
電池,43
接一個,43
越氣,43
談購,43
遊玩,43
女團,43
惟匯款,43
時間過,43
單出,43
同夥,43
光明,43
帳將,43
連那個,43
我涉,43
異始,43
簽合約,43
戀愛,43
不妥,43
我準,43
電子票,43
咖啡店,43
投資產生,43
大幅,43
方出,43
湊齊,43
短少,43
謹記,43
換個,43
地發,43
前後總共,43
金期,43
電話詢,43
哩程,43
以無卡,43
詢問後才,43
並匯入,43
禮盒,43
想單,43
踏實,43
問詳情,43
面得,43
沒去,43
不太,43
警鐘,43
必查證,43
申貸,43
還沒通過,43
四十多,43
還債,43
警覺性,43
完工,43
前置,43
假檢察官,43
會員資格,43
秀出,43
免受,43
發文販,43
融洽,43
錢案,43
現該,43
繳什麼,43
幹部,43
看著群,43
前後後損,43
分手,43
電詢問,43
會帶,43
轉好,43
被害,43
栽進,43
然後加,43
人接,43
可免,43
工地,43
結案,43
送禮,43
講到,43
金額還,43
模糊不清,43
整晚,43
做會,43
回回,43
首頁,43
方討論,43
並說明,43
內輸入,43
還講,43
進連,43
將詐,43
最開始,43
非凡,43
切記,43
頭獎,43
品項,43
上會,43
籌備,43
興奮地,43
許接,43
金始,43
永和,43
講出,43
過高,43
給錢,43
方無法,43
傻到,43
豐原區,43
可行,43
九次,43
被別,43
鼓動,43
一個素,43
項並,43
事成,43
聯絡時,43
防制,43
證和健,43
請務,43
分遭,43
疏失,43
並當場,43
投影,43
明會,43
皮包,43
會掉,43
無顯示,43
共購,43
遊戲片,43
永春,43
天玉,43
著豐厚,43
悲痛,43
晚年生活,43
被雷,43
民間,42
人工,42
宣布,42
明日,42
號密碼,42
印尼盾,42
進去並,42
然後到,42
每人,42
皮照,42
小李,42
出借,42
賭場,42
人人,42
這年頭,42
稍有不慎,42
一夥,42
草莓,42
我連續,42
某年某月,42
幣共,42
事故,42
徵婚,42
法會,42
台東,42
網路店,42
心徹底,42
前要,42
一假,42
幾次款,42
所騙,42
分辨,42
人以,42
開著,42
前去,42
電器,42
單連,42
能用,42
這條,42
寄往,42
會來,42
均遭,42
一個驗,42
項至,42
看不出,42
大變,42
人嚇,42
和平,42
超慌,42
環球,42
救星,42
中國大陸,42
毫無回,42
現在連,42
卡和密,42
假交貨,42
到幣,42
資訊並,42
寄放,42
運協議,42
好物,42
紙本,42
賺頭,42
上問,42
巷子,42
之後假,42
提議加,42
移送,42
故而,42
在問,42
票給,42
購車,42
委屈,42
之遊戲,42
試將,42
沒時間,42
向暱,42
發卡,42
竹聯,42
更令,42
投資合,42
同月,42
裝死,42
鞋款,42
日薪,42
某虛擬,42
李俊,42
籌措,42
昨天下午,42
開幕,42
多種,42
方電話,42
售賣,42
避開,42
氣來,42
上用,42
或個,42
只用,42
獨自,42
日當,42
下稱,42
誇口,42
決勝,42
幾萬塊,42
家樂福,42
多想,42
錢莊,42
獲電話,42
毒品,42
買來,42
要領,42
英國,42
並於當天,42
引到,42
我委,42
組代碼,42
借個,42
外加,42
證物,42
我拉去,42
沒仔細,42
調酒師,42
這絕,42
對方見,42
加購,42
人介紹,42
簡體,42
引薦,42
不絕,42
搞頭,42
萬及,42
普洱茶,42
聯上,42
百星,42
言表,42
天崩地裂,42
公寓,41
大小事,41
兩款,41
職位,41
證被,41
高賣,41
超喜歡,41
晚上十,41
跟幣,41
不繳,41
救助,41
心態點,41
預測,41
轉了帳,41
稍等一下,41
需以,41
之個,41
先向,41
刷到,41
連人,41
入資,41
連帶,41
集資,41
私訊欲購,41
繳交額,41
開場,41
美夢,41
為驗證,41
幾百萬,41
電鍋,41
內將,41
最後沒有,41
能親,41
雖有,41
事後察覺,41
將對,41
沒動靜,41
我急,41
呼吸,41
派愛族,41
大麻,41
兩週,41
歸戶,41
自跑,41
先問,41
接著還,41
手心,41
要命,41
唱歌,41
大金額,41
聯絡並,41
酒品,41
筆及,41
前後後轉,41
飆升,41
方竟,41
一條訊息,41
最後以,41
結緣,41
標到,41
超難,41
沒空,41
異常並,41
盈餘,41
穩健,41
湊足,41
轉機,41
債主,41
好人,41
點動心,41
暈眩,41
之後透過,41
查證後才,41
不尋常,41
合夥人,41
水器,41
規範,41
太貴,41
還騙,41
醫療費,41
敘利亞,41
貨運站,41
方不僅,41
次之,41
安安,41
合租,41
匿稱,41
會員等級,41
張介欽,41
簡訊稱,41
總共約,41
第一期,41
落空,41
男士,41
結加,41
現金及,41
員告訴,41
十月底,41
一員,41
塑膠,41
卡門號,41
奶奶,41
漫長,41
辦理業務,41
並且還,41
之台,41
荔枝,41
開始詢,41
一則售,41
王牌,41
送件,41
給賣家,41
說詞,41
卡位,41
上工,41
進騙局,41
並認識,41
提早,41
點動搖,41
收押,41
賴的,41
學長,41
無法將,41
投資門檻,41
筆虛擬,41
服裝,41
刀子,41
兌換成,41
受款,41
傳送訊息給,41
買下,41
三信,41
冷血,41
單編號,41
不良,41
像極,41
之人加,41
一場局,41
然後我們,41
並且將,41
給廠,41
塌下,41
市南,41
文益,41
恆泰,41
過路費,41
幸運大,41
簡潔明,41
陽光灑,41
批貨,40
以視,40
兩百萬元,40
因個,40
別碼,40
小隊,40
到期日,40
攻略,40
只匯,40
假連,40
電話費,40
幫詐,40
沒回來,40
張凱,40
果不其然,40
行驗,40
柚子,40
截至,40
信上,40
手環,40
看吧,40
問郵局,40
運站,40
電力,40
延期,40
恩典,40
方下單,40
繳付,40
他確,40
獲來電,40
息事,40
寧人,40
想約,40
投資購,40
左營區,40
最快,40
生活照,40
變慢,40
方陸續,40
不見面,40
還興奮,40
將此,40
可獲,40
七八,40
翻臉,40
想給,40
阿豪,40
小幫手,40
薪轉,40
賣手,40
提光,40
玩線,40
解開,40
放著,40
倍增,40
來經,40
成新,40
抱歉,40
投資話術,40
信服,40
酒商,40
出名,40
將密碼,40
天價,40
無門,40
進群組,40
風力,40
盤算著,40
天成,40
軟體裡,40
婉拒,40
旋即,40
並簽,40
一出,40
證號碼,40
二十五,40
方主動加,40
例子,40
問能,40
戰隊,40
聯誼,40
大嫂,40
離婚,40
商務,40
這兩,40
解鎖費,40
得體,40
方真實,40
對方設,40
指稱,40
退群,40
升溫,40
我爸,40
還浪費,40
投放,40
上前,40
暴跌,40
普通人,40
傳遞,40
並宣稱,40
土城,40
拿來,40
那件,40
對方確,40
還進行,40
職網,40
書面,40
先後在,40
她將,40
小花,40
佳怡,40
導向,40
費及,40
電源,40
初始,40
資金要,40
障礙,40
還發現,40
放過,40
有模,40
上張,40
本想,40
商買,40
金戒指,40
經辦,40
因遲,40
當我將,40
度日,40
訊息發,40
連銀行,40
清償,40
帳戶還,40
券商,40
不曾,40
極速,40
轉不靈,40
師輕食,40
滔滔,40
決遊戲,40
無異,40
記憶,40
愈發,40
日夜,40
一橫,40
腦熱,40
利豐,40
費啊,40
寶媽,40
高回,40
劉德華,40
徹骨,40
福松,40
尖銳,40
還分,39
貼文看,39
故將,39
人氣,39
我面,39
證為,39
還會給,39
打招呼,39
回傳作,39
超商取,39
有筆,39
先買遊,39
想加,39
之後陸續,39
失超過,39
升值,39
信封袋,39
八千多元,39
並截圖,39
之後會還,39
行規,39
應購,39
貸訊息,39
這帳,39
將門票,39
這之,39
對虛擬,39
以示,39
交現,39
最後談,39
並可,39
投資用,39
誤導,39
不太好,39
導致款,39
黑膠,39
續詐,39
卡資料,39
陽信,39
租給,39
縫紉機,39
貨還,39
風險金,39
送連,39
埔里,39
創辦,39
開業,39
達標,39
露出,39
照會,39
兩種,39
萬進,39
圈存,39
異動,39
傷心,39
掏出,39
年輕,39
便捷,39
技術費,39
接著用,39
故不疑,39
看得,39
理專,39
事後冷靜,39
投資期,39
高速公路,39
鍵盤,39
方不讀,39
藍色,39
回頭查,39
萬元匯,39
頭戶,39
另一半,39
過網,39
冤大頭,39
存證,39
接著傳,39
不還,39
聊過,39
起訴,39
普重,39
連結時,39
以後能,39
擊連,39
授權碼,39
限動,39
專員加,39
謹慎面,39
面對面,39
不穩,39
做好事,39
並準備,39
還沒來,39
各樣,39
並開立,39
星宇,39
匯錯,39
方來,39
小東西,39
提錢,39
王先生,39
好心人,39
這雙鞋,39
檸檬,39
加油站,39
繪畫,39
這不過,39
按約定,39
何種,39
詩詩,39
需開,39
含密碼,39
金匯入,39
財顧問,39
市話,39
報稱,39
繳納費用,39
有樣,39
成員們,39
恐怖,39
三月底,39
的後果,39
用言語,39
財源,39
溫情,39
將他,39
日經,39
一號,39
三十一,39
還下載,39
午夜,39
卡共,39
跑腿,39
那顆,39
現金獎,39
推薦給,39
很熱門,39
特至,39
攔住,39
精靈,39
阿龍,39
高階,39
打造,39
一尾,39
撕裂,39
悠閒,39
李曦媛,39
事物,39
蔡佳玲,39
大半年,39
客邦,39
開銀行,38
看能,38
增強,38
更不該,38
對方談,38
我超,38
自確,38
當我照,38
證並,38
並交給,38
還熱心,38
博物,38
滑臉,38
運費要,38
及早,38
點連結,38
聊些,38
有問,38
單上,38
牌母,38
卡序號,38
一賣家,38
傳連,38
隨後發,38
方所稱,38
車的,38
金並,38
以網,38
銀匯款,38
集中,38
現金換,38
兩次款,38
黑幫,38
以作,38
萬零,38
貨單,38
錄取,38
高鐵,38
值完,38
這組,38
指數,38
資金到,38
鄰近,38
金融工具,38
已送,38
多查,38
回神,38
技術員,38
二維碼,38
新門號,38
車況,38
積累,38
旗下,38
數個,38
結緣品,38
油漆,38
點緊,38
應召詐,38
兩百,38
卡進行,38
選該,38
隔幾天,38
獲利且,38
讓類,38
潛逃,38
變多,38
沒多問,38
實物,38
寫個,38
銀行查,38
雪上加霜,38
太高明,38
運輸,38
老套,38
資訊來,38
價格實,38
量子,38
嚴禁,38
其個,38
出貨給,38
八筆,38
一樓,38
需有,38
洗清,38
能幫,38
數卡來,38
投資名,38
有後續,38
出錢,38
金光,38
家屬,38
問相關,38
預算,38
將對方,38
獎金會,38
最後我們,38
資融,38
情節,38
餐飲,38
取金錢,38
台幣換,38
心力,38
幣至,38
假日,38
政和,38
可可,38
萬港幣,38
閒錢,38
虛幻,38
又換,38
筆點,38
展現,38
再熟,38
送訊息給,38
光碟,38
一波,38
高雄地,38
取貨並,38
艾創,38
簽什麼,38
他度,38
大戶,38
電費,38
合同,38
齊全,38
緣圈,38
參與者,38
商將,38
萬過,38
懇切,38
謹防,38
金匯款,38
痛定思痛,38
起先,38
曉曉,38
機響,38
微微,38
解凍費,38
已申,38
美好生活,38
扣住,38
阿樂,38
攻勢,38
路易莎,38
先鋒,38
大大,38
汐止,38
太笨,38
氣死,38
火熱,38
諧永,38
老人家,38
伙食,38
刺眼,38
寶利國際,38
那該,38
出時,37
聊一陣子,37
撲克,37
上陣,37
來購,37
運用,37
玩玩,37
敷衍了事,37
證時,37
不輕,37
常情,37
跟幣商,37
超穩,37
補發,37
一刀,37
數卡作,37
數百萬元,37
力量,37
拍詐,37
人員要,37
證賣家,37
美美,37
將序,37
單未,37
宅急,37
並提,37
將點數,37
詢後發現,37
搶單,37
返現,37
最後整,37
滑抖音,37
緊問,37
範圍,37
一回,37
這也許,37
方看,37
責怪,37
四十五,37
友情,37
數及,37
私訊聊,37
看好,37
快到,37
證和銀行,37
外國人,37
缺少,37
餘悸,37
並打,37
名義詐,37
面輸入,37
並貼,37
真能,37
有次,37
造假,37
講投資,37
閒話,37
地向,37
真詐財,37
改裝品,37
幣到,37
去年底,37
八百,37
農場,37
我絕,37
我安裝,37
小賣場,37
處理訂,37
還承諾會,37
三萬多塊,37
旁觀,37
濕紙,37
手持,37
超多,37
封鎖並,37
匹配,37
權威,37
求償,37
正義,37
最後總共,37
人詐,37
垃圾,37
會首,37
懷疑過,37
皮夾,37
時止損,37
迎接,37
花蓮縣,37
並接,37
語帶,37
光遇,37
效率,37
區某,37
轉不過,37
盆栽,37
糖衣,37
分明,37
萬一,37
越重,37
下同,37
還為,37
賣網,37
行照,37
然後透過,37
故認,37
鼓山,37
我僅,37
富士,37
總損失,37
倉鼠,37
教室,37
元大,37
及存,37
方何,37
赤裸裸,37
資金往,37
然後跟,37
項轉,37
超大,37
持卡人,37
熟客,37
基銀行,37
年籍,37
叮囑,37
舉手,37
之勞,37
安南,37
經對方,37
盼能,37
紀大,37
總共達,37
概念,37
另名,37
海賊,37
不菲,37
網路詐,37
房屋出租,37
個性,37
選購,37
名師,37
志成,37
將金錢,37
講了,37
老套路,37
萬元予,37
四段,37
殆盡,37
貴金屬,37
服務時,37
不堪回首,37
焦頭爛額,37
楊賢,37
宏利,37
華泰,37
張學友,37
遍地,37
開端始,37
智盈,37
科源,37
三德,37
有款,36
情趣用品,36
加熱,36
各類,36
風機,36
潛藏著,36
我漸,36
聊比較,36
我緊,36
無虞,36
高等,36
紙花,36
排除,36
最痛,36
泰銖,36
命運,36
事會,36
對方人,36
特地去,36
一萬五,36
常理,36
因詐,36
水壺,36
站裡,36
錢並,36
夜色,36
匯局,36
將所購,36
爸媽,36
騙給,36
兩間,36
幫忙轉,36
群費,36
結局,36
終於有,36
說用,36
當我們,36
五百多,36
樂樂,36
高鐵票,36
他稱,36
加個,36
幣投資,36
化成,36
並發給,36
湧起,36
落差,36
談定,36
通會員,36
雅雅,36
操作台,36
籌碼,36
遊戲暱,36
取貨時,36
交票,36
銀行驗,36
皮下,36
一涼,36
套牢,36
簡稱,36
貨投資,36
自通訊,36
這活動,36
方無卡,36
步行,36
再驗證,36
面有,36
慎防,36
轉發,36
按下,36
她換,36
兩邊,36
獲假,36
負責任,36
元才,36
填進,36
阻擋,36
投資承諾,36
我們還,36
幾秒,36
金以,36
一拳,36
這陣子,36
上進,36
柴犬,36
制服,36
封口,36
短線,36
精選,36
給假,36
前後後總共,36
銀行並,36
信函,36
自去,36
這四個,36
兩小時,36
方作,36
小安,36
上要,36
之人購,36
換貨,36
花點,36
因系統,36
我行,36
流出,36
分由,36
會以,36
市北,36
桃子,36
骨灰,36
喜好,36
還謊,36
這經驗,36
那刻,36
張志華,36
故報,36
顧慮,36
查完,36
保險業務員,36
順位,36
真真假假,36
貼文販,36
辨識,36
對帳,36
語間,36
鐵道,36
帳密給,36
賣版,36
這教訓,36
五個,36
徵兆,36
增資,36
此情,36
創投,36
甜心,36
彭金隆,36
機殼,36
處理款,36
高層,36
該門號,36
公主,36
轉折,36
張新,36
孫女,36
解答,36
花盆,36
收款人,36
自慰,36
菁英,36
跳票,36
雜誌,36
給買家,36
筆現,36
輪胎,36
徹夜,36
之心,36
怡君,36
用著,36
眼花,36
人並,36
土銀,36
查證始,36
著高額,36
外派,36
我哥,36
鏵德,36
光影,36
興文,36
十月初,35
六十多,35
證來源,35
面給,35
命令,35
並和,35
移到,35
先聯絡,35
亂點,35
著輸入,35
原有,35
匯款後會,35
三件,35
人想,35
塔羅牌,35
達約定,35
去驗證,35
最後變,35
幾歲,35
完會,35
搜尋才,35
他代為,35
偉翔,35
烘焙,35
與幣,35
其有,35
定出,35
三十三,35
增貸,35
書給,35
對方退,35
不難,35
數十萬,35
這所謂,35
討債,35
涉詐,35
故以,35
自某,35
結果轉,35
資金以,35
鳳山區,35
證等,35
匯點,35
媽咪,35
貨狀況,35
通話給,35
止境,35
近十萬元,35
方傳來,35
人暱,35
不吃,35
善信,35
先在網,35
號並,35
還欠,35
心底,35
另一方面,35
然後被,35
核查,35
組訊息,35
救回,35
上級,35
搜尋該,35
小禮物,35
為林,35
所為,35
急躁,35
詢該,35
再也不能,35
佳慧,35
經聊,35
全聯,35
網銀驗證,35
判定,35
一唱,35
還拿,35
莊區,35
沒進,35
只換,35
私訊給,35
放行,35
翻看,35
三日,35
桃園市,35
之後開始,35
要匯,35
文案,35
該假,35
奔波,35
私訊裡,35
生懷疑,35
早晨,35
錢全,35
話術給,35
連臉,35
必確,35
減肥藥,35
身高,35
但款,35
項交給,35
商會,35
所諮詢,35
便匯,35
線索,35
買家訊息,35
這張票,35
總計達,35
不熟,35
最新款,35
做後續,35
澎湖,35
幫兒子,35
將存,35
道路,35
興路,35
已經付,35
加盟,35
零食,35
多一點,35
法官,35
公路局,35
卡兩張,35
其兒子,35
打破,35
卡已,35
購買時,35
中成,35
酒吧,35
領回來,35
幾間,35
兩千塊,35
資金交給,35
交涉,35
這家店,35
稱後續,35
婦女,35
當機,35
失為,35
職者,35
這條訊息,35
不決,35
惡徒,35
派出,35
盛達,35
服務未,35
將面,35
世代,35
投資越,35
一知半解,35
五年,35
細想,35
松山,35
張經理,35
股權,35
堂姊,35
充分,35
智能家居,35
並未購,35
屯區,35
靜靜,35
並透,34
卡去,34
兩千,34
多項,34
人壽,34
約合,34
很慢,34
中華民國,34
每期,34
三百元,34
縣市,34
那篇,34
還和,34
總共付,34
認遭,34
因網,34
繳新,34
越看,34
欺罪,34
終身,34
專員用,34
數序,34
東西交給,34
袋子,34
外表,34
玉鐲,34
賣車,34
還多,34
用語,34
再查,34
很痛,34
給經理,34
支吾,34
四百多,34
員協助,34
重機,34
東西給,34
異常無法,34
箱子,34
電動車,34
鳳山,34
一刻起,34
裡面還,34
麥卡倫,34
需向,34
方密,34
消災,34
轉回給,34
中必須,34
十六,34
前後共匯款,34
設成,34
教人,34
芭樂,34
堅稱,34
儀器,34
六張,34
東京,34
舒壓,34
之後轉,34
零錢,34
之手,34
投資話題,34
猶豫時,34
三峽,34
逸品,34
下載幣,34
賣書,34
健保局,34
購得,34
點前,34
阿輝,34
沒還,34
演戲,34
面談,34
日止,34
佐證,34
頭有,34
成員不斷,34
經理稱,34
紙袋,34
不雅,34
儀已,34
待遇,34
球迷,34
動私,34
並談,34
認有,34
獲利截,34
相遇,34
本次,34
七筆,34
依網,34
我表達,34
音滑,34
危害,34
二筆,34
沉穩,34
貨時間,34
通訊行,34
粗心,34
重大案件,34
比市價,34
一盒,34
無興趣,34
烏日區,34
問說,34
日加,34
可欣,34
誘導下,34
販售門票,34
然後有,34
七百,34
還報,34
並不像,34
現代,34
做代購,34
筆轉帳,34
供其,34
無限,34
又轉,34
得利,34
太難,34
一板一眼,34
次款,34
遭駭客,34
兌幣,34
需儲值,34
人別,34
第一句,34
禮包,34
四碼,34
接過,34
沒防備,34
獲利無法,34
年齡,34
泰銀行,34
時有,34
上詢,34
隨即給,34
之華南,34
給兒子,34
二千,34
刮出,34
滑板,34
我萬萬,34
卡包,34
這並,34
絲毫,34
輪框,34
去幣,34
時才察覺,34
真愛,34
網銀限額,34
隱隱覺,34
添購,34
因擔,34
海鮮,34
般的,34
開庭,34
忍受,34
機會來,34
中華資金,34
隨身,34
藍圖,34
權志龍,34
錢花,34
商給,34
樹苗,34
眼光,34
談及,34
內餘額,34
轉由,34
寶石,34
獵人,34
幾番,34
將錢匯,34
賣些,34
電時,34
瑤瑤,34
每天晚上,34
拉格,34
清清楚楚,34
堅信,34
領航,34
極力,34
用別,34
中詐,34
付新,34
帶給,34
小鹿,34
中時,34
環遊,34
名暱,34
麥格理,34
筆投資,34
沙漠,34
資金進,34
費未繳,34
山豬,34
小杰,34
先打,34
探性,34
騙層,34
拙劣,34
達利,34
建華,34
匯立,34
地響,34
哪見過,34
有金錢,33
專挑,33
公務人員,33
投標,33
承辦,33
閒魚,33
自臉,33
組並,33
楊婉臻,33
傳媒,33
我學會,33
含糊不清,33
金匯,33
移交,33
貼文寫,33
方回,33
發涼,33
明要,33
要馬上,33
越深,33
繳費頁,33
自動加,33
串通,33
富裕,33
數交錢,33
一肚子,33
比起,33
因異常,33
美好前景,33
當我以,33
證金並,33
斷續續,33
五金,33
但群,33
隨後又有,33
筆遊,33
假虛擬,33
某個網,33
人群,33
有小額,33
每一筆,33
卡寄去,33
連電話,33
千八百,33
詢問度,33
靜宜,33
將我拉進,33
越強,33
活動訊息,33
角落,33
立案,33
頭一涼,33
面約會,33
卡資訊,33
僅僅,33
經去,33
攤位,33
雙方確,33
開始產,33
加拿大,33
優惠價,33
中表現,33
情境,33
額外驗證,33
並領,33
魔法,33
沒收,33
幫助別,33
人員向,33
否則訂,33
代幣,33
搜索,33
天道盟,33
做事,33
經營網,33
認好,33
碼及,33
稅款,33
寄存,33
身材,33
核發,33
理應,33
麥當勞,33
著帳,33
必選擇,33
奶瓶,33
文忠,33
他熱,33
還匯款,33
也絕,33
從幣,33
損失共新,33
發表,33
能換,33
我母,33
完後對,33
一個幣商,33
再詢,33
比銀行,33
力士,33
管理者,33
控股,33
須繳,33
經行員,33
需額,33
小熊,33
結果還,33
該車,33
徐專員,33
方幫,33
那頭換,33
全套,33
並下,33
當我點擊,33
解任,33
轉虛擬,33
之話術,33
營利,33
頗豐,33
唬得,33
筆點數,33
偏門,33
想見,33
公所,33
即逝,33
喜地,33
掛號,33
瓦解,33
交接,33
車買,33
年期,33
金融公司,33
想先,33
負著,33
過度,33
榨取,33
機會產生,33
餘生,33
因為訊息,33
時對方,33
時起,33
那幾天,33
答覆,33
朋友家,33
最後一絲,33
我關,33
之星,33
金鑰,33
做驗,33
除此之外,33
屢次,33
一網址,33
地信,33
迪士尼,33
遭雷擊,33
了幣,33
圍巾,33
分三筆,33
而後對方,33
背後都,33
惟要,33
上不斷,33
迫切,33
說來,33
口號,33
自強,33
身影,33
牛票,33
了類,33
歡喜,33
辦好,33
烙印,33
銀行分,33
終於在,33
獲利高,33
立馬,33
幸運兒,33
大開,33
自營,33
非法操作,33
萬華區,33
著財富,33
撇步,33
畢業,33
高效,33
榮聖,33
群怡,33
蠢蠢,33
應及,33
魔咒,33
悲涼,33
寒冷,33
皮繼續,32
問那個,32
克服,32
活動頁,32
為線,32
吸收,32
圖片給,32
以訊息,32
城市,32
筆給,32
控訴,32
嚐到,32
上交,32
費為,32
貨後,32
很順,32
之後說,32
講的,32
詳盡,32
財務資料,32
房地產,32
機交給,32
常以,32
時尚,32
越多,32
驗證用,32
共約,32
連他,32
名義騙,32
義之釣魚,32
好險,32
文想,32
還截,32
無法平,32
財產交給,32
蔡先生,32
消災解,32
來連,32
人數,32
錢交給,32
華麗,32
不善,32
透漏,32
記事本,32
購買產品,32
筆到,32
封控,32
日轉,32
象是,32
認帳,32
二十三,32
苦澀,32
武器,32
依廣告,32
之費用,32
標語,32
面還,32
白費,32
通藍新,32
美惠,32
經掉,32
慧慧,32
投資夢,32
稱訂,32
卡密,32
執法,32
求票區,32
順手加,32
請款,32
了關,32
冒汗,32
我共匯款,32
外籍,32
好禮,32
文具,32
小豪,32
點時,32
項入帳,32
加賴,32
反饋,32
神像,32
票卷,32
淘寶,32
毀了,32
主人,32
時剛,32
照給,32
臉書個,32
理所,32
支門號,32
多所,32
文看,32
但聲,32
自拔,32
並擔,32
佳穎,32
贖金,32
單車,32
協理,32
不忍,32
字句,32
同個,32
連結裡,32
急售,32
喪葬費,32
稱款,32
逼近,32
價位,32
應訊息,32
日記,32
回扣,32
能還,32
教練,32
更快,32
清除,32
裸露,32
將這件,32
沒借,32
彩票,32
閃亮,32
應得,32
方表現,32
貼紙,32
送員,32
當下心,32
再後來,32
防洗,32
消除,32
八成,32
履歷,32
攻擊,32
無止,32
分至統,32
總以,32
問什麼,32
起點,32
時無法,32
部落,32
因其,32
理論,32
先存,32
美食,32
商機,32
加以,32
運營,32
量身,32
潮流,32
便會,32
就會將,32
先拍,32
云云,32
方郵局,32
低門檻,32
總共投,32
南站,32
地到,32
生怕,32
數新,32
百川,32
當下還,32
撞球,32
許將,32
這期間,32
再輕信,32
八萬塊,32
恆泰國際,32
有效率,32
地過,32
獲獎,32
運轉,32
眼界,32
仿佛,32
地球,32
襄理,32
財詐,32
蠢到,32
閃付,32
螞蟻,32
凡哥,32
這一經歷,32
沾沾自喜,32
欲動,32
奪眶,32
抱著試,32
為鑑,32
照亮,32
惠達國際,32
李嘉媛,32
名號,31
始察覺,31
問為,31
需補,31
因價格,31
幣轉入,31
購幣,31
巧合,31
無法購,31
數交,31
匯一,31
還與,31
影票,31
冷靜下,31
電詢,31
還曾,31
占卜,31
購買過,31
假幣,31
照常,31
投一點,31
日滑,31
隨後透過,31
系統驗,31
始網,31
並佯,31
財運,31
允許,31
出帳,31
單眼,31
不會害,31
費贈,31
太少,31
阿里巴巴,31
用宅,31
當事,31
不購,31
刺青,31
辦理業務時,31
亞馬遜,31
小筆,31
點卡,31
平白,31
異並,31
總會,31
引入,31
超兇,31
裡只,31
遞來,31
順暢,31
閒聊時,31
嚇一,31
異故,31
健身房,31
萬元當,31
並隨即,31
誘捕,31
網銀無法,31
動物,31
郵寄,31
主動給,31
信任度,31
指南,31
家庭手工,31
還借,31
為終,31
寄貨廠,31
高爾夫,31
證卷,31
新人,31
大里區,31
見個面,31
版本,31
先申,31
橘子,31
含運費,31
裡才,31
處理費用,31
轉讓給,31
連結實,31
有心人士,31
情誼,31
職棒門票,31
超真實,31
發電,31
出價,31
三位,31
元達成,31
互動時,31
這使,31
貨號,31
優選,31
筆金額給,31
五十八,31
帳篷,31
元予,31
儲存,31
貼文內,31
假票,31
沒買過,31
隨後假,31
肚子,31
銀行裡,31
方人,31
幾款,31
欺行,31
質押,31
帶過,31
沒覺,31
細說,31
能穩,31
破壞,31
再把幣,31
貨給,31
我帳,31
還傳訊息,31
還他,31
噗浪,31
醫美,31
說換,31
阿凱,31
中有,31
佳佳,31
被嚇,31
電匯,31
四萬多塊,31
並分別,31
煞有介事,31
前妻,31
帳共計,31
生恐,31
讀取,31
中輸入,31
預支,31
法律制裁,31
大阪,31
是執,31
覺間,31
打詐,31
第六,31
終究,31
嚇了,31
小組,31
未查,31
餐點,31
志雄,31
處境,31
星穹,31
家門口,31
器具,31
時發,31
最後一個,31
一枚,31
之後就會,31
槓桿,31
您好,31
騙裡,31
萬元以,31
多幣種,31
痛楚,31
但覺,31
巴掌,31
靠近,31
尼克,31
以暱,31
找線,31
共度,31
公斤,31
審慎,31
該暱,31
寄信,31
稱此,31
指紋,31
轉介紹,31
獲來,31
現出,31
優雅,31
不太記,31
更諷,31
還倒,31
簡便,31
卡點數,31
驚膽,31
方談妥,31
她家,31
一頓,31
壓根,31
抽大獎,31
使得,31
有風險,31
自救,31
另有,31
沮喪和後悔,31
結束後會,31
並誘導,31
賣訊息,31
不滿意,31
不為,31
第一桶金,31
個面,31
劇情,31
深受,31
制止,31
水一樣,31
佯裝,31
溫床,31
藝術,31
過什麼,31
林正坤,31
工作日,31
吳淡,31
市值,31
有求,31
五十五,31
因輕信,31
增懋,31
志得,31
以後還,31
學堂,31
國賓,31
有成,31
哪能,31
沒發現,31
救命,31
民族,31
認了,31
木偶,31
沒傳訊息給,31
來訊,31
利刃,31
賬戶裡,31
儒雅,31
吳力森,31
行徑,31
蘆洲,31
新銳,31
泉元國際,31
碑石,31
新年,31
宗明,31
張凱翔,31
王小明,31
或驗,30
著對方,30
確認訊息,30
賽車,30
終於要,30
故對方,30
改加,30
鋼彈,30
再照,30
冰涼,30
中加,30
方音,30
店鋪,30
航班,30
將手,30
很篤定,30
不順,30
皮帶,30
轉錢過,30
補新,30
梧棲區,30
獎金時,30
對待,30
控告,30
小米,30
並解釋,30
樂園,30
還拜,30
救援,30
我帶,30
凍金,30
原神,30
並通報,30
雅惠,30
佛牌,30
就業,30
取個,30
還價,30
沉到,30
數張,30
行止,30
該連,30
去點,30
服務遊戲,30
上課,30
新卡,30
若需,30
發亮,30
內金錢,30
遭無卡,30
神色,30
純粹,30
成品,30
電顯示,30
罷休,30
九月底,30
問價,30
名義要,30
旗號,30
總共高達,30
近況,30
擺攤,30
音訊息,30
以電話,30
票訊息,30
第五次,30
出金才,30
帳及,30
事後查證,30
無法驗證,30
兩萬多塊,30
塞車,30
猶豫要,30
給我加,30
各大廠,30
方失聯,30
牛仔,30
裡已,30
三萬元過,30
高品質,30
道歉,30
報名費,30
無網址,30
如何是好,30
接送,30
所承諾,30
故對,30
金首飾,30
暴露,30
來過,30
意向,30
處所,30
經用,30
連結予,30
更大金額,30
皮購,30
手機還,30
加總起,30
沒警覺,30
印出,30
還封鎖,30
合照,30
子女,30
就行,30
看越,30
具備,30
袖手,30
隨之而來,30
太興奮,30
有訂,30
積欠,30
不宜,30
這一點,30
之戶頭,30
裸體,30
實體點,30
三十九,30
會出,30
三千多,30
原油,30
該址,30
原定,30
也還,30
總共分,30
無償,30
好貨,30
假網址,30
需新,30
鋼琴,30
少女,30
能靠,30
郵政帳,30
攝給,30
開好,30
事虛擬,30
香蕉,30
崩壞,30
歡樂,30
我受,30
驗貨,30
太痛,30
報到,30
短缺,30
音廣告,30
高檔,30
買方,30
方應,30
冤枉,30
反洗,30
投資務,30
用詞,30
填問,30
空頭,30
每年,30
旅費,30
還沒到,30
銀行代碼,30
號在,30
夠將,30
認知,30
我動搖,30
體悟,30
私自,30
姑且,30
一元,30
最後因,30
源自,30
認識名,30
這台車,30
繳交所謂,30
專人來,30
宮廟,30
再存,30
楊子,30
特地到,30
入金新,30
有鬼,30
三麗鷗,30
並順利,30
受詐,30
心狠手辣,30
藍新金,30
王小姐,30
臉書貼,30
次及,30
單還,30
下台,30
我弟,30
真好,30
欺詐,30
權利車,30
投資確,30
時將,30
機警,30
租下,30
繳納罰,30
大一筆,30
熟稔,30
林姓,30
租到,30
發訊者,30
張張,30
四十一,30
告一段落,30
情報,30
痛不欲生,30
擄人勒,30
遺產,30
劈頭,30
靈魂,30
不切,30
痕跡,30
李哲安,30
溫文,30
元普,30
沒發過,30
假中,30
全職,30
太妍,30
期許,30
膨脹,30
耳光,30
靈犀,30
銷售業務員,30
甜膩,30
美英,30
東宏融資,30
花用,29
卡遭,29
載並,29
還出現,29
方帳,29
我款,29
我門票,29
確是,29
會開,29
曙光,29
公共,29
重量,29
方整,29
填上,29
珊珊,29
辦戶籍,29
著連,29
台灣開,29
其間,29
轉票,29
催問,29
阿翔,29
人靠,29
整個嚇,29
便決,29
老大,29
打視訊,29
用電話,29
網購務,29
祈福,29
來確,29
自取,29
有心,29
沒出,29
圖示,29
要入,29
來台,29
卡一,29
似詐,29
桌子,29
碼並,29
流出入,29
最後確,29
稱會將,29
無法彌補,29
前後共匯,29
二十一,29
兩台,29
博士,29
那句,29
日欲,29
費領,29
逃跑,29
繳入,29
沒繼續,29
補件,29
中該,29
騙別,29
尋相關,29
媽祖,29
神神秘秘,29
言辭,29
聯絡群,29
寶島,29
需先購,29
放鳥,29
封電子,29
壓得,29
並刪,29
夜市,29
還截圖,29
為意,29
來質,29
小宇,29
加工,29
檢調,29
認該,29
之連,29
任會首,29
順風快,29
拿著,29
去詢,29
訂位,29
樂團,29
軍官,29
筆記型,29
對方來,29
主動詢,29
然後趕,29
假訊息,29
七百多,29
還現,29
中壢區,29
查清,29
統無法,29
人員聯絡,29
取傭金,29
問其,29
一慌,29
借一筆,29
我作,29
昏頭腦,29
事後驚,29
未確,29
死忠,29
護理師,29
少數,29
但礙,29
去看房,29
無音,29
常規,29
鐵粉,29
指揮,29
步上,29
牛皮,29
致電給,29
缺個,29
拍機,29
集團常,29
隨後的,29
菜頭,29
休假,29
還上,29
臉書聊,29
因覺,29
調說,29
原子,29
中年男子,29
給報,29
當詐,29
痛到,29
入門,29
拿取,29
中獎訊息,29
一去,29
自清,29
極佳,29
音刷,29
確幸,29
認真想,29
裡面裝,29
寬裕,29
心力交瘁,29
分散,29
包網址,29
提過,29
一單,29
晚餐,29
互換,29
分公司,29
其所,29
供對方,29
關虛擬,29
貨幣轉,29
方蠻,29
你好,29
稱欲,29
強勢,29
頭期款,29
批准,29
帳戶將,29
他長,29
條碼給,29
起床,29
朴子,29
騎士,29
抗拒,29
更大筆,29
語氣裡,29
維肖,29
對方發,29
心頓,29
之際,29
行員覺,29
小雨,29
總部,29
外約,29
銀行會,29
點錢,29
代繳,29
服務費用,29
錢不夠,29
基本上,29
能及,29
行金,29
議款,29
北投,29
用店,29
還解釋,29
當然義,29
魔力,29
供應,29
腦袋裡,29
派來,29
書院,29
兮兮,29
紳士,29
點通,29
火速,29
促成,29
專門針,29
暴利,29
人輸入,29
著問,29
沒多加,29
奮極,29
富爾世,29
通電,29
商定,29
冠福,29
富善,29
當報,29
譚俊宏,29
磨滅,29
地教訓,29
心裡頭,29
給幣商,28
張並,28
大眾,28
投資該,28
因求,28
進行入,28
另行,28
花言巧,28
設計出,28
隨便點,28
了貨,28
會在網,28
仍照,28
續當,28
貨便線,28
著匯,28
嚇傻,28
職資訊,28
表示同意,28
失業,28
管理局,28
傳匯款,28
共花,28
機網,28
自用,28
人時,28
化解,28
出什麼,28
先試試,28
之後到,28
稱若,28
買並,28
七星,28
異驚覺,28
優化,28
小家,28
並於該,28
結晶,28
網友並,28
網找,28
討價,28
稱線,28
轉賣給,28
另一端,28
便試,28
不勞,28
先出,28
並登入,28
表達購,28
並顯示,28
太順利,28
依賴,28
想來,28
不由得,28
一場戲,28
按鍵,28
中了獎,28
宇爸,28
是後悔,28
片刻,28
歷過,28
項退,28
盤查,28
生基,28
參加者,28
國內,28
帶點,28
公證費,28
跑掉,28
電信門市,28
狐疑,28
打扮,28
無疑,28
將資,28
其真,28
勇敢,28
那廣告,28
事後發,28
張女,28
雙方達,28
邀請碼,28
出狀況,28
冷冰冰,28
成效,28
商活動,28
登進,28
這哪裡,28
看球賽,28
並在網,28
共用,28
到府,28
姊夫,28
網銀上,28
志同道合,28
轉頭,28
遭設,28
嚇住,28
但詐,28
牽線,28
多查證,28
某電商,28
愛好,28
賺得,28
有多筆,28
不正,28
還不忘,28
勤務,28
顯然,28
但裡面,28
市購,28
主題,28
走上,28
意用,28
訊息驗,28
兩張票,28
當我依,28
站點,28
鬧大,28
張門號,28
超連結,28
芊芊,28
被誤,28
分向,28
銀轉,28
需開通,28
不值,28
牽手,28
超棒,28
碰過,28
統裡,28
天底下,28
週內,28
遭犯,28
送回,28
金玉,28
違規紀錄,28
辦公,28
遵照,28
平息,28
即刻,28
借錢網,28
去加,28
自述,28
票面,28
等同,28
烏克蘭,28
快還,28
黑洞,28
影城,28
笨蛋,28
購物務,28
克拉,28
入群,28
認養,28
之後將,28
天會,28
上方,28
一大早,28
既震,28
七十多,28
為求,28
行詐,28
還願意,28
好不好,28
還很貼,28
他口,28
銀行端,28
山大,28
錢防,28
包轉入,28
我認,28
賭博,28
超熱絡,28
贖回,28
以系統,28
紅色,28
名詐,28
幣換,28
聲明,28
開始裝,28
清算,28
幣買,28
太後悔,28
仍心,28
抵押品,28
營銷,28
急著用,28
資金越,28
拘留,28
收現,28
辦會員,28
檳榔,28
碼來,28
小弟,28
群裡面,28
自已,28
了許,28
還很積,28
當時還,28
先通過,28
我聲,28
投資行,28
這下子,28
獲得額,28
並決,28
專員連結,28
方什麼,28
遵循,28
順風,28
已過,28
傳訊來,28
還有票,28
獎勳,28
決問題,28
稱渠,28
這期,28
張國煒,28
著訊息,28
獲益,28
及至,28
有疑,28
調穩,28
什麼樣,28
付保證,28
外掛,28
並無法,28
本月,28
他來,28
和善,28
小劉,28
獲利並,28
撩亂,28
草屯,28
房客,28
賭石,28
麥當,28
倍感,28
獎金還,28
騙諮詢,28
六代,28
意想不到,28
外甥女,28
千餘元,28
事後聯絡,28
優渥,28
心房,28
早餐,28
點燃,28
透著,28
打牆,28
濃厚,28
創富,28
勃勃,28
節儉,28
星星,28
達哥,28
五十一,28
烏龜,28
花蓮門諾,28
詠旭,28
口若,28
花裡,28
胡哨,28
之後用,27
騎樓,27
帳號加,27
通訊委員會,27
將貨物,27
之賣,27
過實名,27
明細時,27
方騙,27
帳驗,27
驚嚇,27
驟輸入,27
差一點,27
高達數,27
方口氣,27
以假,27
還出,27
佛像,27
此筆,27
拿出手,27
魚缸,27
簽名球,27
過一會兒,27
亨通,27
太陽,27
需不需要,27
點選該,27
獲未,27
來取,27
搭乘,27
機給,27
區區,27
會到,27
先後購,27
走過,27
修好,27
多塊,27
事後覺,27
以手,27
什麼驗,27
張遊,27
漸察覺,27
內款,27
防線,27
傳出,27
與驗,27
保費,27
當我察覺,27
水電,27
這能,27
低沉,27
經上,27
連網址,27
我遊,27
搜尋時,27
有額,27
搭話,27
各新,27
包轉帳,27
點數來,27
繳不出,27
走個,27
資給,27
方達成,27
湖口,27
債權,27
戶給,27
誘下,27
六百多,27
盜版,27
或驗證,27
依該,27
飼養,27
週末,27
還假,27
維持,27
緩慢,27
心心念念,27
這些網,27
拓展,27
公事,27
任何理由,27
被迫,27
專戶,27
以店,27
言談間,27
類型,27
店購,27
舞台,27
翻轉,27
電話確,27
傳予,27
未必,27
圓夢,27
面邀,27
相稱,27
之幣商,27
未退,27
日親,27
方表達,27
洽談購,27
更多個,27
含手續費,27
臉書用,27
行善,27
交易量,27
入局,27
收藏家,27
就連,27
開開,27
心心,27
反過,27
實地,27
任意,27
事由,27
藥劑師,27
語音給,27
推介,27
用假,27
打發,27
烏日,27
不試試,27
假金,27
補給,27
還約定,27
毒藥,27
人詢問,27
訂金至,27
變得強,27
眼見,27
某遊戲,27
翻本,27
要慎選,27
貨卻,27
男公關,27
整至,27
對方過,27
金要,27
結至,27
硬幣,27
員林,27
圈子,27
打電話問,27
他則,27
便問,27
一毛錢,27
項來,27
幾通,27
卑劣,27
我承認,27
用心,27
辦理門號,27
起來還,27
貨的,27
意義,27
並親,27
寫表單,27
花掉,27
二胎,27
將一,27
之後又加,27
按摩椅,27
頭裡,27
先領,27
還申,27
兩則,27
上週,27
某快,27
將投資,27
對質,27
北地,27
切斷,27
信門號,27
命理,27
郵政網,27
快將,27
自交,27
一投資,27
巔峰,27
一送,27
投資書籍,27
玲玲,27
寒假,27
人身,27
投資來,27
會歸還,27
地聯絡,27
短短的,27
證件給,27
遭拒,27
多數,27
如出,27
一轍,27
腦門,27
不救,27
方該,27
還有貨,27
雲林縣,27
冠宇,27
性格,27
獲利承諾,27
先後轉帳,27
小貓,27
加收,27
逢甲,27
分給,27
參觀,27
正煩,27
不肖,27
費新,27
然後購,27
得獎,27
幣圈,27
動機,27
輕易奪,27
金轉,27
無金錢,27
同居,27
所在,27
日詢,27
騙後至,27
之來電,27
號專員,27
星期一,27
桌上,27
該案,27
分發現,27
夢碎,27
徵友,27
給更,27
松果,27
我辦,27
怡婷,27
重創,27
沒向,27
自媒體,27
人無法,27
當我興,27
記取,27
轉賬,27
豹隊,27
最熱門,27
獎詐,27
費沒繳,27
布袋,27
善時,27
建良,27
信心倍增,27
按捺不住,27
林志勇,27
林瑋楓,27
勝邦,27
抵擋,27
笑容可掬,27
花花,27
碩天,27
王宇,27
冰窟窿,27
瞬數位,27
日立,26
太單,26
案經,26
太遠,26
無名,26
推延,26
帶入,26
取高額,26
偵查員,26
自從,26
展覽,26
一萬元給,26
打手,26
人口,26
收卡,26
獲利紀錄,26
始覺,26
獲一則,26
聊久,26
作帳,26
與網,26
假貸款,26
作法,26
不試,26
抖音幣,26
清狀況,26
還主動給,26
付不出,26
是點,26
覺事,26
並不會,26
著現,26
不買,26
故發現,26
會教,26
幣值,26
讀書會,26
以開,26
明智,26
並最終,26
內容及,26
飄雪,26
認資料,26
天一,26
二十二,26
前後共轉,26
方承諾,26
請假,26
證金為,26
看群,26
用具,26
包將,26
老師會,26
但並,26
書及,26
有民眾,26
口才,26
貼文稱,26
經陸續,26
認出,26
想一想,26
說出,26
命中注定,26
冒牌,26
管理室,26
刪光,26
銷量,26
檢附,26
轉了款,26
動聯絡,26
查查,26
我想將,26
品味,26
費獲,26
並填,26
萬元點,26
已損,26
西時,26
很強,26
黑名,26
私服,26
代儲值,26
列管,26
然後馬,26
該遊戲,26
未實名,26
類似訊息,26
送人,26
轉傳,26
出發,26
實驗,26
會產生,26
需先繳,26
飼料,26
地覺,26
雙贏,26
地開始,26
情色,26
張庭明,26
這金額,26
某網,26
卡儲值,26
並討論,26
神明,26
收完,26
真摯,26
六個,26
故先,26
上持續,26
放在心上,26
送客,26
徵收,26
八十八,26
並付,26
驚險,26
事後報,26
當我嘗,26
包時,26
提線,26
博文,26
說願,26
這感覺,26
扣光,26
機驗,26
寄放在,26
我持,26
單資訊,26
一切都在,26
財兩失,26
雙方交換,26
阿信,26
籃球,26
不補,26
埋伏,26
拖到,26
用過,26
這塊,26
還當面,26
囊中物,26
更不應,26
及手,26
賣家要,26
信義區,26
先辦,26
購物產生,26
呆坐,26
假資料,26
書記官,26
其加,26
僅能,26
對方人間,26
數碼,26
減重,26
自保,26
清單,26
一路上,26
詢時,26
金無法,26
何況,26
張給,26
關聯,26
外部,26
張罰,26
手機裡,26
心動點,26
阿傑,26
開口問,26
對保,26
苗栗市,26
差異,26
活動並,26
一百一十,26
還安撫,26
內資金,26
賣場給,26
趕緊查,26
體認,26
不馬上,26
網名,26
然對方,26
戲碼,26
要教,26
買家加,26
單純地,26
珠寶的,26
某公園,26
還滿懷,26
鼎邦,26
資金有,26
折抵,26
面對方,26
總經理,26
毀損,26
警政,26
不受,26
十天,26
我視,26
楊斌,26
獎金匯,26
欺及,26
投資圈,26
很小,26
專利,26
塊給,26
未達,26
霧峰,26
因後來,26
鎮的,26
聽話,26
摺給,26
人還,26
始照,26
沒付,26
發文欲,26
糖果,26
價金,26
圖文,26
著風險,26
正巧,26
開始遊,26
半途而,26
太離,26
先後進行,26
移工,26
還試,26
全然,26
跳蚤,26
三倍,26
屏蔽,26
揪出,26
決買,26
專賣店,26
真以,26
領過,26
事前,26
新營,26
金作,26
墜落,26
欠債,26
真面目,26
明下,26
自拍照,26
這東西,26
一百三十,26
禁不住,26
上輸入,26
無聲,26
移出,26
規律,26
借取,26
完才,26
信詐,26
出票,26
內容強,26
稱現,26
績效,26
查閱,26
這錢,26
連號,26
力智,26
欣然同意,26
投資訊息並,26
洗車,26
清洗,26
跳進,26
幫忙代操,26
爆炸,26
晚安,26
將到,26
柬埔寨,26
計新,26
永益,26
得主,26
網易,26
撥付,26
商鋪,26
冷到,26
活下去,26
事後打,26
日內,26
台德,26
最後徹底,26
健保卡及,26
我輕信,26
聊師,26
轟頂,26
智囊,26
用虛假,26
弟媳,26
是筆,26
艾蜜莉,26
再嘗試,26
趣約,26
詞語,26
閃耀,26
怦怦,26
幻滅,26
三德國際,26
林國偉,26
俊逸,26
人體,26
領悟,26
專業性,26
勝宇,26
保佳,26
頂富,26
店內,25
之金錢,25
中低收入,25
太可惡,25
便致,25
子豪,25
那所謂,25
積蓄付,25
幾支,25
培訓,25
成分,25
有感,25
超人,25
交叉,25
暴力,25
節目,25
騎著,25
不幫,25
沉下去,25
剛換,25
裝好,25
組上,25
想學,25
必透過,25
餘款,25
無法給,25
兩條,25
試著用,25
對方能,25
寄予,25
處理並,25
住戶,25
裡滑手,25
銀行確,25
查資料,25
次給,25
點點,25
幫廠,25
津貼,25
共識,25
提心,25
吊膽,25
店商,25
一給,25
之後帳,25
幫忙匯,25
零頭,25
遺忘,25
證要,25
幣達,25
偏偏,25
我事,25
牽強,25
還必須,25
並應,25
票證,25
紀元,25
發展關,25
柔體,25
證碼給,25
人主動加,25
各一張,25
局給,25
新興,25
依他,25
現無法,25
二手票,25
某電信,25
年度,25
閱讀,25
講座,25
許多詐,25
跳到,25
原價轉,25
並未將,25
分擔,25
禮金,25
做線,25
對方匯,25
沒完,25
知名品牌,25
我配,25
貨幣入,25
我千萬,25
傾訴,25
貸來,25
錢不會,25
開個,25
該幣,25
詢才,25
得愈,25
卻給,25
不曉得,25
今天上午,25
以空,25
發送者,25
消毒,25
並驚覺,25
中將,25
詐領,25
雨欣,25
帳號後來,25
一大截,25
照約定,25
販毒,25
網址並,25
以為終,25
主旨,25
忘懷,25
之電話,25
作者,25
觀眾,25
及購,25
筆的,25
白沙,25
主機板,25
豈料,25
至空,25
消費時,25
送進,25
示範,25
商務艙,25
這麼慘,25
地主,25
元換,25
再確,25
一家人,25
市區,25
雷劈,25
開視,25
西路,25
內衣,25
號旁,25
技能,25
臉書粉,25
時前,25
留在,25
給票,25
已查,25
親和力,25
唯有,25
面對類,25
方代為,25
十有八九,25
中藥,25
資金驗證,25
卡上,25
名義發,25
必須繳,25
整天,25
全款,25
上將,25
並轉出,25
能確,25
方理,25
汗水,25
建宏,25
證券戶,25
仲信,25
冷冷地,25
哪次,25
搭車,25
關切,25
遭提,25
輕信類,25
中租,25
之賣家,25
這該,25
播放,25
我戶,25
不忍心,25
語氣還,25
不太像,25
車主,25
還牽扯,25
組有,25
富代,25
灰色,25
元將,25
拓元,25
地透過,25
將總計,25
這三個,25
田中,25
會馬上,25
原則,25
臉書訊息裡,25
有入,25
籌到,25
辦事時,25
邁向,25
以代碼,25
並且給,25
且將,25
金條,25
認識個,25
識別,25
所用,25
鏈結,25
場給,25
萬劫,25
該員,25
無意願,25
證費用,25
糖糖,25
卡無法,25
短袖,25
來查,25
崇德,25
衍生,25
經此,25
先後透過,25
金子,25
因貪圖,25
當我加,25
情急之下,25
將中華,25
園區,25
三人,25
究竟,25
備將,25
我們關,25
買貨,25
臉書見,25
隨之,25
稅費,25
最後會,25
影印,25
戲時,25
要開,25
萬顆,25
貨且,25
依假,25
二十七,25
維妙,25
有換,25
視訊時,25
心情沉重,25
將網,25
交易商,25
一帶,25
換虛擬,25
提案,25
流走,25
機遊,25
花圃,25
最後的,25
然後會,25
隨後轉,25
鋁圈,25
和服,25
我願,25
領書,25
新辦,25
付諸東流,25
隨後再,25
頭份,25
旺盈,25
獲利及,25
我訴,25
速約,25
將獲,25
沉迷,25
依犯,25
沒聽過,25
整段,25
筆為,25
有據,25
打交道,25
講說,25
工坊,25
小琳,25
筆金錢,25
多留,25
張偉,25
報詐,25
投契,25
編碼,25
分假,25
隨後向,25
訂貨,25
服務處,25
以致,25
會員群,25
小睿媽,25
明亮,25
迷上,25
萬元並,25
媽咪寶貝,25
網銀將,25
告五人,25
重拳,25
中南,25
侄子,25
心上,25
萬元換,25
超誘,25
細解釋,25
掌櫃,25
蝦小編,25
贏取,25
趁早,25
工商,25
尤俊程,25
小姑,25
李老師,25
幹練,25
德捷,25
癱軟,25
無業,25
張珮雯,25
台灣順,25
牧人,25
在我心中,25
弘逸,25
情溢,25
眾德,25
葬送,25
仍持續,24
詳述,24
人理,24
公關票,24
卡帳,24
缺貨,24
打榜,24
投資房,24
之後以,24
項為,24
網站並,24
舉止,24
周遭,24
方通訊,24
專員幫,24
配方,24
稱系統,24
看清,24
狗狗,24
機訊息,24
能見,24
並代為,24
錢成,24
愈想,24
還常,24
單據給,24
外務員,24
並開啟,24
鎮定,24
顧著,24
的賴,24
還綁定,24
每一分,24
一腳,24
固然,24
太慢,24
輕易點,24
破口,24
安琪,24
收貨人,24
四年,24
前後後買,24
國泰人壽,24
當下嚇,24
獲利要,24
跟上,24
陪聊,24
記時,24
說金額,24
問網,24
並查,24
幕前,24
雅虎,24
投保,24
中文版,24
那套,24
會匯,24
辛勞,24
打亂,24
看場,24
私募,24
更正,24
首飾,24
做後才,24
職人,24
金元,24
推動,24
球桿,24
花光,24
辦個,24
看車,24
辦完,24
沒匯,24
價是,24
卡號給,24
很會講,24
收手,24
我記,24
履約,24
姍姍,24
亞洲,24
幫忙代為,24
停留,24
全系列,24
費未,24
信中還,24
財務部,24
之後賣家,24
停卡並,24
裡一緊,24
也終,24
最後算,24
語氣超,24
調會,24
發言,24
蝴蝶,24
我網,24
心思,24
有多餘,24
只靠,24
一銀行,24
體重,24
信裡還,24
老半天,24
方取,24
過後來,24
消費過,24
名義行,24
那串,24
催款,24
事後再,24
繳交一,24
舅媽,24
李佳安,24
五十六,24
揚言,24
泡沫,24
空地,24
說查,24
出個,24
退錢給,24
貨運延遲,24
認並,24
誤觸,24
獲利訊息,24
露露,24
二張,24
訂金才,24
資金流,24
然後依,24
這行,24
回信,24
索討,24
想以,24
傳連結,24
興奮極,24
匆匆忙忙,24
商約,24
啟視,24
對方得寸,24
雨衣,24
緊報,24
很無助,24
超緊,24
水上,24
卡通,24
官員,24
隱密,24
點貴,24
語中,24
中談,24
估計,24
填上去,24
價購,24
打廣告,24
結輸入,24
被網,24
打語,24
並當面,24
拋出,24
公司地址,24
對方派,24
面中,24
務代碼,24
其介紹,24
中和區,24
烏薩奇,24
信裡面,24
老練,24
著懷疑,24
雀躍,24
元買,24
超商領,24
價碼,24
出金及,24
名子,24
微笑,24
可購,24
居住地,24
至網,24
無損,24
連環詐,24
阿宇,24
問有關,24
然後把點,24
並設定,24
能省,24
太好,24
大證券,24
周年,24
開通費用,24
小夜曲,24
傳送予,24
節省,24
友訊息,24
感染,24
款驗證,24
汽座,24
稱購,24
確認款,24
照實,24
慰藉,24
資金給,24
李嘉宏,24
納悶,24
元款,24
之後馬,24
想詢,24
系統會,24
及繳,24
三十二,24
愛妹,24
天空,24
嚴謹,24
資等,24
警鈴大響,24
真後悔,24
問貸款,24
討要,24
漲價,24
爭取,24
更多點數,24
指向,24
義氣,24
將財產,24
終於驚覺,24
便在網,24
小敏,24
之鑿,24
鈴聲響,24
無事,24
問都,24
之家,24
方所謂,24
小欣,24
客服部,24
並依據,24
名義進,24
方通話,24
就行了,24
訂金到,24
境地,24
沒賣成,24
人員給,24
要價,24
去並,24
高大,24
星光,24
電信業者,24
翌日,24
金儲值,24
這是場,24
地繼續,24
很著,24
還秀,24
以通訊,24
婦幼,24
投資中,24
乘之機,24
方經理,24
安泰,24
還背負,24
列表,24
故才,24
這慘,24
深處,24
第一批,24
天進,24
投資意,24
粉絲頁,24
咬咬牙,24
點頭,24
拋售,24
稱以,24
勞工,24
金不夠,24
早安,24
慌慌,24
問投資,24
小兒子,24
並分,24
自此,24
疏忽大意,24
組序號,24
之交貨,24
區域,24
壓過,24
捐給,24
認狀況,24
關詐,24
這則訊息,24
很長,24
誇大,24
上經,24
彩金,24
買家要,24
結書,24
王子,24
阻撓,24
背書,24
林佳慧,24
德聚,24
戰區,24
認可,24
林悅,24
警後才,24
得意,24
申請表,24
沒先,24
老友,24
測驗,24
質量,24
智鑫,24
遙法外,24
蔡專員,24
揚帆,24
資金將,24
半輩子,24
視線,24
這五萬塊,24
將永遠,24
泰瑞,24
智付,24
天選,24
紫紅,24
事務員,24
用幣,23
順著,23
投家,23
至詐,23
之後向,23
管科,23
傳假,23
小狗,23
發現網,23
六十八,23
說給,23
專員之人,23
紙條,23
不太一樣,23
超商點數,23
搜尋類,23
驟下單,23
仁武,23
以遊,23
妥價,23
雷蛇,23
中態度,23
以個,23
資金證明,23
威嚴,23
幾組,23
一傳過,23
瓦斯行,23
估價,23
分四筆,23
無良,23
脫離,23
千奇百怪,23
他轉,23
方僅,23
新車,23
出庭,23
辦手,23
暫時性,23
不收,23
升級費,23
超親切,23
專員暱,23
隨後電話,23
幣後,23
經清點,23
數卡當,23
翻出,23
我補,23
解鎖金,23
收信,23
並辦理,23
傳一,23
著新,23
話訊息,23
該民,23
匯款後始,23
如需,23
隨後因,23
多小時,23
一輸入,23
氣的,23
人察覺,23
對方答,23
多給,23
把點,23
手癢,23
易付,23
現網,23
入連,23
中會,23
某條,23
月光,23
完人,23
流往,23
挺不錯,23
這回,23
便嘗試,23
包應用,23
分紅給,23
地買,23
應會,23
仔細地,23
名義跟,23
車費,23
多為,23
雲林,23
套裝,23
卻將,23
賣空,23
包養,23
並傳連,23
極點,23
中帶,23
三碼,23
避而不答,23
已記,23
理事,23
碼為,23
下線,23
我害,23
號和,23
方交換,23
過兩天,23
還比,23
並去,23
廚師,23
之後群,23
車來,23
無線,23
太麻煩,23
後將,23
都極,23
對方應,23
斷聯,23
已經匯,23
亂碼,23
幾千,23
顯示帳,23
獲車,23
知己,23
幾則,23
越久,23
續將,23
貨幣訊息,23
街頭,23
號密,23
之門票,23
連結來,23
裡就覺,23
在講,23
點選連,23
該會,23
包材,23
許多類,23
並點入,23
寶儲值,23
要進,23
八萬多塊,23
診所,23
發文求,23
輪流,23
曾多次,23
先後用,23
運費給,23
可將,23
電風扇,23
以宅,23
開團,23
遭行員,23
遭通報,23
在訊息,23
三萬多,23
鸚鵡,23
信其,23
最後說,23
查收,23
推給,23
裝作,23
撤銷,23
退換貨,23
投無路,23
錄給,23
也務必,23
卡借給,23
可樂,23
人員會,23
未升級,23
植物,23
過要,23
上閒,23
發行,23
裡瀏覽,23
親眼,23
問兼職,23
旅途,23
打遊戲,23
問情況,23
還願,23
活潑,23
代訂,23
真並,23
證穩,23
二十四,23
還無法,23
上千,23
便是,23
富貴,23
日稱,23
送往,23
組遊戲,23
號會,23
獲網,23
協助驗證,23
違規未,23
自證,23
侵犯,23
考試,23
共創,23
線器,23
床上,23
大燈,23
該線,23
竹東,23
察看,23
毛骨悚然,23
公平,23
納稅,23
車用,23
風順,23
仿品,23
熊貓,23
這筆訂,23
親自來,23
巴黎,23
還背,23
隨後介紹,23
辦一個,23
方寄來,23
東西有,23
最後帳,23
當他們,23
三分,23
還反過,23
二獎,23
以解決,23
佳琪,23
隨後開始,23
巨人,23
腦筋,23
脫身,23
以彌補,23
清理,23
腳亂,23
丟掉,23
資遭,23
應對,23
小賴,23
德國,23
沒傳,23
種子,23
飛翔,23
雙倍,23
初審,23
大甲區,23
落到,23
所知,23
很積極,23
多起,23
議價,23
珍珠,23
隨後也,23
務必親,23
裝有,23
金入帳,23
電信門,23
細介紹,23
點擊並,23
獎金領,23
菲律賓,23
無法親,23
也記,23
並簽署,23
賣家名,23
將費用,23
對接,23
方買,23
運進行,23
推一個,23
還缺,23
六萬多塊,23
借予,23
筆在,23
當心,23
自有,23
視頻,23
能為,23
項要,23
節奏,23
沒發,23
投資試,23
建案,23
之詞,23
我起,23
抽現,23
一五一十,23
之後點,23
閃耀著,23
抽獎碼,23
無視,23
外婆,23
專業感,23
機及,23
進階,23
業界,23
組交貨,23
偵二隊,23
知音,23
帶進,23
鑽戒,23
純金,23
私訊談,23
來信,23
這一課,23
小資,23
面為,23
雜貨,23
金證,23
中度,23
三十六,23
攝影機,23
前程,23
一虛擬,23
隨口問,23
樹林,23
藍新,23
戶補助,23
服務及,23
開工,23
更順利,23
屏東縣,23
所願,23
的車,23
成真,23
文創,23
認股,23
詳如,23
手機號,23
異國,23
無疆,23
漲幅,23
歡迎,23
大兒子,23
三十七,23
高科技,23
督導,23
終驗證,23
太棒了,23
自營商,23
裡是,23
電聲,23
中部,23
聖誕,23
探索,23
中投,23
著穩,23
炫目,23
出群,23
之情,23
明燈,23
阿志,23
難度,23
二寶,23
千翔,23
世嘉,23
張建良,23
幹嘛信,23
策聯,23
林佳,23
工典,23
傳賣,22
貨資訊,22
選網,22
機來,22
遭賣家,22
繁體,22
寶帳號,22
處分,22
當時實,22
外型,22
裡總覺,22
進行轉,22
認金額,22
連已,22
再輕,22
故未,22
去當,22
氣炸鍋,22
仔細想,22
包並,22
貨進度,22
交換區,22
符咒,22
沒轉,22
假期,22
妞妞,22
山地,22
查緝,22
大喊,22
弄清楚,22
裡涼,22
停放,22
廈門,22
認證並,22
要視,22
十筆,22
拿貨,22
期款,22
阿良,22
續暱,22
毛線,22
詳聊,22
小玲,22
小天,22
各個,22
金屬,22
隨後稱,22
昏倒,22
這時終,22
這一來,22
繁地,22
五日,22
退訂,22
單系統,22
方教,22
再成,22
對方聊,22
大叔,22
迷你,22
搜尋後,22
幣數,22
業務人員,22
陸陸續,22
點狀況,22
軍中,22
王經理,22
先照,22
一流,22
位暱,22
筆異常,22
專員聲,22
稱驗證,22
將共計,22
關費,22
承包,22
鹿港,22
木工,22
一百六十,22
方過,22
不來,22
觸犯,22
進騙,22
不妨,22
之後雙,22
獎碼,22
談吐溫,22
真金白,22
掩蓋,22
那支,22
很傻,22
大賽,22
戀情,22
高雄場,22
植入,22
實體票,22
導引,22
茉莉,22
對方噓,22
以後網購,22
辦才,22
之後由,22
單紀錄,22
超真,22
有匯,22
所剩,22
卡三張,22
賣家以,22
小提琴,22
兔子,22
操縱,22
之後請,22
再要,22
就決,22
即告,22
機滑,22
毛巾,22
書暱,22
筆金流,22
賠進,22
活生生,22
對外,22
房仲,22
破財,22
拿票,22
彩妝,22
楊女,22
位子,22
星空,22
賓士,22
點多匯,22
私訊洽,22
王儷娟,22
項以,22
永生,22
商業險,22
會退,22
四十四,22
卡驗證,22
布丁,22
行後續,22
手提包,22
點取,22
人訊息,22
丟一個,22
自售,22
詳及,22
拼命,22
特賣,22
之後給,22
並幫助,22
轉個,22
不動,22
火鍋店,22
小可,22
改密碼,22
帶太多,22
開票,22
一街,22
並查證,22
既氣,22
一大半,22
轉介至,22
時期,22
上關,22
問個,22
方傳給,22
超商門口,22
買產品,22
難處,22
所害,22
保健,22
一張票,22
漏出去,22
完後他,22
證跟,22
證照,22
萬丈,22
一講,22
售完,22
開始照,22
談價格,22
經營者,22
看不懂,22
參加過,22
各匯,22
他承諾會,22
須將,22
他口氣,22
老舊,22
費時,22
衝擊,22
解套,22
含運,22
倒霉,22
轎車,22
廚房,22
我動心,22
並想,22
第一天,22
高興得,22
足以,22
雖然後來,22
單資料,22
資訊要,22
借網,22
國際線,22
取票碼,22
資訊到,22
緊詢,22
看待,22
替代,22
時不時,22
將錢轉,22
時到,22
幾次訊息,22
循環,22
愛玩,22
為期,22
繳交費用,22
競拍,22
網路求,22
警惕心,22
公務機,22
專人帶,22
名義去,22
超揚,22
疫情,22
阿妹,22
地檢,22
我導,22
補寄正確,22
親愛的,22
文正,22
王偉,22
詳之人,22
某晚,22
嚴重後果,22
隨後還,22
萬萬,22
他購,22
有罰,22
北上,22
單子,22
打碎,22
區中,22
元要,22
證才行,22
那應,22
加一加,22
怎能,22
投得,22
晨曦,22
語言,22
五萬多塊,22
加考,22
筆罰,22
但經,22
方電子,22
文有,22
明細表,22
睡眠,22
投資到,22
書要,22
高興地,22
號與,22
支手,22
限期,22
羽彤,22
投個,22
經下單,22
這成,22
搜尋他,22
騎車,22
禮儀,22
單及,22
小華,22
存款簿,22
對方帶,22
帳戶後來,22
而當,22
方建議,22
超市,22
還行,22
光光,22
移轉,22
忍痛,22
地意識,22
筆我,22
慘遭,22
公司股票,22
牙刷,22
坐等,22
任由,22
名義認識,22
領薪,22
育兒,22
哭訴,22
絲馬跡,22
專員向,22
槍戰,22
方明,22
回新,22
嘉明,22
記帳,22
返國,22
一語,22
以後會,22
普遍,22
湯延貴,22
五千多,22
廠商訂,22
前後陸續,22
證後發現,22
嘉年華,22
成就感,22
投資當,22
前後共計,22
幣所,22
張姓,22
願要,22
兩倍,22
卡當,22
無連結,22
小晴,22
不需,22
元璋,22
代付款,22
增多,22
其下載,22
服務還,22
客廳,22
血液,22
之後想,22
始能,22
佛珠,22
不踏實,22
正處,22
中華路,22
很久很久,22
半導體,22
到後面,22
賣換,22
一帳,22
小港,22
提煉,22
技師,22
加新,22
獲自,22
實是,22
賠掉,22
拼圖,22
信得過,22
楊志盛,22
商案,22
供應商,22
感像,22
樂透,22
感襲,22
大創,22
正傑,22
筆記,22
人始,22
開朗,22
單員,22
滿頭,22
深厚,22
起步,22
還打來,22
侯立洋,22
極其,22
次日,22
已經害,22
幽靈,22
月裡,22
招手,22
幾點,22
聯元,22
鄭以,22
惱著,22
趁現,22
西屯,22
何俊德,22
財智,22
花蓮二信,22
大墩,22
明文,22
木木,22
莊慶保,22
六十六,22
三思而行,22
達鈞,22
翻找,22
紫砂,22
湖區,22
物理,22
新營區,22
財神,22
工學椅,22
新盛,22
甘霖,22
虛無縹緲,22
啃噬,22
安通,22
澆滅,22
萬圳光,22
樂恆,22
新暉,22
窗外,22
寶庫,22
老年人,22
閱人,22
文光,22
蘆洲區,22
天合國際,22
環德智選,22
數儲值,21
保健品,21
萬是,21
續察覺,21
先輸入,21
認才,21
文欲,21
貨運網,21
狠心,21
何要,21
三組,21
很甜,21
金獎,21
團的,21
雙重驗證,21
將認,21
數以,21
轉身,21
網域,21
認對,21
網友給,21
獲利約,21
票會,21
系統還,21
帳號訊息,21
阿文,21
寶轉,21
纏身,21
有疑慮,21
法師,21
因為現,21
靠虛擬,21
亮眼,21
大額款,21
拍照片,21
蔡炯民,21
幣一萬元,21
拖鞋,21
一久,21
匯運費,21
名驗證,21
取走,21
總共繳,21
我慶幸,21
過程實,21
互惠,21
輸入過,21
幾趟,21
營運長,21
廠牌,21
騙方,21
無資金,21
調解,21
北斗,21
隱瞞,21
辦什麼,21
被告,21
差點連,21
平分,21
遊戲代練,21
過這個,21
網友發,21
總想,21
金牌,21
這兩次,21
不下,21
將保證,21
送養,21
並轉接,21
特斯拉,21
沒有將,21
周到,21
快加,21
認賠,21
問報,21
小群,21
協助後續,21
千塊,21
做成,21
傷口,21
遠比,21
課本,21
不動產作,21
佛心,21
師費,21
樂器,21
風波,21
本所,21
排版,21
迷人,21
心灰意冷,21
購買手,21
內含,21
存有,21
滿臉,21
先幫忙,21
且訊息,21
退回去,21
著興奮,21
還曬出,21
篤定,21
過線,21
遭金,21
帳戶予,21
爽約,21
於當,21
成協議,21
對方開,21
認過,21
並轉給,21
木馬,21
之後見,21
豐國際,21
做什麼,21
交稅,21
太沉重,21
徬徨,21
並需,21
經達,21
名費,21
問並,21
候還,21
傳訊息過,21
為後續,21
怎麼問,21
賣楓,21
族群,21
一而再,21
還牽涉,21
嬰兒車,21
緊用,21
但點,21
私訊購,21
稱需,21
一帆,21
上照,21
襯衫,21
由該,21
女方,21
將資料,21
稱劉,21
家銀行,21
出台,21
實名驗,21
照相,21
人持續,21
樹林區,21
象徵性,21
親屬,21
未出,21
裡發,21
辜負,21
需填寫,21
超美,21
想開,21
真票,21
紫色,21
確保能,21
會頭,21
價為,21
現款,21
作業員,21
當我進,21
自網,21
中共,21
款過,21
草叢,21
內陸續,21
巧克力,21
商議,21
總有,21
願景,21
我太輕信,21
故傳,21
現金並,21
智冠,21
資金匯,21
但加,21
問一個,21
並不懷疑,21
帳本,21
名義在,21
基地,21
沒反應,21
實施,21
這有,21
這價,21
郵局詢,21
心切,21
露骨,21
一擊,21
耍弄,21
這都,21
物櫃裡,21
創作,21
打折,21
寄去,21
斗六,21
查無此,21
價格還,21
經諮詢,21
並網路,21
自監理,21
資並,21
職務,21
氣匯,21
險些,21
跟驗,21
榮耀,21
最後什麼,21
總共將,21
多時,21
調有,21
之點,21
喝酒,21
什麼現,21
冷掉,21
回來給,21
路段,21
櫃子,21
售罄,21
許有,21
中年,21
還掛,21
今晚,21
大聯盟,21
客運,21
瀏覽著,21
本存,21
蠟筆,21
然後也,21
永國,21
續用,21
以維護,21
物價,21
新機,21
證遭,21
取錢,21
葉門,21
生效,21
出金紀錄,21
還發給,21
重設,21
錢剛,21
鍋子,21
都還,21
無措,21
單量,21
頻率,21
徹徹,21
底底,21
賣團,21
資金運作,21
進擊,21
同好,21
事詐,21
牢牢,21
自來,21
早有,21
四十九,21
將報,21
然後該,21
犯案,21
我展,21
搖頭,21
不快,21
拖吊,21
致命,21
呂雪慧,21
取財,21
網銀並,21
一弱,21
西門,21
好玩,21
所匯,21
還慫,21
調保證,21
三名,21
進網址,21
之後幾天,21
一職,21
一筆訂,21
安全措施,21
高價值,21
檢方,21
寄達,21
移動式,21
刁難,21
小胖,21
補資料,21
沒處理,21
定位,21
公社,21
開一間,21
婉婉,21
零售,21
會作,21
演員,21
餅乾,21
虎尾,21
天氣,21
蓉蓉,21
他後續,21
進賣,21
並認,21
前會,21
回電,21
還補,21
架設,21
明年,21
惟須,21
獎金入帳,21
訓練,21
我連結,21
混淆,21
經受,21
楊廣霄,21
教科,21
將要,21
后里區,21
維修費,21
仁勳,21
元當,21
分店,21
募款,21
積電,21
獲利款,21
青年,21
納金,21
金有,21
出乎,21
新能源,21
選好,21
有線,21
潮州,21
隨後邀,21
小魚,21
過於輕信,21
當我去,21
交通管理,21
方又給,21
郵政及,21
日該,21
相差,21
回機票,21
對理,21
神魔,21
粉碎,21
還得面,21
這怎麼,21
專員到,21
研究社,21
金援,21
幣錢,21
並強烈,21
夢夢,21
試探,21
分潤金,21
冷凍,21
別匯,21
張亮,21
更多點,21
通訊錄,21
仙境,21
流轉,21
再經,21
獎款,21
假買家暱,21
四十八,21
還害,21
並誘,21
財書籍,21
某門市,21
辦理手,21
把戲,21
不假思索,21
放大,21
星辰,21
偵三隊,21
王者,21
地傳來,21
江河,21
有著,21
福利品,21
兩天過,21
如發現,21
慈濟,21
時來,21
世家,21
人參,21
國際黃金,21
小麗,21
庫藏股,21
流亡,21
黯道,21
德威,21
台哥,21
其它,21
既能,21
機會千萬,21
有要,21
舉報,21
越南人,21
大利,21
有獎,21
剩新,21
資金試,21
小文,21
千萬記,21
覺有,21
李蜀芳,21
忠孝,21
獅子,21
金沙,21
研習,21
萬通,21
超優惠,21
睿睿媽,21
七十三,21
汲取,21
小梅,21
插進,21
惡棍,21
斂財,21
證這是,21
地劃,21
興業,21
專業線,21
家管,21
郭富城,21
江鳴業,21
欣陽,21
需負,20
必需,20
楓界,20
創意,20
無號碼,20
蓄意,20
潛水,20
中應,20
贏錢,20
惡毒,20
毫無價值,20
機馬上,20
幣匯,20
交會員費,20
賺些,20
寄賣,20
以平,20
現一個,20
記詞,20
只因,20
應援物,20
筆約,20
近距,20
短褲,20
回報給,20
金錢給,20
拿給,20
開單,20
我載,20
方虛擬,20
惟至,20
銀河,20
還辦,20
對方自,20
假亂,20
認來源,20
變少,20
破解,20
訂金過,20
好過,20
語氣強,20
心一沉,20
之後稱,20
面膜,20
已不詳,20
真將,20
隔壁,20
卡還,20
搞錯,20
價格遠,20
七日,20
原訂,20
以後面,20
總共刷,20
十五元,20
續接,20
幣轉給,20
腳步,20
典禮,20
套住,20
兩箱,20
鼓裡,20
一筆轉,20
企劃案,20
我常,20
號要,20
輸錯,20
剝奪,20
不著,20
原諒,20
當前,20
包被,20
服役,20
紀念,20
頂級,20
時接,20
稀少,20
對方來電,20
水桶,20
之驗,20
先驗,20
兩百萬,20
一匯出,20
全面,20
方成,20
幫家裡,20
因帳,20
投資平,20
偉傑,20
啟動金,20
多利,20
能先,20
了點,20
背信,20
這社會,20
照著頁,20
換錢,20
現異常,20
仔細確,20
還換,20
合意,20
該幣商,20
網銀及,20
細給,20
無以,20
總召,20
認真地,20
之人以,20
審視,20
證獲利,20
感不錯,20
辦理入,20
所介紹,20
蔡頭,20
上名,20
身穿,20
雕像,20
台銀,20
還從,20
因購,20
也後悔,20
或購,20
幣並,20
單筆,20
銀行業務,20
漏繳,20
送交,20
透過幣,20
玩法,20
過幾次,20
一千五百元,20
拍存,20
帳號將,20
身障,20
主動密,20
換過,20
情侶關,20
看盤,20
並送,20
假線,20
回送,20
某超,20
人繩,20
從國,20
繳交會費,20
號見面,20
幫助並,20
卡掛,20
用類,20
衛生,20
沒照,20
協助代,20
台商,20
會轉,20
臨近,20
開始講,20
日給,20
作快,20
某論壇,20
受寵,20
為主,20
幫忙代辦,20
很糟,20
共花費,20
土地公,20
記不太,20
比比,20
超可愛的,20
先飛,20
理後續,20
叫劉,20
時動態,20
阿華,20
幣商給,20
尋回,20
機店,20
狠毒,20
再害,20
幣兌,20
實業,20
知名人士,20
沒刷過,20
一夜情,20
催收,20
活躍的,20
企業社,20
大受,20
要點,20
腳踏實,20
明細截,20
出言,20
理當,20
聯徵,20
張得,20
所匯款,20
嘉欣,20
企銀行,20
擊並,20
完後就,20
滯留,20
裡跟,20
完卡,20
嚴選,20
七張,20
彼特,20
開該,20
臉書網,20
睡不著,20
簡訊詐,20
工業,20
說貨,20
出去玩,20
萬交給,20
將總共,20
手動,20
物料,20
會選擇,20
家境,20
規費,20
證作業並,20
打醒,20
滑滑,20
車友,20
微博上,20
二十六,20
可先,20
還貸款,20
獲利圖,20
之幣,20
因經濟,20
免稅,20
下週,20
不處,20
想省,20
荒野,20
分再,20
他代墊,20
三萬元給,20
大廳,20
玉手,20
決策,20
他開,20
不解,20
我後面,20
果因,20
員來電,20
說手,20
最後趕,20
退伍,20
錢要,20
選中,20
戶政,20
成現,20
應商,20
下跌,20
洗金流,20
問過,20
瑪特買,20
出許,20
今後在,20
資金轉,20
手機殼,20
某市,20
衝人氣,20
連一毛,20
經意,20
哪天,20
核算,20
投訴,20
台彩,20
觀念,20
罪名,20
失眠,20
許可,20
去關,20
羽毛球,20
需繼續,20
全權,20
壽司,20
並依規定,20
損並,20
上頭,20
王家,20
創業家,20
下樓,20
事後他,20
新穎,20
耳環,20
了繳,20
然後是,20
陀螺,20
傳至,20
我交,20
數萬,20
病情,20
第三天,20
背後隱藏,20
給我們,20
藍星,20
婚禮,20
卡匣,20
面向,20
元退,20
欲將,20
問狀況,20
博鈞,20
何時會,20
免費領,20
派發,20
散戶,20
保母,20
小怡,20
將電話轉,20
房前,20
竟將,20
點閱,20
拆箱,20
燒到,20
閒暇,20
投資外,20
報紙,20
全部打,20
之後驚覺,20
情急,20
介紹費,20
女神,20
配置,20
元代,20
競爭,20
專業術,20
甚遠,20
進去後加,20
還很有,20
我積,20
能成,20
來證,20
每位,20
試過,20
挖空,20
揭開,20
著試,20
訂金以,20
痛得,20
空殼,20
之台灣,20
確顯示,20
膠囊,20
號對面,20
愛馬仕,20
精通,20
折磨,20
局所,20
地付,20
相見,20
炸團,20
外給,20
續並,20
毛絨,20
市民,20
李家,20
野山,20
凱基,20
粗暴,20
二人,20
認後才,20
投資夢碎,20
張柏偉,20
銀行櫃,20
必要性,20
但出,20
書名,20
航海王,20
以保證,20
尋歡,20
氣強,20
平鎮,20
三民路,20
不由自主,20
這一場,20
辦方,20
不匯款,20
鼻子,20
順利時,20
完完全全,20
地準備,20
超商刷,20
著所謂,20
作嘔,20
一中,20
撥電話給,20
需特別,20
會議,20
其名,20
並仔細,20
他話術,20
錄器,20
通順,20
步入,20
凝重,20
證會,20
勝嘉,20
小松,20
總站,20
投資紅酒,20
遠通電,20
北街,20
確保獎,20
沐川,20
宜蘭縣,20
謹防詐,20
年終,20
品相,20
抽福袋,20
城堡,20
劉仁傑,20
東南,20
惠麗,20
融化,20
完全符合,20
當在,20
秘笈,20
鴻景,20
建雄,20
付易,20
窮學生,20
淚流,20
商銀代碼,20
愛高,20
杰倫,20
佳美,20
鼎付,20
還款給,19
問親,19
自查,19
貼訊息,19
三支,19
筆小額,19
補助金,19
抬頭,19
票亮,19
絲團,19
小慧,19
人銀行,19
找票,19
賣動漫,19
桌椅,19
快好了,19
並貨到,19
最深,19
代買,19
或轉,19
網路代購,19
各家,19
阻礙,19
用遊,19
愈覺,19
方領,19
森林,19
八百多,19
內稱,19
連環,19
並凍結,19
精細,19
改天,19
貨幣幣,19
加經理,19
統會,19
因賣家,19
中見,19
連假,19
假裝要,19
還聽,19
日用品,19
啟網,19
銷售量,19
有查,19
總共交,19
新麻吉,19
先下,19
紀念品,19
著給,19
少掉,19
妥金額,19
還寄了,19
謹慎地,19
無須,19
自看,19
頒獎,19
補助津,19
購買連,19
上主動,19
軍醫,19
丹丹,19
報經理,19
還當場,19
沒有照,19
職業代碼,19
意味,19
並逐漸,19
之資訊,19
不滿,19
項歸還,19
假買家聲,19
事隔,19
面須,19
這不對,19
戴著,19
機領,19
因海關,19
先後兩次,19
處理個,19
最後網,19
金存,19
寄銀行,19
叫貨,19
白浪,19
房間裡,19
不驗證,19
熱血沸騰,19
傳點數,19
過關,19
所致,19
嘗到,19
總共超過,19
消保會,19
然後又給,19
故主,19
經外,19
買空,19
彩虹,19
超速,19
買泰達幣,19
集運,19
取貨門市,19
很困,19
選連,19
臉部,19
就察覺,19
去訊息,19
可得,19
志偉,19
因為後來,19
並輸,19
代搶,19
卡點,19
大路,19
叫車,19
陌生客,19
終於到,19
金之類,19
共事,19
非約定,19
場面,19
你加,19
微波,19
分文,19
這堂,19
這情況,19
雖未,19
一匯款,19
說見,19
怎麼點,19
讓給,19
兩萬元過,19
經理會,19
禁止,19
地回,19
貓狗,19
得物,19
金代,19
立維,19
身處,19
欠下,19
小妤,19
查無,19
放貸,19
卡放進,19
路旁,19
發放獎,19
機要,19
營養師,19
會順利,19
先得,19
將以,19
香氛,19
安眠,19
機銀行,19
還成,19
中看,19
戰鬥,19
著轉,19
來春,19
既氣憤,19
無此,19
逃避,19
空閒,19
代步,19
需申,19
那組,19
未滿,19
將一張,19
方宗聖,19
典當,19
來帳,19
發薪,19
之後銀行,19
吉依卡,19
小琪,19
會員才,19
會變,19
電線,19
隨後把,19
方連絡,19
現時,19
若遇,19
分部,19
波段,19
何不,19
陸續給,19
友社,19
惟當,19
方聲音,19
運行,19
找房,19
分對,19
過統,19
收納,19
傳一張,19
兩分鐘,19
在後來,19
安靜,19
萬保證,19
並堅持,19
網銀分,19
妮妮,19
單耶,19
珠宝,19
筆時,19
錢幣,19
自中國信,19
時用,19
保險箱,19
辦過,19
大台,19
並賺,19
洪家,19
功課,19
本地,19
方至,19
手機門,19
西裝,19
想領,19
插卡,19
並下單,19
美琪,19
波及,19
櫃員,19
繳會員費,19
遵守,19
實為,19
票據,19
保有,19
冷酷,19
方家,19
海闊,19
驚呼,19
已經花,19
之後款,19
還誇口,19
失將,19
哈佛,19
問東,19
雙方後來,19
分起,19
業的,19
缺口,19
介紹幣,19
負責後續,19
追討回,19
說會給,19
如願,19
室友,19
人聊,19
重置,19
還額,19
金手,19
比不上,19
妥購,19
帳戶現,19
東勢,19
方所言,19
法規,19
方保證,19
視為,19
泰山,19
預謀好,19
該頁,19
方及,19
尾燈,19
數百萬,19
我竟,19
公安,19
高振國,19
失落感,19
徵信社,19
每股,19
還送,19
想嘗試,19
狂歡,19
再進,19
托購,19
剔透,19
法匯,19
轉型,19
保證書,19
無法傳,19
直冒,19
當我準,19
之道,19
轉貼,19
端倪,19
踏上,19
風向,19
了將,19
吉拉,19
至假,19
當我匯,19
送過,19
洋裝,19
專為,19
不易,19
連一點,19
一信,19
現裡,19
白牌,19
借五萬元,19
挪用,19
投資台,19
傷痕,19
元得標,19
下降,19
卡才,19
足足,19
五股,19
還馬上,19
還經常,19
蔓延,19
結果連,19
前所未有,19
這確,19
伯伯,19
順口問,19
日通過,19
獲訊息,19
並誇口,19
店員察覺,19
二信,19
大里,19
幫別,19
林清文,19
豪哥,19
資時,19
學點,19
集團用,19
這帳號,19
驚膽戰,19
不斐,19
補交一筆,19
打中,19
證去,19
對談,19
描淡,19
儲值點,19
五十三,19
我立,19
機到,19
並及,19
大放送,19
萬里,19
明得,19
投資型,19
烘乾,19
你還,19
成員主動,19
慎選,19
耽擱,19
求情,19
地傳,19
擊中,19
外勤,19
允諾,19
之後發,19
之名義,19
筆網路,19
剩餘金額,19
向上,19
監獄,19
結供,19
太有,19
發送過,19
之財,19
老松,19
卡債,19
再生能源,19
三間,19
元永雄,19
一談,19
地詢問,19
徒弟,19
著在網,19
正愁,19
或面,19
五十四,19
載幣安,19
因缺,19
引發,19
次虛擬,19
高昂,19
歐華,19
逛街,19
阿薇,19
連群組,19
雨涵,19
吊牌,19
青石板,19
那則訊息,19
未給,19
故發覺,19
金昌,19
硬碟,19
茶餅,19
保險理,19
故詢問,19
工時,19
群組以,19
玩意,19
種類,19
並拒絕,19
高壓,19
騙且,19
酒水,19
創了,19
柯爸,19
王哥,19
這票,19
受得了,19
假造,19
贏大獎,19
為劉,19
宜蘭市,19
人點擊,19
賴名,19
範本,19
需小額,19
咪咪,19
將票,19
實體幣,19
熱鍋,19
這雙,19
文斌,19
此詐,19
李佳鴻,19
花夜,19
航海,19
凝固,19
李芳茹,19
真恨,19
合佳,19
額外款,19
殷切,19
如假,19
邱淑貞,19
做著,19
服裝及,19
滿面,19
所浩二,19
瑞豐,19
單後系統,18
至犯,18
兩顆,18
始匯,18
改由,18
對方假,18
可愛,18
方名,18
通用,18
單異常,18
內申,18
百香果,18
將在,18
盤算,18
要面,18
裡一動,18
過著,18
停掉,18
全名,18
案號,18
自詐,18
數傳給,18
財產以,18
只限,18
仟元,18
購賣,18
性感,18
銷毀,18
內還,18
臨時工,18
所張,18
並交換,18
城代,18
見效,18
多歲,18
先墊,18
奇美,18
前後花,18
專做,18
領個,18
刮開,18
印度,18
逐漸察覺,18
沒有票,18
電才,18
有轉,18
將轉,18
林淑貞,18
九筆,18
還擔,18
需至,18
半死,18
之後能,18
老手,18
五十元,18
知後覺,18
經雙方,18
最少,18
以銀行,18
貨運來,18
分對方,18
很深,18
躲避,18
不太熟,18
財務證明,18
人看,18
品酒,18
還點,18
求救,18
骨董,18
之後經理,18
我共購,18
查封,18
其事,18
精油,18
覺到,18
哪會,18
發不,18
借款人,18
追星族,18
越南籍,18
故需,18
向前,18
壞人,18
五十七,18
合格,18
南投市,18
反抗,18
卡傳給,18
手斷,18
店名,18
圓滿,18
結資金,18
最後轉,18
搞清楚,18
車票,18
我驗,18
五十二,18
妥用,18
整修,18
手機驗,18
興致,18
喜愛的,18
數卡交給,18
以詐,18
戀人,18
獎並,18
將中獎,18
會員資料,18
數卡序號,18
買斷,18
有照,18
便察覺,18
晶晶,18
隔年,18
換新,18
真照,18
炮卡,18
如欲,18
文是,18
辦理會員,18
隨後傳給,18
項作,18
一貼,18
越是,18
背後藏,18
之後犯,18
一百二十,18
並保護,18
來詢,18
男團,18
號將,18
演得,18
人當,18
圓圓,18
他收,18
開時,18
程車,18
連結導,18
認明,18
不以,18
處理時,18
並懷疑,18
版面,18
我會永遠,18
上來,18
水冷,18
冷凍櫃,18
現過,18
筆後,18
協助將,18
想出,18
方慢慢,18
不爽,18
用視訊,18
具資訊,18
大虧,18
三種,18
組帳,18
入並,18
需加,18
問詳,18
地拉,18
會發,18
原封,18
沒傳訊息,18
結果現,18
女孩子,18
號的統,18
小傑,18
這輛,18
跟單,18
後還,18
音代購,18
奢華,18
匯還,18
優良,18
皮訊息,18
僅剩,18
迫使,18
是我太,18
老掉牙,18
同等,18
李民,18
慎之又慎,18
其要,18
隨高,18
通無卡,18
人現,18
內並,18
市將,18
要照,18
看帳,18
商買幣,18
傳證件,18
醫美診,18
研究所,18
並還,18
但還,18
在乎,18
一千一百,18
上代,18
貨便給,18
回流,18
未歸還,18
資金才,18
光華,18
省事,18
日上,18
人員聲,18
正本,18
管理系,18
機一樣,18
幣五萬元,18
市內,18
將約定,18
大吉,18
經下,18
神時,18
主角,18
還真信,18
關心備,18
了頭,18
貨運連結,18
然後那個,18
芸芸,18
一聯絡,18
對方遲,18
紙箱,18
改約,18
世紀,18
太小,18
障眼法,18
重要文件,18
一罐,18
著加,18
為驗,18
之塔,18
給我要,18
卡是,18
商見面,18
防護,18
單凍結,18
珍惜,18
接一筆,18
還轉介,18
不太懂,18
轉運站,18
猖狂,18
貓貓,18
正職,18
大單,18
自負,18
未交,18
心歡,18
浮木,18
兩本,18
網站還,18
因當,18
時遭,18
炒股,18
隨後依,18
中給,18
七十一,18
中地,18
十倍,18
問到,18
會票務,18
所在地,18
繳個費,18
經錄,18
問群,18
方失,18
無法確,18
太緊,18
明知,18
成台幣,18
軟體訊息,18
還真以,18
最後選擇,18
這幾乎,18
隨後報,18
其將,18
信念,18
應先,18
用順,18
他持續,18
那條,18
而成,18
問西,18
大教訓,18
最離,18
暫緩,18
順利購,18
刀幣,18
方下,18
車場,18
避重,18
循線,18
還付,18
沒好貨,18
因急,18
可達,18
蓋章,18
優先權,18
接著馬,18
滑一滑,18
並答,18
硬體,18
阿偉,18
價格超,18
瀏覽抖,18
上廣告,18
加該,18
還予,18
拒接,18
催眠,18
我逐,18
抵押房,18
分駐,18
稅額,18
欣妍,18
稱若要,18
家樂,18
八百元,18
別人租,18
還變,18
些小,18
阿宗,18
前後後花,18
並傳訊息,18
牛奶,18
晶瑩,18
始自,18
日晚,18
豐路,18
證銀行,18
忍無可忍,18
快崩潰,18
金才行,18
生技,18
元未繳,18
只轉,18
發時間,18
出過,18
問怎麼,18
我始察覺,18
創傷,18
語來,18
退刷,18
經理要,18
桌機,18
癌症,18
不退,18
而後對,18
申請過,18
正急,18
七七,18
用線,18
內要,18
並未覺,18
商約定,18
這將,18
來家裡,18
還沒意識,18
寧靜致,18
接著要,18
需請,18
需報,18
投資導師,18
傳訊息詢,18
沒開通,18
韭菜,18
自願,18
臉書加,18
打得,18
我國,18
完對方,18
藍牙耳機,18
且須,18
美白,18
找幣,18
附件,18
現金作,18
已購,18
一門,18
停車格,18
繳費時,18
跌進,18
楊梅,18
辦信貸,18
意料,18
接著加,18
詢類,18
看病,18
巨石,18
剛買,18
法用,18
萬時,18
阻詐,18
通電話給,18
繳一繳,18
當是,18
羨慕,18
否定,18
得寸,18
投資系統,18
人員加,18
選定,18
深圳,18
商戶,18
銀行帳,18
耳塞,18
記性,18
不斷給,18
勞無功,18
套餐,18
登輝,18
元會,18
古錢幣,18
白天,18
筆錢過,18
數共,18
這兩位,18
計酬,18
取卡,18
投資騙,18
並盡量,18
收過,18
最誇張,18
可代為,18
貸新,18
連不上,18
精心安排,18
之後傳,18
北港,18
小凱,18
用代碼,18
永豐金,18
文連結,18
著聲,18
美妝,18
消磨,18
當我回,18
業主,18
否則款,18
購時,18
根筋,18
張淑芬,18
給林,18
口碑,18
二個,18
事後接,18
預存,18
小王子,18
沒中,18
愚蠢地,18
啤酒,18
翻遍,18
其一,18
當誘,18
球場,18
拘捕,18
特前,18
代打,18
捐獻,18
孫燕姿,18
商貿,18
太誇張,18
阿強,18
轉用,18
承諾能,18
幣種,18
並熱情,18
很熟,18
黑白,18
以手機,18
時出,18
李藝,18
帥哥,18
小紅薯,18
點整,18
破浪,18
組成員,18
翔哥,18
超專業,18
剛出,18
等過,18
吹風機,18
快約,18
開始查,18
轉轉,18
報稅,18
委任,18
擊廣告,18
公公,18
銀行問,18
相關款,18
諸多,18
李夢蘭,18
眼球,18
民雄鄉,18
風雨,18
講起,18
儲金,18
人氣憤,18
陳俊傑,18
記錯,18
鴻橋,18
林俊宏,18
詳細解,18
滑動態,18
金股,18
將渠,18
之人頭,18
會計師,18
麗鏵,18
張志忠,18
熱切,18
自對方,18
弘鼎,18
日益,18
通匯,18
天良,18
窒息,18
劉明,18
盛宴,18
李嘉慧,18
當發現,18
老伴,18
熱火朝,18
流淚,18
螢幕亮,18
狡猾性,18
中始終,18
融通,18
瑟瑟,18
李信維,18
跨年,18
蘋庭,18
萬佳富,18
阮氏賢,18
祥輝,18
房主,18
阿士,18
文並,17
我的幣,17
個小時,17
一百八十,17
裝著,17
差點害,17
旅遊時,17
柚柚,17
方側,17
組成,17
趕來,17
完後我,17
幣別,17
需協助,17
已經將,17
申報,17
無話,17
拿手,17
傳序號,17
名詞,17
資訊以,17
有驗證,17
他當,17
我索,17
大高雄,17
我取,17
卡供,17
經銷,17
隨後說,17
寶轉帳,17
幣購,17
費等,17
畫畫,17
日貨,17
兩盒,17
堂口,17
爭執,17
最後當,17
那連結,17
許多關,17
加重,17
墊款,17
對方強,17
再介紹,17
亞太地區,17
活動要,17
沒多查,17
一百七十,17
網的,17
問他們,17
美聯社,17
日文,17
結時,17
辦到,17
拖著,17
自以,17
魚信,17
完點數,17
內以,17
改到,17
加利,17
臥底,17
憐憫,17
信該,17
一掃,17
高積,17
雙方誠意,17
劉嘉怡,17
寶可夢卡,17
雜了,17
方匯,17
隨後並,17
救助金,17
時輸入,17
訴說,17
之遊,17
為暱,17
毫懷疑,17
綠色,17
打球,17
四家,17
連結頁,17
來點,17
再交給,17
百來,17
低買,17
晴晴,17
指責,17
略有,17
訊息並,17
一賣,17
描繪著,17
動加,17
安危,17
媒介,17
經人間,17
火鍋,17
阿佑,17
證資訊,17
好生,17
隱隱約,17
號暱,17
毅德,17
沒貨,17
元試,17
還不滿足,17
嚇醒,17
社團裡面,17
金約,17
幾天後對方,17
張面額,17
進對,17
最後換,17
幣共計,17
資訊和驗,17
對方想,17
某區,17
人馬上,17
名假,17
法下單,17
還私,17
投報,17
用視,17
還該,17
假郵局,17
涼透,17
我重,17
派單,17
假藉,17
再而三,17
對詐,17
傻了眼,17
我序號,17
場景,17
賣球,17
日至統,17
手冊,17
過幣商,17
一站式,17
一行,17
中區,17
開機,17
將於,17
商寄件,17
幫忙付,17
繳手續費,17
查才,17
一百多元,17
看著手,17
經是,17
方交談,17
因信,17
欣慰,17
卡進,17
前夕,17
寄票,17
中轉,17
私訊並,17
還刷,17
有把握,17
戶並,17
聯絡過,17
美容店,17
牙齒,17
換手機,17
實實,17
貨幣幣商,17
林書豪,17
相關資,17
騙慣,17
斷線,17
免遭,17
倫門票,17
收票,17
項共新,17
高額度,17
然後又要,17
將虛,17
春天,17
幣也,17
攤販,17
他馬,17
順利貸,17
和幣,17
卻連,17
不常,17
還惹,17
而後續,17
訂金給,17
一萬元過,17
卡當作,17
舊識,17
餘元,17
完膚,17
漸覺,17
稱銀行,17
戶外,17
之永豐,17
板橋戶,17
語氣溫,17
也務,17
已經轉,17
方賣家,17
精彩,17
傳德,17
南京,17
我訪,17
號進行,17
講完,17
警衛室,17
晨晨,17
經為,17
不太回,17
問票,17
揪團,17
推托,17
有劫數,17
一口咬定,17
抓走,17
騙網,17
明書,17
需先匯,17
門票給,17
金額並,17
猶豫著,17
語誠懇,17
附贈,17
選取,17
音以,17
同鄉,17
單後卻,17
銀飾,17
視訊教,17
加所謂,17
點連,17
證有,17
記不起,17
終端,17
並無該,17
有禮貌,17
經入帳,17
找些,17
無奈和後悔,17
沒太,17
對方口,17
新加坡人,17
女裝,17
延伸,17
當場嚇,17
液晶,17
充足,17
心一橫,17
開演,17
至國,17
匯不進,17
連動,17
閨密,17
廣播,17
隨後點,17
裝在,17
一筆驗,17
人情,17
一付,17
快照,17
公車,17
處方,17
方視,17
阿浩,17
明月,17
奢侈品,17
裡看,17
屁股,17
新潮,17
能進,17
惟報,17
統一交貨,17
總共價值,17
未過,17
歡歌,17
隨後請,17
大聲,17
地帶,17
喊單,17
遭通,17
認是,17
想收,17
不經,17
低潮,17
故我在,17
名賣家,17
幣匯入,17
選廣告,17
懷舊,17
東西會,17
同名,17
分陸續,17
看訊息,17
香菜,17
一成,17
請加,17
杜拜,17
包款,17
建明,17
釀成,17
不放過,17
始料未及,17
柔柔,17
被套,17
先叫,17
捷運,17
或加,17
賣貓,17
學妹,17
愛車,17
請示,17
白紙,17
安娜,17
司法程序,17
將貨品,17
他過,17
周士,17
號到,17
想買點,17
美味,17
交所謂,17
理念,17
但後面,17
沒馬上,17
然後人,17
兆豐,17
慣犯,17
因涉嫌,17
急速,17
聲聲,17
之二,17
完覺,17
無現,17
用泰達幣,17
更多費,17
總共儲值,17
這兩張,17
住處,17
還已,17
大坑,17
茶壺,17
中購,17
尷尬,17
四十三,17
因假,17
未驗證,17
所內,17
搭訕,17
並投資,17
投資計,17
我謊,17
還當,17
還推,17
輕忽,17
裡滿,17
點進連,17
乍看之下,17
刷單,17
看清楚,17
可對方,17
年雪莉桶,17
揚言要,17
租約,17
博愛,17
空拍機,17
卡購,17
第六次,17
太會,17
著獎,17
求租,17
存貨,17
星河,17
我得標,17
還跟著,17
小雯,17
因心,17
出貨單,17
便貨,17
退換,17
差距,17
詩雅,17
點許,17
嬰幼兒,17
包起,17
報警時,17
其遊戲,17
說確,17
舒婷,17
隨後要,17
局面,17
便平,17
噱頭,17
戶轉,17
一盞,17
無形,17
自國外,17
金塊,17
全能,17
貸時,17
結果後續,17
網尋找,17
之犯,17
機網路,17
潮霖,17
法律手段,17
會補,17
導遊,17
進而加,17
還互稱,17
包給,17
日想,17
信門市,17
點會,17
方產生,17
現金至,17
再換,17
既後悔,17
冒領,17
卡裝,17
我天,17
文傑,17
處罰,17
夜間,17
受阻,17
自拍,17
省去,17
張共新,17
小八,17
需補足,17
資金並,17
買家傳,17
十日,17
灌輸,17
起子,17
尾數,17
越高,17
沒理會,17
經匯款,17
並提領,17
招商,17
優惠卷,17
貨了,17
並拒,17
稽核,17
商貨到,17
人後續,17
假惺惺,17
思潔,17
不信,17
一見,17
他極,17
認識並,17
日光,17
抽紅包,17
遭限額,17
老家,17
項共計,17
小高,17
出席,17
布偶,17
詢始,17
專員為,17
小幅,17
其經理,17
漁會,17
然後匯款,17
金門,17
看穿,17
交還,17
責備,17
不查,17
抵用券,17
以郵局,17
地報,17
下款,17
趣事,17
天分,17
感人,17
海口,17
隨後慫,17
股息,17
運來,17
玻璃,17
投資本,17
保護費,17
翻查,17
新月,17
中並,17
並不單,17
人有,17
惡行,17
日入,17
這明顯,17
自宅,17
領完,17
當我在網,17
便購,17
還高,17
趕緊詢,17
好樂貸,17
我表現,17
以後無論,17
三小時,17
方後對方,17
總共網,17
認後發現,17
珍稀,17
謹慎核,17
帶貨,17
多重,17
人員電話,17
納保證,17
沒申,17
診斷,17
可人,17
大園,17
事後該,17
傳喚,17
戰勝,17
算力機,17
皮店,17
初音,17
摸摸,17
雨婷,17
往下沉,17
有聲,17
大餐,17
悔意,17
年代,17
雖然心,17
卡共計,17
踢出去,17
小強,17
不須,17
起電話,17
龍龍,17
先贏,17
著高,17
隱蔽性,17
義理德,17
震動,17
天方夜,17
之後都,17
沒讀,17
事後撥,17
既興奮,17
太保,17
總務,17
買家給,17
創設,17
音箱,17
我得,17
三路,17
總醫院,17
太扯,17
費還,17
幾週前,17
死心,17
小女,17
大娃,17
茵茵,17
請先,17
還至,17
巴巴,17
及華南,17
當了,17
九萬塊,17
財上,17
金證券,17
傳真,17
笑柄,17
毛孩,17
幣桑,17
堂哥,17
林志偉,17
雅茹,17
直竄,17
合拍,17
尾牙,17
確在,17
騙子給,17
林民,17
總裁,17
歐司,17
紅兒,17
惠雯,17
不容置疑,17
時涼,17
喪盡,17
地扇,17
更奪,17
地擊,17
敲打,17
愛河,17
並熱,17
半生,17
永全,17
毒蛇,17
康利,17
細指導,17
宏祥,17
巧取,17
豪奪,17
涉世未深,17
范達,17
壹哥,17
我個資,16
軟體給,16
標案,16
李民偉,16
日常用品,16
票號,16
該門票,16
記不,16
微信暱,16
身陷,16
流逝,16
確保款,16
接著手,16
建彰,16
豐胸,16
超熱情,16
還先匯,16
票根,16
並開通,16
出超,16
李女,16
解封,16
還完,16
貨後發現,16
要委,16
對方話,16
認網,16
給自稱,16
新加,16
催得,16
前後總共匯,16
點問題,16
插入,16
金額加,16
一團,16
將桌,16
六合彩,16
其父,16
五萬元給,16
牟利,16
想試,16
一千八百,16
微乎其微,16
串珠,16
付一點,16
推送,16
林定,16
投資紀錄,16
連手機,16
號購,16
銀行員,16
面會門票,16
對應,16
陷得,16
連對,16
其向,16
最晚,16
求解,16
真不錯,16
擺平,16
但會,16
退股,16
大社,16
封面照,16
我拉黑,16
約會卡,16
因臨,16
親手將,16
錢且,16
他代,16
誤點,16
一萬多,16
羽毛球拍,16
發般,16
裡警鈴,16
次到,16
以察覺,16
敲響,16
金色,16
付通,16
現金到,16
交換社,16
一棟,16
面長,16
周圍,16
精光,16
幾萬元過,16
撥給,16
繳交會員費,16
經購,16
繳的,16
九萬多塊,16
創一個,16
對方熱,16
好吃,16
我額,16
球隊,16
因發現,16
手交給,16
群名,16
查覺,16
置物,16
查處,16
李姓,16
新城,16
換物,16
通話並,16
先協助,16
中油,16
律師費,16
毫無音,16
撤回,16
網頁裡,16
這三筆,16
將無卡,16
建檔,16
飲業,16
來付,16
緊致,16
然對,16
賣化妝品,16
填輸個,16
卡刷,16
檢核,16
各轉,16
喪失,16
日後會,16
共價值,16
空軍一,16
政佑,16
這已經,16
請點擊,16
但轉,16
對付,16
人後悔,16
機簡訊,16
中向,16
老花,16
但個,16
費了,16
還扯,16
服專員,16
繳會費,16
扣繳,16
投資績,16
市龜,16
山區,16
宇宙,16
元會費,16
狡詐,16
想買票,16
完訂,16
紙巾,16
秀英,16
寵愛,16
知到,16
這已,16
職前,16
並安裝,16
行員工,16
屯媽祖,16
措辭,16
問假,16
燈光,16
帳來,16
然後轉入,16
自嘲,16
因驚覺,16
花束,16
開得,16
臉書欲購,16
違法行,16
購門票,16
現類,16
購票務,16
之後詐,16
以小額,16
還沒多,16
張數,16
男孩,16
見識,16
不義之財,16
功效,16
懂行,16
碰巧,16
經撥,16
寄貨單,16
我主動詢,16
元賣給,16
很慶幸,16
顯是,16
進貼,16
對方當,16
事後發覺,16
雅琳,16
東西要,16
開手,16
哪間,16
起始,16
突擊,16
出運費,16
票位,16
最後前,16
所欲,16
幾千到,16
次將,16
終生,16
獲郵局,16
包帳,16
原路,16
補保證,16
經陷,16
以後買,16
利潤會,16
留學生,16
計程,16
學投資,16
搞不懂,16
空洞,16
當兵,16
過海關,16
可介紹,16
現金去,16
閨蜜,16
這跟,16
投資連,16
附加,16
統還,16
保雙方,16
組門號,16
外驗證,16
願望,16
簡介,16
出金給,16
開過,16
法辦,16
點之間,16
重新加入,16
轉金,16
認後會,16
發生過,16
並於網,16
假裝成,16
視訊來,16
原始,16
這賣家,16
實時,16
半點,16
想繼續,16
該門市,16
要收,16
只得,16
小額試,16
交加,16
無法用,16
幾次帳,16
團伙,16
幾次面,16
溪湖,16
全進,16
進進,16
出出,16
深切,16
隨後失聯,16
作祟,16
方人間,16
餐車,16
還沒驗證,16
走到,16
跑步,16
回且,16
超商外,16
還難,16
依循,16
今因,16
執照,16
站並,16
卡新,16
面禮,16
實訊息,16
總共金額,16
建輝,16
連投資,16
話點,16
更覺,16
讀書,16
先有,16
打麻將,16
挑戰,16
兩筆款,16
生前,16
各地,16
並申辦,16
議員,16
續轉,16
便動,16
分分別,16
暴增,16
還相約,16
異常才,16
將有,16
二代,16
車殼,16
查訪,16
工讀,16
他覺,16
將華南,16
警務人員,16
先將款,16
還盤,16
爆發,16
投資開,16
繳交高額,16
萬元要,16
延宕,16
後並,16
並同,16
最後讓,16
欣喜,16
然後告訴,16
內電子,16
端的,16
急難,16
大石,16
總算能,16
之超,16
震撼,16
存起,16
政局,16
燕巢,16
可見,16
前後總共轉,16
需升級,16
套件,16
講什麼,16
順利出,16
扶助,16
有還,16
第三位,16
須再,16
務必先,16
築夢計畫,16
二十日,16
帳戶號,16
以期,16
記事,16
先成,16
給金,16
並為,16
風扇,16
因至,16
一網友,16
中獎款,16
中獎者,16
並委,16
良機,16
經飛,16
竹山,16
費應,16
罰金,16
經銷商,16
疼痛,16
若能,16
搬出,16
名款,16
和幣商,16
第二段,16
遭網,16
方威脅,16
轉站,16
張梓,16
激烈,16
意在,16
十七日,16
明有,16
地體,16
名品,16
楓幣,16
大跌,16
獨特,16
丁元,16
零零,16
財廣告,16
實品,16
他始終,16
員來,16
可期,16
灌籃,16
這個幣,16
所言,16
信錯,16
南港,16
小白,16
帳限額,16
拒收,16
做虛擬,16
是後來,16
大樹,16
一不留神,16
檢查訊息,16
零元,16
我計,16
卡予,16
發信,16
損失會,16
機並,16
並簽訂,16
越怕,16
這什麼,16
之後經,16
專員林,16
音樂節,16
過戶給,16
招牌,16
舉行,16
號和驗,16
開始後悔,16
先開通,16
招數,16
我父,16
萬匯,16
無息,16
日主動,16
買家暱,16
整給,16
港幣給,16
好宅,16
課服,16
數筆款,16
手推,16
商借,16
覺心,16
記憶體,16
囂張,16
金來源,16
承諾高,16
前後買,16
呆呆,16
小黃,16
氣息,16
毫無疑慮,16
鯊魚,16
假抖音,16
任選,16
對金錢,16
決誠信,16
比對,16
艾莉,16
費之類,16
立牌,16
排名,16
精英,16
已移,16
威脅性,16
還一頭,16
定將,16
因報,16
貸款給,16
躍躍欲試,16
已不記,16
順口,16
價實,16
以系,16
可申,16
著以,16
項後便,16
談股,16
經對,16
困貸款,16
一個則,16
這買家,16
購過,16
發訊,16
豬頭,16
籌集,16
許至,16
轉錯,16
之後報,16
龍井區,16
證什麼,16
編排,16
污點,16
獎金有,16
務必查,16
處理此,16
李某,16
八方,16
還補充,16
退件,16
衛生紙,16
警所,16
平時關,16
曉彤,16
變故,16
獨門,16
年華,16
我小試,16
驚慌地,16
東元國際,16
組及,16
獲利有,16
關於虛擬,16
扮演,16
上察覺,16
繁榮,16
張民,16
發的訊息,16
英鎊,16
乘風,16
暗黑,16
認匯款,16
表姐,16
誠靜,16
共贏,16
之遠,16
真愛了,16
剩滿腔,16
茹茹,16
小雞,16
裡顯示,16
及詐,16
行車紀,16
眾多,16
林老師,16
薪資優,16
富有,16
妹婿,16
銘傑,16
強大,16
中租迪,16
感冒,16
早早,16
病痛,16
吳文正,16
林立,16
順風速,16
中瞬間,16
熱愛的,16
這兩天,16
溫度,16
上遇,16
林薇,16
家來,16
早晚,16
士鼎,16
因在,16
還不確定,16
阿蓮區,16
需選擇,16
民生路,16
四海,16
然後引導,16
夠我,16
活在後悔,16
夾雜,16
劉家祥,16
吳志強,16
違抗,16
區河邊,16
熱血,16
自核,16
十號,16
對待網,16
過上,16
貨態,16
號統,16
有力,16
快貸,16
阿俊,16
上演,16
飄紅,16
唾手可得,16
行板,16
米克,16
進斗金,16
東國際,16
寶利通,16
巴哈姆,16
工學,16
了給,16
並確定,16
扭蛋機,16
中餐,16
養活,16
標榜著,16
弘源,16
類詐,16
學府,16
她熱,16
格力,16
咎由自取,16
心如刀,16
飄飄然,16
黑卡,16
還是後悔,16
絕倫,16
金字塔,16
庭瑜,16
橫財,16
則成,16
需求量,16
無論面,16
午后,16
清苦,16
泰弘,16
郁臻,16
賴小瑜,16
辦人,15
審核過,15
異常且,15
數才,15
柏翰,15
保障金,15
內容標,15
我無力,15
應為,15
資與,15
張小卡,15
簡訊上,15
經理來,15
不適,15
必備,15
點慌張,15
行車,15
前方,15
日圓,15
假面,15
覺得心,15
來後才,15
有詢,15
見底,15
八千多,15
賣家將,15
幫客戶,15
購物前,15
應確,15
定情,15
寫著要,15
粉絲見,15
恐地,15
又傷,15
額過,15
小商品,15
棋子,15
轉售門票,15
並前,15
心事,15
之後又給,15
人詢,15
元貨到,15
確保誠意,15
先冷靜,15
破損,15
明加,15
想解,15
統延遲,15
協助代購,15
憑據,15
剪輯,15
法器,15
財信,15
之人員,15
購買幣,15
我在幣,15
其後對方,15
之後依,15
元入帳,15
園藝,15
幾種,15
會輕,15
獲通訊,15
匯五萬,15
且經,15
信任他人,15
分通過,15
遺失過,15
連上,15
但實,15
某某人,15
還痛,15
之後接,15
深色,15
臉上,15
想查,15
各國,15
賣家並,15
二萬,15
週年,15
元始,15
未入帳,15
詢問後始,15
飛燕,15
尊重,15
搜尋投資,15
以驗,15
很帥,15
悠遊,15
呈現,15
近萬元,15
知心朋友,15
他在網,15
訊息問,15
看著訊息,15
編出,15
認後續,15
這部,15
給所謂,15
並通,15
灣企銀,15
財路,15
開虛擬,15
域名,15
艾倫,15
台上,15
該卡,15
麗華,15
機上網,15
具歸戶,15
圖用,15
技術性,15
贖身,15
經親友,15
債務人,15
阿宏,15
連賣家,15
蔡經理,15
碼和驗,15
新鞋,15
雙方先,15
接著照,15
某超商,15
還說票,15
小薇,15
需資金,15
默契,15
賣家聊,15
運費過,15
四萬多,15
鐘後,15
太輕率,15
以須,15
人不知,15
這或,15
經理給,15
帳戶款,15
人醒,15
操作前,15
內現,15
輕易轉,15
在裡,15
搜尋並,15
需轉,15
價格過,15
發到,15
一貫,15
思涵,15
車內,15
超多人,15
自聯絡,15
先後將,15
塑造,15
一登入,15
暗處,15
韓幣,15
有喜,15
人名,15
那群人,15
連刷,15
可過,15
然後幫,15
卡拉,15
還選,15
金鳳,15
結下,15
載物,15
碼截圖,15
一晃,15
的貨,15
通訊紀錄,15
並將序,15
號交給,15
以低,15
神秘兮兮,15
夢醒,15
休閒,15
並能,15
把貨,15
歌迷,15
搜尋發現,15
翻新,15
我太想,15
沒理,15
過一個,15
當場給,15
啟齒,15
還不只,15
還剩,15
不將,15
結後輸入,15
名義辦,15
警覺並,15
料理,15
一用戶,15
小包,15
貨幣代操,15
我買點,15
感瞬間,15
錢無法,15
歸零,15
殯葬,15
可見面,15
好慘,15
冬日,15
籠罩,15
毀掉,15
沒聲音,15
死亡,15
項入,15
無對方,15
時整,15
匿跡,15
接上,15
此行,15
遲至,15
中對方,15
可約,15
元領,15
取保,15
注入,15
單後顯示,15
他終,15
便持續,15
失近,15
九百多,15
迎來,15
味道,15
許多個,15
大約過,15
經報,15
或點,15
不看,15
五家,15
紙上,15
絕版,15
郵寄給,15
繳罰款,15
溫杯,15
簡訊內,15
的當,15
心懷,15
你轉,15
證金新,15
能見面,15
現在後悔,15
錢不見,15
就會給,15
動動,15
唬人,15
著見面,15
洗澡,15
其女兒,15
一百五十,15
我時,15
帳號予,15
恍然,15
婉瑜,15
證申,15
拆除,15
稱用,15
丟我,15
體質,15
還回來,15
位數,15
遮眼,15
真名,15
稱吳,15
三成,15
最有,15
方協商,15
筆則,15
不老松,15
人免,15
開帳,15
怡蓁,15
估算,15
高出,15
籠子,15
好笑,15
行政院,15
並啟,15
到後續,15
元未,15
歌曲,15
及個,15
將大筆,15
並訂,15
領不回,15
終共計,15
送禮物,15
給有,15
食物,15
連結稱,15
財產公證,15
及暱,15
鼎豐,15
可想而知,15
大門,15
然後去,15
將車,15
稱幣商,15
吹捧,15
人員察覺,15
將台,15
過詐,15
思琪,15
信並,15
聚餐,15
簡易,15
還很專業,15
順利見,15
二十四日,15
心坎,15
朱數位,15
包棟,15
所訂,15
想租,15
經管會,15
戲機,15
其匯款,15
巷弄,15
故委,15
傳統,15
踏板,15
有驗,15
插隊,15
或存,15
號開始,15
衝高,15
還派,15
以點,15
最後就,15
調必須,15
貨員,15
詢問關,15
可貸,15
指認,15
全世界,15
機型,15
跟別,15
車款,15
一用,15
作樣,15
請碼,15
裡雖有,15
斡旋,15
雙方溝,15
已至,15
麻痺,15
第一位,15
第二位,15
加持,15
斷絕,15
巡邏,15
行員及,15
將四張,15
沒興趣,15
之統,15
先詢,15
沙啞,15
機可乘,15
阿拉伯,15
天母,15
語氣篤定,15
泛起,15
問幾句,15
續約,15
條約,15
中見面,15
金換,15
整組,15
資訊都給,15
哎呀,15
外送員,15
當我覺,15
水族,15
進店,15
小偉,15
經商,15
如承諾,15
補登存,15
九成新,15
法國,15
沒法,15
吳誌,15
經先,15
經費,15
越興奮,15
發售,15
日還,15
項有,15
打鼓,15
推辭,15
處置,15
變大,15
認情況,15
著廣告,15
安好,15
因欲購,15
部品,15
卓越,15
閒逛,15
防人之心,15
施作,15
至虛擬,15
去繳,15
稅局,15
早些,15
皮開,15
骨科,15
揭穿,15
春秋,15
夢時代,15
因手,15
戰場,15
連結暱,15
牛樟芝,15
很動,15
難免,15
最扯,15
大驚,15
貨真,15
策畫,15
星火,15
林雨薇,15
姐妹,15
滴水不漏,15
樂觀,15
中路,15
吞下,15
羞恥,15
認鍵,15
終無人接,15
還遭,15
被叫,15
對方到,15
之人給,15
處理驗證,15
三月中,15
公證金,15
遭詐款,15
能查,15
霸王,15
張宜鳳,15
湊出,15
十四日,15
惡化,15
八國,15
談著,15
將利潤,15
百德,15
一旁,15
真購,15
靜好,15
逆水,15
泥淖,15
誤轉,15
中張,15
方互動,15
搜尋相,15
並欲,15
以多種,15
虛驚,15
經歷過,15
大林,15
存夠,15
給密碼,15
河南,15
將網路,15
人拉進,15
思萍,15
完後會,15
經該,15
區中華路,15
名義開,15
隨後我接,15
悍將,15
因過,15
四位,15
正德,15
並出,15
活動主,15
透頂,15
從興奮,15
共四張,15
陷害,15
還一邊,15
現今,15
驚地,15
並寄給,15
比什,15
這就,15
市桃園區,15
先還,15
其自稱,15
故稱,15
干貝,15
並後續,15
同款,15
成就,15
獨立,15
李正宇,15
灣的,15
萬元轉,15
將能,15
洗面乳,15
流露出,15
傳帳,15
順利領,15
佳玲,15
假帳,15
萬要,15
還真有,15
人快,15
立德,15
網銀額度,15
前須,15
員察覺,15
大肚,15
語下,15
分進行,15
被困,15
助力,15
卡共新,15
網友用,15
七十五,15
我後怕,15
至超,15
食材,15
擄人,15
年末,15
去核,15
沒留,15
鋼雄鷹,15
其手,15
補回,15
並獲利,15
沒開口,15
拾光,15
之三,15
突破,15
隱蔽,15
組叫,15
心終,15
這背,15
養家,15
繳費單,15
資新,15
整購,15
鼎盛,15
深覺,15
補貨,15
經進,15
無奇,15
恨死,15
橋戶,15
亞東,15
景象,15
智選,15
商戶號,15
林國華,15
費要,15
三秒,15
記載,15
興櫃,15
證資金,15
添置,15
財務部門,15
記不太清,15
慈惠,15
並由該,15
中滿,15
證過,15
認其,15
超穩定,15
個驗證,15
前年,15
東市,15
信銀行,15
名義稱,15
還超,15
說些,15
人員查,15
海上,15
滿真,15
超崩潰,15
補點,15
金河,15
小周,15
停損,15
累計達,15
場局,15
利誘,15
錢到,15
沒中獎,15
三國,15
白山,15
合規,15
林士弘,15
益生菌,15
真書,15
拿起,15
真命天子,15
信義,15
超猛,15
金什麼,15
走別,15
福瑞,15
鉑諾,15
電支,15
分去,15
各系,15
如雷,15
宏敏,15
盈溢,15
凡聲,15
天塌,15
會騙,15
期中,15
東榮,15
旺鴻,15
大台北,15
半年前,15
明宇,15
家豪,15
圍繞,15
林女,15
元費用,15
約定將,15
這竟,15
將貨款,15
小玉,15
施法,15
柏緯,15
預售,15
地在網,15
地確,15
噩夢中,15
跳入,15
頭的,15
費來,15
並設,15
方通過,15
中港,15
服務代碼,15
聽來,15
自將,15
氣得牙癢,15
智商,15
學歷,15
時止,15
中無論,15
永源,15
礁溪,15
反款,15
童振興,15
案後才,15
伍玖,15
七十四,15
李維軒,15
李如恩,15
徐嫌,15
垂涎,15
愚笨,15
刺進,15
無數個,15
心極,15
莫大,15
星火燎原,15
康是,15
年僅,15
鄭玉萍,15
芳研,15
穩步,15
淑芬,15
林舒慧,15
福寶,15
惹麻煩,14
取該,14
快來,14
彰銀,14
異常應,14
利多,14
碼來電,14
進假,14
超商門,14
我標,14
及驗證,14
清關費,14
需輸入,14
財務人員,14
引介,14
增添,14
裡並,14
繳交什麼,14
順利下,14
多間,14
之會,14
過帳,14
開錢,14
疫苗,14
將台幣,14
好轉,14
做金流,14
最後我實,14
裡有個,14
不免,14
把序,14
填表,14
擷取,14
出門時,14
很理,14
有在網,14
組合屋,14
貨也,14
進名,14
並查詢,14
一廣告,14
裡開,14
泥沼,14
八十多,14
然後整,14
雙鞋,14
會員制,14
敏敏,14
價格及,14
外匯局,14
銀行訊息,14
成員以,14
浮動,14
將軍,14
最後都,14
七十二,14
佳欣,14
這步,14
越付,14
要簽,14
結點,14
二十二日,14
該位,14
貨網,14
開連,14
少少的,14
氣買,14
提什麼,14
原來連,14
強哥,14
寶可夢集,14
處用,14
順利將,14
伍佰,14
塘塞,14
資金週,14
出具,14
建築,14
最昂,14
轉單,14
兩項,14
打該,14
不理不睬,14
一幅,14
介給,14
愛金卡,14
一晚,14
眼熟,14
幣三萬元,14
處裡,14
匯十萬元,14
害慘,14
經證實,14
強化,14
財神爺,14
一買,14
裡說,14
筆錢給,14
單要,14
接二連,14
準備將,14
公權力,14
服務將,14
然後盜,14
版上,14
十幾筆,14
親臨,14
前後購,14
效益,14
建商,14
訂金為,14
之暱,14
信假,14
出乎意料,14
中醫,14
設計來,14
就動,14
內褲,14
逮到,14
現為,14
閉無法,14
鏈鋸人,14
幣儲值,14
改過,14
店積,14
分序號,14
操作程序,14
其以,14
尚需,14
折價券,14
還細心,14
著小額,14
厚德,14
我嘗,14
當你,14
愛指導員,14
惠玲,14
會代為,14
饋給,14
自台,14
至台,14
項列,14
通話裡,14
加獲利,14
和潤,14
這次終,14
講得超,14
緊點,14
可代,14
給我並,14
我截,14
還開視,14
資安,14
方訂,14
自大,14
正向,14
故詢,14
並馬上,14
會費用,14
年費,14
再理,14
積木,14
不會出,14
物流配送,14
資訊卡,14
筆無卡,14
該人稱,14
台車,14
卡不見,14
中出,14
當試試,14
項及,14
人行道,14
將被,14
對方轉,14
欠繳,14
並失聯,14
組無卡,14
背著,14
舞蹈,14
充實,14
著下單,14
內容要,14
並騙,14
暖心,14
假門票,14
甄選,14
振奮,14
結及,14
等貨,14
場的,14
情景,14
木材,14
會快,14
雙方透,14
所要,14
內連結,14
並主動加,14
活存,14
相關驗,14
字數,14
這種網,14
貪快,14
然後以,14
結下單,14
事要,14
親暱,14
區民權,14
廣場,14
素食,14
小莉,14
之後並,14
引導進,14
賒帳,14
匯三萬元,14
耗材,14
實踐,14
之後越,14
他會用,14
日照,14
名義進行,14
還看,14
儲蓄險,14
很誠懇,14
壯陽藥,14
任一,14
票數,14
稱見面,14
這明,14
繁雜,14
卡出,14
幾本,14
買虛,14
例協議,14
勇氣報,14
詢並,14
將門號,14
並在後續,14
東盈,14
立陽,14
資金新,14
銀行領,14
十萬元過,14
叫吳,14
寄還,14
太像,14
幾天會,14
人行,14
盜刷紀錄,14
依對,14
上推,14
稱保證,14
地板,14
過低,14
內見,14
二十分,14
危急,14
麥克風,14
獲利給,14
結內,14
萍萍,14
便來,14
車業,14
即會,14
過卡,14
有刷,14
帳額度,14
涼意,14
投資訊息給,14
吃上官司,14
再傳,14
對方購,14
之後錢,14
卡協助,14
地耍,14
裡瞬間,14
全湧,14
資訊轉,14
重病,14
動工,14
一氣,14
卡費,14
發布訊息,14
還轉帳,14
事後卻,14
管理中心,14
紅燈,14
女性朋友,14
小有,14
一千三百,14
網誌,14
筆數,14
必定,14
沒查證,14
我續,14
因金流,14
調為,14
這招,14
林欣,14
讀不回,14
現多筆,14
人蠻,14
殷勤,14
成色,14
還沒回,14
投下去,14
還做,14
醒過,14
代墊款,14
付現,14
轉跳,14
制式,14
貸部,14
釋放,14
光聰,14
承包商,14
一百四十,14
甜甜的,14
事務時,14
訊息來,14
某國,14
台服,14
不怕,14
貨再,14
霧峰區,14
會人員,14
終以,14
明治,14
先花,14
方假,14
碼予,14
並自動,14
將整,14
次購,14
失控,14
走路,14
別證,14
內頁,14
將所,14
那棟,14
還勸,14
反常,14
指壓,14
裂痕,14
更近,14
賣虛擬,14
活在,14
轉越,14
處理會,14
非詐,14
簡訊及,14
之後無法,14
提袋,14
很怕,14
過個,14
遭領,14
元面額,14
就付,14
緊去,14
涼亭,14
郵局問,14
國泰世華網,14
元則,14
氣就,14
點成,14
為過,14
一年期,14
百感交集,14
手足,14
太慌張,14
引導話題,14
連結將,14
其詢,14
巧言令色,14
隨後買家,14
潘宣妤,14
這檔,14
造出,14
說驗,14
欣然,14
離去,14
初時,14
一大跳,14
背帶,14
失並,14
俗稱,14
大展,14
而現,14
名聲,14
錢當,14
盜版貨,14
抽空,14
明細及,14
刷過,14
機轉,14
完該,14
領一空,14
收工,14
繳額,14
著照,14
轉有,14
點數序,14
對方拉,14
餐酒館,14
安然,14
記繳,14
權碼,14
還賺,14
一招,14
結後便,14
還先,14
年次,14
吵架,14
潮牌,14
給張,14
東門市,14
然後電話,14
多組,14
樣品,14
還順利,14
已列,14
進入並,14
能代,14
稱幣,14
法前,14
將相關,14
偏僻,14
再受,14
過投資,14
合約給,14
神說,14
華俐,14
報答,14
品種,14
財力驗證,14
阿慶,14
四天,14
賺利潤,14
經驗證,14
善化,14
琉璃,14
貨便將,14
葉子,14
廚具,14
接著將,14
生財,14
專員張,14
銷聲,14
僅憑,14
還會用,14
所詢,14
太空,14
分打,14
財報,14
機接,14
毫無動靜,14
超時,14
當場將,14
覺詐,14
淘寶網,14
所留,14
蠱惑,14
無法領,14
二十一日,14
玩遊,14
我毫,14
開運,14
隨後又在,14
廁所,14
中犯,14
稱約,14
規避,14
報告給,14
換得,14
幾周,14
無要,14
新家,14
逐一,14
轉眼,14
審核部,14
捷克,14
很特別,14
遭海關,14
藍莓,14
銀帳,14
誤匯,14
方當,14
一頭熱,14
誤將,14
金是,14
可賣,14
推廣一個,14
已經過,14
拉布,14
內分,14
投資過,14
籌不出,14
領利潤,14
夜店,14
依約將,14
爺爺,14
克斯,14
戰爭,14
著無數,14
說剛,14
收割,14
來襲,14
銀行代號,14
奢侈,14
多動,14
但基,14
下載並,14
小澤,14
卡連同,14
熟門,14
熟路,14
師事務,14
在場,14
請將,14
文販,14
主委,14
送書籍,14
天來,14
隨後詐,14
然後點,14
外務人員,14
一收,14
始給,14
先簽,14
開始給,14
生活圈,14
我幣,14
我悔,14
經讀,14
困頓,14
可幫,14
牌照,14
阿雅,14
下轉,14
東西還,14
講給,14
萬買,14
要過,14
故匯款,14
說實,14
發現類,14
點擊網,14
更為,14
要成,14
中接,14
麗麗,14
事證,14
劉俊良,14
多台,14
職貼,14
六日,14
江湖,14
投資國際,14
我度,14
家居,14
電活動,14
元利,14
對方留,14
預料,14
至上,14
庫洛米,14
資金鎖定,14
給其,14
這趟,14
查辦,14
新港,14
餐椅,14
回討論,14
辦卡,14
有生,14
剛進,14
方就給,14
張某,14
著覺,14
穩妥,14
問我願,14
做金,14
而來,14
會害,14
結果網,14
借三萬元,14
學弟,14
證上,14
連這種,14
習慣性,14
光靠,14
閒來,14
洗衣店,14
木雕,14
人超,14
而後便,14
況且,14
但後來當,14
辦事處,14
至門市,14
美容院,14
特約,14
便稱,14
惶恐,14
勾選,14
扶搖直,14
促使,14
會員費用,14
國民,14
轉貸,14
隨對方,14
蘇女,14
視訊並,14
借出去,14
能喚,14
我損,14
人取,14
還傳訊,14
的靈,14
三菱,14
請教,14
怪手,14
一輪,14
問親友,14
百分百,14
驗資,14
萬元分,14
稱手,14
七萬塊,14
海大,14
社團名,14
檢察長,14
我欲將,14
遊戲代,14
十幾年,14
難事,14
證字,14
線下,14
所給,14
我且,14
故由,14
林雅婷,14
合夥開,14
聽取,14
再聊,14
大人,14
犯人,14
興門市,14
總隊,14
來來,14
前應,14
出頭,14
財金,14
故致,14
經不起,14
元應,14
書香,14
卡給予,14
我糊里,14
稍後再,14
須匯款,14
劉專員,14
靈活,14
沒查,14
中指,14
神器,14
一清二楚,14
大肆,14
屬實,14
煎熬,14
迷迷糊糊,14
謹防受,14
車廂,14
螺絲,14
半毛錢,14
需先將,14
鹿谷,14
傳一則,14
舒緩,14
旅人,14
五權,14
並臨櫃,14
住居,14
奮地,14
教材,14
木子,14
包轉出,14
最怕,14
同安,14
中簽,14
草原,14
終將,14
既有,14
忙線,14
認繳,14
灣買,14
地掉,14
大昕,14
鄭弘儀,14
隨緣,14
貨架,14
婉兒,14
踏飛燕,14
裡透過,14
正利時,14
巨富,14
作廢,14
一杯,14
曉雅,14
價買,14
機電話,14
股份公司,14
幾萬到,14
懷孕,14
筆損,14
牌位,14
迷戀,14
對來,14
包租,14
萬獎,14
北海道,14
豬哥,14
加劇,14
獎金入,14
福星,14
自遠,14
幫對方,14
日發,14
可動,14
設法,14
長揚,14
高玉樹,14
資虛擬,14
做系統,14
慧琳,14
繳費代,14
日至本,14
麻豆,14
投資大師,14
興奮感,14
小艾,14
凱凱,14
著些,14
直通,14
兆興,14
劉永源,14
順風車,14
便利性,14
耳邊,14
大漲,14
應多,14
閃信付,14
披索,14
遠洋,14
抑制,14
兌通,14
九萬八,14
事不僅,14
須至,14
機會千載,14
愚不可及,14
騎行,14
地扎,14
快門,14
得意洋洋,14
光速,14
泰坦,14
床品,14
乏味,14
嘉慧,14
林志雄,14
劉芷瑩,14
六十七,14
瑞銀,14
元財,14
名企,13
小語,13
太真,13
別用,13
傳門號,13
人崩潰,13
證真,13
方戶頭,13
著頁,13
查案,13
拜訪,13
能教,13
追討款,13
更強,13
連網路,13
裡很慌,13
結去,13
氣超,13
張到,13
無資料,13
十分相似,13
以繳,13
元分,13
夢婷,13
認真偽,13
需聯絡,13
伴遊費,13
需補繳,13
幾條,13
四件,13
取虛擬,13
描一個,13
用威脅,13
日版,13
更名,13
寄個,13
卡套,13
點過,13
總值,13
狐狸,13
代轉,13
鳥票,13
小靜,13
愛與,13
不必,13
新號,13
始至,13
水裡,13
背脊,13
遇有,13
星座,13
他代購,13
真切,13
萬購,13
對話紀,13
過實,13
這太,13
兩萬多,13
假郵件,13
跟前,13
二十八,13
申請幣,13
日均,13
並來,13
出門票,13
微光,13
針織,13
之門市,13
對方剛,13
運動鞋,13
及委,13
配音,13
回時,13
並將幣,13
並加強,13
會漲,13
贈禮,13
組數,13
剛輸入,13
因經營,13
現並,13
蜜雅,13
緊加,13
之人主動,13
賣幣,13
卡利,13
包匯款,13
上查,13
施加,13
這過程,13
及名,13
我共匯,13
回匯,13
小戶,13
換式,13
查無資料,13
然後因,13
元解,13
開會,13
楊姓,13
其通訊,13
認銀行,13
縫機,13
搜尋後才,13
談吐風趣,13
稱系,13
時絕,13
出金無法,13
會為,13
常會,13
打火,13
還原,13
箱裡,13
貼文下,13
宇航,13
代領,13
商社,13
回神時,13
賞屋,13
開新,13
健保卡給,13
打來問,13
俊甫,13
應主動,13
異常行,13
之後約,13
之後是,13
安達,13
匯保證,13
經賣,13
最後一算,13
匯回來,13
匯越,13
林冠,13
字體,13
此舉,13
這與,13
包及,13
地遊,13
還是點,13
布料,13
投資高,13
筆購,13
補費用,13
逃漏,13
十六日,13
疑為,13
票務必,13
之代碼,13
之兆豐,13
付點,13
李佳薇,13
保值,13
總共為,13
假客,13
勤富逸領,13
迷住,13
好日子,13
隨後用,13
紙飛機,13
內儲值,13
自掏腰包,13
地安撫,13
服務並,13
貨已,13
裡上網,13
代書費,13
信仰,13
幾名,13
心驚膽,13
收拾,13
單過,13
昨天早上,13
禁品,13
時誤,13
超可愛,13
銀行外,13
惟到,13
人際,13
遊戲群,13
引來,13
置物櫃,13
旅遊團,13
討錢,13
理直,13
氣壯,13
投資入,13
結才,13
太順,13
是氣,13
公辦,13
想轉,13
滑動,13
資和銀行,13
兩萬元給,13
一繳,13
證用,13
觀賞,13
之車,13
先詢問,13
機行,13
其話術,13
資訊外,13
通信,13
將轉帳,13
惟賣家,13
著動態,13
資訊供,13
並附,13
欺故,13
接線員,13
親自將,13
金匯給,13
攝存,13
名義誘,13
帳並,13
附和,13
第二步,13
街上,13
將影響,13
皇家,13
屏東市,13
網看,13
做轉,13
畫作,13
他話鋒,13
暫時將,13
寫訂,13
自電子,13
股當,13
能登,13
毫無破,13
萬元會,13
辦點,13
該用,13
之門號,13
大大的,13
動手術,13
中發,13
盤勢,13
尋結果,13
務所來電,13
彈頭,13
專員及,13
驗車,13
不了了之,13
台幣共計,13
手帳,13
網銀無卡,13
證辦,13
看有,13
酬金,13
擔心個,13
答非,13
所問,13
台電,13
張夢寐,13
搜尋借,13
還沒見,13
生機,13
樓空,13
內容謊,13
追逐,13
這虛假,13
內容還,13
財資訊,13
故私訊,13
警衛,13
優惠碼,13
人設,13
無助感,13
無端,13
上買個,13
童年,13
湊到,13
開課,13
資已,13
柏宏,13
將匯入,13
蕭瑞豪,13
包裡面,13
證金額,13
思瑤,13
上點擊,13
方退,13
大陸人,13
竟用,13
北大,13
高一,13
時點,13
算下,13
遙控,13
慣例,13
先匯訂,13
上解,13
滑廣告,13
間化,13
太幸運,13
很熱心,13
著銀行,13
雅萱,13
每件,13
營業額,13
要辦,13
卻接,13
最後約定,13
擔運費,13
將價值,13
米妮,13
開通會員卡,13
價目表,13
帳戶屬,13
之紀錄,13
外交官,13
亟需,13
填妥,13
研判,13
筆盜,13
要問,13
頭承諾,13
免運,13
不過當,13
輔導,13
劣質品,13
一長,13
一無所,13
操作方法,13
只賣,13
我陷,13
國泰網,13
存取,13
黑金,13
還債務,13
十幾次,13
過幾分鐘,13
全服,13
帳號還,13
八張,13
並致,13
傳購,13
包購,13
之人要,13
雙方洽,13
超商點,13
來要,13
花開,13
稱家裡,13
特徵,13
職人員,13
路竹,13
網銀一,13
開視訊,13
賣家確,13
涉案人,13
金額實,13
時該,13
詭計,13
稱張,13
林林,13
投資將,13
碼供,13
然後又說,13
何處,13
卑劣手段,13
丟到,13
販售楓,13
並簽立,13
人員並,13
銷售員,13
電信行,13
十九日,13
人往,13
免經驗,13
關店,13
著領,13
還充,13
買線,13
找幣商,13
本子,13
這三萬元,13
很慘,13
水杯,13
核銷,13
土耳其,13
索求,13
李經理,13
滿誠懇,13
封鎖且,13
子公司,13
豐門市,13
變了樣,13
內能,13
證就,13
塑膠袋,13
他關,13
號等,13
寶店,13
中埔鄉,13
收貨並,13
隨後又傳,13
辨別,13
程宇,13
一新,13
刷下去,13
購買抖,13
詢資料,13
信其言,13
先由,13
攜手,13
每單,13
新款,13
襲來,13
然後陸續,13
機了,13
太會演,13
販賣訊息,13
裝忙,13
榮總,13
音名,13
募資,13
日先匯,13
出自,13
小本生意,13
壓迫,13
辦妥,13
意先,13
快感,13
六十元,13
反面,13
仍難,13
開後發現,13
惟發現,13
受影響,13
留著,13
超商內,13
將這個,13
踏車,13
俊傑,13
臨櫃詢,13
事後一查,13
這不會,13
此項,13
貨幣商,13
機前,13
號裡,13
渾然,13
轉戶,13
前後兩次,13
下申,13
收貨時,13
有效性,13
有金額,13
某暱,13
無法出,13
萬來,13
籌款,13
福國,13
張志明,13
事發,13
非正常,13
借錢來,13
包金,13
這極,13
轉入幣,13
用電子,13
釣蝦,13
專員進,13
辦法會,13
賠付,13
期權,13
地依,13
並且後續,13
萬元入,13
願參,13
源頭,13
搜尋結果,13
優點,13
額時,13
方便使用,13
群聊,13
早點察覺,13
小資族,13
壽險,13
那類,13
展望,13
稍不留神,13
全收,13
打電話詢,13
無比震,13
茶几,13
帳號轉,13
點及,13
投資產品,13
毫無關,13
金大獎,13
人員態度,13
遮蔽,13
小萱,13
小孩子,13
及訊息,13
張點數,13
意購,13
超幸運,13
過該,13
僅以,13
導致訂,13
審核費,13
健身器材,13
完個,13
某金流,13
帳號驗,13
乾坤,13
救人,13
實驗室,13
他匯,13
法領,13
飛快,13
繳會,13
元去,13
許會,13
有的是,13
金退,13
錢進,13
聯國際,13
贈物,13
領保險,13
對門票,13
隨意轉,13
群體,13
東西到,13
外資,13
已經夠,13
當我後續,13
號供,13
原料,13
經網友,13
困苦,13
幾輪,13
商標,13
隨後犯,13
證後始,13
慣性,13
總起,13
豐收,13
北京,13
老鼠,13
認資金,13
便轉,13
藥局,13
職手續,13
加罰,13
高空,13
益途,13
本利,13
帳目,13
貨後再,13
肆無忌憚,13
四百元,13
保險業務,13
白金,13
做並,13
結後加,13
至關,13
口述,13
挫敗,13
難題,13
並成,13
醒目,13
現領,13
情降,13
地政士,13
室內,13
上聲,13
上觀,13
軟體並,13
成行,13
配編,13
示好,13
刪文,13
之後暱,13
交收,13
憤地,13
投資界,13
雙雙,13
獲利達,13
沒訂,13
核驗,13
然後開,13
涼到,13
隨後雙方,13
資金換,13
金能,13
內容並,13
念念,13
二去,13
本來還,13
抽盲,13
金出,13
不匯,13
以台,13
案給,13
重影,13
自租,13
營收,13
卡交,13
神岡區,13
明輝,13
有代購,13
面加,13
多相,13
幼兒園,13
之後叫,13
電信費,13
門諾,13
輪到,13
講堂,13
開車載,13
我東,13
證未,13
走近,13
號有,13
牽連到,13
單次,13
仍有,13
紅茶,13
子凌,13
兩次將,13
搜尋賣家,13
切割,13
中門市,13
方自稱,13
林思琪,13
三越,13
不租,13
投資以,13
給我發,13
連聲,13
出要,13
凱莉,13
洋洋,13
內信,13
繳卡費,13
盜刷者,13
信訊息,13
盜來,13
該次,13
承佑,13
星幣,13
我事後發現,13
丟棄,13
民生,13
獎金為,13
一記悶,13
車位,13
打官司,13
立體,13
和頭,13
董藝雅,13
兩期,13
惟事,13
時見,13
成空,13
生警覺,13
中標,13
訂過,13
組會,13
必中,13
張至,13
防治法,13
買家購,13
慧婷,13
戶口,13
之新,13
已變,13
若懷疑,13
進步,13
被關,13
銀行系,13
高報,13
現有,13
處接,13
傳票給,13
給身邊,13
續群,13
始得,13
當投資,13
皮賣,13
字給,13
餘萬元,13
二十九,13
帳金額,13
國泰證券,13
一個求,13
玫瑰,13
周密,13
柔和,13
首席,13
然後才,13
人個,13
自電話,13
說怕,13
過好,13
臉書帳,13
故覺,13
明哲,13
劑師,13
行間,13
出院,13
賠金,13
故有,13
張錫恆,13
研習社,13
拘票,13
回放,13
號來,13
切結書,13
羔羊,13
經在網,13
取獎,13
安逸,13
幾經,13
幫助過,13
小叔,13
特別記,13
故依,13
物超所值,13
太多人,13
時過,13
悄然,13
迷茫,13
低谷,13
晴空,13
因平時,13
活絡,13
定性,13
並處理,13
裝熟,13
單裡,13
天內會,13
個禮,13
萬對,13
香山,13
換號,13
需額外,13
當我問,13
預估,13
滑個,13
排氣,13
蔣欣,13
三區,13
張文忠,13
用綠界,13
感到悔恨,13
聯上線,13
出租屋,13
時始,13
新興區,13
分臨櫃,13
全給,13
電話並,13
小公舉,13
隨後自稱,13
總獲利,13
音像,13
冠霖,13
面細節,13
完後再,13
師來,13
沒傳過,13
並於今,13
萬點,13
侮辱,13
像樣,13
很動心,13
明珠,13
談天,13
壞事,13
幸運福袋,13
剝削,13
換手,13
小柒,13
轉存,13
他報,13
周秉辰,13
我代辦,13
天佑,13
特惠,13
輔導員,13
收售,13
然後又介紹,13
傳奇,13
行期,13
樹精靈,13
能動用,13
行遠,13
這兩家,13
緊逼,13
萊恩,13
異上,13
趕緊致,13
九十八,13
中發現,13
月繳,13
百五十,13
剛過,13
深度,13
這顆,13
地成,13
兩空,13
祥鴻國際,13
智匯,13
細算,13
遭其,13
廣告給,13
南山,13
忠孝路,13
夕陽,13
會上,13
最後的驗證,13
抓捕,13
裡無聊,13
安利,13
一倍,13
嘉義高,13
小到,13
竣達,13
外款,13
遭暱,13
這運氣,13
保票,13
搶先,13
裝設,13
水費,13
存股,13
將裡面,13
數卡號,13
蔡董,13
星鏈,13
結算員,13
出行,13
經歷給,13
蔡志強,13
彬彬,13
幣及,13
此經歷,13
蒜頭,13
惋惜,13
折現,13
信宇,13
看台,13
文茜,13
並謹慎,13
維生,13
海裡,13
普羊,13
詳閱,13
秋宏,13
之旅,13
綠洲,13
謹慎應,13
但千萬,13
形形色色,13
尼尼,13
錢購,13
超慘,13
自作自受,13
奉還,13
駛得,13
參加額,13
春旺,13
聲音裡,13
阿倫,13
宏遠,13
浪潮,13
不僅會,13
犯罪分子,13
林知意,13
職務通,13
更高額,13
灰暗,13
陰謀,13
笨到,13
阿軒,13
辛勤,13
周文彬,13
小乖,13
李品潔,13
蔡欣彤,13
哭泣,13
衝昏,13
群組時,13
郭哲榮,13
毛箱,13
將會成,13
漫著,13
滴血,13
虛假訊息,13
蔣義南,13
付達,13
火星塞,13
傻氣,13
下凡,13
午後陽光,13
阿家,13
肉包,13
枯燥,13
持家,13
徐若茹,13
勤儉,13
太高興,13
許世華,13
阿一,13
起來帳,12
出路,12
無法查,12
私底下,12
寄貨給,12
中自稱,12
新紀元,12
搜尋後發現,12
電子琴,12
分之間,12
語給,12
少許,12
連結千萬,12
證真偽,12
碼傳給,12
人員不斷,12
許對方,12
組碼,12
號名,12
引進,12
罪犯,12
服務為,12
少額,12
幾天後銀行,12
乾淨淨,12
發寒,12
要當,12
有金流,12
聽嚇,12
不聞,12
將手機,12
出生,12
數驗證,12
限台灣,12
開光,12
組隊,12
能代為,12
這中間,12
來安撫,12
經給,12
錢驗證,12
戲虛,12
這輛車,12
某場,12
太惡劣,12
上訂,12
經快,12
進行諮詢,12
王姓,12
心安,12
作為驗,12
湊滿,12
偏低,12
未照,12
並做,12
年份,12
還準備,12
錢後會,12
行者,12
文廣告,12
單狀態,12
我觀,12
談成,12
載明,12
口紅,12
問我想,12
稱入,12
出金要,12
更頻,12
五號,12
礦石,12
事代購,12
對會,12
空話,12
沒懷,12
錢分,12
比損,12
還一,12
租售,12
跟裡面,12
認識詐,12
雙方要,12
山竹,12
用光,12
另加,12
賣動,12
若不照,12
直氣壯,12
人難,12
故透過,12
小許,12
翻修,12
好買家,12
反倒,12
故點,12
錦程,12
掛完,12
桌上型,12
絕並,12
看覺,12
四星,12
流浪,12
奶嘴,12
原來網,12
轉發給,12
機會並,12
終不見,12
兩次轉,12
發問,12
操弄,12
葡萄,12
用字,12
人員建議,12
最後總共轉,12
帶有,12
但個資,12
一買家,12
不差,12
繳交訂,12
盜轉,12
裡被,12
只付,12
元大證券,12
百出,12
繳學費,12
進同樣,12
浴室,12
會進,12
大撈家,12
霏霏,12
全聯禮券,12
命中,12
浩然,12
口味,12
兩難,12
已達,12
這廣告,12
會凍結,12
幣近,12
隨後趕,12
還有後續,12
方通,12
登山,12
還過,12
完還,12
一開頭,12
網頁給,12
因不疑,12
並稱後續,12
這把,12
之後照,12
異常要,12
要不是,12
最難,12
未來會,12
兩日,12
歡歡,12
誠懇且,12
總共遭,12
初一,12
之冷錢,12
往生,12
新聞裡,12
你點,12
搜尋關,12
可販售,12
招待所,12
須要,12
沒變,12
接著頁,12
語音教,12
寄現,12
電確,12
以視訊,12
字療師,12
地分,12
財有,12
將假,12
單遭,12
單頁,12
最後驗證,12
包一看,12
願意用,12
可轉,12
開包裝,12
場合,12
假賣票,12
選一個,12
扶持,12
結單,12
補幣,12
請點,12
提成,12
洪專員,12
臉書發,12
動手,12
九十九,12
補差額,12
見解,12
轉折點,12
總行,12
改回,12
悄無聲息,12
還沒下,12
續還,12
盤點,12
小獎,12
保證門票,12
喝咖啡,12
幣托購,12
來驗,12
難以平,12
並隨時,12
相近,12
渠便,12
包商,12
小幸,12
然後等,12
迷失,12
認訊息,12
獲利曲線,12
大幸,12
已轉,12
三缺一,12
和平路,12
來進,12
牽車,12
貨會,12
當金額,12
婉婷,12
變為,12
故決定,12
對方時,12
之後當,12
房型,12
超額,12
方正,12
得分,12
並藉,12
以點數,12
部份,12
計價,12
我永豐,12
假賣場,12
特地回,12
還顯,12
現金共,12
六十九,12
抵抗力,12
偵破,12
接連轉,12
某國際,12
方便面,12
總計匯,12
桌遊,12
物語,12
幾天後對,12
菸酒,12
視訊驗證,12
元後才,12
柏元,12
因訂,12
證據並,12
強調現,12
著門票,12
終於買,12
所設,12
續持續,12
林恩佑,12
公益金,12
用寄件,12
能加,12
原名,12
某時,12
並諮詢,12
節能,12
前後後竟,12
路向,12
方藉,12
方供,12
經繳,12
放上,12
白不試,12
叮嚀,12
人曬出,12
太深,12
喪事,12
其煩,12
培育,12
禮服,12
給專員,12
轉一,12
因系,12
統升級,12
自證金,12
事後致,12
五位,12
異受,12
親密關,12
神尊,12
偵訊,12
分隊,12
客源,12
螃蟹,12
雲朵,12
直衝,12
沒加,12
調理,12
代言人,12
只花,12
資金運用,12
並入,12
林語,12
日為止,12
幫忙點,12
前後後投,12
時給,12
小號,12
全盤,12
過神,12
隨後即,12
整齊,12
指導購,12
一發,12
方講,12
共買,12
空無一人,12
拍點,12
再生,12
六十四,12
源鳴,12
貨車,12
還沒處,12
吃個,12
超級後悔,12
真不該,12
觸發,12
很合,12
頭頂,12
問身邊,12
外代,12
地契,12
先處理,12
古物,12
銀色,12
遂將,12
沒暈,12
痛哭,12
免費書籍,12
下將,12
付一筆,12
隨後一個,12
賣家會,12
買藥,12
發獎,12
潮玩,12
餐費,12
在案,12
內文,12
極易,12
會持續,12
以開通,12
一不注意,12
報為,12
先小試,12
恆春,12
以解,12
亡羊,12
補牢,12
幾塊,12
最後人間,12
方多,12
會幫,12
獲該,12
方後對,12
裡一慌,12
很久以前,12
經員,12
保補助,12
卡會,12
糾纏,12
終決,12
繼續給,12
自知,12
指點,12
共三筆,12
換回,12
吸睛,12
整場,12
萬港幣給,12
開盤,12
資金入帳,12
還放,12
沒答,12
無幾,12
人脈,12
捍衛,12
並勸,12
最多,12
偽稱,12
對愛情,12
他訊息,12
新規定,12
銀幣,12
人確,12
以物,12
選了,12
金共新,12
多處,12
黑字,12
企畫,12
在此之前,12
機票費,12
之點數,12
白痴,12
將所謂,12
岡山區,12
還心,12
經無力,12
還沒達,12
經難,12
寫下,12
老本,12
點將,12
隱藏號,12
報出,12
上漲,12
志明,12
主動點,12
買動漫,12
幫忙代儲,12
主嫌,12
畫面還,12
遙遠,12
法親,12
匯去,12
閃電,12
分先,12
共匯出,12
時裝,12
隨後撥,12
最後用,12
解密,12
屋頂,12
寄來給,12
問後續,12
托運條,12
並報告,12
堂妹,12
文文,12
先上,12
服飾店,12
萬華,12
惟其,12
過認證,12
費會,12
推卸,12
學乖,12
思怡,12
進行個,12
接管,12
恐遭,12
重機車,12
人虛擬,12
以類,12
新世界,12
還裝模,12
瑞士,12
雙方有,12
先點,12
不交貨,12
車廂裡,12
全無,12
性別,12
張雅雯,12
芒果,12
自動化,12
粉色,12
異且,12
劉媽,12
還開口,12
踏出,12
一無,12
聲請,12
訊號,12
個案,12
購物務必,12
跟存,12
外寄,12
水落石出,12
事已至此,12
這幾筆,12
台灣區,12
還填,12
經營店,12
幾顆,12
處心,12
積慮,12
用空,12
當要,12
購費,12
這號,12
商學院,12
我的車,12
遭殃,12
裡儲值,12
臉書群,12
當我越,12
合會,12
年合會,12
零用金,12
沒人來,12
然後輸入,12
轉還,12
番茄,12
金申,12
澳幣,12
可售,12
還有線,12
自創,12
飛行員,12
富足,12
須請,12
遊戲代儲,12
該帳,12
過卡號,12
購屋,12
經理聲,12
問匯款,12
按到,12
旅行箱,12
還會額,12
操虛擬,12
處理詐,12
卡全,12
來作,12
晨星,12
給渠,12
著無奈,12
歌區,12
方去,12
先補,12
卻還,12
還親切,12
六百元,12
高中生,12
秘約,12
璀璨,12
但給,12
過去給,12
共三張,12
項始,12
回絕,12
佳琳,12
還聯絡,12
查過,12
四十六,12
自我安慰,12
正有,12
得還,12
皮線,12
完表單,12
社工,12
說裡,12
其戶頭,12
清風,12
自名,12
合成,12
以當面,12
因時間,12
唆使,12
整張,12
貼文有,12
方且,12
行號,12
購物千萬,12
首選,12
經濟部,12
加一,12
依買家,12
自豪,12
新會員,12
詳填,12
錢應,12
傳個,12
用小額,12
對方後來給,12
獲利後再,12
給暱,12
消防,12
一筆費,12
升高,12
現狀,12
降價,12
打仗,12
薰衣草,12
錢能,12
代碼給,12
不說,12
派送,12
組以,12
很聰明,12
十五分,12
搜尋網,12
火哥,12
意味著,12
優勢,12
由此,12
困住,12
總共在,12
標明,12
假扣押,12
賺個,12
轉取,12
尋覓,12
區東,12
並須,12
方所傳,12
方來電,12
認證用,12
辦理後續,12
急救,12
詐騙常,12
販售貓,12
情趣,12
總共三萬元,12
將車輛,12
點選廣告,12
未遭,12
交互,12
他個,12
要告,12
四千五百,12
失時,12
傳銀行,12
貨及,12
嘴巴,12
取到,12
證後確,12
至尊,12
須購,12
投資千萬,12
經常會,12
晚些,12
隨後又稱,12
分會,12
並於電話,12
人頓,12
沒有訂,12
帳訂,12
駕車,12
入社,12
戲寶物,12
我才剛,12
體驗金,12
人手不足,12
號我,12
警備隊,12
遞給,12
程太,12
火辣,12
必親,12
超弱,12
嘉軒,12
知詐,12
以至,12
別為,12
同仁,12
金進,12
無數次,12
問關,12
撒嬌,12
我若要,12
投資大,12
超商前,12
郵政銀行,12
之序號,12
日點擊,12
貨不對,12
永續,12
一通通,12
人到,12
外服,12
當月,12
氣篤定,12
親友確,12
交流中心,12
之後詢,12
口口,12
日有個,12
市用,12
冷清,12
卡裡面,12
最愛的,12
需由,12
印花,12
有太多,12
經以,12
三台,12
一環扣,12
溺水,12
違規行,12
網際,12
怪怪,12
思敏,12
將舉,12
勇氣來,12
金準,12
轉話題,12
我解,12
證後,12
昏腦脹,12
就夠,12
多一個,12
富人,12
達幣,12
會場,12
盤子,12
他會給,12
水電工,12
人傳,12
有簽,12
故後續,12
筆遭,12
地利,12
顯著,12
小遊戲,12
按件,12
往事,12
處理類,12
要民眾,12
必多加,12
某段,12
開支,12
貸關,12
熱愛遊戲,12
並於通,12
張雅婷,12
密碼予,12
還天,12
字母,12
搜尋對方,12
翹班,12
多用,12
準備給,12
防水,12
意給,12
文欲購,12
筆貨款,12
永昌,12
好處,12
個連,12
因為換,12
貓宅,12
車隊,12
及金額,12
稱其為,12
星期六,12
項驗,12
一舉,12
過渡,12
落實,12
酬率,12
秋雨,12
超怪,12
就醫,12
管理部,12
分私,12
上稱,12
叮噹,12
加急,12
發貨給,12
情真意切,12
並願意,12
帳後會,12
我許,12
主導,12
約過,12
金活動,12
金方,12
得牙癢,12
著幫,12
未達標,12
這很有,12
金屋,12
之後會將,12
投資數,12
還的,12
號加,12
春風,12
稱過,12
他剛,12
於幣,12
中華郵局,12
阿毅,12
漂漂亮亮,12
正待,12
四十七,12
兌匯,12
還辦理,12
致訂,12
故該,12
源源,12
幫幫,12
警時,12
去世,12
暴漲,12
千萬元,12
玩個,12
公投,12
棘手,12
伸港,12
小古,12
詢價,12
我證,12
陪酒,12
充幣,12
日見,12
咖啡杯,12
百達,12
信安,12
失血,12
看著訊息裡,12
伎倆,12
絕不輕易,12
擴展,12
前後後總共匯,12
保資金,12
不定期,12
築夢,12
小妹,12
私訊來,12
網銀密,12
將電子,12
太達幣,12
真理,12
硬是,12
核心,12
引人注目,12
作出,12
還不放過,12
短夾,12
華航,12
老天,12
平常人,12
盜刷行,12
接踵,12
便馬上,12
本尊,12
歌聲,12
轉加,12
十字,12
這瓶,12
人進,12
股市行情,12
內張,12
週五,12
證下,12
哄抬,12
存一筆,12
參加線,12
喬喬,12
小志,12
明德,12
回傳購,12
獲利快,12
放至,12
蒸蒸日上,12
有助,12
手術費,12
以色列,12
圖詢,12
給連結,12
貸款並,12
工單,12
不影響,12
播放器,12
王卡,12
四路,12
人且,12
六十三,12
超愛,12
證來,12
宅地,12
站將,12
會滑,12
試水,12
轉動,12
查金流,12
高台,12
小芸,12
花旗,12
科圖,12
可至,12
小博,12
南海,12
繳納解,12
問購票,12
現金來,12
數卡序,12
方到,12
之富邦,12
承諾穩,12
太原路,12
並損失,12
填補,12
邀進,12
傻住,12
沒確,12
撥電話,12
填輸並,12
平衡,12
猜中,12
就換,12
還表現,12
當面給,12
條文,12
這才終,12
內氣氛,12
帳後再,12
這服務,12
鐵站,12
我裡面,12
特來,12
不花,12
徵廣告,12
意识,12
人出,12
七龍珠,12
獲利計畫,12
芳瑜,12
訂金來,12
惟今,12
林嘉怡,12
宗柏,12
楊麗娜,12
商營業員,12
終於發現,12
經夠,12
日詢問,12
社福,12
冬天,12
林侑,12
蔡依林,12
氣溫,12
最大化,12
調該,12
張誠安,12
只不過,12
世界各地,12
中興路,12
獎金能,12
朋友圈,12
金額將,12
小蜜蜂,12
當錢,12
這一教訓,12
商新,12
小娃,12
夢工廠,12
我習,12
錢途,12
想不通,12
阿彥,12
空歡,12
尼斯,12
實戰達,12
萬年,12
富崴,12
謝專員,12
擊潰,12
二社,12
靈性,12
葉雅慈,12
開關,12
漏氣,12
全罩,12
尊爵,12
行路,12
小鐘,12
積攢下,12
嘉信,12
掌機,12
自由人,12
貳獎,12
機傳,12
地來,12
還編造,12
硬地,12
靈犀金,12
裕利,12
應多加,12
重錘,12
大一個,12
寒冬,12
早睡早起,12
神不知鬼,12
徐德凱,12
撫平,12
事後報案,12
德隆,12
地扎進,12
匯立後線,12
解鎖款,12
訊息裡頭,12
鑽金貸,12
樂享,12
防範此,12
楊宜臻,12
挫敗感,12
葉佳,12
進鏞,12
銘順,12
巧舌如簧,12
思穎,12
孤身一人,12
咄咄逼人,12
柴米,12
油鹽,12
閱歷,12
五十九,12
技術工,12
老兄,12
看着,12
窗簾灑,12
批改,12
化學,12
老太太,12
中通,12
還通過,12
尹詩,12
蘇慧玲,12
呂女,12
楊東諺,12
彭志偉,12
郭松壽,12
周杰倫粉,12
葉泓佐,12
鄭明修,12
小閔,12
怒氣,11
八十五,11
著別,11
筆記本,11
方避,11
特至本,11
雨桐,11
之後手機,11
個會,11
運單,11
二度,11
隨著後續,11
將黃金,11
獲利來,11
車載,11
並登錄,11
保證絕,11
幻影,11
人員主動,11
一劫,11
課時,11
脫單,11
單才,11
裡超,11
蠻有,11
帳號詢,11
幣發,11
更痛,11
地私,11
畢後對方,11
從假,11
藏著詐,11
相當常見,11
三國志,11
幫人代購,11
國際牌,11
分在統,11
不問,11
隨後又說,11
回心,11
竹聯林,11
還笑,11
再由幣,11
上主動加,11
之後人,11
仙人跳,11
會員系統,11
簽售,11
有別,11
商寄貨,11
聊完,11
這三張,11
裝飾,11
嘉豪,11
人輪番,11
時系統,11
開無卡,11
球員,11
騎虎,11
難下,11
變頻,11
出貨前,11
眼睜睜地,11
甜柿,11
加取,11
商並,11
來省,11
變好,11
會親,11
糟透了,11
騙始,11
按著,11
變換,11
傳截,11
決經濟,11
品蓉,11
女網,11
臉皮,11
多步驟,11
國棟,11
李玉芬,11
渠購,11
藉以,11
很實,11
短劇,11
享用,11
談心,11
嘉祥,11
戀曲,11
承諾給,11
對類,11
繳費條,11
之後去,11
曉芸,11
妥當,11
尋貸款,11
投資假,11
單確,11
大數目,11
保證費,11
地流,11
十五日,11
六十一,11
去換,11
將透過,11
依次,11
覺得樣,11
說虛擬,11
快查,11
增高,11
一萬零,11
錢始終,11
出約,11
收藏迷,11
殘障,11
取新,11
朱家,11
優惠票,11
細說明,11
因金,11
納新,11
通訊群,11
漫海報,11
連驗,11
稱見,11
感越,11
這組驗,11
住宅,11
發芽,11
寂靜,11
手模,11
手臂,11
證金回,11
寫明,11
承受不住,11
分撥,11
有系統,11
雙方達成,11
煙彈,11
點該,11
棄單,11
練習,11
妥要,11
九九,11
結果後面,11
李李,11
某月,11
網銀資訊,11
先稱,11
這全,11
快九點,11
前途,11
購詐,11
今後必須,11
確保見面,11
某通訊,11
日約定,11
看電影,11
肌膚,11
收訂,11
有件,11
沒打,11
資資金,11
三千五百,11
購物平,11
先請,11
之後竟,11
出資料,11
證券行,11
補到,11
項領,11
銀行還,11
還查,11
裡申,11
顏澀,11
臉書詐,11
阿澤,11
氣轉,11
稱必須,11
解除管制,11
宛如,11
三樣,11
我遊戲,11
蒙騙,11
願以,11
轉點,11
將協助,11
完馬上,11
七萬多塊,11
幫過,11
槍枝,11
結金額,11
對方透,11
還叮囑,11
幣轉進,11
給完,11
遵照指示,11
印有,11
通金,11
現金買,11
隨後又以,11
購物頁,11
感到痛心,11
零花,11
編輯,11
互送,11
上表,11
化作,11
我核,11
要訂,11
沒解,11
到類,11
送樂高,11
提了,11
人領,11
地嘗試,11
商討購,11
我計劃,11
陸續轉,11
一萬二,11
包好,11
會時,11
遠比金,11
波波,11
失郵局,11
當帳,11
臉書有,11
還答,11
問行員,11
我身,11
專員態度,11
想升級,11
雖感,11
剩一個,11
以電子,11
萬元款,11
我交給,11
方現,11
越心,11
真是假,11
漏水,11
連累,11
嫂嫂,11
正開,11
假電商,11
電郵,11
且會,11
連結及,11
筆運費,11
還越,11
然無存,11
湧入,11
天晴,11
並轉進,11
財產證明,11
講著,11
組點,11
人轉,11
含有,11
資訊匯,11
做匯,11
當我開,11
日送,11
三瓶,11
咕卡,11
漸進,11
超吸睛,11
購買及,11
逛逛,11
越盾,11
先退,11
剩餘新,11
轉到幣,11
救濟,11
風控金,11
發軟,11
我太過,11
仿得,11
商相約,11
結尾,11
擔保費,11
辦得,11
帶到,11
人主頁,11
來換,11
包買,11
還詢問,11
完點,11
過久,11
前後共損,11
毫無進展,11
人在問,11
備用,11
天後會,11
握有,11
每一,11
林森,11
資都,11
卡比,11
以解鎖,11
連門票,11
商要,11
帳頁,11
蠟燭,11
一派,11
我會用,11
遞網,11
但卡,11
心驚,11
給序號,11
買手,11
小紅書號,11
異常訊息,11
任務並,11
經其,11
學生證,11
無敵,11
頻傳,11
追款,11
入金到,11
風暴,11
方話,11
費用給,11
然後請,11
營位,11
六位,11
通詐,11
還取,11
工錢,11
拿回去,11
獲利中,11
幾期,11
都絕,11
給郵局,11
日致,11
預留,11
志宏,11
對方極,11
未付,11
負起,11
就分,11
照著網,11
按門鈴,11
人在網,11
共遭,11
國華,11
進修,11
鐘前,11
心臟狂,11
並多,11
不相干,11
幫戰堂,11
家教,11
相談勝歡,11
卡帶,11
離財富,11
幾次點,11
皮去,11
五星,11
及訂,11
瑩瑩,11
人員幫,11
動漫迷,11
牌子,11
臉書遊戲,11
群組來,11
貨物會,11
派人來,11
改時間,11
帳戶訊息,11
專員電話,11
時心頭,11
戰記,11
回購,11
正牌,11
聊虛擬,11
組來,11
廣告加,11
經少,11
喚醒,11
之後聯絡,11
常在,11
便答,11
元加,11
平穩,11
浮出,11
學姊,11
發哥,11
完後便,11
拍明,11
基督教,11
繳交運費,11
轉證明,11
美學,11
快十點,11
小吃店,11
拍拍,11
省錢,11
深不見,11
備份,11
出生日期,11
儲值款,11
驗證款,11
並表達,11
臉書求,11
剛傳,11
收服,11
受庭,11
可享,11
應繳,11
按部就班,11
遇事,11
對方在網,11
重辦,11
場地,11
勸阻,11
六萬多,11
暫存,11
將多,11
結狀態,11
連票,11
會聯絡,11
方遊戲,11
玩楓,11
機看,11
放人,11
不足以,11
活動前,11
暗暗,11
用品店,11
繪圖,11
電表,11
決資金,11
三筆款,11
等驗證,11
入金至,11
費送,11
依貼,11
轉出給,11
其下,11
專人代操,11
要證,11
代專屬,11
觸過,11
太難過,11
做業績,11
多花,11
最後由,11
團長,11
童書,11
菜市,11
亂鬥,11
張價值,11
過長,11
二日,11
方行,11
棺材,11
方教導,11
回頭問,11
並驗證,11
審核費用,11
資訊裡,11
遊艇,11
幫忙代匯,11
易物,11
接著購,11
即便如此,11
始建,11
掛了,11
剔除,11
新幣,11
小太陽,11
不誠實,11
中賣家,11
還是給,11
談價,11
優惠廣告,11
八十二,11
資金作,11
事後無法,11
誤把,11
支架,11
清路,11
火器,11
高到,11
有辦,11
對方供,11
貨運司,11
選物,11
具說,11
結予,11
匯款予,11
太陽能,11
及虛擬,11
結論,11
爆倉,11
業務時,11
先後買,11
沒幫,11
我懷,11
清標,11
月亮,11
透天,11
當個,11
換算下,11
並假,11
臉辨識,11
公園裡,11
許民,11
裝上,11
然後傳來,11
二十三日,11
不盡快,11
儲值並,11
點網,11
會到貨,11
林俊浩,11
補交額,11
千美元,11
調若,11
多不多,11
建國路,11
開整,11
不准,11
元賣,11
這令,11
引用,11
並不大,11
卡寄來,11
許可證,11
原約定,11
中曾,11
焦躁,11
或來,11
預防詐,11
精品店,11
噗幣,11
丟失,11
連聯絡,11
數值,11
還盜,11
來門檻,11
聊著聊,11
那點,11
稀裡,11
認證且,11
兩者,11
飲水機,11
卡詐,11
和網,11
七千五百,11
保不住,11
回不去,11
筆鉅款,11
寄錢,11
泥足,11
通銀行,11
機用,11
抵達約定,11
面連結,11
運服務,11
故僅,11
本日,11
兩次面,11
估價單,11
無該,11
同志,11
多顆,11
不依,11
決時,11
故點入,11
以詐術,11
並預,11
稱婷,11
誕禮物,11
然因,11
資金至,11
用來驗證,11
簡訊時,11
著學習,11
機小額,11
報時,11
這一個,11
還高達,11
因郵局,11
組虛擬,11
郵資,11
假行員,11
小手,11
完運費,11
我無奈,11
劇裡,11
圖書館,11
當媽,11
最親,11
如意,11
輸贏,11
並可參,11
洋蔥,11
無來,11
被拉入,11
了數,11
錢夠,11
予詐,11
同為,11
話術來,11
欲售,11
關站,11
登記處,11
詢銀行,11
買家會,11
確為,11
販售手,11
阿賢,11
騙紀錄,11
中等,11
勾搭,11
拆售,11
這次換,11
梳子,11
人大,11
移動,11
郵箱,11
大夢,11
分領,11
拉拉,11
帳有,11
方為何,11
未收,11
市場價,11
高嘉煒,11
當勞,11
行囊,11
漲跌,11
組給,11
補資金,11
突破口,11
還資金,11
未遂,11
周旋,11
誠澤,11
辦業務,11
偷拍,11
阿森,11
郵銀簿,11
還設定,11
組裡發,11
驗證後會,11
一則線,11
連連,11
超甜,11
張育豪,11
齊心,11
小雪,11
隨手點,11
假名,11
隨後才,11
便委,11
自暱,11
之人傳,11
來察覺,11
招財,11
查證後始,11
重試,11
資金參,11
時內,11
音譯,11
傳輸,11
有來,11
中傳,11
一方,11
出奇,11
密碼並,11
立新,11
經員警,11
開始心,11
包裝下,11
傳通訊,11
若無法,11
初訂,11
轉的,11
總共一萬,11
最後我終,11
過網路,11
中手,11
難忘,11
名義讓,11
丟下,11
上門來,11
當我上,11
酒師,11
魚訊息,11
手忙,11
施以,11
先辦理,11
幾步,11
著傳,11
繳貸款,11
遺產稅,11
黎明,11
琳瑯,11
發一則,11
金錢損,11
分別轉,11
沒風險,11
會員資訊,11
贊助商,11
許獲利,11
我賴,11
衝浪,11
稍早,11
團員,11
用賴,11
被害者,11
總機,11
需在,11
國小同學,11
衝上,11
異鄉,11
一失,11
朵朵,11
超會,11
這一騙,11
厄金,11
會員帳,11
日過,11
並不太,11
事後和,11
欺洗,11
點數共新,11
中下,11
徵兼職,11
以金,11
剪刀,11
書訊息,11
大打折扣,11
因中獎,11
張怡婷,11
中說,11
一交貨,11
地點面,11
交卡,11
神殿,11
稱僅,11
失手,11
盜圖,11
電鑽,11
兩份,11
迫切需要,11
工號,11
上掛,11
現行,11
手機訊息,11
用點數,11
財損失,11
第三者,11
內人員,11
機房,11
冠綸,11
有銀行,11
並至本,11
經變,11
鵬程,11
完後發現,11
方給予,11
方國,11
真至,11
錦繡,11
資金卡,11
騙共計,11
剛給,11
全明星,11
並聽信,11
商前,11
某則,11
或用,11
人幣,11
遮住,11
奶茶,11
一為,11
並依約,11
取分,11
煙火,11
親自問,11
億和國際,11
從該,11
日開,11
對方此,11
給我上,11
加錯,11
現在還,11
批發商,11
網銀進,11
阿超,11
再延,11
密給,11
楓葉,11
機師,11
高速,11
事後始,11
中用,11
數雲,11
假房,11
始表現,11
一詐,11
無緣,11
資產證明,11
虛幣,11
確保不會,11
前後轉帳,11
那訊息,11
少用,11
吉米,11
金領,11
都轉,11
這次經,11
全部封,11
勾起,11
拖下水,11
將中國信,11
仍不斷,11
內點,11
然在,11
然後傳給,11
點下,11
善緣,11
三宅,11
山海,11
存至,11
綁架,11
載客,11
日後要,11
是員工,11
有板有眼,11
總資產,11
稱戶,11
耀眼,11
照其,11
車庫,11
坐牢,11
古代,11
並不順利,11
哪支,11
毫無風險,11
可錢,11
淘金,11
熬夜,11
選進,11
金融信息,11
記該,11
號傳,11
匯報,11
購買貓,11
補一,11
獎金給,11
失良機,11
文之人,11
介紹幣商,11
神桌,11
官會,11
字裡,11
剛付,11
況下,11
信號,11
證便,11
我妹,11
乾兒子,11
投資千萬要,11
因轉,11
寶一樣,11
柏瑞數位,11
地加碼,11
還順,11
機軟體,11
看廣告,11
旗山,11
我詐,11
急轉,11
直下,11
有色,11
說轉,11
匯予,11
李浩,11
最後步,11
神聖石,11
並熱心,11
待售,11
劉經理,11
張舜澤,11
過頭,11
歐巴資產,11
濱崎步,11
方欲,11
神話,11
投資遊戲,11
刺穿,11
之後會給,11
順利地,11
他案,11
影都,11
沒壞,11
行員來電,11
卡丁車,11
籌資,11
雄哥,11
人麻煩,11
因為過,11
很嚴,11
自選,11
夢想家,11
導我,11
賣行,11
研究室,11
皮球,11
機有,11
人面,11
群組並,11
包來,11
調查局,11
西瓜,11
越發,11
金額轉,11
看虛擬,11
對方話鋒,11
文心,11
網友林,11
換電話,11
證人,11
偉的,11
意以,11
張清,11
越頻,11
軟糖,11
這年,11
月給,11
小聊,11
砂機,11
連所謂,11
這兩款,11
地檢署監,11
怡靜,11
還須,11
將投資款,11
超怕,11
獲利還,11
考驗,11
新平,11
相助,11
我姐,11
不起眼,11
骨子,11
轉折來,11
急件,11
輝煌,11
由暱,11
阮蕙慈,11
旗艦店,11
網速,11
鬧劇,11
家小,11
群益,11
不敢想像,11
苦惱,11
亂信,11
網路查,11
地滑著,11
時匯款,11
集勢,11
部會員,11
派車,11
那幾個,11
一代,11
理賠,11
裡以,11
士元,11
投資須,11
還加碼,11
回過頭,11
林文華,11
王民,11
富士山,11
發熱,11
上訊息,11
鑫鴻國際,11
報承諾,11
妮可,11
筆消費,11
圖查詢,11
然後過,11
受邀,11
面購,11
淘寶上,11
海中,11
我華南,11
銀聯國際,11
東勢區,11
林佑賢,11
最後有,11
進行當,11
時嚇,11
需多加,11
解遊戲,11
分別將,11
修正案,11
一時間,11
配通來,11
打卡,11
演變成,11
蔡鎮群,11
若曦,11
覺性,11
印著,11
連群,11
了後期,11
鄭明,11
挑逗,11
愈加,11
可換,11
永安,11
聖義,11
分潤費,11
號之,11
最後將,11
農產品,11
謝書瀚,11
筆計,11
賣過,11
菲律,11
善解人意,11
欺潛,11
越式,11
人前,11
小萍,11
大埔,11
元共計,11
假數據,11
聯捷,11
郭女,11
不確,11
聯慶,11
順鑫國際,11
標購,11
鬥破,11
狂飆,11
意珠,11
阿芸,11
珍珠奶茶,11
並極,11
還配,11
李媛,11
林怡君,11
談判,11
熱愛音樂,11
保帳,11
自尊心,11
鼎碩,11
天際,11
琳娜,11
轉念,11
人討論,11
一个,11
林依晨,11
豐金控,11
誘惑力,11
劉偉傑,11
顧奎國,11
跟斗,11
巷內,11
三等,11
區長,11
辰儒,11
語無倫次,11
再多匯,11
天豹,11
牛氣,11
富商,11
登場,11
過於誘,11
阿維,11
而群,11
仔細求證,11
藤蔓,11
牟取暴利,11
野草,11
隨後發來,11
新聯絡,11
高興極,11
龍騰,11
小木屋,11
真實且,11
少得,11
荔枝汁,11
生活必需品,11
豪車,11
楊楓,11
瀟灑,11
亮晶晶,11
屍萬段,11
王詩涵,11
這兩萬塊,11
隨我餘生,11
聲寶,11
精打,11
茶磚,11
老婦,11
年金,11
李明志,11
劉洋蔥,11
造富共贏,11
數學化學,11
孤寂,11
昏昏欲睡,11
子義,11
繁枝,11
潤成,11
咖啡豆,11
林宗樹,11
昊宇,11
徐鴻益,11
詹均,11
已匯,10
展演,10
發電機,10
知人,10
故雙方,10
接獲暱,10
時態度,10
抽中現,10
隨後系統,10
將原,10
需驗,10
證金以,10
金價,10
預備,10
問下,10
胃口,10
總共五萬,10
機滑著,10
幾封,10
幾可亂,10
已下,10
傳截圖,10
裡還覺,10
某郵局,10
我變,10
寶進行,10
發誓,10
離線,10
投資給,10
經致,10
人員用,10
語溫,10
轉意,10
有緣,10
顯現,10
版權,10
若非,10
裡整,10
子涵,10
獲利過,10
台灣時,10
之後顯示,10
傳序,10
他驗證,10
數倍,10
很開,10
時經,10
金現,10
連語氣,10
總共借,10
需依,10
方視訊,10
待人,10
還動用,10
網銀查詢,10
掛上,10
出並,10
數卡時,10
卡來驗證,10
時心,10
還選擇,10
飛往,10
窩心,10
過虛擬,10
對岸,10
近四百,10
緊查,10
手機並,10
定日,10
專人會,10
一級,10
驚無險,10
紅楓,10
裡購,10
分發,10
獲利極,10
方華南,10
及後續,10
磁鐵,10
單錯,10
數卡共,10
百八十,10
信宏,10
之後系統,10
交錯,10
隨後到,10
義務,10
遠方,10
金廣告,10
及門票,10
雙方進,10
並預付,10
稱王,10
張圖,10
那幾乎,10
著約定,10
疑過,10
常來,10
師公證,10
通權限,10
最後沒,10
補轉,10
我體,10
從小額,10
漢堡,10
熙熙,10
對方取,10
內暱,10
戲序號,10
犯法,10
超熱門,10
該犯,10
加什麼,10
冷氣機,10
這批貨,10
幫忙代練,10
更多時,10
防火,10
續照,10
我虛擬,10
現金流,10
抽走,10
生存,10
寶物給,10
用人,10
奇奇,10
銀行貸,10
分便,10
五碼,10
字號,10
標章,10
沒點,10
連貸款,10
超誇張,10
皮系統,10
跟網,10
裡談,10
思彤,10
總共十萬,10
縫線,10
僵硬,10
上密,10
中告訴,10
機費用,10
戰略,10
將我拉入,10
雖不大,10
總冠軍賽,10
灰心,10
一則驗,10
然後進行,10
連標誌,10
對方口頭,10
辦成,10
張電話,10
貸詐,10
從線,10
投資多麼,10
會禮品,10
碼要,10
體驗營,10
自尊,10
自未,10
四代,10
明信片,10
人輪流,10
若不處,10
用並,10
並掛,10
音暱,10
深空,10
平和,10
縝密,10
圍事,10
周轉金,10
騙常,10
總說,10
審核用,10
處滑,10
飛去,10
先後與,10
數會,10
刪得,10
問門票,10
系統裡,10
碼過,10
兩套,10
然後便,10
以金錢,10
清責任,10
更多虛擬,10
經討論,10
當天匯,10
互助金,10
卡頓,10
照對,10
搭建,10
幣匯給,10
東元,10
當中間,10
太信,10
想得到,10
開到,10
怡瑩,10
地私訊,10
還秀給,10
時工,10
之後問,10
會款,10
徒步,10
隨後我加,10
電中國信,10
曼谷,10
檢修,10
小覷,10
當的,10
國泰世華及,10
容為,10
接著問,10
還特,10
幣兩萬元,10
方長,10
上出,10
一大部分,10
訊息詢,10
酒館,10
過幾個,10
越花,10
李雅婷,10
目保證,10
插畫,10
新豐,10
傻得,10
事後要,10
小野,10
從銀行,10
演講,10
自信心,10
完好,10
順利入,10
些許,10
隨後賣家,10
週會,10
有頭,10
照著點,10
棉花,10
退掉,10
我想確,10
認門票,10
挫折,10
原木,10
轉眼間,10
蒼穹,10
先說,10
定面,10
投資代操,10
付定金,10
因察覺,10
網銀查,10
現因,10
其帳,10
接洽人,10
串文,10
賽事,10
中詢,10
招呼,10
祖母,10
當匯款,10
一陣後悔,10
有確,10
標得,10
山寨,10
法來,10
聚集地,10
收租,10
連遊戲,10
領養貓,10
行線,10
志傑,10
小巷子,10
井然有序,10
部員工,10
籌出,10
整封信,10
購置,10
稱查,10
手提,10
循序,10
故私,10
方貼,10
優惠且,10
這樣講,10
法越,10
劉某,10
領回饋,10
愛族,10
掛件,10
碼驗證,10
互利,10
卻付,10
帶盤,10
怎麼面,10
幫忙解,10
搜尋虛擬,10
運動賽,10
認取票,10
仿造,10
選頁,10
絕對會,10
尋對方,10
騙來,10
簽證費,10
賣光,10
多幣,10
截取,10
應是,10
疏遠,10
出點,10
卡倫,10
著應,10
最後發,10
詢後驚,10
許多點,10
背後潛藏,10
足球,10
機寄給,10
或信,10
方車,10
局人員,10
可代操,10
交學費,10
著聊,10
有幣,10
方因,10
將港幣,10
雖有點,10
自國,10
調現,10
即以,10
價格蠻,10
寧願,10
出金額,10
人教,10
寄交,10
申辦門,10
近來,10
兩百塊,10
對方換,10
電告訴,10
寄票給,10
接線,10
故陸續,10
罐頭訊息,10
將儲值,10
行員才,10
上路,10
臉書中,10
雙方僅,10
隨後至,10
人證件,10
信社,10
東鎮,10
店員幫,10
開通驗證,10
取票序,10
貨系統,10
送修,10
畫面裡,10
所長,10
學無,10
這個驗,10
尾款付清,10
懊悔莫及,10
面裝,10
名牌商品,10
日新,10
電競,10
網銀裡,10
對方貼,10
金紙,10
急著要,10
著購,10
這實,10
號時,10
認價格,10
價還,10
並現場,10
重來,10
故點擊,10
必查,10
之金流,10
產能,10
騙後便,10
內金流,10
貨沒,10
波拉,10
帳戶資,10
暫放,10
不止,10
香皂,10
變得斷,10
一轉帳,10
善行,10
錢卡,10
商在,10
限次,10
雄厚,10
配到,10
詢貸款,10
巴士站,10
資申,10
民宅,10
吃掉,10
給網,10
未禮,10
小新,10
證或,10
容量,10
一截,10
轉知,10
看錯,10
假檢察,10
貨幣會,10
名買家,10
粉絲群,10
自演,10
本書,10
人熱烈,10
上分,10
侵蝕,10
之後一個,10
人貼,10
中覺,10
交易者,10
不得已,10
遂致,10
調貨,10
稱給,10
方熱情,10
抽出,10
助您,10
號驗證,10
過案,10
前任,10
填單,10
雅欣,10
當運費,10
惟無法,10
未經驗證,10
金融管理,10
自至,10
百分之十,10
項購,10
購對方,10
錢行,10
花招,10
室裡,10
黑暗面,10
領下,10
最後把,10
登打,10
蜂蜜,10
證以,10
板信,10
方商,10
假中國信,10
經交給,10
言行,10
仲介公司,10
中開始,10
組假,10
其老,10
地院,10
故須,10
投資線,10
問得,10
尚待,10
無貨源,10
我的確,10
亞太易安特,10
賠本,10
脫困,10
將三萬元,10
猜數,10
項換成,10
個幣商,10
盛行,10
詳細名,10
填具,10
元含,10
無暇,10
當作花,10
做功,10
裡輸入,10
升遷,10
錢越,10
簡經理,10
用裡面,10
打開來,10
之事,10
而後因,10
哀傷,10
還急,10
無小補,10
選對,10
兩包,10
抓起,10
限賣,10
雨彤,10
會期,10
活動網,10
當天會,10
名義傳,10
照護,10
獎名,10
人員到,10
集合,10
還領,10
知對方,10
發貼,10
並不以,10
並派,10
低成本,10
一組訊息,10
擊碎,10
總共前,10
小葉,10
細查,10
當性,10
裡慌,10
實還,10
一輛車,10
改期,10
還舉,10
宏展,10
屋況,10
我電話,10
冷得,10
有付,10
新國際,10
傳點,10
專辦,10
因輸入,10
因匯款,10
年時,10
最後加,10
錢馬上,10
沒電,10
方關,10
自指導,10
還自動,10
用宅配,10
遭不詳,10
久之,10
猜得到,10
公證款,10
這又是,10
完後還,10
工程部,10
寄物櫃,10
東方,10
判決,10
電至,10
大榮來,10
發現並,10
小貸,10
加自稱,10
演前,10
還怪,10
工班,10
得名,10
張嫌,10
正準,10
資質,10
匯港幣,10
行員有,10
答應會,10
繳一,10
語音訊息,10
只須,10
我深,10
或金錢,10
向幣商,10
善念,10
並辦,10
逃過,10
本裡,10
害到,10
證網,10
販售線,10
順利租,10
知遭,10
行員問,10
認要,10
伊伊,10
百百種,10
證還,10
匯大筆,10
四組,10
承攬,10
改車,10
該店,10
分流,10
紫涵,10
錢繳,10
自向,10
相比,10
萌生,10
及台,10
去櫃,10
不雅照,10
網銀資料,10
利器,10
常客,10
老梗詐,10
設好局,10
中藥材,10
還考慮,10
隨後決定,10
很弱,10
花店,10
還主動問,10
這組碼,10
帳簿,10
比索,10
自處理,10
推測,10
破產,10
錄裡,10
筆獎,10
最後失聯,10
管收,10
搜圖,10
五元,10
七里香,10
辦理時,10
期間還,10
報關,10
組聲,10
買生,10
不歸還,10
車型,10
還得花,10
音冷靜,10
文山,10
罐頭,10
當面將,10
原理,10
經濟學,10
隱藏詐,10
難聯絡,10
明細上,10
著許,10
一念之差,10
信良,10
張悅欣,10
並綁,10
由幣,10
衣櫃,10
房時,10
認證官,10
虛寶的,10
資訊產生,10
嗣經,10
六合,10
稱號,10
方在網,10
按期,10
雙人,10
單一,10
視聽,10
很氣憤,10
卡裝進,10
賭博遊戲,10
對獎,10
多關,10
經處,10
預知,10
並不對,10
著數,10
穩聊,10
我供,10
票務資訊,10
沒驗證,10
間裡,10
切莫,10
中保,10
跨域,10
柒柒,10
延長,10
稱金,10
接連匯,10
講些,10
清零,10
以儲值,10
通費,10
古屋,10
並線,10
其因,10
為確,10
奇兵,10
以換,10
失一筆,10
方太忙,10
人事部,10
明怡,10
星耀,10
聊開,10
機在,10
數共計,10
大本營,10
標會時,10
六號,10
還傳訊息問,10
證明時,10
一萬三,10
票還,10
外獎,10
資金額,10
報價單,10
我計畫,10
高處,10
林嘉慧,10
佩珊,10
人幫忙,10
回應且,10
下購,10
方開,10
突遭,10
三包,10
借銀行,10
所示,10
婆婆,10
筆來,10
這經歷,10
將能夠,10
動地,10
代儲抖,10
隊來電,10
實並,10
前科,10
填滿,10
托特,10
說代購,10
也過,10
申辦過,10
點錯,10
還很熱情,10
專業代購,10
隨風,10
進化,10
筆驗,10
經理加,10
放錢,10
先後向,10
點納悶,10
宇傑,10
資訊息,10
空投,10
方有給,10
稱想,10
空調,10
年利率,10
方帶,10
師給,10
遂點,10
購物來,10
逍遙,10
給另,10
心煩,10
萬元進,10
視界,10
有件事,10
稱群,10
聲霸,10
大頭照,10
重播,10
很謹慎,10
欺款,10
商門,10
職多薪,10
價賣,10
會報,10
因持續,10
始會,10
街道,10
模組,10
進不來,10
沒金錢,10
集體,10
王名洋,10
慶祝,10
外人,10
同居人,10
怎料,10
擔心後續,10
我質疑,10
天而降,10
他謊,10
明狀況,10
不息,10
涉洗,10
方不接,10
不透過,10
對方返,10
車商,10
那輛,10
談間,10
企鵝,10
統驗,10
裝入,10
生基塔位,10
邊的,10
芷涵,10
無網,10
已中獎,10
書本,10
臉書內,10
包轉給,10
對方遊,10
群組連,10
以見,10
雅琪,10
直營店,10
車開,10
王明,10
存點,10
發慌,10
茶具,10
總不會,10
夜俱樂部,10
當年,10
雙方交談,10
之泰達幣,10
分出,10
百倍,10
運連結,10
這樣轉,10
幾天後會,10
明並,10
志工,10
二萬元,10
趕緊點,10
依賣家,10
細膩,10
戀愛的,10
隨遇,10
張台,10
東西應,10
是經,10
豐速,10
機以,10
旅客,10
脊椎,10
做網,10
歐陽,10
縱橫,10
丟訊息,10
前後以,10
票並,10
小媛,10
總共領,10
照樣,10
來領,10
懷抱,10
對方及,10
因渠,10
連卡,10
商都,10
遙遙,10
敏昌,10
貨物時,10
數為,10
抵用,10
我戶頭,10
二十八日,10
完之後對方,10
把酒,10
暖陽,10
並賣,10
電玩,10
光電,10
避而,10
黃齡,10
寫並,10
詢師,10
老客,10
分開,10
木頭,10
單號碼,10
劉子,10
金錢豹,10
打幣,10
寶藏,10
九號,10
並告,10
登陸,10
有疑問,10
坐坐,10
我訊息問,10
現金出,10
飛行,10
可退,10
老酒,10
最後匯,10
還打著,10
紅線,10
過這張,10
假群組,10
淡定,10
結識暱,10
福毓,10
好個,10
驚魂,10
筆獲利,10
戲片,10
顆虛擬,10
停車位,10
會紙,10
通代,10
包子,10
還怕,10
工來,10
問越,10
金共,10
格局,10
蠻常見,10
可不,10
元後對方,10
組連,10
採買,10
不限,10
項金額,10
好會,10
賣家理論,10
問好,10
一百八十度,10
大轉變,10
宜蘭戶,10
包機,10
沒有關,10
櫻花,10
結匯,10
看準,10
升至,10
法給,10
他會教,10
參加費,10
自所謂,10
生額,10
兩得,10
說少,10
咨蓉,10
新創,10
認領,10
詩怡,10
七十八,10
商有,10
江蕙,10
我掛,10
之後從,10
方連結,10
上手,10
省略,10
當時剛,10
朴寶劍,10
密碼則,10
取訂,10
並不罕見,10
當約定,10
證能,10
超扯,10
將匯,10
過後才,10
玩樂,10
機畫面,10
小貝,10
隨後認識,10
金且,10
租出去,10
獲利將,10
當店,10
面及,10
投資進,10
稅金才,10
儲匯,10
著些許,10
向榮,10
已取,10
繳納會費,10
他興奮,10
信口,10
心交,10
獨自面,10
經訂,10
簽一張,10
真愛的,10
的損,10
演藝,10
上配,10
將繳,10
轉個帳,10
記型,10
前行,10
經計算,10
憑訊息,10
照網,10
分兩,10
說試,10
擔保品,10
發還,10
多一些,10
貨量,10
之後無論,10
順天,10
晨風,10
屋時,10
飛來,10
應特別,10
的魚,10
代購商,10
功虧,10
一簣,10
貨要,10
客訴,10
我無聊,10
改了,10
那聲音,10
我名,10
打理,10
西屯路,10
還細,10
成金,10
並拿回,10
皮到,10
官加,10
南街,10
超錯,10
公益性,10
購點,10
正用,10
這兩人,10
向陽,10
數購,10
要睜大,10
沒要,10
張手,10
阿里山,10
申請者,10
老師給,10
國際級,10
進行面,10
點多到,10
資參加,10
電該,10
雅慧,10
三聯單,10
各位朋友,10
有出,10
求成,10
某大學,10
暖暖的,10
毛機,10
好價,10
接任,10
並附帶,10
詢後告訴,10
超越,10
不在意,10
絕非,10
前後透過,10
雪兒,10
工會,10
圓夢計畫,10
五雷,10
斜槓,10
得當,10
林曦,10
還分別,10
結下載,10
數傳,10
還說明,10
橫行,10
然後由,10
有意思,10
阿杰,10
林志,10
指贏,10
頂替,10
地填寫,10
貨代碼,10
相聊,10
海匯,10
區見面,10
證該,10
勞保,10
祥和,10
鈕時,10
點什麼,10
歐巴資管,10
一陣頭,10
所指,10
地接,10
起源,10
悠哉,10
天亮,10
裝成,10
風度,10
之經理,10
隨便給,10
嘉嘉,10
肉品,10
耗盡,10
三多,10
言論,10
新市,10
正坤,10
然後從,10
日會將,10
俱樂,10
有備,10
然後問,10
協力,10
含淚,10
認真要,10
早鳥,10
日始,10
但面,10
阿花,10
人員傳,10
五路,10
李文,10
尖叫,10
需參,10
終未見,10
超驚喜,10
看漲,10
市政,10
哀求,10
七堵,10
無言,10
王卡牌,10
亮亮的,10
德克,10
網銀來,10
遭檢舉,10
啟發,10
其親友,10
憑著,10
小徐,10
萬還,10
蜜糖,10
資訊加,10
跳錯,10
珍珍,10
還不太,10
覺得後怕,10
還談,10
作業費,10
紐西蘭,10
換用,10
阿伯,10
東山,10
惟經,10
櫻桃,10
快過,10
因長,10
然後發,10
林妤,10
認到,10
並不多,10
美馨,10
群組裡頭,10
民雄,10
著大,10
簡耀哲,10
節的,10
某張,10
王買,10
專業度,10
字內,10
他款,10
珠珠,10
例外,10
走走,10
的親,10
錢會用,10
票序號,10
幾雙,10
賴憲政,10
裡去,10
令人信服,10
退役,10
還刪,10
太剛,10
似是而非,10
新北地,10
公會,10
盡早,10
點額,10
坐雲霄,10
飛車,10
幣來,10
過活,10
以將,10
徐女,10
方求證,10
發經過,10
萬已,10
報單,10
豐快,10
那雙,10
共計購,10
英俊,10
並核,10
這沒什麼,10
韋恩,10
非正規,10
天差,10
雅琴,10
賣林俊傑,10
恩恩,10
一尊,10
組供,10
之訂,10
神經,10
人為,10
本隊,10
許在網,10
單來,10
搭上,10
橋區,10
自該,10
小豬,10
知曉,10
大同路,10
小翔,10
而動,10
承諾過,10
芹芹,10
班長,10
魚躍龍門,10
永年,10
兩黃金,10
附設,10
依造,10
文成,10
很狡猾,10
趕上,10
散步,10
國際理,10
蕭門,10
實力,10
假牙,10
裡盤,10
點贏,10
機和,10
大湖,10
毅然,10
換掉,10
貸款理,10
校長,10
代名,10
招財進,10
錢飛,10
中難,10
苦果,10
展翅,10
東縣,10
享券,10
割草,10
萬元解,10
反复,10
建斌,10
方台,10
萊貨,10
后路,10
再花,10
五段,10
瓷器,10
滿額,10
並核實,10
安東,10
主聲,10
將更,10
防範建議,10
便進,10
王淑芬,10
吳民,10
人偶,10
德昱國際,10
承翰,10
南洋,10
大生,10
雙日票,10
熱火朝天,10
拋棄,10
惺忪,10
睡眼,10
兢兢業業,10
安睿宏觀,10
四元,10
試圖詢,10
晨光,10
艱辛,10
騰富,10
車幣,10
輕時,10
詩琪,10
燃燒,10
他點擊,10
傾盡,10
年少,10
著將,10
財付諸,10
分繳,10
將永遠刻,10
地承諾,10
狂滋長,10
著膨脹,10
四伏,10
弘逸營業員,10
欲絕,10
日麗,10
能大,10
隨心,10
恆上,10
對方款,10
裡僅,10
阮惠慈,10
屏幕,10
映照,10
鯊童,10
嘲弄,10
邱文森,10
家成,10
詩婷,10
雅安,10
經害,10
人嘗試,10
風水大師,10
三峽區,10
正興高,10
沉醉,10
誘地,10
林志傑,10
楊國藝,10
芷葳,10
協聯,10
公演,10
聲音溫,10
他毀,10
一記響,10
補教,10
刀割,10
緯明,10
林美佳,10
教書,10
餬口,10
那五萬塊,10
清閒,10
護理藥,10
我後半輩子,10
林瑞枝,10
秀菁,10
李瑤,10
張心茹,10
兒孫,10
下學期,10
大熊,10
郭曉婷,10
滿意足,10
何竣,10
盈銓,10
吳心,10
志維,10
點麻煩,10
欣薇,10
柯杰榕,10
若茹,10
劉志明,10
蔡幸芬,10
時續,10
半島,10
郭秉豐,10
秉辰,10
偉德,10
欣盈,10
王程,10
王月琳,10
恰好,9
真想,9
因為網,9
數名,9
之實,9
加假,9
及餘額,9
書豪,9
沒將,9
中主動,9
劉姓,9
高雄戶,9
進去後照,9
泰幣,9
以訂,9
稱作,9
想為,9
區裡,9
著遊,9
臉書想,9
撥入,9
李聖傑,9
常金流,9
時因,9
突圍,9
包以,9
鏟子,9
做活,9
受此,9
不允許,9
啟無卡,9
還沒付,9
七個,9
之元,9
但慶幸,9
傳訊詢,9
成購,9
下點,9
貼圖,9
笑笑,9
沒現,9
然後把幣,9
剩滿心,9
還並,9
最後談定,9
手辦,9
搜尋那個,9
領息,9
方則,9
聊熟,9
先在幣,9
將凍結,9
給我新,9
怪獸,9
對方頭,9
側擊,9
或親,9
謹慎查,9
貼文廣告,9
有意者,9
給耍,9
機會給,9
奈奈,9
一女,9
機買,9
方協議,9
交便貨,9
遭詐團,9
名為幣,9
戶加,9
轉職,9
坐下,9
之後撥,9
現金以,9
終察覺,9
乙方,9
越做越,9
數共新,9
小吊飾,9
進類,9
七十六,9
三角洲,9
我錄,9
中是,9
今後會,9
並採取,9
硬生生,9
變成別,9
高高,9
方下訂,9
要不然,9
說起,9
買個票,9
薪酬,9
會員要,9
啟視訊,9
專業代辦,9
嫌並,9
證即,9
對方報,9
匯了款,9
轉冷,9
範例,9
出眾,9
之後就加,9
最後清點,9
點擊頁,9
但網,9
投資利潤,9
知是,9
之王,9
項確,9
墊資,9
一夥人,9
女用,9
那會,9
送驗,9
然後拍,9
當車,9
我握,9
隨後手機,9
依規,9
幾萬元給,9
著空,9
其見面,9
區也,9
一教學,9
他時,9
信心十足,9
香煙,9
面因,9
事後遭,9
出穩,9
久而久之,9
活動門票,9
既不讀,9
調門票,9
完資訊,9
獎須,9
人涼,9
起飛,9
文華路,9
兩本存,9
出金並,9
林書俊,9
搬走,9
銀行用,9
按步驟,9
食用,9
凱哥,9
將視,9
一階段,9
還傳訊息給,9
分為,9
以未,9
還會發,9
三角,9
總該,9
我通,9
至華南,9
續稱,9
美廉社,9
中持續,9
正無聊,9
稱虛擬,9
病毒,9
點開始,9
我諮詢,9
是後續,9
冠軍賽,9
因人,9
還傭金,9
元且,9
不太順,9
交費用,9
會入帳,9
上官,9
假頁,9
簽名照,9
之頁,9
細靡,9
付費用,9
台大,9
並經常,9
方發,9
我賣,9
簡訊驗證,9
通實名,9
組學習,9
幣信,9
依婷,9
因犯,9
噴霧,9
一百九十,9
須以,9
遭臉,9
內為,9
其次,9
支手機,9
之後錢會,9
兌換券,9
很重,9
病房,9
醫院裡,9
證步驟,9
會籍,9
風采,9
忍氣,9
吞聲,9
銀匯,9
親筆,9
貨便網,9
人員及,9
貨資料,9
現銀行,9
其網,9
雜貨店,9
存現,9
竟自,9
劉宜庭,9
然後又傳,9
某貨運,9
資金及,9
微胖,9
全刪,9
價格大約,9
筆費,9
借此,9
沒得,9
將收據,9
熱心教,9
貨在,9
孩童,9
難堪,9
詳細談,9
總共三萬,9
牆壁,9
想親,9
銀一看,9
至萊爾富,9
隨後又告訴,9
保真,9
黑錢,9
面會還,9
不會成,9
隱形,9
證訊息,9
一喜,9
方細節,9
雖心,9
中謊,9
無法觀,9
況並,9
所求,9
渠至,9
公信力,9
深深感到,9
熱線,9
招待,9
空格,9
某檔,9
怪事,9
進行配,9
胡睿涵,9
林嫌,9
異常為,9
隨後遭,9
寄錢給,9
承諾將,9
號作,9
作用,9
房費,9
驗卡,9
寶銀樓,9
並於同,9
小帳,9
記名,9
無論訊息,9
重申,9
資金遭,9
貸給,9
會要,9
公升,9
醫學,9
能解,9
傳訊稱,9
做帳,9
東湊,9
西湊,9
九折,9
時腦袋,9
喜出望外,9
還費用,9
還少,9
夏日,9
跌到,9
更多個資,9
日銀行,9
網友詢,9
互聊,9
郵政人員,9
結後依,9
點擊詐,9
親自向,9
不太願意,9
露面,9
咒術,9
海岸,9
擊該,9
並無此,9
對方事,9
數密碼,9
成遊,9
泰和,9
雨薇,9
求購,9
騙財,9
智贏,9
單匯款,9
費都,9
金還,9
會序號,9
買會員,9
並承諾能,9
並拍給,9
轉贈,9
最後錢,9
認金流,9
亦可,9
愛迪達,9
做愛心,9
誤判,9
賣線,9
貨連結,9
或詐,9
堅強,9
營養品,9
猶豫之際,9
整形,9
沒寄貨,9
不過現,9
信中聲,9
項驗證,9
中越,9
起詐,9
家當,9
僅存,9
先網路,9
其郵局,9
湯姆,9
軒皓,9
外籍人士,9
離太遠,9
之地,9
索性,9
現金領,9
提著,9
生憐憫,9
一地,9
嘉義的,9
為主題,9
速食店,9
原裝,9
稱繳,9
說須,9
第七,9
假監理,9
視訊給,9
投資現,9
資金還,9
買書籍,9
兩個幣,9
先核,9
很細,9
不遠,9
歇業,9
連親友,9
還把點,9
部位,9
關門,9
密密麻麻,9
情況並,9
總是給,9
惟後來,9
經手,9
惡性,9
戶匯,9
稱經,9
完匯款,9
比錢,9
數要,9
精算,9
元測試,9
之線,9
完票,9
內用,9
作假,9
過輕信,9
干擾,9
拉著,9
裡一,9
貓砂,9
對方號,9
沒拿回,9
最後實,9
了帳,9
轉述,9
認房,9
會付,9
地撥,9
十二日,9
應查證,9
裝冷氣,9
還所,9
一萬六,9
地核,9
免除,9
給員工,9
駕駛座,9
刷掉,9
理好,9
吃不下,9
地噓,9
早該,9
費和,9
異地,9
則說,9
小佳,9
續約定,9
方換,9
其母,9
出見面,9
沒有貨,9
說辭,9
開房間,9
還幫忙,9
鎖起,9
那個驗,9
原賣家,9
發揮,9
還標示,9
兄長,9
自導,9
時報,9
加之,9
稱賴,9
點擊過,9
草叢裡,9
最後一點,9
想拿個,9
安博,9
阿仁,9
對照,9
行前,9
加銀行,9
上換,9
方友,9
素未謀面,9
證對方,9
壓克力,9
可到,9
凱爹,9
不太踏實,9
中網,9
完稅,9
該虛擬,9
來並,9
有贈,9
需金額,9
販售電,9
二輪車,9
稱匯款,9
電鋼琴,9
阿金,9
電信局,9
轉接過,9
聲押,9
全車,9
方協調,9
去後會,9
人模,9
人樣,9
發文詢,9
有車,9
裡與,9
親民,9
失敗且,9
感讓,9
一兩天,9
到家,9
哪位,9
以遊戲,9
團周邊,9
交心,9
一是,9
禮品給,9
景點,9
烤肉,9
方封鎖,9
面孔,9
收益金,9
太香,9
單是,9
購買網,9
西亞人,9
財產要,9
金額過,9
自居,9
合金,9
碼不詳,9
兩枚,9
稱代為,9
後給,9
日透,9
幫忙代墊,9
包有,9
元全,9
蠟機,9
出到,9
因在網,9
並遊,9
超商條,9
契機,9
最後到,9
快借,9
知心,9
裡已經,9
鎖死,9
但苦,9
之後又將,9
十多次,9
並先匯,9
隨後匯款,9
現在網,9
金臨櫃,9
其暱,9
某個午,9
詞下,9
會繼續,9
還錄,9
故用,9
證跟健,9
點數當,9
奪走,9
回傳點,9
多求證,9
方後發現,9
的後續,9
會分,9
衝突,9
創未來,9
還透,9
並退,9
之光,9
店門口,9
屋內,9
追債,9
終極,9
捐助,9
到統,9
並當,9
詢問始,9
秘書長,9
經損,9
活動費,9
轉傳給,9
轉不,9
張照,9
別人別,9
該訂,9
挺夠,9
局勢,9
能代購,9
兩千萬,9
橙子,9
張雪,9
超差,9
人講,9
經不翼,9
應嘗試,9
當試,9
立契,9
專員至,9
但付,9
賣合約,9
婦嬰,9
隨處,9
卡二張,9
來裡面,9
慧眼,9
大筆款,9
分回,9
卡要,9
兩人加,9
遊時,9
預防,9
著話題,9
倍數,9
著一絲,9
還金錢,9
自動將,9
還沒解決,9
委員,9
趕緊加,9
將多張,9
輕信並,9
戶驗證,9
項返,9
先測試,9
立斷,9
問張,9
掙來,9
再分,9
潤的,9
方不願,9
並詳細,9
沒領,9
簡國峰,9
先下單,9
還詢,9
前次,9
請會員,9
購物行,9
給我稱,9
相關業務,9
六年,9
小趙,9
藥師,9
百分之五,9
然後讓,9
沒錢付,9
額為,9
有暱,9
看見求,9
為標,9
豪杰,9
至多,9
面聲,9
回神過,9
方依舊,9
難當,9
卡為,9
天道酬勤,9
數據費,9
果斷,9
一筆匯,9
還各種,9
膝蓋,9
會主動,9
正反,9
全國,9
鐵板,9
還很認,9
裡一急,9
問家,9
妮娜,9
這和,9
萬元遊,9
竟澤,9
懂事,9
何無法,9
之機,9
琦琦,9
寶餘額,9
還催,9
牛媽媽,9
投點,9
差太多,9
裝備給,9
天數,9
戳破,9
裡又氣,9
語所,9
時後會,9
人知,9
代購費,9
控金,9
問金,9
因錢,9
文雅,9
六成,9
單費用,9
分辨真假,9
竟無法,9
蘭亭,9
貨幣換,9
資會,9
帝王,9
十三日,9
没有,9
能止損,9
隨後引導,9
資金解,9
精確,9
一照,9
動畫,9
攪拌機,9
無濟,9
兩瓶,9
並創,9
循善,9
太慌,9
徵物區,9
誤設,9
超商輸,9
入代碼,9
先教,9
哪種,9
新相機,9
幾本書,9
內容時,9
收貨款,9
兌換商,9
空壓機,9
跑鞋,9
金蛇,9
故特至,9
前後後共,9
購買生,9
尾翼,9
最後雙,9
郵差,9
門前,9
項還,9
組點數,9
但事實,9
先接,9
右下角,9
但訂,9
枕頭,9
前後共買,9
投資客,9
鑑定師,9
艱難,9
交便,9
二維碼給,9
差到,9
貼文想,9
最強,9
連鎖,9
單處理,9
出至,9
破裂,9
剛結束,9
賞金,9
統一獅,9
先後網,9
戰績,9
財還,9
錢時,9
進會,9
予報,9
今後要,9
音質,9
及群,9
抹滅,9
幣賺,9
軟件,9
事後查詢,9
留神,9
購物車,9
承租人,9
斗南,9
兼顧,9
賣樂高,9
說幣,9
會員升級,9
前後共購,9
上介紹,9
入微,9
應見面,9
音來,9
改稱,9
數過,9
失共新,9
好多天,9
貼文欲,9
傳單,9
更多步,9
短租,9
因需,9
做起,9
搶券,9
及永豐,9
選網址,9
不交錢,9
九十六,9
筆驗證,9
運氣來,9
看不清,9
高峰,9
法外,9
並確認,9
異常金,9
支電話,9
偕同,9
奶昔,9
附卡,9
之後傳給,9
再撐,9
力氣,9
人見面,9
省得,9
方忙,9
叫賴,9
怕得要命,9
並留,9
或網,9
心路,9
證無法,9
二位,9
柚姐,9
徵職,9
妥見面,9
藝文,9
忠信,9
先後分,9
英才,9
左營戶,9
樂高積,9
順利開,9
吳淡如,9
送去,9
幾個幣,9
分要,9
上數,9
領點,9
報失,9
偵探,9
喝茶,9
商衝,9
而後該,9
頭餘額,9
雅涵,9
床墊,9
標榜能,9
終聯絡,9
和睦,9
繽紛,9
手機時,9
將賣,9
激鬥峽谷,9
捐點,9
仿真,9
說網,9
凱恩,9
經渠,9
另個,9
生命安全,9
投資副業,9
分才,9
通融,9
給毀,9
某社團,9
節點,9
因感,9
幣動,9
音給,9
張共,9
太陽會,9
然後他給,9
出高額,9
取價,9
素材,9
三十一日,9
功德,9
箱包,9
車給,9
會資訊,9
組氣氛,9
請律師,9
客戶款,9
警報,9
中來,9
從裡面,9
獲手,9
李正民,9
彥章,9
腦波弱,9
漁貨,9
三本,9
內出,9
建物,9
這投資穩,9
事後詢,9
並買,9
搜尋投,9
姜家豪,9
財專員,9
稱加,9
上驗證,9
因車,9
高粱酒,9
號去,9
會代,9
沒票,9
最後音,9
湊西,9
心願,9
網賺,9
病人,9
購主,9
拿現,9
還小,9
隨後經,9
方驗證,9
寄一張,9
辦銀行,9
十八日,9
失好,9
把款,9
滾出,9
資訊後才,9
而將,9
安定,9
著迷,9
黏土,9
人先,9
最後終,9
能彌補,9
未到,9
問店員,9
內向,9
汽油,9
並全數,9
假黑貓,9
領共計,9
給幣,9
潛伏,9
豪豪,9
巡邏時,9
林雅琪,9
思羽,9
商寄給,9
方約會,9
組超,9
數字還,9
分將款,9
將中,9
巨額款,9
會馬,9
節門票,9
樂活,9
搖滾區,9
反查,9
資金公證,9
作罷,9
經開始,9
項順利,9
但強,9
病床,9
所困,9
不賣,9
連一塊,9
文徵求,9
之黃金,9
以高,9
贗品,9
波妞,9
細地,9
這門,9
實拍,9
面將,9
穿戴,9
帶去,9
畫圖,9
賴上,9
已付,9
從天,9
那本,9
仁愛路,9
減稅,9
芯娜,9
來亂,9
獲利到,9
卡序,9
洗錢行,9
照及,9
高爾夫球,9
連貼,9
許用,9
調什麼,9
將數,9
愤怒,9
彥廷,9
超詭異,9
經被,9
相繼,9
有警,9
片面,9
下巴,9
稱怕,9
方察覺,9
日持,9
臉書接,9
遭系統,9
俊文,9
沒聽,9
中國人,9
會計部,9
應金額,9
中毒,9
損失進,9
我共轉,9
子傑,9
林靜,9
襪子,9
還低,9
筆稅,9
林雅莉,9
蔡煒斌,9
還宣稱,9
欣雅,9
回驚覺,9
元之點,9
轉介紹給,9
發放薪資,9
始詢,9
國安,9
群組暱,9
時薪,9
可穩,9
新興路,9
幣為,9
億遊,9
哲宇,9
柯南,9
套組,9
什麼還,9
那家店,9
有介紹,9
線達人,9
電對方,9
以代,9
情資,9
我升級,9
臨櫃轉,9
及利潤,9
紙盒,9
十多年,9
事後跟,9
投資還,9
日來,9
討論社,9
清潔費,9
人受,9
小學堂,9
讀員,9
接著以,9
的帳,9
整到,9
深坑,9
逃稅,9
台幣匯,9
總共讓,9
慢吞吞,9
元價格,9
遲未將,9
真依,9
熱銷,9
賞的,9
稱出,9
維尼,9
戰術,9
貝貝,9
可馨,9
組為,9
空拍,9
實際為,9
新路,9
叫作,9
搜尋關鍵,9
結進,9
裡沒有,9
方真,9
機出,9
明購,9
四葉草,9
美玉,9
貨廠,9
賣機,9
帳密及,9
轉換費,9
向日葵,9
手將,9
廣告還,9
來將,9
繳納款,9
李靜,9
未多,9
我才始,9
恰巧,9
以介紹,9
贏了,9
案發,9
四百五十,9
害別,9
盈瑞證券,9
金詐,9
十筆款,9
內部群,9
我償,9
長紅,9
味全,9
謊言裡,9
維修費用,9
開創,9
勾住,9
門號給,9
退費時,9
可加,9
這單,9
風向標,9
需經過,9
抽獎訊息,9
隨意將,9
需入,9
語馨,9
地交給,9
桃花,9
冠伶,9
方核,9
惟遲,9
遭外,9
阿楠,9
時信,9
然後轉給,9
三番,9
蛛絲馬跡,9
九天,9
方商討,9
中無法,9
回話,9
假數,9
賣耳機,9
月後會,9
蠻會,9
葡京,9
我事後驚覺,9
人過,9
出該,9
不能取消,9
股務,9
時日,9
最後連人,9
出訂,9
背後有,9
幣十萬元,9
網轉限額,9
廣發,9
然後就給,9
地刷,9
資金出,9
聳動,9
警並,9
翡麗,9
相投,9
卡送,9
生性,9
工期,9
人員連結,9
天在網,9
販賣機,9
不動產來,9
爪子,9
滿熱絡,9
獲犯,9
推銷員,9
繼續問,9
改說,9
什麼獎,9
稱未,9
跑車,9
互有,9
錯人,9
有責,9
將話題,9
正常人,9
仙子,9
機門,9
學生家長,9
上周,9
這十萬塊,9
購買款,9
市蘆,9
竹區,9
探望,9
顆遊戲,9
上無法,9
很溫,9
算計,9
還不疑,9
這要,9
高頻,9
講究,9
內電話,9
成交量,9
皮平,9
匯好,9
歸仁區,9
投一筆,9
藍牙,9
稍稍,9
突有,9
法轉,9
乳膠,9
粉底液,9
狂喜,9
回應並,9
仍應,9
脫現,9
安身,9
期滿,9
外欠,9
應將,9
須向,9
英文名字,9
外商,9
假愛情,9
將連結,9
交什麼,9
會粉,9
組稱,9
最後驚覺,9
他代操,9
三元,9
九日,9
強盛,9
取民眾,9
敲詐,9
通誠信,9
將由,9
連進,9
也察覺,9
攔查,9
婦人,9
晴朗,9
道路交通,9
轉現,9
臉書傳,9
資可參,9
可幫忙,9
排位,9
脖子,9
人謊,9
熱愛玩遊戲,9
會輕信,9
驚出,9
當作詐,9
張老師,9
人及,9
現象,9
老招,9
吳專員,9
轉限額,9
忍者,9
消保官,9
超重,9
賣魚,9
職涯,9
之後自稱,9
該些,9
他會將,9
截止日,9
加求證,9
官腔,9
借十萬元,9
廳裡,9
火大,9
項將,9
載名,9
老顧客,9
海納,9
密集,9
維權,9
靈蛇,9
之後畫面,9
截圖予,9
體育,9
評測,9
影集,9
有間,9
祭門票,9
對方現,9
王盛輝,9
追夢,9
吸血鬼,9
報會,9
退租,9
因病,9
給台灣,9
是吳,9
姊妹,9
普重機,9
以後就,9
筆過,9
成績,9
請過,9
杜絕,9
張以,9
對線,9
發送訊息給,9
其代為,9
卻聲,9
其會,9
銀行發,9
未來將,9
每隔,9
會社,9
伊拉克,9
補點數,9
成員聲,9
包著,9
國營,9
吶喊,9
親自確,9
包袋,9
當我查,9
包網,9
這屬,9
胞姊,9
錯信,9
稅務條,9
地檢查,9
元幫,9
上情,9
依承諾,9
資金為,9
往返,9
另以,9
致無法,9
濟國,9
出給,9
談談,9
在當,9
開門見,9
山問,9
損益,9
包匯,9
保勝,9
消散,9
阿忠,9
使然,9
是類,9
傳送點,9
當盤子,9
小天地,9
繁以,9
婉君,9
雅媛,9
龍海,9
換卡,9
正合我意,9
業配,9
打台,9
馨怡,9
雷射,9
日告訴,9
之聯絡,9
兒子確,9
日犯,9
遞訊息,9
子群,9
將入帳,9
以通話,9
企業家,9
隨後點擊,9
扛不住,9
很急,9
思緒,9
羊毛,9
韓式,9
胞妹,9
內接,9
劉女,9
夏韻芬,9
凱德,9
厄運,9
爆表,9
氣又後悔,9
因欲,9
飲水,9
先看,9
阿美,9
才後悔,9
文開始,9
渠不疑,9
雙方見,9
巴拉,9
吸乾,9
帶人,9
正窩,9
要貨,9
程雪,9
權證,9
構成,9
帳失敗,9
證款,9
行天下,9
舊名,9
這本書,9
性服務,9
迷得,9
因詢,9
粉絲們,9
點小錢,9
摩卡,9
先介紹,9
經談,9
眼裡,9
這難,9
醫護,9
哇塞,9
王嫌,9
過一樣,9
面氣氛,9
人代,9
重型,9
地遠,9
超常,9
嫌疑犯,9
懇懇,9
嫌給,9
當花,9
救世,9
睿媽,9
浩宇,9
瓦克斯,9
等不及,9
目有,9
路轉,9
行員向,9
短信,9
用國,9
還顧,9
阿垂,9
自馬來,9
假如,9
之人將,9
學員們,9
因身,9
和訊息,9
證其真,9
許多學員,9
金城,9
服刑,9
理器,9
揚投資,9
相逢,9
分下,9
一疊,9
熱愛玩,9
實來源,9
二房,9
生死,9
匯速付,9
玉器,9
過幣安,9
始認,9
瑞穗,9
林某,9
反問,9
總數,9
並創建,9
並傳訊,9
總得,9
炫富,9
提個,9
子服,9
雲霄,9
生紙,9
焦距,9
阿陳,9
澆下,9
家務,9
賴惜萍,9
專線詢,9
氣真,9
九資,9
團夥,9
雲淡,9
筆總計,9
真而陷,9
報低,9
交通事故,9
其繼續,9
行員警,9
病友,9
作家,9
無妄之災,9
整潔,9
分因,9
還沒察覺,9
永平,9
天宏,9
球具,9
熊熊,9
百分之二十,9
將帳號,9
古箏,9
金將,9
運籌,9
帷幄,9
滿目,9
攝影師,9
培訓班,9
臉友,9
元飛,9
虧大,9
禪心,9
考核,9
確保資,9
阿德,9
邱正宏,9
三分之一,9
飛雁,9
蠢蛋,9
宣傳著,9
硬件,9
陰暗,9
美得,9
向來,9
春酒,9
勝率,9
將裝備,9
佳芸,9
更高級,9
金順利,9
省吃儉,9
陳倩茹,9
還挺像樣,9
有所增加,9
技藝,9
牙套,9
威文線,9
專員還,9
瑩宇,9
爽朗,9
驚愕,9
成都路,9
小瑜,9
品威,9
翻閱,9
若不慎,9
勝利,9
相較,9
女大學生,9
劉男,9
於過,9
曉玲,9
穿插,9
頭一動,9
明陽,9
像素,9
增進,9
地教會,9
淒涼,9
頭一喜,9
眼紅,9
擁抱,9
犧牲,9
暗喜,9
令人咋舌,9
文閃爍,9
新電腦,9
油煙味,9
家弘,9
特殊要求,9
小燕子,9
孫子們,9
枯燥乏味,9
哪經,9
來解,9
那六萬,9
忙音,9
安信,9
年過,9
七十年,9
紅塵,9
六十二,9
信華,9
聖經,9
業打,9
這三萬塊,9
台資,9
裡無意間,9
返傭金,9
小圓,9
易通,9
賴雅芬,9
余建宗,9
億見,9
林秉,9
興爸,9
龔龍華,9
許回報,9
陳鵬煊,9
釣具行,9
家偉,9
卡爸,9
李美嘉,9
雅彤,9
吳佳龍,9
蕭詩涵,9
林安,9
小翁,9
洪蕙芸,9
小名,9
李聖昌,9
窗簾,8
簽定,8
巡演,8
益勝,8
貨卡,8
買台,8
簡訊來,8
徹底踐,8
宇宏,8
隨後帳,8
其洽,8
很麻煩,8
人員有,8
書桌,8
國稅,8
打擾,8
無號,8
問發現,8
將貸款,8
證後會,8
假貨運,8
空賣空,8
還不罷,8
說購,8
開始訴,8
喪和後悔,8
稱並,8
裡寫,8
某團體,8
照步,8
南非,8
超帥,8
項能,8
獲一個,8
下察覺,8
也換,8
結詐,8
做實,8
那什麼,8
獎率,8
張電,8
危險訊號,8
想帶,8
目為,8
騙進,8
之密碼,8
兩人聊,8
鍋具,8
領金額,8
補強,8
不認,8
並貼給,8
清掉,8
零碎,8
費再,8
人點,8
之後所謂,8
先匯入,8
配額,8
他常,8
糊裡,8
始問,8
燃料,8
二百元,8
多額,8
外借,8
以其,8
協助轉,8
埃及,8
九十多,8
去年初,8
四本,8
常說,8
某捷,8
時實,8
白包,8
方款,8
真誠的關,8
盧比,8
還變成,8
礦池,8
許他,8
貨送,8
八天,8
如常,8
物證,8
回訊息問,8
普發,8
將台灣,8
還協助,8
幣勝,8
新台,8
台灣給,8
詳詐,8
認受,8
許經理,8
金去,8
專員並,8
項予,8
兩度,8
噪音,8
創業者,8
證金來,8
劉苛,8
一到帳,8
簽約金,8
主動將,8
會連,8
冰冰,8
信給,8
輸錢,8
當掉,8
貨件,8
自責交織,8
網想,8
場門票,8
內下載,8
萬才,8
總共十萬元,8
之資料,8
多服,8
這口氣,8
對方急,8
看球,8
儲遊,8
不寄貨,8
最後報,8
還收,8
把車,8
新電話,8
內容蠻,8
選聯絡,8
單順利,8
高且,8
證都,8
分就匯,8
戶用,8
無事尾,8
都過,8
盤旋,8
關心體,8
辦理托運,8
交貨時,8
細看,8
兩萬五,8
發商,8
著詢,8
出賣,8
滿熱情,8
體諒,8
肯德基,8
媽媽禮,8
共四筆,8
法老,8
因款,8
台南人,8
當禮物,8
完事,8
假警,8
外盒,8
同創,8
豐盈,8
組要,8
轉不出,8
超順,8
性時,8
轉台幣,8
閃配,8
送點,8
完遊,8
偽冒,8
照付,8
先後從,8
專員視,8
打住,8
宜蘭人,8
暫借,8
挺順,8
購買此,8
單作,8
對方分,8
一下手,8
網求,8
錢化,8
提拉,8
金必須,8
登載,8
獲利後會,8
嚐嚐,8
剛加,8
法購,8
先撥,8
銀行後才,8
某電子,8
某行業,8
幫補,8
開電子,8
護膚,8
遊卡,8
見個,8
新屋,8
坐車,8
閱覽,8
時需,8
寧寧,8
並升級,8
分階段,8
人應,8
唯一一,8
元存,8
扣杯,8
藝廊,8
詞越,8
東區戶,8
續點,8
女伴,8
但系,8
統上,8
選品,8
羊爸,8
來陽光,8
要額,8
並上網,8
假快,8
於將,8
報案過,8
放不下,8
搜尋過,8
碼輸入,8
服人,8
顧至,8
評論區,8
熱區,8
報喜,8
通網,8
訴求,8
乳液,8
昨天中午,8
遭人以,8
清事實,8
提貨,8
稱點,8
嘟嘟,8
豐胸產品,8
價券,8
後轉,8
爬蟲,8
錢後說,8
那頁,8
掏光,8
用銀行,8
光看,8
祝福,8
回禮,8
郵輪,8
屬名,8
經過詢,8
幣元,8
選假,8
經透過,8
但稱,8
算清楚,8
從前,8
會信,8
消耗,8
一結束,8
搞砸,8
多誠懇,8
二字,8
開訊息,8
惡夢才,8
描條碼,8
一睹,8
出貨時,8
到櫃,8
取貨後發現,8
二十多年,8
軍隊,8
案裡,8
未依約,8
之後專員,8
凱翔,8
先替,8
詢及,8
湖內區,8
不乏,8
幣帳,8
集點,8
去後系統,8
引人,8
時千萬要,8
貸款務,8
裡點,8
幣已,8
包膜,8
稱門票,8
卡放,8
並察覺,8
多變,8
繳完費,8
方代,8
包濕,8
一則驗證,8
或個資,8
因小失大,8
攤車,8
稱琳琳,8
更生,8
修房子,8
惱羞成,8
需處理,8
及幣,8
開後是,8
有遊戲,8
一組連,8
聊興趣,8
我車,8
小偷,8
開始頻,8
私事,8
指名,8
詢餘額,8
廠家,8
裡閒,8
著賣家,8
該驗,8
當洗,8
想求,8
螢幕錄,8
二十年,8
面確,8
查餘額,8
給一,8
破舊,8
著說,8
以該,8
認損,8
解約金,8
將運費,8
內訊息,8
某賣家,8
追溯,8
視訊要,8
裡出,8
卡冊,8
竟有,8
卡讓,8
因內容,8
凍費,8
馬幣,8
日元,8
騙常以,8
那其實,8
必保,8
購買楓,8
用電,8
張起,8
裡其,8
差得,8
衛福部,8
病例,8
頭涼,8
訂金並,8
數月,8
打點,8
行長,8
元開,8
中一樣,8
人去,8
例未,8
送序號,8
未及,8
架上,8
吞吞吐吐,8
內湖,8
以親,8
榆榆,8
入眠,8
出貨紀錄,8
多花點,8
多寡,8
中秋,8
辦費用,8
稱票,8
換購,8
已無紀錄,8
因涉,8
單訂,8
我密,8
入睡,8
貪個,8
單細節,8
喘口氣,8
吉安,8
日誌,8
我警,8
病重,8
北車,8
卡號碼,8
某棟,8
央行,8
乃文,8
是劉,8
串流,8
和尚,8
想換點,8
改名字,8
分見面,8
旅社,8
文才,8
她過,8
贈給,8
購買費用,8
遇詐,8
威力,8
還沒給,8
證發現,8
若真,8
專叫,8
感超,8
適便,8
刮痕,8
瑕疵品,8
那三萬元,8
許真有,8
對方溫,8
網滑,8
不厭,8
前輩,8
靈芝,8
養生,8
照著加,8
他答,8
試車,8
著車,8
車時,8
經常在網,8
說代,8
匯獎,8
卡親,8
沒刷,8
緊照,8
筆入,8
炮網,8
貸網,8
知不知道,8
而林,8
不拿白,8
收運費,8
連賣,8
權限不夠,8
商延遲,8
一塌糊塗,8
多截,8
行員主動,8
飛走,8
差錯,8
發悶,8
總共兩,8
當銀行,8
隨後又轉,8
用購,8
一組賣,8
沒著落,8
優惠資訊,8
說海關,8
調理機,8
超商及,8
單到,8
車道,8
假匯款,8
接應,8
幻象,8
杳無音,8
魷魚,8
某藝人,8
員處理,8
資訊將,8
史迪奇,8
做系,8
項後就會,8
其密碼,8
投資頭腦,8
成年,8
要動,8
該處,8
須進,8
帳紀,8
黑心,8
還沒賣,8
包貨,8
問還,8
等確,8
專項,8
那批,8
意帶,8
賣家訊息,8
養貓,8
財務長,8
萬換,8
記密碼,8
主動訊息,8
包連,8
這可,8
日網,8
方代購,8
幫其,8
郵局櫃,8
倒會,8
十一日,8
入會金,8
碼截,8
金回,8
新任,8
自郵局,8
受苦,8
被查,8
完之後會,8
人員才,8
之後電話,8
平頭,8
中陸續,8
超新,8
賣家傳,8
楊蕙穎,8
想學習,8
個小額,8
商帳,8
發價,8
餐具,8
六十五,8
鄭民,8
處以,8
總版,8
大橋,8
停業,8
方網,8
通來,8
面填寫,8
時確,8
第一波,8
丟在,8
試玩,8
鬧事,8
我夢想,8
著靠,8
花香,8
親友察覺,8
李嘉怡,8
用台,8
包不見,8
隱秘,8
藍海,8
制度化,8
暑期,8
局來電,8
微型,8
項來源,8
試單,8
元後續,8
金保證,8
並賺取,8
魚魚,8
金應,8
些微,8
最慘,8
扶手,8
讀卡機,8
全飛,8
筆損失,8
雪球,8
並刷,8
我著,8
外交部,8
假補助,8
台人員,8
群費用,8
雨鞋,8
戶發,8
參加類,8
公婆,8
做錯,8
稱當,8
但林,8
洗碗,8
郵件給,8
供給,8
作驗證,8
經理林,8
沉甸甸,8
更大額,8
著頭緒,8
地威脅,8
做筆,8
買家時,8
專業理,8
之後整,8
適用,8
二是,8
語焉,8
虛擬貨,8
記帶,8
未實,8
問後始,8
明給,8
便網,8
錄時,8
俐落,8
分鐘過,8
轉運費,8
全失,8
加付,8
東南亞,8
四倍,8
檢警詐,8
詳暱,8
名義上,8
邱醫師,8
獲到,8
背包客,8
說金,8
違章,8
景品,8
賣家加,8
無論網,8
並改,8
卡寄去給,8
前後分,8
理他,8
先下手,8
毫無察覺,8
品名,8
經歷成,8
潮水,8
單純在網,8
面自動,8
只會用,8
當買家,8
盤商,8
六段,8
之產品,8
獲利廣告,8
我明,8
隨後頁,8
假平,8
竟還,8
早中晚,8
失快,8
找代購,8
投資且,8
以核,8
任務來,8
人戶,8
交錢給,8
可租補,8
賣家談,8
師會,8
皮卡丘,8
戶政人員,8
桐桐,8
回避,8
寫信,8
抖音平,8
債務協商,8
罰則,8
蒸氣,8
最後無法,8
補交費用,8
前後後陸續,8
今年夏天,8
兩雙,8
領個獎,8
辦理掛,8
下驚覺,8
萬元則,8
用個,8
不太可能,8
太氣,8
共計轉,8
此並,8
擊連結,8
買紀錄,8
蝦桿,8
碼將,8
人均,8
繼續轉,8
搜尋資料,8
總共已,8
價格來,8
臉孔,8
底線,8
我與幣,8
多個資,8
確保訂,8
破洞,8
虛擬幣商,8
二十六日,8
八個,8
大汗,8
買黃金,8
共刷,8
屈服,8
由加,8
水電費,8
大耳狗,8
專場,8
正宗,8
訊息稱,8
地籍,8
得驗證,8
獎金遲,8
東西來,8
帶利還,8
外縣,8
過加,8
之樹,8
因已,8
延到,8
評等,8
一雙鞋,8
故便,8
因查,8
自費,8
之後介紹,8
幣一萬,8
互傳,8
充滿後悔,8
最夯,8
許損失,8
方覺,8
炸裂,8
冷凍庫,8
詢後發,8
洗脫,8
有多張,8
視訊過,8
會伴,8
隨風險,8
以內,8
心服,8
員稱,8
購買動漫,8
實陳述,8
金額驗證,8
方平,8
多前,8
網銀頁,8
並不疑,8
儲抖,8
數卡及,8
法相,8
等言語,8
數詐,8
連綁定,8
現值,8
還開通,8
對方實,8
李梓銘,8
交時,8
私訊加,8
隸屬,8
接客,8
小盒子,8
談錢,8
不承認,8
信物,8
至店,8
一過,8
一湧,8
情緣,8
進新,8
猶豫過,8
為戶,8
未結,8
方遊,8
戶供,8
並通話,8
專程,8
時透過,8
丟錢,8
朗讀,8
便代,8
並我,8
假罰,8
甚大,8
私人物品,8
提撥,8
欺犯,8
壓下,8
貨證明,8
取個資,8
著牙,8
衝出,8
三輪車,8
及健,8
遭一,8
茅台酒,8
找麻煩,8
近年,8
交資金,8
生殖器,8
未來面,8
經靠,8
當我表達,8
包裝過,8
旅居,8
電網,8
真地,8
約會金,8
驟去,8
關資訊,8
買書,8
先挑,8
遲鈍,8
晚一點,8
電應,8
有虛擬,8
轉五萬元,8
保證款,8
貨來,8
寶可夢遊,8
戲卡,8
大王,8
物網,8
選為,8
雅馨,8
問後發現,8
回資金,8
並確實,8
縣員林市,8
三代,8
群中,8
市大園區,8
轉三萬元,8
最後確定,8
衝刺,8
異詢,8
寵物籠,8
用快,8
並把序,8
到面,8
裡上,8
分攤,8
國泰帳,8
過賣家,8
二等,8
截鐵,8
仔細回,8
幼兒,8
億楓幣,8
稱來,8
給線,8
兩周,8
高清,8
單已,8
體的,8
秘密武器,8
名女,8
特賣場,8
這一波,8
方人員,8
人產生,8
氣勢,8
資訊還,8
婚宴,8
上身,8
沒通,8
料事,8
蒼白,8
麻將機,8
需費用,8
取樣,8
榮站,8
最後統,8
未激活,8
品萱,8
方程式,8
稱金額,8
權限為,8
下半身,8
補助費,8
萬轉,8
累累,8
不聯絡,8
蓮二信,8
金額則,8
就領,8
兩到,8
紙鈔,8
連讀,8
並特別,8
審查費,8
金需,8
馨馨,8
開始語,8
開蝦,8
遊樂園,8
申請津,8
元罰,8
第二份,8
身形,8
民權,8
還損,8
點半到,8
並也,8
卡和個,8
過程裡,8
咕咕,8
農地,8
選禮品,8
試探性,8
並檢查,8
數到,8
繳納驗,8
市取,8
漫小卡,8
士兵,8
方留,8
機車行,8
抵押物,8
卡買,8
冰雪,8
匯不過,8
訴請,8
網友問,8
越長,8
會寄到,8
然後與,8
價轉,8
控部門,8
山楂,8
盡頭,8
追劇,8
卡幫忙,8
金卡,8
英語,8
威嚇,8
別人用,8
調查員,8
受委,8
前進,8
現金匯,8
參與過,8
當我答,8
三通,8
可愛的貓,8
石化,8
認無誤,8
方事,8
投資至,8
經理用,8
萬元用,8
電要,8
入門費,8
牙膏,8
至個,8
中點擊,8
著下,8
肥皂,8
抽身,8
磁磚,8
說照,8
研究院,8
名義借,8
最常,8
保守,8
輸掉,8
還感謝,8
回程,8
給網友,8
暱名,8
停止使用,8
行犯,8
金流來,8
直白,8
揪住,8
編號給,8
錯覺,8
表叔,8
並於後續,8
內連續,8
依指,8
戶號,8
還按,8
戰法,8
著名,8
未進,8
留言板,8
名義下,8
三款,8
我氣炸,8
並下訂,8
對手,8
門市將,8
方馬,8
交通工具,8
底到,8
經至,8
慶活動,8
台灣會,8
前後遭,8
其無法,8
老花眼,8
參賽,8
未購,8
菁菁,8
將信,8
將疑,8
關卡,8
財受損,8
第二期,8
並找,8
配戴,8
問答,8
中許,8
先透,8
押注,8
建文,8
貨紀錄,8
筆分別,8
昏沉,8
結上,8
雜起,8
招生,8
珠寶廣告,8
學個,8
要線,8
著限時,8
錢瞬間,8
巷子口,8
理睬,8
剛點,8
滿健談,8
明代,8
灣證券,8
再訊息,8
然後根據,8
過他,8
幾天後才,8
供渠,8
繳納入,8
周日,8
粉紅色,8
幣幣,8
其虛擬,8
連過,8
金換成,8
無擔,8
無法通,8
此訊息,8
億睿,8
台新銀,8
時通,8
組寄件,8
萬出,8
不過過,8
特性,8
下一筆,8
銀行給,8
蔬果,8
連一個,8
方資料,8
來場,8
抵不過,8
語音裡,8
著難,8
蓋過,8
懷疑並,8
維護個,8
方就將,8
證驚覺,8
加專員,8
時稱,8
過兩次,8
號輸入,8
親節,8
太子,8
中暱,8
輕信來,8
帳戶且,8
轉行,8
楊經理,8
說遊戲,8
元無法,8
著沉,8
可進,8
隨後又透過,8
燈具,8
光澤,8
為幣商,8
將店,8
雜費,8
貨後會,8
運算,8
到幣商,8
完後馬,8
銀行個,8
並展,8
真到,8
稱買家,8
俊杰,8
名嘴,8
分止,8
聯絡確,8
信帳,8
搬來,8
船上,8
自台灣,8
書並,8
額新,8
那端,8
查號,8
帳號現,8
西螺,8
老師教,8
這樣過,8
高雄人,8
右轉,8
股神,8
多一筆,8
填不滿,8
釣王,8
隨後又聲,8
降噪,8
日登入,8
消費詐,8
中興,8
戶餘額,8
繳納會,8
有積,8
貨細節,8
年邁,8
文博,8
競標文,8
緩解,8
會加,8
曼曼,8
小羊,8
地聊,8
露營車,8
飛煙滅,8
度提高,8
網銀輸入,8
時詢,8
公鏈,8
王男,8
遊藝場,8
限定版,8
星期五,8
假綠界,8
我頻,8
雷擊,8
別轉,8
販售給,8
單張,8
之後沒,8
翻天,8
勝券,8
會員工,8
西班牙,8
問後對方,8
獲利確,8
差別,8
給來,8
銀行方,8
博彩,8
得頭,8
著虛擬,8
還聊,8
發現裡,8
對訂,8
渠為,8
挺來,8
麗娜,8
將賣場,8
之後就用,8
文聲,8
稱忘記,8
銘仕,8
租期,8
財通,8
遣詞,8
護費,8
並連,8
連社團,8
並因,8
混在,8
將用,8
他照,8
連見面,8
要負,8
裡那,8
盛世,8
愈怪,8
楊永銘,8
莊琇媛,8
其極,8
論件,8
事能給,8
掛牌,8
並不寬裕,8
賣家洽,8
點與,8
未定,8
十幾天,8
著相機,8
風景,8
阿玉,8
送費,8
連想,8
共存,8
還中,8
寶船,8
君君,8
以處理,8
貨才,8
私訊暱,8
僅是,8
我假,8
點就,8
畢後對,8
公式,8
號碼給,8
金壹,8
運到,8
某大,8
小學,8
假承諾,8
切入,8
價利潤,8
來見面,8
摩根,8
特區,8
不出所料,8
專上,8
破獲,8
先離開,8
買給,8
大膽,8
責人,8
假警員,8
欺集,8
需達,8
獲悉,8
掛名,8
取現,8
心還,8
打牌,8
結該,8
因酒,8
貴得,8
達單,8
自動連,8
項後才,8
有傳,8
周經理,8
數的,8
包軟體,8
營網,8
假鈔,8
忍著,8
覺裡面,8
名簿,8
資費,8
師姐,8
商之人,8
先求證,8
專員面,8
投資書,8
盜辦,8
動向,8
縣頭份,8
卡死,8
本寫,8
樂翻,8
著會,8
就糊里,8
手機遊,8
小黑,8
別家,8
連結絕,8
購結匯,8
善舉,8
頂尖,8
速運,8
王隊,8
依渠,8
九州,8
某筆,8
一萬元整,8
並在裡,8
卡費用,8
過錢,8
盈虧,8
還在網,8
體育館,8
額滿,8
需通過,8
名義為,8
罹患,8
帳後對方,8
梧棲,8
問看,8
週前,8
一千四百,8
草率,8
還舉例,8
美式,8
網轉,8
方個,8
確認後會,8
方能夠,8
傳媒映畫,8
獎金要,8
帳用,8
沒問,8
看合約,8
再輸入,8
廠商會,8
裝潢費,8
艾爾之光,8
麗雯,8
車要,8
不力,8
並退還,8
繁多,8
浪上,8
太大筆,8
蔡怡,8
射擊,8
生硬,8
某假,8
畫大餅,8
因貸款,8
申辦幣,8
覺醒,8
將積蓄,8
三號,8
萬事,8
商東,8
金融中心,8
蝦場,8
專業幣商,8
並願,8
方所給,8
幾號,8
香火,8
棕色,8
常看到,8
金才會,8
故打,8
想匯,8
開餐,8
名義給,8
將我們,8
子林,8
進一,8
掉包,8
以台灣,8
證也,8
務費,8
必多,8
網卡,8
吸走,8
認人,8
歐美,8
蝦子,8
龍銀,8
則在,8
沒見面,8
溜走,8
汽機車,8
機械鍵,8
投新,8
續則,8
驟變,8
包裝時,8
利空,8
我們終,8
票時,8
時並,8
旺旺,8
林思穎,8
方商談,8
撤資,8
車沒,8
歐易,8
睡醒,8
群族,8
證資,8
才給,8
茫茫人海,8
人終,8
落網,8
討款,8
小丑,8
新帳,8
然後沒,8
萬多顆,8
你給,8
永嘉,8
開起,8
山水,8
辦喪事,8
臉書點,8
香菇,8
幾眼,8
貼標,8
五人,8
徵工,8
曉欣,8
東海,8
萬泰達幣,8
已來,8
抽中獎,8
加確,8
藝術品,8
依林,8
再交,8
法退,8
氣變,8
規劃師,8
海關費,8
的劉,8
順序,8
發廣告,8
請銀行,8
殿堂,8
向國,8
保齡球,8
詳犯,8
然後介紹,8
號發,8
特種,8
能少,8
男稱,8
萊收貨,8
急借,8
皮皮,8
珍藏版,8
不太想,8
處理獎,8
氣餒,8
項進,8
轉化,8
專門詐,8
山崎,8
因前,8
之約定,8
偉豪,8
愛吃,8
坐姿,8
延後到,8
隊員,8
手寫,8
還根據,8
我們雙,8
升智,8
經滿,8
丈量,8
我欲出,8
說車,8
拋錨,8
賠為,8
堂課,8
財產來,8
禮拜過,8
高文宏,8
暑假,8
寶微信,8
但僅,8
一報,8
款並,8
愛我,8
確保見,8
結構,8
評級,8
吸乳器,8
關了,8
還沒到貨,8
連登入,8
意教,8
超不對,8
連聲音,8
佳蓉,8
龍魚,8
續款,8
我後來查,8
還模擬,8
因向,8
之後張,8
並又,8
大甲,8
莊家榮,8
裡掙扎,8
婉晴,8
超厲害,8
尼康,8
小馨,8
可取,8
買耳機,8
肩膀,8
成虛,8
沒消,8
沒息,8
打怪,8
業務上,8
無奈報,8
有現,8
文宣,8
將剩,8
元虛擬,8
之上,8
抽個,8
網在,8
職要,8
本期,8
太誘,8
很緊,8
賣平,8
吳慶祥,8
賣家還,8
儲備,8
感覺關,8
時空,8
開戶並,8
感恩,8
放手一搏,8
陶瓷,8
做進,8
都領,8
裡隱,8
越早,8
未透過,8
會去,8
其約定,8
價及,8
超痛,8
李在,8
某支,8
加過,8
局來,8
貨運司機,8
金價差,8
摸彩,8
商幫,8
椅上,8
講虛擬,8
方展,8
威吉,8
貸款須,8
已用,8
號房,8
戲內,8
萌萌,8
盛鴻幣,8
然後教,8
有多深,8
時便,8
遭刷,8
出金前,8
吉利,8
搜尋有,8
包裝費,8
中二信,8
心聲,8
勢如,8
破竹,8
分私訊,8
認真實,8
率會,8
及面,8
米粒,8
掌上,8
張恭銘,8
我電子,8
莎莉,8
變魔術,8
說會教,8
轉幣給,8
無紀錄,8
再步,8
背後卻,8
這人應,8
天過,8
退費給,8
我太興奮,8
經網,8
三不五時,8
生水,8
一至,8
株式,8
直送,8
快撐,8
購該,8
心安理得,8
持股,8
令人不安,8
入後加,8
徐峰,8
警惕性,8
礦業,8
頭緊,8
付帳,8
小屋,8
貨幣詐,8
感性,8
我內,8
所以然,8
氣緊,8
幣和,8
的電,8
天貓,8
元出,8
儲入,8
就詢,8
轉得,8
王志文,8
發一個,8
聊個,8
飛揚,8
貨之,8
將金流,8
日試,8
二天,8
他後來給,8
時數,8
進而盜,8
願意將,8
醫藥,8
傑的,8
押禁,8
投資務必,8
幫一個,8
配案,8
討論後始,8
那一筆,8
麻吉,8
畫產生,8
以借,8
開始還,8
送詐,8
導致後續,8
清寒,8
還不以,8
林馨怡,8
聚金,8
日買,8
小吳,8
進無底,8
寄書給,8
十周年,8
契合,8
購遊戲,8
謝玉琴,8
數卡上,8
期償還,8
截止,8
並茂,8
要關,8
領牌車,8
給孫子,8
陳淑芬,8
超商櫃,8
昌平,8
擴充,8
回憶起,8
創薪,8
獲知,8
條不紊,8
幾秒鐘,8
中務必,8
繼承,8
問請,8
掘金,8
訂購且,8
她終,8
靈感,8
戲來,8
先帶,8
徐筱如,8
金予,8
內壢,8
地往,8
保對方,8
將卡,8
劉運莉,8
這裝備,8
金額始,8
八字,8
時匯,8
李乘風,8
選活動,8
導航,8
經層,8
書會,8
逃逸,8
我無論,8
定會,8
志峰,8
嘉琳,8
淘寶的,8
不可或缺,8
過夜,8
無銀行,8
盛群,8
意出,8
定價,8
過綠界,8
清明,8
防範類,8
走運,8
計人員,8
之現,8
多次通,8
這詐,8
並揚言,8
燦爛,8
內容超,8
莉雅,8
生意人,8
豪宅,8
女王,8
張文慧,8
敲醒,8
水管,8
收納櫃,8
腰包,8
鍍膜,8
超積極,8
重驗證,8
我代碼,8
中進,8
張機票,8
之境,8
因現,8
通線,8
公館,8
實將,8
收益率,8
阿公,8
順利得,8
元販售,8
結之類,8
周刊,8
證傳給,8
諾瓦,8
投資興趣,8
鄉農會,8
假遠,8
實領,8
人照,8
分臉,8
然後進,8
不講,8
悠悠,8
蔡民,8
該行員,8
張思雅,8
華僑,8
和繳,8
二隊,8
不進,8
導員,8
他付,8
安卓機,8
島嶼,8
轉著,8
大山,8
但名,8
紋純,8
心裡樂,8
內裝,8
翻譯員,8
現受,8
宣告,8
台東榮,8
金流動,8
並未給,8
畢後會,8
滿新,8
消毒水,8
八里,8
售假,8
深情,8
新之助,8
輪盤,8
性能,8
天珠,8
決然,8
繳交約,8
但試,8
淡如,8
靜雯,8
連夜,8
職女養,8
成記,8
秘術,8
方台灣,8
搶光,8
卷入,8
文芳,8
股道,8
林園區,8
區興,8
配上,8
總要,8
小童,8
不軌,8
催命,8
三套,8
徐瑜廷,8
承恩,8
證其,8
虛擬點,8
芷茹,8
上天,8
方所,8
日時分,8
並隨後傳,8
林耀東,8
火箭,8
求學,8
還可,8
顯為,8
小美才,8
李雯雯,8
元紅包,8
風輕,8
他噓,8
得意忘形,8
試驗,8
親友關,8
黯淡,8
財兩空,8
大冒險,8
面後就會,8
搖搖頭,8
蘇瑤,8
悶雷,8
嘉玲,8
擊後跳,8
會額,8
地談,8
老年,8
珠寶類,8
不先,8
描加,8
李妙雪,8
夜幕,8
唐娜,8
謝哲青,8
李杰,8
經求,8
計算後發現,8
一月底,8
地寫,8
林佳儀,8
群英,8
現金紅包,8
助力器,8
豪幣,8
極限,8
還有額,8
林思妤,8
穩賠,8
飛漲,8
高達九萬,8
李映蓉,8
短視,8
魔爪,8
魔鬼,8
王國輝,8
東百貨,8
抽黃金,8
投資夥伴,8
而加,8
猜測,8
徹底擊,8
那十萬塊,8
五萬過,8
許員,8
对方,8
泉元,8
阿延,8
當我確,8
出極,8
銷售額,8
扎進,8
喜禮品,8
楊東,8
建議加,8
孝順,8
許錦煌,8
我絲毫,8
鐘過,8
潘郁,8
阿昌,8
四方,8
老李,8
佔據,8
戰力,8
激起,8
心雀躍,8
阿勳,8
襲上,8
予琴,8
站牌,8
口沫,8
橫飛,8
溢出,8
眉頭,8
報且,8
心一點,8
發帖,8
逃離,8
接踵而至,8
灰燼,8
溫文勝,8
小潔,8
編程,8
引向,8
將會伴,8
元世錢,8
林峻,8
先嘗試,8
截款,8
內發,8
生財有,8
螢火蟲,8
胞弟,8
高風險性,8
衰到,8
真的假,8
日才會,8
日俱增,8
惡夢般,8
石沈大海,8
毛豆,8
釣大魚,8
春節,8
無憂,8
人情冷暖,8
這增強,8
李樂樂,8
心漸,8
午後的,8
鴻景線,8
一閃,8
銀信,8
屯郵局,8
馮淑娟,8
消雲散,8
單為,8
東益,8
劉學淵,8
邱舒彤,8
陳淑華,8
榮路,8
子倩,8
劉志麗,8
區大灣路,8
林國盛,8
地識,8
別詐,8
冬夜,8
勞作,8
承諾騙,8
輕輕,8
旅運,8
個省,8
計記,8
帳人員,8
我空,8
我雀躍,8
服務員來,8
粗手,8
黑狗,8
天倫之樂,8
過餘生,8
小俊,8
更騙,8
奇奇怪怪,8
飴弄孫,8
虎魚,8
秀珠,8
怎麼過,8
潛蛟,8
迪麗,8
保險業,8
元翔,8
五十年,8
我半輩子,8
愜意,8
馥諾,8
邱玉芳,8
林海,8
思念,8
銀利,8
王芷希,8
家妤,8
錢騙,8
超商萊爾富,8
潘旭龍,8
宏寬,8
沈嘉,8
煙雨笑,8
楊雅琪,8
林建仁,8
艾希,8
著虛假,8
粗人,8
留著給,8
戲偶頭,8
隨專家,8
阿國,8
李銘瑋,8
稱華,8
傾薪,8
草東,8
吳宜芬,8
慧珊,8
要麼,8
冒險家,8
品揚,8
依雯,8
阿凯,8
姜霞,8
柯宥柔,8
沛芸,8
美家,8
林佳君,8
潔西,8
韓維辰,8
許嘉,8
楊維維,8
福壽街,8
謝秋請,8
王小強,8
鳳蓮,8
無金額,7
用金,7
梁凱,7
貨運貨到,7
阿水師,7
可分,7
便親,7
語安撫,7
簽契約,7
各一,7
認錢,7
依步驟,7
繳金額,7
今早,7
攝個,7
元驗證,7
連買,7
問完,7
給我作,7
詢後確,7
延後至,7
下下載,7
筆大額,7
提供者,7
展覽門票,7
聚集,7
美兮,7
銀行致,7
臉書要,7
打結,7
暗區,7
某戶,7
肅地,7
草本,7
大約花,7
追訴,7
就訂,7
剩滿,7
幾則訊息,7
組人員,7
打緊,7
大叫,7
完後才,7
由銀行,7
運費及,7
這週,7
很陽光,7
單付,7
部長,7
變卦,7
比金額,7
假金流,7
稱如要,7
該業務,7
價約,7
能證明,7
仔細詢,7
真相大白,7
事後銀行,7
分五筆,7
買塔位,7
元之款,7
補齊款,7
越給,7
對方多麼,7
新開,7
保不會,7
詢購,7
始動搖,7
手遊代儲,7
防風,7
背巾,7
稱會員,7
張振華,7
生辰八字,7
貼文時,7
以後便,7
幣作,7
什麼後果,7
福氣,7
事後未,7
雷蛇點,7
還有存,7
裡湧,7
鑑賞期,7
三萬零,7
證金才,7
過程過,7
美睫,7
特工,7
林雅心,7
並寫,7
無實際,7
輸光,7
其入,7
之會員,7
林嘉偉,7
有餘額,7
遭儲值,7
該篇,7
貨為,7
總共透過,7
這計畫,7
七百元,7
不會來,7
人盜,7
最後依,7
失錢,7
崩盤,7
之後約定,7
張郵局,7
瘦瘦的,7
近三萬元,7
詐局,7
可帶,7
會並,7
之後邀,7
兄妹,7
調酒,7
隨後網,7
續購,7
出門前,7
深聊,7
文在,7
販買,7
完後要,7
區還,7
投資軟,7
退會,7
賣家驗,7
地買點,7
得理,7
幾百,7
花個,7
白花,7
張易,7
鎖卡,7
姜振威,7
服務真,7
需匯,7
肥料,7
終於確,7
具資料,7
季繳,7
需幫忙,7
經人,7
戲虛擬,7
轉捩點,7
單費,7
小興奮,7
貼著,7
終成,7
纖體,7
要交換,7
牡蠣,7
心整,7
說會還,7
永靖,7
其內容,7
我壓,7
掛失並,7
資詐,7
回傳驗,7
幾天後帳,7
有業績,7
五件,7
發完,7
幣四萬元,7
很慌張,7
及給,7
龜山,7
許再,7
語氣安撫,7
這賺,7
以言語,7
匯成,7
資金均,7
共入,7
兩次給,7
不趕,7
做應,7
手藝,7
資金太少,7
果汁,7
某線,7
便並,7
發文欲購,7
寄發,7
經電話,7
貢獻,7
中討論,7
太假,7
金之後會,7
體面,7
急匆匆,7
物箱裡,7
阿虎,7
機內,7
私訊想,7
合約並,7
電信卡,7
卡拿去,7
歌唱,7
捐出,7
系統費,7
童話,7
來林,7
雙門,7
將遭,7
次金額,7
當日將,7
元泰達幣,7
包圍,7
出了點,7
圖樣,7
重拾,7
實蠻,7
熱賣,7
百分之三十,7
但票,7
身敗,7
名裂,7
資金用,7
橘色,7
並洽,7
數繳,7
還不出,7
昨天上午,7
身家,7
項先,7
還視,7
重心,7
內野,7
訊息裡還,7
不慌不忙,7
通勤,7
經涼,7
置物箱,7
並將驗,7
動作並,7
方經紀,7
之餘額,7
就會用,7
體裡面,7
說付,7
連那,7
屬詐,7
賣家馬,7
院長,7
全變成,7
關愛,7
問問題,7
芯芯,7
幾天後到,7
惟事後對方,7
嫌後續,7
帳入,7
總共四萬元,7
縣新,7
豐鄉,7
連說,7
並講,7
等物,7
資訊予,7
方口頭,7
票序,7
怎麼轉,7
先解鎖,7
匯款後馬,7
接著聲,7
害羞,7
智冠點,7
彩帶,7
該票,7
行員稱,7
澡盆,7
因稅務,7
楊員,7
我無卡,7
完後說,7
遊戲幣給,7
買家後續,7
常透過,7
並暫,7
遭異常,7
零組件,7
不準,7
任務要,7
按下確,7
驟點,7
念給,7
來收,7
隨後顯示,7
小飛機,7
算了算,7
寄望,7
需資料,7
小姨,7
汽車業務,7
改匯,7
需實,7
吃力,7
滿開心,7
爆出,7
妳是,7
其所稱,7
密度,7
東來,7
建賣場,7
並掃,7
第一名,7
幫傭,7
開唱前,7
鎖倉,7
年月日,7
前後後總共轉,7
方門票,7
想買些,7
有免,7
並供,7
漫步,7
認個,7
雷蛇遊,7
柿子,7
會償還,7
就絕,7
竟掉,7
分數過,7
見暱,7
會換票,7
舒達,7
用戶加,7
發達,7
細資訊,7
輸完,7
十萬元給,7
老師加,7
前確,7
人匯,7
當時網,7
學園,7
一袋,7
注資,7
想約會,7
區中華,7
西街,7
車廠,7
家信,7
重重的,7
城門市,7
出且,7
一束,7
經由該,7
無牌,7
次計,7
當老,7
娃衣,7
元換成,7
多天,7
晶華,7
代孕,7
面裡,7
匯款後將,7
至名,7
護好,7
一連轉,7
開唱,7
急急,7
人緊,7
貨延遲,7
臨時驗證,7
了還,7
進遊戲,7
說將,7
聯絡購,7
協助並,7
終確,7
稱謂,7
難測,7
奔命,7
保證票,7
念成,7
電報案,7
抽完,7
推來,7
推去,7
內部票,7
依約匯,7
行旅,7
滿意度,7
購物訊息,7
取連,7
蜜蜂,7
會員驗證,7
罷手,7
生計,7
體育場,7
故地,7
促進,7
不點,7
想換個,7
心如,7
大商,7
經他們,7
多元化,7
找師傅,7
經傳,7
轉有點,7
內確,7
還沒見面,7
給臉,7
詩雨,7
點要,7
回頭確,7
先凍結,7
建材,7
至交,7
分類,7
對方後面,7
我事後查,7
包車,7
家滑,7
張海報,7
將將,7
特效,7
買家後來,7
幾包,7
或額,7
界限,7
血壓,7
音電話,7
搜尋兼職,7
四條,7
的連,7
九十元,7
資歷,7
有三筆,7
各匯款,7
達數,7
碼都給,7
筆以,7
方簽,7
細談,7
多肉,7
幾碼,7
銘諺,7
南下,7
無法匯,7
過華南,7
元驚覺,7
皮衣,7
縣竹,7
給我門票,7
筆帳,7
失聯時,7
還再,7
林醫師,7
排班,7
機轉帳,7
翻著,7
裡既,7
照理,7
遲繳,7
單人,7
十幾分鐘,7
我幣商,7
妥後對,7
影視,7
兩場,7
夢裡,7
再領,7
熱愛手遊,7
已繳,7
升職,7
太真實,7
趕著,7
了後面,7
分工合作,7
不具,7
我震,7
毫無異,7
她則,7
紙袋裡,7
送序,7
分前,7
經私訊,7
內虛擬,7
是幣,7
購訊息,7
貧困,7
多產品,7
信貸部,7
稱許,7
無心,7
認證後會,7
他出,7
托出,7
很多年,7
換帳號,7
剛刷,7
群組要,7
行政主管,7
貨運費,7
近在眼前,7
不相關,7
九萬多,7
其傳,7
來繳,7
發財之路,7
卡透,7
萬物,7
性器官,7
取餐,7
前後後轉帳,7
實對方,7
叫幣,7
哪筆,7
購無法,7
挺熱絡,7
推文,7
我錯,7
前後後就,7
從別,7
拖進,7
直呼,7
捏造,7
單繳,7
變身,7
知名度,7
並依網,7
幾次還,7
銀行裡面,7
車模,7
以話術訂,7
戴眼鏡,7
問賣,7
小辣椒,7
商聯絡,7
掛飾,7
現訂,7
自中國,7
次點數,7
三萬元整,7
遭竊,7
正妹,7
來臨,7
某月某日,7
金錢來,7
自教,7
群組及,7
經產生,7
前後後分,7
購到,7
或門號,7
面點,7
磨豆機,7
三到,7
斷秀出,7
貨後我,7
四日,7
奈何,7
先來,7
插圖,7
刑法,7
勞力,7
不寒而慄,7
給現,7
寵貨,7
全泡湯,7
同袍,7
法術,7
翻來,7
文彬,7
單且,7
下滑,7
金流時,7
傳一組,7
地點給,7
賣會,7
欄輸入,7
愈大,7
問寄貨,7
沒幾句,7
保資料,7
領健,7
進什麼,7
還花,7
參加個,7
動透過,7
碼付,7
著電腦,7
先小額試,7
及加,7
協助民眾,7
上販,7
曉娜,7
落葉,7
自帶,7
幣就,7
懂理財,7
完費,7
私訊及,7
獲其,7
當見,7
建中,7
進富,7
疏通,7
我會給,7
單內容,7
取貨人,7
並該,7
當天用,7
區的票,7
嫌多,7
借鏡,7
暗中,7
微小,7
我會員,7
點給,7
頭痛,7
檢查過,7
搶費,7
賣得,7
有漲,7
王國,7
遭關閉,7
棒球帽,7
主動傳,7
貨買,7
想替,7
獲利返,7
問及,7
一陣後怕,7
遊戲裡面,7
網購務必,7
模範,7
但後果,7
對該,7
代儲商,7
問線,7
代辦許,7
即使如此,7
虧本,7
飲食,7
曉琳,7
裡一涼,7
丟包,7
意見面,7
投資得,7
絕不,7
已受,7
其點,7
前後大約,7
存懷疑,7
缺漏,7
包店,7
商贊助,7
繳費訊息,7
賣酪,7
無奈承認,7
還拉來,7
順利進,7
對方標,7
日確,7
號用,7
房屋交易,7
沒誠意,7
分不清,7
職稱,7
抵押金,7
並隨後,7
張就點,7
區社團,7
別以,7
對方太忙,7
電話加,7
賣黃金,7
大摩,7
時以,7
愛買,7
及代,7
罰緩,7
搜尋對,7
方資訊,7
數卡共計,7
稱罰,7
十里,7
修圖,7
缺一筆,7
公部門,7
每三個,7
各出,7
對方終,7
然後交給,7
盜刷詐,7
害得,7
得來,7
印刷,7
總共超,7
錢加,7
這兩年,7
一千六百,7
卡付,7
訊息始,7
很常,7
婦幼母,7
荷蘭,7
選並,7
骰子,7
面才,7
相伴,7
認養貓,7
錢動,7
聯結給,7
解救,7
多層,7
英文字母,7
販售樂,7
高經理,7
中八國,7
當手續費,7
徵人訊息,7
滿身,7
小曼,7
起居,7
動想,7
多美元,7
獎金將,7
其聯絡,7
初衷,7
因類,7
除訊息,7
扼腕,7
張華南,7
試詢,7
次轉,7
萬當,7
明輝興,7
步步高升,7
音網,7
因資料,7
回台幣,7
將我個,7
新生,7
經理暱,7
送動漫,7
組遊,7
幣拖,7
冷藏,7
高超,7
作證,7
小芬,7
詳實,7
染色,7
裡卻,7
中顯示,7
然後來,7
交誼廳,7
移居,7
價買進,7
繳驗,7
異到,7
遺地,7
韓文,7
方徹底,7
發案,7
商款,7
稻香,7
詳細陳述,7
低額,7
繳費及,7
敲門,7
認無法,7
當有,7
最後更,7
過我,7
我忍,7
可忍,7
更多關,7
半毛,7
五字,7
怡然,7
並引,7
魚兒,7
新網,7
分稱,7
未婚,7
全打,7
大樂透,7
之後詢問,7
桃園區,7
超商付,7
付什麼,7
國際版,7
更難,7
栗子,7
杭州,7
禾亞,7
買智冠,7
共付,7
六信,7
寢具,7
證是,7
涉犯,7
毒品案,7
值錢,7
活力,7
滑雪,7
林怡,7
洗錢詐,7
續點擊,7
文為,7
銀幕,7
曼德勒,7
還一筆,7
沒交給,7
改叫,7
新埔,7
更怕,7
裡都,7
不會後悔,7
匯款後過,7
上禮,7
司機來,7
最後共,7
領時,7
兩岸,7
偉倫,7
還沒申,7
以後必須,7
不論網,7
是問,7
內點擊,7
水晶球,7
便開,7
耳鳴,7
置產,7
私訊表達,7
需解,7
其訂,7
書時,7
張文彬,7
及假,7
繳大約,7
地強,7
常識,7
萬補助,7
之後把,7
組手,7
李承,7
買網,7
贖款,7
郵政來,7
將禮物,7
穩當,7
身分不明,7
隨後群,7
隨後發給,7
代賣,7
點見面,7
購買後將,7
欺慣,7
現帳,7
沒有繳,7
還關心,7
先證明,7
精良,7
上遊,7
沒補齊,7
龐大金額,7
看成,7
交訂,7
裡就涼,7
心個,7
盧廣仲,7
帳運費,7
元用,7
一碼,7
曉萱,7
運回,7
檢查後才,7
抽乾,7
煞車,7
簡訊碼,7
方後才,7
嘉年,7
這遊戲,7
該給,7
廣進,7
做當,7
中現,7
投資門路,7
領班,7
事事,7
稱換,7
並回報,7
愛傳,7
投資夢想,7
需提交,7
領禮物,7
淑珍,7
時不斷,7
自匯款,7
未處理,7
郵政線,7
無法線,7
正以,7
率實,7
點擊後即,7
震盪,7
競賽,7
發大財,7
不浪費,7
之人並,7
戲主機,7
派工,7
我代練,7
活動方,7
還白,7
合購,7
藥材,7
不周,7
粗估,7
聽音樂,7
資全,7
高漲,7
持有者,7
匯還給,7
有售,7
人關,7
成員加,7
張會員卡,7
回利潤,7
認資格,7
偉祥,7
遭名,7
貨就,7
預售屋,7
瀏覽網,7
我門號,7
最後賠,7
鋼架,7
林浩,7
育幼院,7
繳交學費,7
確認過,7
拍賣網,7
正義的,7
名義和,7
還附贈,7
著該,7
遭盜領,7
慧雯,7
用暱,7
溝通時,7
師協助,7
號卡,7
從現,7
人約定,7
再後續,7
皮賣場,7
兩通,7
裝的,7
還沒出,7
想繳,7
裡對,7
事後在,7
書記,7
司機會,7
透由,7
無聯絡,7
人員為,7
網銀內,7
吹噓,7
遞人員,7
當冤大頭,7
著金額,7
臉書詢,7
蘇澳,7
皇冠,7
盛況,7
犧牲品,7
逃走,7
分多筆,7
害人害己,7
老王,7
該戶,7
日歸還,7
活動裡,7
上洽,7
頭款,7
維護費,7
設計圖,7
出訊息,7
皮來,7
阿聯酋,7
師要,7
刷不過,7
碼輸,7
裡賣,7
戶共計,7
其餘款,7
何原因,7
紅寶石,7
過超,7
順利得標,7
騙賣家,7
高回饋,7
花得,7
如初,7
惠惠,7
協助代操,7
發限時,7
最後總共匯,7
孕媽,7
繳交罰,7
牌號,7
聊未來,7
我太輕,7
音多,7
未返,7
薛薛,7
很喜,7
能多加,7
日舉,7
人員確,7
付金,7
只顧,7
問票價,7
續查,7
假消息,7
打款,7
筆總共新,7
費才,7
發點,7
李斌,7
高準,7
點此,7
指尖,7
張淑惠,7
消費行,7
員覺,7
兩成,7
補個,7
還發訊息,7
取訊息,7
儀表板,7
納資本,7
工本,7
眼眶,7
劫數,7
取不錯,7
將幾張,7
萬元許,7
其個資,7
之後感覺,7
水產,7
同業,7
銀行掛,7
需經,7
隨之關閉,7
兩人以,7
以代購,7
自其,7
的將,7
很崩潰,7
指標,7
稍感,7
幾瓶,7
吐血,7
雖然網,7
給貨運,7
絲頁,7
給錯,7
請領,7
小窩,7
丟過,7
主動匯,7
予其,7
沉淪,7
用貨運,7
電請,7
十張,7
先後共匯款,7
第七次,7
機應用,7
隨時會,7
包私,7
私訊群,7
永律,7
故不願,7
進入網,7
元見,7
對方網,7
喜一場,7
成數,7
時會用,7
奮鬥,7
充電器,7
問超,7
連最,7
床包,7
車是,7
統編,7
無薪轉,7
羞憤,7
共和,7
幫對,7
給親友,7
經點,7
該件,7
皮連結,7
決定加,7
這比,7
廢紙,7
投資千萬別,7
正法,7
將明細,7
供奉,7
專員名,7
貨寄給,7
以申,7
名義購,7
將至,7
賣靈,7
中宣稱,7
元還,7
沒停,7
過水,7
將裝,7
車訊息,7
筆合計,7
加總,7
投資團,7
早期,7
我代買,7
還包,7
次共損,7
公證處,7
夢時,7
電協助,7
谷遊戲,7
山路,7
一座,7
大字,7
並覺,7
傳電,7
渠郵局,7
鎖帳,7
初見,7
證做,7
美樂蒂,7
控股公司,7
開始熱,7
合建,7
資本額,7
珠寶店,7
始向,7
順利辦,7
超商遊,7
之後察覺,7
那賣家,7
發文問,7
傳錯,7
內連,7
以測試,7
密交給,7
稅金新,7
如數,7
我利潤,7
親自聯絡,7
代發,7
之後手,7
不僅用,7
會傳,7
風聲,7
專業幣,7
旅伴,7
玩得,7
投國際,7
尋投資,7
失共計,7
何人,7
訂金退,7
獎金須,7
惟現,7
帳為,7
服務驗證,7
善款,7
手表,7
回手,7
幾項,7
取名,7
你一言,7
現金入,7
祭出,7
蛋白,7
補助訊息,7
倉儲,7
營業員給,7
愛悅,7
定驗證,7
對方安撫,7
很後怕,7
一套套,7
風速,7
再額,7
人換,7
初級,7
出團,7
以釋,7
東部,7
裡要,7
廣門市,7
企金部,7
勤快,7
號且,7
近新,7
撥過,7
網路匯,7
投幣,7
我金流,7
點選進,7
認得,7
卡實體,7
網路業務,7
獎金新,7
載安裝,7
劉敏,7
傀儡,7
冷冷的,7
幾天後能,7
一二,7
不願將,7
方陽信,7
完新,7
音通話,7
貨賣,7
舒涵,7
畫師,7
自稱劉,7
小湯,7
總共三張,7
車價,7
給轉,7
賣價,7
遏止,7
趴娃,7
實習,7
隨後去,7
語句,7
初估,7
某用戶,7
服去,7
封鎖始,7
李佳琪,7
方借,7
因買家,7
若先,7
將我加,7
三花,7
致勝,7
為此,7
決議,7
培訓員,7
單前,7
市辦,7
信雄,7
面卡,7
有連結,7
包裝詐,7
加注,7
前三個,7
詢後始,7
話術安撫,7
問暱,7
集團訊息,7
將五萬元,7
鐵路,7
壯陽,7
變黑,7
分儲值,7
將國,7
起伏,7
大騙局,7
地段,7
沒看,7
王麗惠,7
伸張,7
裡不斷,7
雪莉,7
思璇,7
隨後又介紹,7
這關,7
許多會員,7
有大筆,7
事後我致,7
請代碼,7
並於臉,7
獲元,7
蕭秉治,7
充當,7
郭小姐,7
從買家,7
追風,7
盪著,7
中察覺,7
日後便,7
湊不出,7
試轉,7
張揚,7
吳芊婉,7
最常見,7
電並,7
審已,7
美商,7
處將,7
便驗證,7
戒備,7
頭銜,7
外幣給,7
戲代練,7
需銀行,7
經洽,7
平鎮區,7
能轉,7
額較,7
英勇,7
代扣,7
沒細想,7
梅花,7
無所謂,7
人渣,7
施春綢,7
送個,7
緊緊,7
話術實,7
組時,7
兩封,7
打掃,7
賠款,7
資訊用,7
選貨,7
置放,7
魚子,7
包掉,7
月費,7
半月,7
職津,7
打烊,7
剛領,7
台灣金,7
動精靈,7
皮匯,7
交相,7
當作訂,7
原為,7
失虛擬,7
還和對,7
洗刷,7
不明不白,7
連看,7
覺並,7
經兒子,7
國立,7
電話予,7
異向,7
搜尋著,7
索回,7
網格,7
因今,7
某大樓,7
講義氣,7
烘培,7
會換,7
方口,7
夜深,7
組密碼,7
西堤,7
銀角,7
渠依,7
之災,7
集市,7
我住,7
方前,7
單日,7
萬才行,7
然後慫,7
我強,7
抵扣,7
還仔細,7
王強生,7
海風,7
資訊網,7
獨不回,7
小禮品,7
並無損,7
該人聲,7
資金補,7
主公,7
連結後來,7
進行詐,7
及現,7
履歷表,7
賣家下,7
先補繳,7
有致,7
僅記,7
應答,7
忽熱,7
進退,7
防偽標,7
以渠,7
面內,7
遭郵局,7
品給,7
排骨,7
須付,7
隨後暱,7
獲台,7
志剛,7
昊天,7
百年,7
元大獎,7
生物科技,7
致電詢,7
證交給,7
世雄,7
對方的賴,7
勾結,7
餐卷,7
裝箱,7
按摩器,7
老張,7
科學,7
中約定,7
項遲,7
觸到,7
不急,7
韻如,7
六家,7
將合約,7
取車,7
超簡單,7
轉送,7
聯絡網,7
保證會還,7
品馨,7
證明書,7
加成,7
著馬上,7
並標,7
金馬路,7
完整版,7
他解,7
財必須,7
他願,7
那三萬,7
項用,7
單數量,7
幾篇,7
稱不詳,7
方便快捷,7
該物,7
將我帶,7
有效期,7
我會將,7
對方改,7
金入,7
已知,7
穩幣,7
惟在,7
事後並,7
連遊,7
仁和,7
牙音,7
正雄,7
天道,7
情約,7
盒裝,7
保全公司,7
銀行戶,7
忍住,7
從家裡,7
鄧英輝,7
山川,7
東港,7
我邊,7
侵入,7
賣到,7
面洽,7
勵志,7
問兒子,7
並把點,7
小帆,7
並凍,7
轉資金,7
親代為,7
因遭,7
第二批,7
球球,7
閒晃,7
外場,7
江誠義,7
碼牌,7
然匯款,7
友暱,7
文教,7
下列,7
並貸款,7
分匯入,7
開訂,7
費不夠,7
動得,7
產地,7
予犯,7
萬飛,7
得帥,7
亂來,7
專營,7
詢相,7
進騙子,7
週一,7
好運氣,7
就緒,7
太開心,7
白跑一趟,7
涉及面,7
購買數,7
貨款給,7
圖要,7
圈購,7
始可,7
一個代,7
人開,7
三水,7
豪雨,7
錢交,7
發話,7
選進入,7
故給,7
先檢查,7
遭不當,7
分照,7
日交貨,7
女介紹,7
帶頭,7
專心,7
蠻認,7
別想,7
低點,7
最穩,7
新聞時,7
中到,7
有救,7
出入口,7
二樓,7
熟知,7
大數據,7
日刷,7
實情,7
轄區,7
稅金之類,7
跟大頭,7
從雲端,7
解了,7
補倉,7
悄悄地,7
佩嘉,7
著即,7
驚慌和後悔,7
五萬八,7
蓁蓁,7
並將訊息,7
前後總共匯款,7
幣安錢,7
達限額,7
故加,7
補入,7
推行,7
很悔,7
抱有,7
老爸,7
助散,7
專業樣,7
對方願,7
滿心歡,7
我輕,7
稱付,7
收幣,7
小韓,7
晚點會,7
請幣,7
號面,7
沒少,7
須驗證,7
費共,7
筆匯入,7
稱轉,7
交差,7
匯款後覺,7
任感,7
那絕,7
獲利稅,7
曾偉城,7
法條,7
窘境,7
額外驗,7
選對方,7
戰利品,7
現要,7
選賣家,7
部專員,7
瓶紅酒,7
謝禮,7
千變,7
更動,7
完後沒,7
市領,7
貨運單,7
五折,7
空包,7
最後騙,7
房網,7
小時候,7
光線,7
前將,7
下禮,7
家宅,7
稱剛,7
竟要,7
主謀,7
生過,7
投資頁,7
情有,7
相親,7
變速,7
箱油,7
遲緩,7
太夢幻,7
王書宇,7
文昌,7
無異常,7
郭銘禮,7
然後截,7
先買個,7
裡頓,7
那個幣,7
開什麼,7
大家庭,7
禮拜前,7
幣各國,7
單訂購,7
寶琳,7
蠻不錯,7
燒烤,7
不齊,7
成勢,7
之後一,7
要持續,7
疙瘩,7
不能不,7
欺至,7
不交,7
引導購,7
轉完款,7
上星期,7
遵從,7
這很常見,7
錢算,7
該產品,7
供人,7
奢望,7
然後貼,7
是非,7
湯圓,7
贈書訊息,7
萬股,7
許疑慮,7
越感,7
現戶頭,7
方買家,7
完並,7
自通話,7
獎後會,7
周一,7
過後對,7
人員未,7
林雅菁,7
完後越,7
日當面,7
我兒,7
熟睡,7
日下載,7
小丸子,7
站還,7
話裡,7
兔兔,7
還渾然,7
租卡,7
方未讀,7
時須,7
浣熊,7
自假,7
還沒警覺,7
撫慰,7
新濠,7
助金,7
奇妙,7
勇義,7
白銀,7
誠信驗證,7
小慈,7
網銀一查,7
大伯,7
總資金,7
投資後會,7
這系統,7
日嘗試,7
則以,7
也夠,7
電話親,7
並能夠,7
或將,7
重啟,7
毛毯,7
盛恩緣,7
賴群組,7
電內容,7
傳動蓋,7
問經理,7
錢入,7
證之類,7
失色,7
因應,7
多急,7
然後網,7
經我查,7
還沒退,7
問題並,7
線圖,7
大禍,7
婉如,7
享好禮,7
卡至統,7
已協助,7
數家,7
認後就會,7
台元,7
貨都,7
博主,7
交服務費,7
名義說,7
黑客,7
接二連三地,7
沒講,7
遭駭,7
求證後才,7
生基罐,7
自備,7
博得,7
祈求,7
三萬五,7
我醒,7
真空,7
內行,7
天哥,7
葡萄酒,7
鉛筆,7
總計購,7
來教,7
股金,7
訪查,7
姿儀,7
林宏松,7
財技術,7
萬匯給,7
東森購,7
喜樂,7
我興致,7
王老師,7
當當,7
高機率,7
價格會,7
日查,7
李安,7
處理過,7
繪圖委,7
男網,7
宇澤,7
語宸,7
因網路,7
好票,7
地下室,7
投資法,7
萬利,7
外遇,7
特點,7
張若琳,7
嘀咕,7
之行,7
之舉,7
青少年,7
然後續,7
法繼續,7
其國,7
萬點數,7
刑大電話,7
很酷,7
因門票,7
桌前,7
合作方,7
栽培,7
拍賣訊息,7
號內,7
查網,7
承諾中,7
冷處理,7
張和後悔,7
問太多,7
沒警,7
說問,7
不留,7
沒簽,7
痠痛,7
會會,7
隱患,7
心慧,7
還滿順,7
江南,7
陣頭,7
老師暱,7
並使,7
勞見面,7
稅金為,7
獲中獎,7
鎮農會,7
分在網,7
活節,7
認入,7
發薪資,7
職補,7
樂福,7
檢察機關,7
要慎,7
林珊,7
阿貓,7
張國,7
來財,7
所收,7
然後衝,7
疾病,7
運線,7
八十九,7
過蝦,7
借助,7
悅寧,7
面過,7
看應,7
單單,7
沒說,7
哽咽,7
機能,7
機換,7
深刻理解,7
老頭,7
焦點,7
過程令,7
免費教,7
萬元費用,7
真無線,7
和幣安,7
林園,7
方發現,7
董佳雯,7
並對方,7
並無不動產,7
還有別,7
當款,7
良多,7
啟用費,7
換號碼,7
兒子林,7
股動,7
可撥,7
突兀,7
騙子會,7
幸運草,7
茶山,7
伯華,7
死寂,7
裡隱約,7
中風,7
信托,7
地繳,7
林火,7
水平,7
佳能,7
小火,7
面後退還,7
之團,7
由華南,7
銷帳,7
模模糊糊,7
故檢具,7
相加,7
商法,7
林正義,7
人安,7
沒聯絡過,7
專線問,7
出高,7
領紅包,7
牛股,7
繳納金額,7
木吉他,7
給宅,7
誤認,7
險金,7
多麼動,7
房並,7
寶怪,7
青海,7
分自,7
用房,7
財庫,7
萬元還,7
三合一,7
有數,7
水電師,7
蜜語給,7
獲利須,7
總共入,7
淡淡地,7
池沛,7
框裡,7
自蝦,7
詩彤,7
美琳,7
林浩宸,7
寵物店,7
圖詢問,7
當牽涉,7
陽光帥氣,7
典藏,7
大明,7
公廁,7
不知情地,7
卡面,7
暗號,7
剛畢業,7
引繼碼,7
四十二,7
豐勢,7
建宇,7
日久生情,7
回訊息給,7
天荒地老,7
程程,7
火焰,7
時間將,7
地瓜,7
芯動力,7
不喜歡,7
裡刷,7
當網,7
額無法,7
洪廷瑋,7
調取,7
博客,7
自戶,7
強力,7
清泉,7
王鈺硯,7
阻金額,7
證和存,7
以富邦,7
退貨時,7
轉售給,7
來話,7
林雨微,7
卡皮,7
送理,7
時不太,7
付費會員,7
社長,7
匯購,7
隆盛,7
劉偉,7
區門票,7
兩個幣商,7
組組長,7
將上,7
問券,7
控款,7
蘇福生,7
將損失,7
玄燁,7
簡暉恩,7
王裕,7
有麻煩,7
張孟茹,7
生涯,7
高鐵店,7
簽字,7
並張,7
張美怡,7
文富,7
裡最,7
糊里,7
心一軟,7
私訊犯,7
宏奕,7
沒音,7
求借,7
未入,7
臉書公開,7
海邊,7
星仔,7
屈臣氏,7
商貨款,7
張悅,7
劇場,7
嘉琪,7
福州,7
一物,7
世面,7
多好,7
沒主動,7
都記,7
以償,7
空中,7
噩耗,7
周女,7
殯葬業,7
致電郵局,7
但金,7
親友林,7
星期四,7
並不感,7
總長,7
曉東,7
元許,7
留置,7
表象,7
中語,7
刷付,7
停板,7
稱會給,7
張少愷,7
家俊,7
男聲,7
工頭,7
離奇,7
之限時,7
前後共花,7
謹慎確,7
整數,7
三街,7
這提議,7
時均,7
第一段,7
並攔,7
稀里,7
榮民醫院,7
人雯雯,7
先親,7
薪資新,7
結後進入,7
應徵者,7
百科,7
大愛,7
萬作,7
斗內,7
憑證給,7
以備,7
栩栩如生,7
動人,7
之後換,7
說會將,7
著學生,7
鄭峰,7
投遞,7
只知,7
其輸入,7
這很像,7
腦地,7
面且,7
終不回,7
小哥,7
分社,7
收支,7
禁言,7
財知識,7
別將,7
姿穎,7
大灣路,7
弟妹,7
通所謂,7
給家裡,7
興街,7
分取件,7
鏈幣商,7
終點,7
飛魄,7
談吐不錯,7
四季,7
防範心,7
電腦鍵,7
數換,7
心越,7
購買靈,7
大桃園,7
數卡密碼,7
服務協議,7
並換,7
吳倩雯,7
誇下,7
公克,7
花藝,7
林駿凱,7
日儲值,7
未匯款,7
美欣,7
研討會,7
應即,7
摺裡,7
電信易,7
啟明,7
李健忠,7
翁家晟,7
雅玲,7
投資小額,7
志強,7
當轉帳,7
消費款,7
風險費,7
方共,7
洛汗,7
安平,7
貧窮,7
回點,7
資金數,7
分該,7
高飛,7
十全,7
腦袋終,7
敘明,7
金彩,7
讀器,7
七夜,7
蔡振龍,7
學甲,7
快去,7
目產生,7
通三大,7
東湖,7
張育,7
腸子,7
將一個,7
金業,7
將傳,7
異常紀錄,7
一遊戲,7
屬性,7
扣稅,7
王志銘,7
金給予,7
結過,7
南台,7
事來,7
效應,7
僅限,7
吉伊,7
多收,7
點至,7
伊果,7
嘉賓,7
歸仁,7
變速箱,7
呱呱,7
星禾,7
蔡嫌,7
阿耀,7
臉書連,7
談時,7
財欣國際,7
簡化,7
憲檢察官,7
中英日,7
完後有,7
叮咚,7
鬥志,7
故叫,7
以順,7
初學者,7
日回,7
著兒子,7
貨便平,7
虛榮心,7
提前退休,7
小人,7
並傳假,7
宇恆,7
港埠,7
學淵,7
漂泊,7
海雅,7
萬並,7
並保,7
贖案,7
韓楓,7
私訓,7
木子李,7
堆積,7
愛心物,7
資領,7
取處,7
幣販,7
生產,7
之國泰,7
指日可待,7
他繳,7
老虎,7
總結,7
抄寫,7
日花,7
證券諮詢,7
凱蒂,7
三塊,7
對方展,7
職訓網,7
演藝圈,7
服務者,7
學習社,7
富智庫,7
穿越,7
試劑,7
會輕易,7
開始質,7
剛滿,7
心好,7
阿任,7
瞬聯付,7
旅行包,7
國際及,7
結交新,7
遊戲城,7
幾條訊息,7
剩餘資,7
沒然,7
服務證給,7
入市,7
林志強,7
模板,7
進新家,7
導火線,7
數學,7
洪曉珊,7
葉姓,7
四號,7
股到,7
盧燕俐,7
實人,7
小范,7
傾心,7
然後拉,7
號後將,7
邱宸瑤,7
竟變,7
無缺,7
萬水,7
千山,7
賣家發,7
還就,7
財專家,7
潘曉蕾,7
以宅配,7
柏安,7
取人們,7
蒼蠅,7
關鍵點,7
保暖,7
四川,7
海珠,7
佩雯,7
裡樂開,7
當意識,7
高額款,7
郁修,7
心情愉快,7
描廣告,7
等款,7
蔡子,7
瀚華,7
地設,7
殺價,7
市中心,7
簡直樂,7
低語,7
個白,7
投資帶,7
應以,7
別急,7
老金,7
芳心,7
協槓,7
以虛假,7
遠航,7
正計劃,7
大殺,7
顯示器,7
林瑋豪,7
宗賢,7
輕狂,7
投資的確,7
財大氣,7
對友誼,7
琥珀,7
人員持續,7
李雯靜,7
郭雅芸,7
魚類,7
小麥,7
聯時,7
他二話,7
被華麗,7
中揮,7
憤恨,7
恆泰證,7
新市區,7
李翊玫,7
滋滋,7
在後悔,7
機臉,7
探索者,7
號空,7
張俊傑,7
先償還,7
好運到,7
領隊,7
沉醉在,7
堵得,7
特等,7
恆泰證券,7
內置,7
新海,7
泰豐,7
門鈴,7
展場,7
信義路,7
項且,7
運營部,7
九百九十八,7
野火,7
跳個,7
關將,7
泰妍,7
成員會,7
群濠,7
證高,7
音遊卡,7
問更多,7
二叔,7
炮彈,7
地截,7
忍心,7
辣媽,7
成員頻,7
群組進,7
還有許,7
當報案,7
宏祥國際,7
世聰,7
李明,7
祈哥,7
巨星,7
向往,7
全線,7
股林,7
預感襲,7
街角,7
車水馬龍,7
大佬,7
葉俊良,7
小玉兒,7
除夕夜,7
直指,7
專精,7
割愛,7
狼心狗肺,7
楊經辦,7
陰雨綿綿,7
粗腳,7
龍頭,7
最小,7
斷裂,7
恆運,7
許曉晴,7
算安穩,7
享清福,7
厚厚的,7
相夫教子,7
張瑋,7
新鮮人,7
德鴻,7
曾芷靖,7
萌芽,7
高人,7
志潮,7
甜膩膩,7
人皮,7
粗聲,7
粗氣,7
放長,7
謹防類,7
櫃買,7
財星,7
楊宗城,7
三口,7
體型,7
孫婷,7
中不僅,7
消退,7
林坤堯,7
綺華,7
這幾千塊,7
郭德,7
林安婕,7
聯家,7
盧佳祥,7
案層,7
王世凱,7
隨著話題,7
中千萬,7
物購,7
六十年,7
富城,7
吳雅馨,7
財務時,7
艾比,7
李妍菲,7
福隆,7
那九萬,7
木毛,7
發著,7
鄭佳怡,7
徐梓晨,7
美津濃,7
應求,7
得終,7
玉環,7
投顧費用,7
彭雅琪,7
歡喜堂,7
何其芳,7
高息,7
葉珍茹,7
博納世,7
穩坐,7
雅瑄,7
龍活動,7
劉立霖,7
高歌,7
楊廣宵,7
林淨慈,7
王麗娜,7
謝淑慧,7
賴惠鈴,7
旺來,7
郭子安,7
周董,7
冠希,7
張周,7
張明,7
周熏,7
開標,6
投資幣,6
隨後我將,6
貓咪大戰爭,6
結且,6
埋包,6
音見,6
紫羅蘭永恆花園,6
要分,6
信人,6
依約給,6
檢署監,6
曼蒂,6
主在,6
以達,6
點並,6
所寄來,6
雙方經,6
先依,6
將貨幣,6
捧場,6
講一邊,6
中转站,6
文贈,6
及將,6
各銀行,6
英傑,6
情勢,6
連面,6
加渠,6
方剛,6
所標,6
繳費並,6
運連連,6
了並,6
鮮貝,6
這兩間,6
沒到帳,6
例行公事,6
理合,6
堆裡,6
逃之夭夭,6
對遊戲,6
因虛擬,6
回傳序號,6
幣全數,6
牽連進,6
張佳怡,6
人馬,6
出金約,6
快證,6
誤會成,6
數十筆,6
中照,6
大禮包,6
戰略版,6
寶上,6
靜心,6
檀木,6
事後遲,6
平時常,6
為擔,6
買家詢,6
可點,6
把驗證,6
志凱,6
對方連,6
舊物,6
一上線,6
萬代,6
因賣,6
帳戶僅,6
去轉,6
繳出,6
幣三萬,6
更鼓,6
再放進,6
宇瑄,6
剛到,6
盈盈,6
廠房,6
他言,6
談溫,6
領貨到,6
作為後續,6
操心,6
欺騙性,6
許運費,6
經詐,6
民治,6
吃頓,6
驚魂記,6
通實,6
自見面,6
一組數,6
錄並,6
這損失,6
用行動,6
衝昏頭,6
車過,6
小霖,6
高品,6
成員稱,6
交貨變,6
方急,6
還沒入帳,6
還厚著,6
暴走,6
繳交解,6
之後陳,6
電視櫃,6
要渠,6
怡玲,6
車門,6
盧玥,6
且還,6
另稱,6
套現,6
我原,6
總共四筆,6
安國,6
超商並,6
起身,6
戶稱,6
中確,6
越講,6
照著匯,6
動漫海報,6
邊賺,6
需保證,6
還開心,6
還沒過,6
幣盈,6
遞詐,6
此用戶,6
著票,6
九成,6
正想換,6
裡既緊,6
能學到,6
求售,6
七元,6
一十二,6
供作,6
立委,6
光陽,6
何先生,6
惟時,6
欲了解,6
當局,6
永遠要,6
成教,6
太狠,6
那回事,6
販售球,6
張球,6
踢掉,6
慧君,6
能比,6
出任,6
號帳,6
元酬,6
發展部,6
提報,6
轉讓區,6
徵票,6
母女,6
處滑手,6
感嘆,6
故懷疑,6
妥後約定,6
網買,6
給坑,6
聘金,6
用轉,6
重傷,6
放假,6
先匯個,6
常主動,6
親友們,6
資管,6
集團當,6
中連結,6
非人,6
元金額,6
亞太,6
面下,6
間過,6
生根,6
進坑,6
面具,6
渠稱,6
微方,6
星期三,6
中總是,6
走不開,6
關購,6
歐巴,6
另一台,6
買家並,6
完後因,6
印表,6
淘寶帳,6
集團並,6
我學,6
募集,6
幫幫忙,6
制未,6
共十萬元,6
裡進行,6
還沒想,6
掩護,6
存著,6
胖胖,6
仍舊,6
水龍頭,6
買楓,6
需由買家,6
將自動,6
很窩心,6
方透,6
或繳,6
貨幣裡,6
名義都,6
象給,6
功夫,6
繼續照,6
五倍,6
給王,6
方遠,6
點數剛,6
房價,6
出多,6
卡且,6
錢用,6
性子,6
服服,6
掃條碼,6
奢華樂,6
執著,6
具名,6
無委,6
還傳連,6
方琪,6
隨後經理,6
氣泡,6
然該,6
幣九萬,6
受創,6
新訊息,6
面進,6
面時會,6
一諮詢,6
行購,6
賣家千萬,6
會演,6
全網,6
區的統,6
竟換,6
騙信,6
我產品,6
胸部,6
認碼,6
進信裡,6
組需,6
總匯款,6
無微,6
錢始,6
自親,6
名義寄來,6
確實會,6
然後跑,6
去過,6
公開給,6
外交,6
購買頁,6
賣家務必,6
能換點,6
認郵件,6
近乎,6
幣大約,6
三期,6
給個,6
因為票,6
錢會還,6
飛到,6
新建,6
姐夫,6
搜尋門票,6
轉接線,6
送樂器,6
之後見面,6
進所謂,6
名義之電子,6
出利潤,6
代價實,6
小江,6
之後渠,6
四萬元給,6
謝女,6
時能夠,6
心語,6
螢幕時,6
來覺,6
看醫生,6
裡那個,6
是連,6
要花,6
檔給,6
裡雖有點,6
多像,6
大都,6
了車,6
收條碼,6
送票,6
雅芳,6
他們將,6
之後引導,6
交會費,6
隨後我點,6
無財損,6
我快,6
完後並,6
劉湘,6
前後竟,6
十萬多,6
賣家後來,6
並指稱,6
代匯款,6
包是,6
絕不輕信,6
損失僅,6
法買,6
網址還,6
詳談購,6
接著稱,6
連郵局,6
網銀想,6
並協議,6
隨後封鎖,6
沒花,6
會務,6
簡訊連,6
嘉俊,6
何在,6
踏錯,6
六萬八,6
營業稅,6
比價,6
行過,6
最後一查,6
我儲,6
名義加,6
課稅,6
再收,6
木瓜,6
文人,6
方索,6
之後出,6
居多,6
進錢,6
登入並,6
獲類,6
似訊息,6
需點擊,6
共三萬元,6
跑遍,6
張買,6
偉霆,6
張用,6
佳里,6
連整,6
幣四萬,6
內詢,6
證金及,6
貨幣代購,6
還等,6
她現,6
地討論,6
統內,6
進系統,6
炸鍋,6
截圖裡,6
事應,6
貼片,6
幣過,6
囑咐,6
做業務,6
借帳,6
專員見面,6
賞交換,6
方解,6
而照,6
為吳,6
車有,6
認證連,6
卡依,6
檢討,6
火龍果,6
並陪,6
阿勝,6
經統計,6
鼓舞,6
競戰,6
李婉婷,6
認證害,6
更重,6
時多,6
查緝詐,6
成章,6
清新,6
一大批,6
或後續,6
元返,6
之後訊息,6
藝術館,6
組國,6
領帳,6
問銀,6
可遇,6
有愛心,6
防盜,6
貸資訊,6
認票,6
已倒閉,6
情網,6
項凍結,6
全成,6
處理會務,6
繳的會,6
數張點,6
以後不會,6
價格覺,6
法順利,6
出金至,6
分來,6
裡加,6
賣家問,6
還打視,6
沒升級,6
備貨,6
還陪,6
中常,6
商轉入,6
富翁,6
被包,6
統一賣,6
找代辦,6
曉明,6
韓國國外,6
完後該,6
又點,6
中談妥,6
當下誤,6
而詐,6
異常款,6
哺乳,6
桑葚,6
購買來,6
沒什麼關,6
克杯,6
人付,6
額領,6
過視,6
刷光,6
給台,6
吳經理,6
林俊杰,6
投對,6
經要,6
說入,6
資驗證,6
大容,6
太怪,6
剛發,6
那語氣,6
開電腦,6
再致,6
依連結,6
日點,6
新舊,6
擬真,6
並發覺,6
翔發,6
輔具,6
上台,6
票區,6
劉民,6
張訂,6
批發價,6
六萬元過,6
張電信,6
卡裝入,6
該張,6
為購,6
幣兩萬,6
約妹,6
對方細,6
投資事項,6
依合約,6
卡申,6
資金能,6
還撥,6
獎獎,6
輕則,6
因為系,6
蠻誠懇,6
艦店,6
覺得後悔,6
炮為,6
鐵皮屋,6
事房,6
誘騙民眾,6
惟犯,6
進行代購,6
數約,6
投資十萬元,6
會代操,6
騙劇,6
我求,6
費入,6
蕭詠馨,6
一銀,6
找律師,6
認單,6
將為,6
一邊講,6
先後依,6
傳門市,6
嬌嬌,6
高階群,6
密語,6
徵選,6
用會,6
防治,6
有序,6
當我站,6
案時,6
假驗證,6
詢問家,6
處理入,6
還要給,6
停工,6
多禮,6
詢相關,6
統要,6
交件,6
機廣告,6
區有,6
以愛為,6
去不成,6
人斷,6
關的,6
未取,6
我證件,6
現暱,6
經國路,6
之後匯款,6
犯罪案件,6
然後再將,6
地傳訊息,6
第一手,6
小妮子,6
不躁,6
空泛,6
簽的,6
社交圈,6
天壤,6
之別,6
金加,6
數才行,6
超商要,6
崗位,6
遊戲楓,6
明偉,6
尚欠,6
活動須,6
制認,6
輕易加,6
遭惡意,6
張易付,6
經私,6
須由,6
屯媽,6
筆出,6
上記,6
貨運人員,6
續致,6
關業務,6
櫃裡,6
近五萬元,6
法到,6
掛著,6
方願意,6
兩萬二,6
須繳納,6
滑限時,6
推特時,6
中獎率,6
家珍,6
幾乎付,6
收起,6
務來,6
心悅,6
路面,6
我連絡,6
更會,6
三百六十,6
收送,6
路線,6
需補交,6
過平,6
曉宜,6
包廂,6
群租,6
拍序,6
八號,6
所下,6
因換,6
會無法,6
面便,6
認證須,6
的稅,6
實體幣商,6
他始,6
摩莎,6
貸代辦,6
洗白,6
不全,6
有員工,6
然後呢,6
頂多,6
惡人,6
升到,6
並時刻,6
故作,6
某行動,6
新連結,6
對方裝,6
結果畫,6
調因,6
名義買,6
淡淡,6
保證驗證,6
區環,6
地話題,6
我教,6
照著詐,6
夥詐,6
為防,6
包要,6
方賴,6
之後遭,6
並又傳,6
筆共損,6
領的,6
組能,6
幫忙驗證,6
有金,6
詢訂,6
需再匯,6
貨後再付,6
徵詢,6
給我下,6
商換,6
美國人,6
遭變,6
凍解,6
個網,6
明細到,6
招呼客人,6
對著,6
霸王餐,6
錢存,6
先解決,6
曼巴,6
懶得,6
丟的,6
快成,6
點就會,6
連一張,6
現金共計,6
自助餐,6
裡發文,6
做後將,6
順利到,6
資訊會,6
幾台,6
勞健保,6
一賣場,6
本本,6
快八點,6
連手,6
因距,6
覆去,6
這不錯,6
運費並,6
文強,6
關人員,6
文免,6
並陸,6
商購入,6
隨後由,6
改在,6
測試款,6
日下,6
牽進,6
匯時,6
高價購,6
生館,6
一百零五,6
一協助,6
廢棄,6
最氣,6
麻木,6
並積極,6
順豐線,6
獲利全,6
裡竊喜,6
可代辦,6
方答,6
秋風,6
惹出,6
跟當,6
達人網,6
食器,6
湖內,6
疑義,6
毫無警覺,6
證驗證,6
未料後續,6
試著匯,6
剛認識,6
無論關,6
收一筆,6
醫美廣告,6
整間,6
總共幫,6
證在,6
脫產,6
之後臉,6
油品,6
幫忙代訂,6
處理後事,6
某宅配,6
多樣化,6
出虛擬,6
祖廟,6
遠雄,6
蔡鴻仁,6
底部,6
願意教,6
周代,6
資訊驗證,6
之後聽,6
親自至,6
我想查,6
商是,6
智通,6
解凍並,6
舞團,6
營椅,6
比原,6
正滑,6
還編,6
無國界,6
訂餐,6
叫雯雯,6
船運,6
還金,6
再信,6
博學,6
換服務,6
然後匯,6
或線,6
上視,6
執意,6
極大風險,6
自動導,6
開後發,6
代操盤,6
越大時,6
機械臂,6
只見,6
緬甸直,6
還沒辦,6
擺明,6
整批,6
先點擊,6
共一萬,6
雖然僅,6
按步,6
喪葬費用,6
很煩,6
越大筆,6
中繼續,6
必經,6
轉至幣,6
還會教,6
中賣,6
心動下,6
進賣家,6
碼傳,6
日退,6
肉店,6
用低,6
出資新,6
前段,6
損時,6
筆網,6
我算,6
繳納滯,6
繳保險,6
之後都會,6
齊國,6
雙方均,6
課業,6
報過案,6
繳辦,6
因發覺,6
聽風,6
對方賴,6
困補助,6
要交給,6
訂金及,6
要代為,6
話給,6
檢核碼,6
張名,6
卡四張,6
人親,6
組才,6
天用,6
牛肉,6
金故,6
寄生,6
幣時,6
幾元,6
即無法,6
十幾,6
進香,6
六百五十,6
轉語音,6
財相關,6
的貓,6
卡共四張,6
回一點,6
回並,6
靜下,6
原帳,6
共儲值,6
聽歌,6
面金額,6
人致,6
並否,6
項未,6
網申,6
當時會,6
把帳,6
逼人,6
還標明,6
因手機,6
日取,6
勞務,6
漏掉,6
謊言給,6
福特,6
類推,6
三百五十,6
客運站,6
搬運,6
方拉,6
續動作,6
緊匯,6
法馬上,6
賣鞋,6
終沒,6
因無力,6
已交貨,6
渠向,6
一肚子火,6
特色,6
自金,6
張愛玲,6
社團訊息,6
販售酪,6
趕回,6
承諾書,6
做伴,6
最後遭,6
對方騙,6
前鎮區,6
區祥,6
之後變,6
匯大約,6
卡和手,6
還轉給,6
逃亡,6
卻演,6
中下載,6
受到限制,6
這導致,6
結後填,6
時及,6
大千,6
只在網,6
從個,6
金驚覺,6
包作,6
李佳怡,6
自介寫,6
炮友,6
淨水,6
周興哲,6
金額僅,6
賴柏融,6
辦理門,6
但存,6
只讀,6
滑步,6
並保證款,6
雙方並,6
平面,6
金泰,6
其實並,6
洞察,6
失敗訊息,6
明華,6
那種後悔,6
唐聖宏,6
算算,6
他暱,6
我遂將,6
騙共損,6
錯貨,6
事後嘗試,6
雕刻,6
續費用,6
拿個,6
再刷,6
掛保證,6
機點,6
摩斯,6
之後私,6
冷暖,6
先準備,6
主動致,6
以代為,6
職應,6
滿是後悔,6
龍眼,6
錢後才,6
繳手續,6
利潤給,6
身旁,6
買酒,6
區大,6
拾荒,6
領貨並,6
芬園,6
微不足道,6
事後我查,6
同心,6
惟轉帳,6
加群,6
火冒三丈,6
因廠,6
監管局,6
張秀蘭,6
門外,6
許對,6
可對,6
喉嚨,6
名義請,6
把玩,6
單網,6
不持續,6
獎金及,6
全盈,6
蔡心妍,6
單沒繳,6
認見面,6
零點,6
調用,6
電信帳,6
祖傳,6
位幣商,6
認清事實,6
畢後再,6
事處,6
前沿,6
先解,6
帳來驗證,6
內加,6
療效,6
投資化妝品,6
台幣點,6
財產狀況,6
地檢檢察官,6
以名,6
文麗,6
小芹,6
裡直,6
然後又加,6
埤頭,6
數不清,6
車停,6
並無異常,6
還連同,6
曾將,6
米奇,6
來用,6
臉書虛擬,6
總共快,6
招攬,6
所載,6
但承諾,6
碼未,6
雖然裡面,6
得稅,6
專員不斷,6
區北,6
超傻,6
承諾下,6
進銀行,6
交過,6
筆從,6
一週過,6
代換,6
並創立,6
遭匯,6
所創,6
事後欲,6
資金予,6
文便,6
過某,6
到後覺,6
剛剛轉,6
機提,6
網銀輸,6
評分過,6
之無卡,6
遭買家,6
對方經,6
點的點,6
員幫,6
認完,6
所能,6
送網,6
就委,6
反駁,6
為常見,6
十二次,6
阿靜,6
相簿,6
關不會,6
千里,6
證件資,6
清金流,6
有訊息,6
許真能,6
貨品並,6
專貼,6
忠明路,6
卡開,6
繼續付,6
先墊款,6
背後是,6
不會給,6
不會錯,6
隨後會,6
並報價,6
幣市,6
貸及,6
自網路,6
麥芽,6
芳芳,6
會驗證,6
最後我還,6
財群組,6
法務,6
阻攔,6
無條件,6
還獲,6
驗證並,6
高達六萬,6
家門外,6
矢口,6
團裡,6
真真,6
通知函,6
衣著,6
營區,6
外傳,6
致遠,6
給他並,6
面僅,6
我後來還,6
事後詢問,6
費匯,6
公眾,6
張睿城,6
店數,6
收掉,6
始講,6
帳後就會,6
計部門,6
已關,6
便連,6
劉嘉瑜,6
及入,6
劉榛,6
佳楠,6
台聯國際,6
不察便,6
王公,6
完個資,6
中戶,6
款訊息,6
分派,6
小粉,6
超商裡,6
遠大,6
小貨車,6
收不回,6
全省,6
理費用,6
總共去,6
元之點數,6
的並,6
並承諾會將,6
組邀,6
並盜,6
過幾日,6
李心蘭,6
出共計,6
額太大,6
可繼續,6
禁不起,6
但怕,6
金前,6
電郵局,6
文找,6
總共三筆,6
上聯,6
給親,6
會裡,6
顯有,6
還沒覺,6
嘴角,6
以電,6
交屋,6
卡傳,6
還給予,6
還提,6
之後告訴,6
鞋櫃,6
當我正,6
小海,6
焊接,6
闖紅燈,6
抽獎並,6
每一件,6
金流會,6
伸手,6
現場將,6
日後在,6
中想,6
我務必,6
安爸,6
出遊戲,6
福毓投資,6
根源,6
王朝,6
八街,6
依法追究,6
自始,6
因雙方,6
賠並,6
將我購,6
之後未,6
商號,6
小璐,6
三項,6
局會,6
將我轉,6
元瞬間,6
然後下載,6
先騙,6
將賣家,6
友後才,6
中心化,6
過驗,6
全轉,6
角度,6
他代儲,6
隨後出現,6
經郵局,6
至桃園,6
行視訊,6
洩密,6
方承諾會,6
廣告費,6
一筆照,6
邊緣,6
大得,6
氣場,6
感應,6
補一點,6
經有點,6
淡彩,6
回溯,6
對方後來還,6
合資購,6
動過,6
雲熙,6
已經晚,6
之後再付,6
曉雯,6
對方後以,6
保佑,6
出貨慢,6
次點,6
廉價貨,6
隨後銀行,6
幫雷堂,6
辣椒,6
我約定,6
無法動,6
這我才,6
花新,6
戴上,6
以家裡,6
認證導,6
之後聲,6
填書,6
獵手,6
因經,6
大甲媽,6
帳戶須,6
數天,6
南科,6
元不多,6
沒送,6
口交,6
費什麼,6
逆轉,6
懵懵懂懂,6
車籍,6
繳費會,6
最關鍵,6
經出,6
我把驗,6
辦理過,6
調高,6
專員劉,6
妨礙,6
最後銀行,6
之後賣,6
差點照,6
做代銷,6
名義設,6
李偉超,6
望著,6
傳相關,6
我均,6
圖檔,6
繳掉,6
失重,6
始末,6
肥美,6
內名,6
中因,6
因出,6
可行性,6
水族箱,6
及車,6
下半年,6
滿心動,6
卡龍,6
加友,6
所講,6
算著,6
認票務,6
當證明,6
唬爛,6
水流,6
點變,6
隨後又接,6
火影忍者,6
便訂,6
她點,6
下到,6
外科,6
所付,6
大姐,6
弓長,6
繳納該,6
前金,6
止住,6
將兩,6
買家將,6
皮網,6
透過網,6
清潔工,6
尺碼,6
任務才,6
貨運員,6
夠順利,6
地點將,6
卡額度,6
先投,6
可時間,6
低調,6
親友後才,6
期指,6
關押,6
開牌,6
因為後續,6
商換幣,6
起跳,6
徵的,6
中洲,6
數卡以,6
經因,6
但願,6
清庫存,6
我建議,6
太重,6
證券及,6
電纜,6
惟買家,6
嘉佑,6
帶動,6
還不覺,6
色彩,6
戶時,6
想訂,6
寶代儲,6
內僅,6
皮付,6
意歸還,6
短視頻,6
洗光,6
筆泰達幣,6
用車,6
我的親,6
成業績,6
制險,6
領一筆,6
萬一是,6
小琴,6
各大銀行,6
基塔位,6
今接,6
但後來訊息,6
承諾要,6
一轉眼,6
現金還,6
取件並,6
情投意合,6
阿全,6
項分,6
方話鋒,6
一填,6
將寄件,6
為入,6
問始,6
其所謂,6
並於購,6
認相關,6
繳納個,6
繪本,6
幣兌換,6
當我發,6
以圖,6
文化路,6
湊錢,6
人連,6
最後透過,6
效期,6
還不願意,6
借人,6
點選網,6
在生活中,6
畢會,6
機準備,6
吳世豪,6
官林,6
無足夠,6
著合,6
小動物,6
舊書,6
過當,6
當我轉,6
熱門場,6
套票,6
船員證,6
丟連,6
萬元能,6
路途,6
平均,6
成高級,6
小彤,6
欲望,6
名義及,6
所欠,6
股東會,6
登入驗,6
除且,6
繳交金額,6
活動且,6
看電視,6
掃進,6
交購,6
前後刷,6
蔡女,6
等價,6
國偉,6
並由其,6
丹屏,6
管合約,6
稅及,6
場費,6
元罰款,6
錢後便,6
並承諾款,6
刮樂遊戲,6
氣還,6
能購,6
這東,6
員及,6
色誘,6
雞蛋煲,6
先盜,6
面轉,6
便覺,6
銷戶,6
幫忙代買,6
直言,6
吊墜,6
大失所望,6
買氣,6
人幣商,6
張單,6
並致電,6
最後想,6
裡一震,6
辦證件,6
林靜雯,6
推著,6
電商詐,6
金驗證,6
紙張,6
並與幣商,6
惟已,6
職單,6
誤後會,6
而安,6
挽救,6
師及,6
捐過,6
搶門票,6
詳網,6
額到,6
方繩,6
簡約,6
關費用,6
比後悔,6
膠原,6
細內容,6
分依其,6
他訴,6
開封,6
中下旬,6
看不清楚,6
房要,6
退到,6
正著,6
會謹慎,6
筆還,6
資去,6
故欲,6
然後透,6
我遲,6
正苦,6
著收,6
皮小編,6
信通,6
玲子,6
沒匯款,6
送至,6
孕婦,6
其用,6
收保證,6
假親友,6
中意,6
東興路,6
電梯,6
連帳號,6
影給,6
大億,6
爆米花,6
在將,6
達裕國際,6
問視,6
珠子,6
仍覺,6
證拍給,6
缺訊息,6
聚富,6
無期,6
終不讀,6
取並,6
優發,6
裡把,6
制作,6
耕耘,6
李婷,6
做單,6
補交什麼,6
戶內,6
給民眾,6
吃喝,6
匯回給,6
假裝購,6
故進,6
面即,6
薪資會,6
有三個,6
元報,6
抽痛,6
分又轉,6
二十五日,6
蘆竹,6
地申,6
買樂高,6
送上,6
須謹慎,6
穩操,6
重案,6
上噓,6
潘朵拉,6
來洽,6
來線,6
惟銀行,6
調解委員會,6
進逼,6
喊價,6
說連,6
更想,6
滿載,6
業家,6
之後就給,6
將過,6
防騙,6
圖表給,6
著幾天,6
問為何,6
冠名,6
本應,6
還趕,6
開辦費,6
筆卻,6
並幫忙,6
俊維,6
托及,6
隨後雙,6
證後驚覺,6
幫渠,6
內販售,6
保險員,6
下確,6
超乎想像,6
錢入帳,6
欣宜,6
內轉,6
將家裡,6
變投資,6
惟心,6
福華,6
國民年,6
東西並,6
方張,6
機油,6
財書,6
賣飾品,6
內會將,6
視器,6
尋兼職,6
求婚,6
小紅書訊息,6
是種,6
對話裡,6
急得,6
為幣,6
卡藏,6
幾百到,6
若賣家,6
網友吳,6
任務獎,6
明經過,6
問犯,6
結導致,6
打成,6
還免,6
項則,6
當會首,6
未察,6
佩玲,6
資訊社,6
行員建議,6
早前,6
名義開戶,6
富邦及,6
暫無法,6
滿腹,6
內匯,6
不驗,6
時心涼,6
領獎勵,6
農機行,6
已先,6
換款,6
寶雅網,6
下雨,6
做銀行,6
日統,6
資金放,6
依活動,6
我才後悔,6
五支,6
實收,6
為話題,6
暖意,6
共計近,6
天對方,6
情愫,6
演變,6
鄰家,6
隊隊,6
日介紹,6
帶回,6
領獲利,6
完便,6
有合約,6
必購,6
顆的,6
購買虛,6
對待類,6
我戰,6
著無盡,6
天花板,6
繳納費,6
手飾,6
一廳,6
農業,6
對方點,6
有張,6
得用,6
沈重,6
稱中獎,6
已幫,6
找別,6
萬去,6
李靜雯,6
單獨,6
便當,6
火花,6
專責,6
雙方議,6
抽傭金,6
點數換,6
打電話確,6
方代操,6
即期,6
對方幫,6
信犯,6
越問,6
剛送,6
戶密碼,6
資金過,6
收成,6
四期,6
某電,6
今後在網,6
還退,6
謊言騙,6
洗劫一空,6
電機,6
設網,6
反白,6
月息,6
通運,6
筆違,6
林文忠,6
購國外,6
著一點,6
集資詐,6
之橋,6
張予,6
投資後有,6
留學,6
上並,6
保安,6
方連,6
等給,6
北門,6
雪中送炭,6
方步,6
還開啟,6
日下單,6
分買,6
更後悔,6
中得,6
先預,6
重重地,6
繳保險費,6
何丞唐,6
能手,6
定型化,6
牢獄,6
可給,6
國美,6
無將,6
朱立豪,6
張元,6
遭遊戲,6
給相關,6
漸動搖,6
一組訊息驗,6
混為,6
一有,6
商訂,6
匯薪,6
市戶,6
莎莎,6
泰安,6
幣款,6
林淑惠,6
政人員,6
異常金額,6
入後填,6
組資訊,6
將入,6
視訊裡,6
福報,6
財貓,6
無動產,6
泰達,6
延平路,6
將派,6
超激動,6
跌倒,6
蠻熱絡,6
高雄鳳山,6
代表人,6
最為,6
繳房,6
開心心,6
平等,6
貨時會,6
帶團,6
螢光,6
裡做,6
炮廣告,6
萬一張,6
音商,6
人動,6
以金額,6
點擊後便,6
去後覺,6
有員,6
卡繼續,6
還認,6
討論後續,6
戶訊息,6
本所詢,6
嫌加,6
故其,6
搖滾,6
忽冷,6
觀察群,6
打斷,6
出貨並,6
大疆空,6
筱婕,6
水蜜桃,6
尋寶,6
礦工費,6
我動作,6
稱伍,6
並允諾,6
索尼,6
轉以,6
片給,6
模具,6
影響後續,6
詢到,6
敦煌,6
惟轉,6
資金持續,6
這團,6
自動轉,6
服員,6
項後未,6
並語,6
無倫次,6
迅匯,6
電話始,6
還感覺,6
黑貓宅,6
中假,6
麥克,6
吞下去,6
換帳,6
整年,6
補習費,6
經換,6
我念,6
頭上,6
最後不只,6
自傳,6
薪資轉,6
對方下,6
收遊戲,6
果會,6
蘇打,6
管線,6
拖下去,6
誠安,6
連結現,6
其欲,6
雨天,6
參與線,6
電務必,6
婕妤,6
處理購,6
黑道份子,6
不乾淨,6
過數,6
購買共新,6
鐘就,6
好生意,6
而後傳,6
元之遊,6
超貴,6
李詩涵,6
勞工局,6
我定,6
時心裡,6
行員查,6
入金購,6
通賣,6
帶路,6
背影,6
呵護,6
直屬,6
如未,6
大談,6
職能,6
為然,6
玩著,6
貨黃金,6
形同,6
賺夠,6
下會,6
本加厲,6
看個,6
拉升,6
這殘酷,6
體態,6
加盟店,6
車身,6
拍打,6
之物,6
小茹,6
勇猛,6
所換,6
談後續,6
大武,6
需辦,6
職社團,6
語裡,6
發動,6
床罩,6
撕開,6
飲店,6
台幣轉,6
如期完成,6
貨付,6
會夢,6
我的靈,6
乳器,6
過小額,6
組詐,6
源財,6
易鑫,6
大屯,6
處時,6
秋香,6
緣人,6
大盤,6
時付,6
廣告後加,6
生證,6
積到,6
楠楠,6
她關,6
填寄件,6
派網,6
幫忙代銷,6
之陽信,6
場將,6
以誠懇,6
大機會,6
經側,6
堂上,6
中選擇,6
貨商,6
修車費,6
人交談,6
金流並,6
採集,6
魚油,6
完應,6
狂熱,6
逃費,6
招人,6
匯十萬,6
文已,6
浩翔,6
方談論,6
百分之一,6
公證科,6
等後續,6
老同事,6
怠慢,6
勇往直前,6
的吳,6
帳戶當,6
續給,6
著極,6
銀密碼,6
過段,6
千萬別點,6
滴滴,6
亞亞,6
並允許,6
沒達標,6
時上,6
錢放銀行,6
柑仔店,6
謝惠琪,6
從幣安,6
投資良機,6
更多訂,6
並觀,6
勁並,6
略有不同,6
內膽,6
廟宇,6
互聯網,6
開才,6
帳前,6
貨穩,6
中販售,6
中承諾,6
過款,6
香腸,6
穩住,6
店將,6
號於,6
現實動態,6
先後去,6
出資金,6
照廣告,6
藍莓果,6
原來現,6
未來還,6
圖向,6
棉被,6
一見面,6
假經理,6
去驗,6
少一點,6
建了,6
加酒,6
貨幣代,6
獲高雄,6
跑跑,6
卡驗,6
故網,6
結果剛,6
梧棲人,6
剛貼,6
動不動,6
還裝作,6
湧現,6
但來,6
許不多,6
總總加,6
牛刀,6
興興地,6
稱穩,6
存檔,6
流動性,6
共築,6
西亞幣,6
稱則,6
雙方持續,6
換人,6
借五萬,6
起到,6
郵寄到,6
以幫,6
數字的確,6
裝出,6
集團進,6
智冠點數,6
缺人,6
號現,6
問老師,6
從華南,6
因貨款,6
夏夏,6
作筆錄,6
還存,6
居所,6
我連個,6
某帳,6
難怪,6
他嘗試,6
一門市,6
分機,6
而行,6
觀點,6
遂加,6
傳授,6
凱信,6
以入,6
西給,6
傳資料,6
烏龍,6
黑手,6
驗證步,6
這幾張,6
因家裡,6
明鴻,6
我納悶,6
交公,6
改匯款,6
帶利退,6
點害,6
覺得還,6
用虛,6
因是,6
匯什麼,6
以國,6
買家訂,6
貨幣共計,6
已換,6
證明並,6
對味,6
了確,6
建訊息,6
整台,6
自首,6
未婚妻,6
自網友,6
分工,6
幾千萬,6
檸茜,6
故想,6
林科長,6
誤並,6
人員將,6
學苑,6
邀集,6
體系,6
介至,6
安置,6
機是,6
前四碼,6
殺害,6
結交,6
著長,6
發卡行,6
掛我,6
雖無金,6
會越,6
貓砂機,6
初心,6
幣要,6
現改,6
理費,6
日手,6
南屯,6
改至,6
查銀行,6
聚商,6
包組,6
最後悔,6
面順利,6
超乎,6
場惡,6
卡處理,6
易達,6
賣除,6
姑丈,6
累不累,6
極差,6
張俊德,6
筆投資款,6
陸龜,6
還說換,6
還沒通,6
變來,6
變去,6
有門,6
時刻刻,6
還什麼,6
數卡新,6
上房,6
超愛的,6
大戰爭,6
啊啊啊,6
倩倩,6
名酒,6
一組假,6
項分別,6
無購,6
銳減,6
筆保證,6
著還,6
畜無害,6
付貨款,6
昌裕,6
轉上,6
負評,6
收尾,6
電人員,6
中先,6
徵小編,6
費繳,6
號為,6
運當頭,6
資盜,6
網至,6
及該,6
義詐,6
已出,6
槍箱,6
分約,6
名義申辦,6
滿天飛,6
次現,6
不凡,6
購動漫,6
某數位,6
少見,6
辦信,6
她轉,6
床架,6
我免,6
照鏡,6
金紅包,6
號看,6
方合,6
還面,6
自找,6
志鵬,6
華人,6
吳女,6
外埔,6
近半年,6
收官,6
健保輔,6
徵信,6
軍方,6
一搏,6
地陸續,6
通科技,6
其內,6
證個,6
轉達,6
答得,6
開通並,6
假冒者,6
就試,6
冷靜應,6
郭先生,6
龐氏,6
直奔,6
真命天女,6
剛辦,6
筆金,6
大群組,6
迷惑性,6
感言,6
騙入,6
別人能,6
師說,6
過幾天會,6
沒漲,6
放心不下,6
三折,6
方得寸,6
僱用,6
寒心,6
砰砰,6
軍團,6
雨澤,6
貨幣網,6
行員關,6
相當震,6
以後能夠,6
號員林,6
南瓜,6
板證券,6
投資課,6
他頭,6
什麼關,6
明仁,6
一改,6
香精,6
因轉帳,6
口條,6
雅莉,6
當下信,6
認才行,6
沉了,6
滿像,6
滿會,6
猶新,6
分傳訊息,6
私家,6
財社團,6
謝霆鋒,6
時購,6
危及,6
眼下,6
金三萬元,6
確賺,6
資產公證,6
愛心家園,6
商協助,6
刑大來電,6
機刷,6
先下訂,6
還沒領,6
體養,6
二妹,6
服人員,6
秀麗,6
順水,6
然後我點,6
兒察覺,6
轉予,6
回稱,6
詞給,6
投資術語,6
還把個,6
某證券,6
談吐間,6
不會動用,6
萬家,6
事後經過,6
以換取,6
潼心,6
用卡,6
小哲,6
購網,6
稅收,6
流紀錄,6
由名,6
香草,6
來密,6
資金應,6
今以,6
學著,6
還失聯,6
大首領,6
門的,6
須依,6
之後買家,6
期數,6
空蒸發,6
宗聖,6
全靠,6
營門市,6
小刀,6
想介紹給,6
著發,6
秋日,6
小石,6
會多,6
供貨,6
老師報,6
超夢幻,6
元宵,6
金等額,6
五福,6
吳政南,6
隨後驚覺,6
白玲,6
異後至,6
高蛋白,6
改帳,6
作工,6
日驚覺,6
周全,6
一關,6
筆並,6
延至,6
教學院,6
子虛,6
暗爽,6
萬瞬間,6
出道,6
但千萬別,6
最後達,6
空盒子,6
老子,6
偉鑫,6
架勢,6
權書,6
扣回,6
假國,6
幣再,6
順利來,6
奇遇,6
還特別給,6
記一輩子,6
並一,6
金當面,6
文介紹,6
中熱情,6
若未,6
裙子,6
互信,6
參群,6
曼舒,6
小橘,6
會連同,6
回美國,6
我四處,6
始產,6
抵達時,6
免擔,6
主意,6
方刷,6
珠寶飾品,6
號以,6
筱筱,6
列車,6
幾單,6
師處理,6
證確,6
被櫃,6
萬貸款,6
並不確定,6
加減,6
附一個,6
騙會,6
無時,6
無刻,6
美籍,6
假台,6
四月八,6
但繳,6
再起,6
因匯,6
將會將,6
點收,6
簡簡,6
尺度,6
點個,6
活動群,6
獲利後才,6
絕區,6
順利匯,6
卻揮,6
已為,6
遭其詐,6
看網,6
聚凝團隊,6
之買家,6
同班,6
亂加,6
消無息,6
結圖案,6
每周,6
獲利獎,6
連勝,6
單誤,6
輕氣盛,6
妥見,6
明誠意,6
經刷,6
代碼繳,6
印下,6
問主動,6
不斷詢,6
龍伍,6
打員,6
萬許,6
喜氣,6
詩穎,6
保持沉默,6
李好,6
之貼,6
雙方互,6
調出,6
歷程,6
知會,6
南華大學,6
專門教,6
加投資,6
李明澤,6
天到,6
日到貨,6
李彥,6
閉店,6
換泰達幣,6
賣家來,6
亞的,6
賣家開,6
窗戶,6
補金額,6
將保險,6
搞不清,6
發生關,6
搜尋的,6
及當,6
連在,6
少爺,6
一飛,6
應且,6
保貸款,6
能線,6
幾場,6
講一講,6
套出,6
連結進,6
最後一組,6
若晴,6
然後按,6
該粉,6
派員,6
行款,6
勝雄,6
張子,6
利比,6
五組,6
騙稱,6
國際山豬,6
親生,6
隨後私,6
還懷疑,6
還設,6
行家,6
元價值,6
該系統,6
穩盈,6
真騙,6
選貼,6
裝起,6
還帶點,6
尋虛擬,6
組都,6
負責處,6
心包,6
研磨,6
無法驗,6
從興趣,6
壓金,6
鳥松區,6
資訊傳,6
有變,6
我亦照,6
頭還,6
媽媽們,6
網及,6
林淑芬,6
或虛擬,6
寵物票,6
徐亦霆,6
連當,6
接一張,6
財務風險,6
網球,6
經驗給,6
無懈,6
可擊,6
因發,6
只恨,6
日問,6
當下並,6
會穩,6
預約費,6
作登記,6
違反合,6
接著點,6
張崇毅,6
人處,6
帳才,6
無望,6
過來給,6
秋天,6
找找看,6
分別給,6
將錢款,6
攤商,6
袁倩倩,6
廣告點,6
預扣,6
人上,6
大富,6
郵局將,6
及連結,6
金獎勵,6
大溪,6
衝天,6
知為,6
和過,6
將換,6
房東稱,6
搜尋美國,6
三陽,6
談什麼,6
腦衝,6
有代,6
運貨,6
我代繳,6
這四筆,6
守法,6
我噩夢,6
問我為,6
財學院,6
壓抑,6
成一團,6
故暱,6
銷一個,6
點擊後連,6
氫能,6
他經,6
大為,6
鬼扯,6
佩佩,6
且給,6
集運倉,6
斗六市,6
玉飾,6
存來,6
至永豐,6
泡茶,6
世豪,6
稱願,6
及介紹,6
成功者,6
獲利始,6
之後林,6
裝完,6
逆襲,6
廠長,6
仙仙,6
包連結,6
寶利,6
連要,6
鏈上,6
付稅,6
創百貨,6
元後驚覺,6
張倍,6
多聊,6
很累,6
日無法,6
星野,6
音樂季,6
飛利浦,6
分已,6
掩飾,6
畫質,6
曹興,6
處購,6
因金錢,6
網友來,6
嘉雯,6
著解,6
卡銀行,6
活化,6
點數共計,6
獲報,6
或點擊,6
專員過,6
並寄,6
江女,6
宣宣,6
平門市,6
出租房,6
元之虛擬,6
給與,6
罷了,6
我類,6
並和對,6
拼西,6
宇辰,6
悶虧,6
並依該,6
賠新,6
特殊性,6
機位,6
隨後推薦,6
逃脫,6
工藝,6
方未將,6
茜茜,6
議定,6
再面,6
劉淑琴,6
商及,6
以廠,6
這一看,6
本土,6
財時,6
外客,6
稱幫,6
這個幣商,6
存完,6
陸梓,6
實體店,6
還貨款,6
新衣,6
旭日,6
號對方,6
牧田,6
現在換,6
蔡文浩,6
五堅情,6
瘦子,6
臉書點擊,6
各大超,6
阿富汗,6
號或,6
岡山,6
肥肉,6
方提,6
小洪,6
出無法,6
股漲,6
點擊後加,6
正夯,6
撤下,6
購買票,6
貸要,6
玉婷,6
簡訊裡面,6
共五筆,6
金高達,6
財計畫,6
小馬,6
柯文,6
集團加,6
營店,6
稳赚,6
效率高,6
至當,6
金款,6
許婧穎,6
某大銀行,6
勾當,6
元有,6
春春,6
價的,6
三份,6
魚的,6
區仁愛路,6
投資紅利,6
萌娃,6
會員為,6
標金額,6
尚可,6
工作效率,6
正正,6
繳交會,6
恍惚,6
恆鈞,6
單處,6
號匯,6
宛瑜,6
未免,6
九個,6
越聊越,6
今生,6
總共臨櫃,6
億元,6
之店,6
商品信息,6
行客,6
林誌,6
專班,6
人琳琳,6
四筆款,6
並現,6
漸產生,6
領並,6
林文傑,6
接取,6
此訂,6
鞭炮,6
無法點,6
務所科長,6
觀賞魚,6
內及,6
捐血,6
股往,6
以高額,6
地遭,6
吳沈宴,6
點金聖手,6
看時,6
逆市,6
職內容,6
時求證,6
人員供,6
出租人,6
光聽,6
現金交,6
企銀銀行,6
金紀錄,6
佳人,6
承諾時,6
費補助,6
林靜宜,6
匪夷所思,6
受過,6
同舟,6
小吃,6
養身,6
組台,6
豐登,6
野獸,6
從國外,6
細節並,6
故並,6
飼主,6
相關個,6
加薪,6
大展身手,6
趕快問,6
愛貓,6
賴汝婷,6
團票,6
林洪毅,6
折價,6
價格明,6
王女,6
張心彤,6
這兩項,6
活該,6
孤僻,6
林雅雯,6
顯號,6
楠路,6
搖桿,6
名古屋,6
匯款過,6
行程表,6
越有,6
曉曼,6
螢幕閱,6
卡都給,6
稱下,6
顧之鴻,6
玩當,6
阿嘉,6
天涯,6
類遊戲,6
大運,6
之時間,6
涉有,6
特大,6
活動聲,6
周周,6
地震,6
此連結,6
鄭銘智,6
數有,6
討論後達,6
基本操作,6
的擔,6
還接,6
購買行,6
永勝,6
親親,6
計算機,6
企助庭庭,6
購買且,6
代金券,6
三場,6
林金葉,6
是國,6
羊夢,6
點數驗證,6
宏德,6
林淑蓉,6
超錢,6
時向,6
來佐證,6
超強,6
安康,6
證不會,6
進化路,6
筆額,6
賣家們,6
林柏宇,6
應先確,6
隨後報案,6
喪葬,6
退貨款,6
新門市,6
需領,6
越籍,6
轉移給,6
王志強,6
多買,6
信哲,6
新房,6
花朵,6
雅瑛,6
未申,6
謹慎求,6
都市,6
名自稱,6
玉萍,6
顏良,6
教主,6
經介紹,6
先匯給,6
無財物,6
小毛,6
閃速付,6
繳交給,6
愚人,6
標者,6
呈祥,6
稍等片刻,6
後須,6
將約,6
三言,6
兩語,6
西下,6
帳明細,6
進行代碼,6
推崇,6
匯款將,6
經調查,6
資來,6
開交,6
白送,6
賣塔位,6
其台,6
不積極,6
蘭桂坊,6
欣柔,6
劉駿義,6
經上網,6
電磁爐,6
並傳訊息給,6
飆漲,6
會員體驗,6
為代,6
蔡皓軒,6
四面佛,6
經網路,6
處滑著,6
邱雋,6
收新,6
文加,6
將情況,6
生會館,6
李妗茹,6
筆挺,6
萬佳,6
中隱藏,6
山羊,6
偉豐,6
最後封鎖,6
竟告訴,6
蘇三榮,6
利息收入,6
任並,6
並未過,6
部屬,6
幸運號,6
惡魔,6
內到貨,6
本能,6
物美,6
價廉,6
張來,6
金承富,6
之合庫,6
順行動,6
將五張,6
石春吉,6
廖先生,6
棒壘球,6
其賣家,6
洪雅,6
時識,6
裝修費用,6
日結,6
透明度,6
小芯,6
地滑,6
空盒,6
提早到,6
萬元試,6
林薏婷,6
雲集,6
智庫,6
筆爭,6
我度過,6
音溫,6
極好,6
替換,6
艦長,6
專門鎖定,6
活動號,6
屋須,6
曼哈頓,6
傳網址,6
蔡圓欣,6
拍拖,6
無法察覺,6
避風港,6
熊市,6
昏昏沉沉,6
給我帶,6
歷中,6
膽子,6
沙烏地,6
資金達,6
詫異,6
蛋糕店,6
筆繳,6
空機,6
張獻祥,6
金費用,6
來則,6
聯無法,6
勸敗,6
地教導,6
然後報,6
蕭仁柏,6
雲水,6
滑落,6
領航員,6
故致電,6
訊息時,6
贏在,6
面乳,6
分發生,6
巧琳,6
文娟,6
胖達人,6
取門票,6
沙灘,6
機與,6
車台,6
文告,6
流當,6
方愛琪,6
時去,6
王麗娟,6
失聲,6
而剛,6
語菲,6
但訊息裡,6
或換貨,6
直排,6
此網,6
無線電,6
李雲鵬,6
某一,6
寶盒,6
萬個,6
個千載,6
評截圖,6
意付,6
那一個,6
渠下載,6
核實時,6
麻將館,6
自撥,6
規途徑,6
組暱,6
格子,6
內聲,6
護手,6
依群,6
優越,6
豬盤,6
林家福,6
授課,6
發票給,6
其國泰,6
持現,6
竹籃,6
打水,6
區安,6
晨耀,6
鴨頭,6
一借,6
這一詐,6
較長,6
無量,6
小呂,6
美滋滋,6
千沒,6
經經,6
保能,6
憎恨,6
高興壞,6
腦門衝,6
惡果,6
喘不過,6
張清池,6
元換算,6
警鈴終,6
網路代,6
張雅琳,6
網戀詐,6
愛逛,6
將永遠銘刻,6
秋燕,6
沒機會,6
宗祀,6
小武,6
中國大,6
獨角獸,6
快意,6
業務往,6
小謝,6
稻草,6
記憶裡,6
中利,6
買家過,6
小微,6
王董,6
超塞,6
壽屋,6
機械式,6
垂涎欲滴,6
綿綿,6
段位,6
約個,6
騰達,6
悲情,6
年大摩,6
小簡,6
迷惘,6
張虛偽,6
他細,6
浩程,6
投資學,6
洪秉宏,6
並計算,6
隨著詐,6
中頭獎,6
笨拙,6
作痛,6
范玉麗,6
蔡祥宇,6
應仔細,6
並聯絡民眾,6
則會,6
未眠,6
繳費來,6
提示音,6
將見面,6
江厚賢,6
當天並,6
一葉,6
知秋,6
李恆生,6
幸福生活,6
聲響,6
戲代儲,6
筆各,6
攝點,6
裡尋找,6
華泰銀行,6
保款,6
輕柔,6
宜欣,6
與劉,6
撕心裂肺,6
穿梭,6
鄭爽,6
磁鐵般,6
欣樺,6
煙滅,6
懵懂,6
任憑,6
取大筆,6
膽戰,6
轉戰,6
分新,6
現區,6
裡一喜,6
論文,6
邵珮琳,6
林姐,6
精湛,6
大平,6
吹得,6
噩夢般,6
劉志強,6
愛在,6
阿淇,6
靈光,6
鮮亮麗,6
中嗡,6
劉書雅,6
數日過,6
徹底毀,6
我頭腦,6
許宏緯,6
至隊,6
保持良好,6
惡夢能,6
號一樓,6
衝銷量,6
吳雅雯,6
黑龍,6
氣熱情,6
干脆,6
劉欣,6
網友確,6
對方準,6
股舞,6
尊龍,6
家綸,6
魔方,6
窘迫,6
捕捉,6
著一個,6
暖洋洋,6
喜雲集,6
胡曉陽,6
新秀,6
從事會,6
上升期,6
如雨,6
繚亂,6
體力,6
歉意,6
李振華,6
暖暖區,6
我年僅,6
看透,6
王宸凱,6
怦然,6
手機換,6
棋國際,6
婉怡,6
細細,6
出金來,6
一號線,6
破案率,6
吳明峰,6
阿珍,6
自容,6
這五萬,6
環宇,6
巧萱,6
千家,6
李芸,6
對數,6
旭榮,6
勤勤,6
苟延,6
聯巨,6
張君婕,6
那虛偽,6
安寧,6
結語,6
新騏,6
張員,6
先後通過,6
春雄,6
高照,6
承軒,6
提貨卷,6
征服,6
羊絨,6
大衣,6
吳廣昌,6
協作,6
預售權,6
女們,6
進客,6
四十年,6
吳芷昀,6
宛琳,6
余品,6
以元,6
全付諸,6
林佳珊,6
冬至,6
遍撥,6
瑜庭,6
李慧玲,6
正興,6
稱婉彤,6
楊慧虹,6
艾瑪,6
蘇雲甜,6
餐館,6
賴雨,6
莊慶,6
貸顧問,6
過冬,6
德昌,6
嘉禎,6
梯間,6
嘉源,6
莊穎,6
岑葳,6
薪手,6
稍安,6
勿躁,6
許雅婷,6
子祥,6
國聯,6
當即,6
牌坊,6
巧雯,6
語安,6
林祥諭,6
新羽,6
明浩組長,6
楊靜,6
陳旭東,6
杜鴻翔,6
累點,6
麻麻,6
瑞光路,6
虎航,6
這兩萬,6
宋慶,6
樂購行,6
李鈞,6
林清茹,6
來訪,6
潛蛟當,6
高民,6
恩郡,6
耀陽,6
武林,6
戴筠瓴,6
凱淇,6
捉襟,6
漸起,6
享裕生,6
醫之牛,6
樟芝產品,6
陽林浩陽,6
稍慢,6
李晉,6
楊成,6
豐樂,6
小奇,6
最後兩,6
何予,6
數據量,6
迫性,6
張阿秀,6
裡一想,6
林淑靜,6
柯品,6
格林,6
許虹萍,6
劉宇天,6
阿寧,6
多親,6
欣星,6
張嘉妤,6
吳宗佑,6
董麗,6
凱怡,6
暖和,6
謝錄,6
芯瑜媽,6
彥綸,6
香姑,6
嗣後渠,6
何雯雯,6
抵制,6
郭柏文,6
李陸光,6
林淨,6
金御,6
錢術,6
多鑫,6
高恩靖,6
畢虛擬,6
星龜,6
廖凱,6
芝樺,6
覺地,6
雨赫,6
零三,6
徐志龍,6
重炮,6
股老師,6
邢泰釗,6
涂佳莉,6
好飾,6
許晏,6
李詩葳,6
徐小姐,6
吳寒美,6
吳雨薇,6
續保,6
曉婉,6
剩餘未,6
張書榮,6
李雨欣,6
方姵涵,6
洪惠君,6
阿壯,6
葉妍,6
王小少,6
阿蔡,6
王伊彤,6
熱愛周,6
亞蓁,6
倫嘉年,6
領獎後會,6
房產證,6
曾冠韋,6
楊旭,6
東林,6
林萬財,6
龍華富,6
貴錢,6
阮嫌,6
高允潔,6
夢霜,6
開陽,6
元卡號,6
志穎,6
林梓柔,6
李蓓華,6
異未,5
掛在,5
適當,5
人輪,5
那幾筆,5
必須親,5
名行,5
阿民,5
回頭詢,5
眾信,5
店見面,5
时代,5
數不夠,5
總共向,5
要詐,5
並口頭,5
華美,5
蔡思,5
紐約,5
八卦山,5
並不在,5
回天,5
進屋,5
關懷備,5
陣地,5
就會成,5
可愛就,5
以辦,5
仔細算,5
躲過,5
指著,5
瞭若,5
指掌,5
連連結,5
愛派族,5
重新整理,5
所裡,5
有繳,5
還很嚴,5
重開,5
某貿易,5
驗證頁,5
之應用,5
裡態度,5
某資產,5
每一張,5
面截圖,5
送手,5
各別,5
層話術,5
網路換,5
神乎其技,5
更多民眾,5
差利潤,5
該團,5
商現,5
試個,5
總共一萬元,5
整通,5
再截,5
裡接,5
膠帶,5
子昊,5
載到,5
統一門市,5
致其,5
張作宇,5
知此,5
人態度,5
張麻,5
要死,5
典雪莉桶,5
批次,5
配備,5
稱江,5
惟事後對,5
問務必,5
該則訊息,5
日有位,5
聲張,5
將這些幣,5
配連結,5
聯絡後續,5
叫許,5
挺快,5
微軟,5
病急,5
投醫,5
充電線,5
發文免,5
損失將,5
高階遊戲,5
開遊戲,5
聊理財,5
並把幣,5
給櫃,5
渠加,5
結需,5
各買,5
之翼,5
因母親,5
毛衣,5
現連,5
可兼職,5
張過,5
詢確,5
夢瑤,5
面相,5
看風水,5
解厄,5
完相關,5
吳俊鴻,5
所借,5
之機車,5
異常後報案,5
幸未,5
銀行法,5
教導下,5
隨機加,5
美慧,5
福御,5
非公,5
名用戶,5
蔡坤龍,5
點選貼,5
中盤商,5
越貴,5
匯幣,5
結頁,5
擊後便,5
捷安特,5
予該,5
電親友,5
我視訊,5
評鑑,5
我交貨,5
夢魘,5
儲進,5
小妮,5
酷澎,5
幣六萬,5
兩階段,5
供驗證,5
遭查,5
男客人,5
金一,5
他學,5
著查詢,5
對方查,5
事網,5
我渠,5
土銀行,5
說群,5
銀元,5
降低利率,5
項中,5
數當作,5
知心人,5
資證明,5
資料驗,5
開鏡頭,5
整夜,5
送入,5
請員工,5
留票,5
職當,5
時腦,5
八萬多,5
他度過,5
著過,5
只維持,5
不失,5
當我傳,5
霧裡,5
但剛,5
連頁,5
早鳥票,5
意連,5
群發,5
元後再,5
福德宮,5
那箱,5
貨地點,5
那一晚,5
放空,5
撕掉,5
嚴正,5
只回,5
並於約定,5
以寄貨,5
接著連,5
分利潤,5
開視訊並,5
元運費過,5
但購,5
七段,5
世傑,5
超認,5
方訂購,5
卡約,5
滑掉,5
筆共約,5
我想問,5
結合假,5
常關心,5
捐個,5
中選,5
兩次帳,5
阿銘,5
挺帥,5
愛一樣,5
錢出,5
被戲,5
同案,5
隨後又叫,5
依群組,5
盧森堡,5
事後確,5
認已,5
完後其,5
快驗證,5
多有,5
時間給,5
上答,5
廣告商,5
寫資,5
著盡快,5
買球,5
面應,5
客客,5
氣氣,5
咱們,5
我算帳,5
效能,5
無及,5
應始,5
元會員費,5
或代,5
進入後系統,5
理光,5
慶峰,5
石榴,5
總共九萬,5
裡買,5
簡訊要,5
營救,5
小柔,5
開通後會,5
存回,5
網銀開,5
資進,5
搜尋發,5
欣芸,5
威士忌酒,5
共分,5
需暫,5
前後依,5
請輸,5
天明,5
惟需,5
轉並,5
一牽涉,5
面馬上,5
明稱,5
訴訟費用,5
沒結束,5
然後推薦,5
罩杯,5
報銷,5
帳確,5
快信,5
業障,5
無法轉,5
運中獎,5
貓籠,5
因果,5
小錢過,5
阿祥,5
混蛋,5
網詢,5
九張,5
館門票,5
冷靜後才,5
一入帳,5
各超,5
便誤,5
帳內,5
給的連,5
還確,5
各五萬元,5
提貨券,5
乾乾淨淨,5
團費,5
家裡用,5
先後到,5
帳務上,5
假出,5
很遠,5
攝銀行,5
嬰幼,5
野生,5
獎新,5
新訂,5
化器,5
證我,5
怡雯,5
其先,5
統及,5
賴子翔,5
靈堂,5
寶內,5
將門,5
簽名板,5
匯虛擬,5
則導致,5
以後才,5
哪邊,5
辦下,5
從容,5
然後儲值,5
我代儲,5
日方,5
前三天,5
怎麼連,5
單明,5
心取,5
轉匯款,5
劉詩婷,5
面出,5
卡後便,5
餘額給,5
惡言,5
敵不過,5
願意花,5
之後上,5
元體驗,5
飯局,5
惟過,5
致電台,5
面現,5
許能解,5
這狀況,5
序號予,5
匯款後察覺,5
王奕荏,5
資交給,5
總動員,5
徵臨,5
繼續後續,5
專員口氣,5
組認,5
關起,5
手提袋,5
數人,5
供犯,5
則有,5
經點擊,5
用做,5
當天見,5
決定委,5
瑜伽,5
沒輸入,5
假貨到,5
下序號,5
因手邊,5
失三萬元,5
對方領,5
著系統,5
大卡,5
會金,5
缺錢用,5
金變,5
很悶,5
能配,5
一文不值,5
自問,5
需金,5
從幣托,5
刷禮物,5
夢清,5
方賣,5
先刷,5
包裝給,5
歧途,5
生動,5
攝序,5
借錢並,5
不多,5
單用,5
他會還,5
對方友,5
服務升級,5
價格並,5
雨過,5
證和手,5
上確,5
片段,5
十甲,5
往後面,5
網路關,5
都務,5
明情,5
五間,5
拒絕並,5
代充,5
林財鑫,5
還有給,5
張連號,5
更具,5
區上,5
並沒多,5
那金額,5
最後決,5
親自帶,5
反轉,5
詐款,5
然後認識,5
三姨,5
認證會員,5
保羅,5
並依假,5
號及驗,5
貸得,5
胡志明市,5
地處理,5
結果帳,5
連電子,5
之後有點,5
景達,5
數進,5
照著轉,5
事後我將,5
投一點點,5
寶格麗,5
藍寶石,5
之後打,5
對方個,5
發單,5
再點擊,5
輕易照,5
包裝出,5
點完,5
不含,5
與驗證,5
新星,5
保息,5
雲算力,5
照步驟,5
還偽造,5
卡況,5
再衝,5
公民,5
已晚,5
暫未,5
胸章,5
他秀出,5
實際作,5
賣件,5
台開,5
有廠,5
空檔,5
然後又有,5
點事,5
傳護照,5
至國外,5
收好,5
前後後照,5
層次,5
用什麼,5
隨後主動,5
嗜好,5
四成,5
仕昌,5
洪晟凱,5
虛設,5
貸合約,5
訂金匯,5
現金放,5
核實並,5
並叮囑,5
廣告後點,5
大全,5
時常噓,5
會主辦,5
列著,5
我迷,5
投資酒,5
對話並,5
經退,5
活動會,5
經比,5
市觀,5
音區,5
廟前,5
沒有付,5
商洽,5
定給,5
理財慧,5
傳網,5
問申,5
以成,5
一萬八,5
避談,5
擔心票,5
調見,5
購點數,5
主場,5
這一問,5
費到,5
十路,5
小紅書平,5
還用言語,5
開裡面,5
職為,5
曲線,5
分無卡,5
機身,5
知該,5
結款,5
完全相同,5
及點,5
盜光,5
錢先,5
最後共損,5
對方本,5
常幫,5
網聊,5
調情,5
人護照,5
著家裡,5
自美國,5
不補足,5
隨意點,5
四種,5
上約定,5
台汽,5
人住,5
過這次,5
也領,5
前後已,5
經損失,5
越多樣,5
會陸續,5
應要,5
勞動,5
還不讓,5
從廣告,5
某貸款,5
標金,5
阻下,5
之後頁,5
重則,5
誠徵,5
無顯號,5
轉訂,5
還長,5
正覺,5
抵債,5
前後交,5
模人樣,5
筆消,5
費紀錄,5
不名,5
隨後嘗試,5
用始,5
卡能,5
總共六萬元,5
玉兒,5
氣瘋,5
結驗證,5
高跟鞋,5
四百五十元,5
早上好,5
幫忙繳,5
騙後故,5
瞧瞧,5
繳報,5
劉博仁,5
金歸還,5
小飾品,5
明時,5
過山車,5
錢都轉,5
過門票,5
應並,5
感受一下,5
轉蛋,5
都務必,5
既無奈,5
井井,5
榜限時,5
覺款,5
找尋,5
行駛,5
社員,5
賣電,5
收匯款,5
景總,5
商群,5
什麼系,5
還會時,5
嚴懲,5
十分之一,5
還轉接,5
小動作,5
圖回,5
人代為,5
搞鬼,5
混音器,5
價到,5
旗艦,5
這一過,5
沒個,5
寶寶的,5
心動加,5
大賣場,5
隨後又將,5
誇大不實,5
群組供,5
已經入,5
聊關,5
高雄苓,5
奢品,5
筆予,5
聯誼會,5
將那筆,5
夾帶,5
除性,5
貨過,5
方自,5
轉銀行,5
使知,5
稱個,5
去電,5
其聲,5
換存,5
寄物,5
旅店,5
網亂,5
沫子,5
還語,5
很認,5
暫時驗證,5
再驗,5
引領,5
自到場,5
或確,5
點遊,5
有後果,5
傳中獎,5
響個,5
突變,5
共一筆,5
傳郵局,5
提共,5
完後畫面,5
隨後手,5
機頁,5
購得門票,5
不歸路,5
威克,5
連結後加,5
事關,5
車尾燈,5
然後我給,5
嘉瑜,5
應徵廣告,5
卡著,5
並打開,5
相關驗證,5
美體,5
將總額,5
簡單驗證,5
心虛,5
號都給,5
在國,5
將一萬元,5
理會員,5
遭匯款,5
存活,5
想交換,5
元升級,5
準備轉,5
九十一,5
販售動,5
台幣數,5
這買,5
自介,5
商旅,5
碰撞,5
還綁,5
實感,5
認證頁,5
填個資,5
名義被,5
醫美產品,5
欺網,5
可贈,5
轉時,5
夢中,5
和後續,5
警鈴響,5
慚愧,5
珠寶看,5
隨後又轉介,5
內資產,5
房契,5
謝訊息,5
振華,5
待查,5
專員將,5
卡單,5
全空,5
所填,5
筆組裝,5
流星,5
送驗證,5
連結下,5
上態度,5
之後裡面,5
最後一張,5
我理,5
裡忙,5
進虛擬,5
超級氣,5
能證,5
睡得,5
其至,5
筆轉出,5
電子鍋,5
網拍詐,5
炒作,5
應援品,5
六天,5
獲民眾,5
月領,5
週領,5
最後機會,5
投資才,5
點多時,5
潘宗威,5
不划算,5
之後即,5
電箱,5
裡討論,5
稱執,5
出貨中,5
若不馬,5
失幾十萬元,5
覺得頭,5
食言,5
砂盆,5
中系統,5
該人以,5
信用度,5
財務出,5
意者,5
卻害,5
運動衫,5
美簽,5
私約,5
好資料,5
將把,5
公務員詐,5
過審核,5
但用,5
點評,5
始確,5
優惠購,5
小魚兒,5
終僅,5
老百姓,5
結是,5
中繼站,5
拆賣,5
車系,5
沒太懷疑,5
內經,5
代辦委,5
券時,5
日聯絡,5
晚點還,5
還會噓,5
想養,5
內容加,5
他費用,5
寄款,5
保平安,5
匯六萬元,5
經不回,5
裡有種,5
假外,5
兒子察覺,5
協助代辦,5
轉匯給,5
方假稱,5
碼匯款,5
元給予,5
鏈條,5
全不見,5
閉要,5
方教學,5
機匯款,5
常聯絡,5
看法,5
申請理,5
綁架案,5
贈予,5
多角度,5
真誠地,5
不油條,5
以後有,5
演算法,5
不平,5
匯點數,5
最愛用,5
加總下,5
幣六萬元,5
時主動,5
懂虛擬,5
聖宜,5
囚禁,5
普普通通,5
可挽回,5
抵台,5
內疚,5
連結裡面,5
稱如,5
假黃金,5
金利,5
卡後就,5
然後寄到,5
下陸續,5
打出,5
還竊喜,5
吃飯,5
搜尋購,5
網帳,5
不五時,5
辦會員卡,5
舊車,5
中明確,5
中務,5
思曼,5
某融資,5
寶啦,5
到連,5
以海關,5
最後不僅,5
固定收入,5
這不只,5
擔心訂,5
因去,5
給我時,5
我用點,5
補交新,5
別人詐,5
一筆給,5
還連續,5
物色,5
人代購,5
元外,5
充電盤,5
小娟,5
墾丁,5
板手,5
日一個,5
較大金額,5
冷靜查,5
賣屋,5
填什麼,5
沒動作,5
不太敢,5
結令,5
法庭,5
中職,5
方否,5
家家,5
並寄到,5
玉米,5
快門手,5
時則,5
傳密碼,5
保卡給,5
點多轉,5
面聊,5
發放時,5
發包,5
還特別問,5
幾本存,5
某建設,5
張卡裡,5
雙層,5
怪罪,5
方販售,5
因不會,5
岌岌可危,5
善用,5
資訊頁,5
中興大學,5
防水工程,5
資金去,5
統來,5
親友詢,5
無歸還,5
新用,5
寄五張,5
疑有,5
買化妝品,5
協助入,5
資訊過,5
籌辦,5
往後要,5
價格僅,5
矯正,5
人談,5
許透過,5
股分,5
建偉,5
通外匯,5
第三步,5
答謝,5
失敗並,5
汪汪,5
更麻煩,5
成員並,5
瀏覽訊息,5
購卡,5
會替,5
佛具,5
近九萬元,5
回說,5
兩塊,5
方話語,5
幾筆點,5
落幕,5
帳購,5
並揚言要,5
發工資,5
股利,5
解困,5
幣商以,5
金額作,5
手勢,5
碼進,5
前後後在,5
一拖,5
辦帳,5
並承諾會給,5
未成年人,5
一連匯,5
投資美,5
還冒出,5
動電源,5
灣行動,5
點即,5
系統將,5
詩篇,5
這時間,5
裡一個,5
投資類,5
問同學,5
對方帳,5
想辦,5
用寄貨,5
還凍結,5
工價,5
及線,5
成以,5
沒感覺,5
中點,5
抓準,5
第一年,5
軍警,5
金數,5
投資事業,5
實拿,5
四顆,5
六萬元給,5
有會員,5
處理網,5
引導著,5
大宗,5
流出去,5
從凱,5
優秀,5
備照,5
兩萬到,5
深鎖,5
周教授,5
傳電話,5
辦電,5
賣電腦,5
越演,5
賣玉鐲,5
貨幣後入,5
金向幣,5
資在,5
贏來,5
出獄,5
兩頂,5
張卡過,5
關求,5
財之,5
務及,5
高權限,5
處輸入,5
類別,5
並未理會,5
稱發,5
太大金額,5
有往,5
異常始,5
密及,5
購買前,5
增大,5
改買,5
冰淇淋,5
理業務,5
最諷,5
深究,5
有動靜,5
然後換,5
極度後悔,5
單後無法,5
領收,5
買家下,5
兩頭,5
前後後用,5
詢網,5
遂即,5
全區,5
楊文彬,5
並實名,5
卡轉帳,5
歐付,5
連結過,5
閱率,5
方未經,5
貨幣後將,5
先放,5
還死,5
裡轉,5
金流過,5
進通訊,5
人代辦,5
還沒還,5
冷冷,5
頭盔,5
假證件,5
仍會,5
獎資格,5
三群,5
投資會員,5
散會,5
遭多筆,5
投資團購,5
組後續,5
調式,5
啞鈴,5
金鋪,5
先掛,5
時行員,5
一百二十八,5
之後持續,5
集團後續,5
龍潭,5
交貨代碼,5
怎麼給,5
稱人,5
基石,5
貨人,5
新業,5
權人,5
當擔,5
隨後就將,5
消費列,5
新政,5
裡逐漸,5
跳過,5
認運送,5
通訊帳,5
元成,5
將買來,5
名義引導,5
得動,5
大公,5
所服,5
她並,5
裡提,5
領始,5
被判,5
將貨,5
行員幫,5
規章,5
以見面,5
基因,5
鞏固,5
因店,5
來轉,5
隨便轉,5
方一,5
報人,5
語時,5
四月份,5
經觸,5
心神,5
比別,5
乖巧,5
是賴,5
電玩遊戲,5
出貨訊息,5
面用,5
內匯款,5
之後不斷,5
銀行業務員,5
某遊,5
查無訂,5
並交,5
還叮嚀,5
華茂,5
隨身行,5
劉德彥,5
遭贖鴿,5
為將,5
貼文購,5
日線,5
沒上線,5
氣禮貌,5
小額驗證,5
沒有款,5
將這段,5
成會員,5
間購,5
次匯,5
問幾個,5
機把,5
外貌,5
年老,5
知曉遭,5
張天豹,5
地產買,5
還搭上,5
戲楓,5
之數,5
於後續,5
張倩,5
稱免,5
風之谷,5
方號,5
張小燕,5
中十萬元,5
輩們,5
保時捷,5
一點擊,5
之人頭戶,5
著作,5
戲劇,5
某巷,5
總比,5
動私訊,5
雅集,5
威脅訊息,5
張接,5
事後仔細,5
幾段,5
上亂,5
配套,5
阿珠媽,5
假訂,5
當交個,5
大錯,5
賣家進,5
裡滑抖,5
作案,5
張遠,5
內輸,5
領先,5
時滑,5
獲市,5
想處,5
一販售,5
人臉,5
他言談,5
單鎖定,5
李婉琪,5
水碓,5
一處位,5
需付費,5
事美,5
並稱將,5
其會員,5
激發,5
小圈子,5
被盗,5
包轉進,5
許蕊馨,5
單鎖,5
我責怪,5
還拒,5
警員要,5
可控,5
很明顯,5
珠寶鑑定,5
縮水,5
輕描淡,5
填到,5
變得模,5
從手,5
補足款,5
並考慮,5
多星期,5
會講,5
明目,5
張膽,5
先歸還,5
成戀,5
買飾品,5
送款,5
並與名,5
海綿寶寶,5
時一,5
並取貨,5
遭以,5
資和金,5
且後悔,5
公平交易,5
有許,5
需轉帳,5
智域,5
交帳,5
以台幣,5
飛回,5
遭阻,5
黃詩,5
規資訊,5
鋼手,5
事務處,5
內到,5
帳以,5
超商系,5
統查,5
高市,5
並於假,5
價門票,5
人員還,5
到家裡,5
資資料,5
李開始,5
對別,5
坑人,5
第二代,5
轉變成,5
曉蕾,5
一激動,5
從何,5
故會,5
傳達,5
至電,5
專員主動,5
轉帳並,5
聚寶盆,5
善心人士,5
再造,5
全家人,5
申辦業務,5
筆積蓄,5
繳費碼,5
聲譽,5
力保,5
法案,5
萬元供,5
適時,5
妥後以,5
有門號,5
會因,5
市外,5
張蘋果,5
現金當,5
簽過,5
店經理,5
曉婷,5
時隔,5
封號,5
對方主頁,5
賣玉,5
看數,5
白血病,5
打零工,5
再換成,5
叫江,5
兩岸幣商,5
面以,5
互為,5
犀利,5
投資國外,5
放錯,5
內繳,5
遠超,5
退一步,5
現查,5
意花,5
機送,5
雖高,5
就動心,5
按錯,5
還卡,5
完驗,5
賺回,5
發洩,5
楊庭宜,5
人騙,5
取別,5
多轉,5
會詐,5
首筆,5
兌換碼,5
監管會,5
芸熙,5
健興,5
問中國信,5
筆總金額,5
返程,5
隔週,5
張要,5
徒手,5
姑息,5
因上,5
和驗證,5
正舉,5
時訊息,5
嚇得魂,5
並達,5
介紹裡,5
儲值後購,5
數量還,5
阿莎力,5
人林,5
定分,5
擺放,5
會網,5
監測,5
品鈞,5
名義匯款,5
商轉,5
惠美,5
鼎沸,5
先回,5
省時,5
櫃員機,5
簡介寫,5
內入,5
單程,5
申請並,5
總共陸續,5
收藏者,5
現上,5
未領,5
稍後還,5
未見面,5
韓國人,5
如歌,5
進行安裝,5
耿耿,5
投資店,5
陸續繳,5
錢後還,5
提一個,5
接著教,5
滿不錯,5
還掉,5
續聲,5
說絕,5
然後聽,5
須經,5
松立,5
地政,5
戶及,5
選社團,5
現詐,5
截到,5
新存,5
店外,5
現況,5
但查,5
很關,5
並終,5
單內,5
將東,5
需做,5
八日,5
提籃,5
維修廠,5
繳費明,5
傳明細,5
加至,5
問林,5
稱彤彤,5
內詢問,5
手現,5
振倫,5
著假,5
打打,5
前世,5
選到,5
壓著,5
相向,5
原狀,5
還已經,5
中線,5
平凡人,5
初透過,5
區文,5
流傳,5
這一轉,5
網銀出,5
車迷,5
出有,5
專線並,5
反咬一口,5
接並,5
介紹加,5
給賣,5
隨後建議,5
罪嫌,5
售後服務,5
筆轉入,5
為代價,5
吳思,5
地登入,5
並於匯款,5
包地,5
得實,5
香味,5
吞掉,5
價達人,5
號跟,5
先後分別,5
便分,5
補登,5
並減,5
活動能,5
李嘉豪,5
算數,5
張健,5
大疆,5
當作入,5
獲為,5
旅遊卡,5
墨水,5
拿下,5
張時,5
收別,5
稍低,5
清出,5
抽獎網,5
冤枉路,5
多過,5
天要,5
報案後能,5
靈機,5
問群組,5
超進,5
化物語,5
方地,5
蔡蔡,5
隱覺,5
更多遊,5
之罰,5
第八次,5
顛峰,5
經犯,5
時間並,5
更篤定,5
經我致,5
故上網,5
探討,5
我撐,5
零工,5
定後續,5
佰德,5
面金,5
人興奮,5
簽約並,5
還空歡,5
之長,5
完介紹,5
方查詢,5
研討,5
方驗,5
遊玩時,5
事後至,5
盤算要,5
帳進,5
兩用,5
還興,5
投資約,5
軟體配,5
還更,5
方主頁,5
以後找,5
找零,5
戲並,5
是親,5
小眾,5
太多筆,5
中服,5
意想,5
裡起,5
幫忙查,5
然後轉進,5
跨界,5
稱儲值,5
假蝦,5
單後帳,5
專員傳,5
學得,5
官劉,5
方欲購,5
鋪詢,5
發白,5
供品,5
接訂,5
小額換,5
方分別,5
購買訂,5
惟有,5
搶標,5
亞妃,5
生利息,5
而後以,5
如欲購,5
塑造出,5
筆代,5
一筆額,5
信內,5
經核,5
最後引導,5
之後決定,5
沒入,5
建築師,5
社的,5
包傳,5
大學同,5
還寄來,5
投羅網,5
那塊,5
撕碎,5
繳越,5
演一場,5
全領,5
裡很慌張,5
漏個,5
覺得裡面,5
地毯,5
代租,5
元大網,5
騙秀,5
珠寶銀樓,5
翻開,5
華之人,5
簡介裡,5
需到,5
卡照,5
包入,5
投資步,5
美村路,5
賣樂,5
著剛,5
完後顯示,5
雄緯,5
則貼,5
所申,5
泰世華網,5
看上,5
警員幫,5
徵物,5
有開,5
統籌,5
周家,5
劉月,5
依訊息,5
預計會,5
滲透到,5
投資餐,5
白米,5
消費紀,5
貼文欲購,5
漫遊,5
沒有發,5
將錢領,5
某百貨,5
輸入給,5
必先,5
賴地,5
一組代碼,5
略低,5
人員時,5
應循,5
須與,5
舊款,5
資訊為,5
轉兩筆,5
錢及,5
將錢給,5
要衝,5
致電至,5
並承諾見,5
假代購,5
轉角,5
二分,5
承載,5
節日,5
節慶,5
將三筆,5
創建帳,5
伊朗,5
將視訊,5
查證並,5
借卡,5
假中華,5
幫忙代轉,5
這五筆,5
合新,5
遊的,5
領貨時,5
街球,5
還通,5
永豐金控,5
不能自己,5
台胞,5
給點,5
取不出,5
芝麻,5
驟減,5
配來,5
裝要,5
還剛,5
資金卡關,5
偏高,5
連訂,5
賣小卡,5
繳納會員費,5
他拉入,5
八十六,5
青創,5
貨至,5
之後至,5
貸相關,5
接連購,5
席間,5
勿忘,5
通交貨,5
投資遊,5
專業代,5
人賴,5
帳密供,5
再作,5
其電話,5
投資後能,5
需經理,5
勞健,5
媽豬,5
貨轉,5
銀行員工,5
藍天,5
營業員約定,5
這一查,5
說線,5
經替,5
硬要,5
多次遭,5
則需,5
手式,5
神才,5
裡多,5
看久,5
假一,5
賠十,5
幣商會,5
時沉,5
坑裡,5
還推說,5
賭博網,5
灣跟,5
苑裡,5
短線當,5
及門號,5
至遠,5
剛轉過,5
區一個,5
鐵盒,5
財規劃,5
他驗,5
因公,5
金額後才,5
塔羅師,5
繳費後將,5
沒到貨,5
優惠到,5
買回,5
要代,5
收場,5
微商出,5
清群,5
還傻到,5
換絕情,5
筆資,5
資訊洩,5
中受,5
木地板,5
有延遲,5
卻用,5
元達,5
貨是,5
交尾,5
還猶豫要,5
寵物床,5
張是,5
萬資金,5
電扇,5
最後總共損,5
詐騙方,5
超哥,5
商廣告,5
不多問,5
四十五分,5
晚風,5
以語,5
前後後匯款,5
還預,5
這次給,5
虛寶交給,5
對票,5
阿梅,5
銀行諮詢,5
惟詐,5
並額,5
遭人轉,5
汽車車,5
斷定,5
前後後刷,5
問母親,5
覆蓋,5
沒經過,5
生基園區,5
不吭,5
鬼鬼祟祟,5
接著換,5
出所謂,5
匯錢進,5
著買票,5
將這起,5
稱代,5
認識後對,5
玉涵,5
推特廣告,5
假手,5
信到,5
活期,5
排得,5
很健談,5
許慧欣,5
分電詢,5
街面,5
來往,5
送樂,5
購及,5
結須,5
免費諮詢,5
之後應,5
我事後才,5
總共算,5
金手環,5
當幫,5
接著話題,5
賣場裡,5
還誇下,5
棉業,5
續林,5
日後才,5
還得寸,5
聽後告訴,5
曝光率,5
寄手,5
我證明,5
另給,5
眷顧,5
他口頭,5
獎金來,5
證說,5
賣賣,5
閱監,5
佩君,5
天元,5
北刑,5
不成比例,5
以約會,5
審通過,5
秩序,5
盒裡,5
延平,5
團粉,5
大薯,5
本事,5
設密碼,5
各有,5
飲品,5
裡發現,5
週過,5
我導入,5
證和電話,5
找遍,5
最後匯款,5
較常,5
面連,5
當作購,5
雙向,5
資金入,5
信風,5
出金到,5
開國,5
還傳訊問,5
然後一個,5
能變,5
多錢,5
小有成就,5
將產生,5
人震,5
還拿著,5
並追討,5
消化,5
中講,5
經理講,5
助推,5
將該筆,5
過後發現,5
還抽中,5
莊女,5
八十一,5
上四處,5
雙方在網,5
神手,5
林文斌,5
台積,5
將相,5
大城,5
世昌,5
完後無法,5
關賣,5
始確定,5
其該,5
萬積蓄,5
設防,5
之後嘗試,5
恥辱,5
偏遠,5
並產生,5
搜尋債務,5
論金,5
問題須,5
楊雅雯,5
要代辦,5
將欲購,5
新書,5
一則代,5
結清款,5
三度,5
落腳,5
租個,5
外公,5
數都,5
整場戲,5
研究部,5
戰兢兢地,5
案過,5
誤解,5
惱極,5
午休,5
過投資來,5
市桃園,5
或長,5
地夫,5
翻過,5
魔女,5
刷紀錄,5
港元,5
獲一,5
金遲,5
國籍,5
是訊息,5
今後再,5
一去不返,5
音平,5
餘萬,5
星期日,5
逼入,5
淪陷,5
客廳裡,5
孤立,5
組是,5
渠有,5
一開箱,5
闖關,5
初夏,5
幣耀,5
小歐,5
下持續,5
搬空,5
帳多筆,5
之後過,5
佳儀,5
工證,5
通外幣,5
合群,5
就訊息,5
背後其實,5
他查,5
便會將,5
付額,5
無薪,5
會訊息,5
傾注,5
金飾店,5
爬文,5
現發現,5
遠傳門號,5
林安琪,5
碎成,5
失信,5
賬務,5
掛機,5
七股,5
裡很擔,5
地走了,5
開辦,5
點擊後自動,5
上上下下,5
訊息予,5
曉慧,5
來代為,5
人國,5
券為,5
真貨,5
電飯鍋,5
什麼當,5
著落,5
雞蛋,5
財產會,5
試算,5
方又將,5
現金予,5
以幫忙,5
虛寒,5
極致,5
柏瑞營業員,5
財經報,5
費等費用,5
零卡,5
何羽,5
上排,5
收一,5
對方前,5
表示歉意,5
予對,5
信業者,5
卡可,5
處門口,5
賣家後續,5
還車輛,5
不真實,5
方線,5
商線,5
單有誤,5
快嚇,5
一再表示,5
承諾幫,5
想不出,5
劉佳琪,5
坤哥,5
再簽,5
隨後更,5
會刷,5
專員驗證,5
冤親,5
另該,5
內容產生,5
貸款絕,5
以傳,5
做加,5
快逃,5
上入,5
心茹,5
廣告文,5
法務部,5
最一,5
還交換,5
志文,5
然後聯絡,5
林心如,5
無發,5
附連結,5
這兩樣,5
內時,5
稱欲向,5
出金為,5
存新,5
帳獎,5
太厲害,5
因見,5
因事,5
睡衣,5
下游,5
還沒懷疑,5
我斷,5
著見,5
外購,5
學姐,5
尋那個,5
經典賽,5
擺爛,5
慷慨,5
對方講,5
現一筆,5
個門號,5
還沒去,5
並把款,5
故損,5
權委,5
銀行作,5
二兒子,5
庭院,5
權益並,5
隨後無法,5
求證後始,5
依契約,5
同時間,5
博智,5
專門給,5
服務應,5
了賴,5
打炮,5
現且,5
引退,5
雙方視,5
貨運寄給,5
辦理托,5
惠如,5
宏哥,5
本及,5
獲新北,5
其人,5
豐年,5
將導致,5
曉穎,5
心苑,5
出門見,5
方好,5
連粉,5
用給,5
下回,5
古刀幣,5
續續,5
及連絡,5
幽蘭,5
拐走,5
分次轉,5
前一晚,5
喬伊,5
常去,5
問老,5
以電信,5
有代銷,5
廟裡,5
中燒,5
其交談,5
廖隊,5
我連想,5
識破,5
十萬元整,5
其發,5
配色,5
沒訂過,5
林穎,5
奉送,5
海底,5
裡漸,5
之五張,5
曉麗,5
元大銀,5
敞開,5
傳貼,5
神想,5
適應,5
不順利,5
終有,5
印單,5
點廣告,5
費或,5
包鏈,5
萬元為,5
精投,5
腳本,5
買家馬,5
日貨到,5
面到,5
他察覺,5
核定,5
私訊訊息,5
之性,5
付車資,5
數達,5
工作坊,5
日邀,5
沒下單,5
彩妝品,5
先答,5
縣花壇,5
花海,5
兒子發,5
現貨黃金,5
現給,5
剎車,5
台版,5
內裝備,5
加群組,5
獲不詳,5
通了,5
賣店,5
寬敞,5
幫並,5
加詐,5
星期天,5
會延遲,5
交辦,5
珠寶線,5
非常低,5
很貴,5
向廠,5
小阿慧,5
台中地,5
金球,5
開始會,5
轉寄給,5
這產品,5
越玩越,5
總共提,5
怡萱,5
天黑,5
國道,5
點名,5
參與並,5
趕至,5
未開啟,5
還穩,5
將轉入,5
小額訂,5
冷氣安裝,5
漏給,5
漲停,5
多訂,5
更準,5
回本並,5
台灣場,5
解圍,5
並與幣,5
便衣,5
領用,5
辦法並,5
中為,5
手遊時,5
遭毆,5
交大,5
作息,5
連賣場,5
未損,5
時傳,5
給國,5
因一,5
光輝,5
想家,5
子軒,5
對訊息,5
寄三張,5
中漸,5
中教,5
還回訊息,5
連環套,5
實拍圖,5
會導,5
金額欄,5
廣東,5
刮獎,5
大一點,5
困金,5
經累,5
時效,5
半百,5
竟會成,5
小君,5
及網,5
蘑菇,5
竹圍,5
防毒,5
下午茶,5
還融資,5
之生,5
基園區,5
名經理,5
包紅,5
談不攏,5
要詢,5
可選擇,5
多件,5
信商業,5
前還,5
裝飾品,5
幫忙換,5
不換,5
李雅雯,5
錢現,5
再忍,5
仍須,5
給前,5
當時點,5
愛上,5
連結長,5
結不詳,5
張門,5
先給予,5
故相約,5
宇晨,5
首站,5
小費用,5
姜專員,5
沒委,5
素養,5
記購,5
總共拿回,5
空房,5
其證件,5
展出,5
許經,5
每晚,5
意間,5
須補足,5
起以,5
服務無法,5
拍屋,5
並會將,5
勇士,5
場價,5
許多得,5
安和路,5
強門市,5
日交,5
需更換,5
位代碼,5
義竹鄉,5
每瓶,5
永信,5
問事,5
最後陸續,5
假律師,5
達時,5
五本存,5
貸行,5
回才,5
邀入,5
如不照,5
寄郵局,5
阿富,5
方求,5
賣客,5
推薦幣商,5
卡夾,5
不加碼,5
可口,5
故技重施,5
數用,5
毛茸茸,5
都將,5
中街,5
訊息暱,5
張紙,5
價大約,5
才領,5
阿霖,5
來核,5
越常見,5
認寄件,5
天合,5
一圈,5
鳥類,5
一個連,5
撇清,5
沈默,5
通聯,5
其母親,5
央求,5
之後讓,5
郭經理,5
搬離,5
千寶投資,5
網頁還,5
經寄到,5
設定費,5
仔細問,5
合成照,5
細情況,5
辭地,5
夜裡,5
現異,5
換一個,5
除戶,5
水面,5
著委,5
帶利領,5
機進行,5
還沒簽,5
離家,5
折疊,5
對方欲購,5
小巷,5
農會來,5
怎麼現,5
拖入,5
因沒有,5
資金全,5
實不錯,5
停滯,5
稱先,5
股運,5
小龍,5
扣薪,5
盡地,5
資產要,5
他行,5
平倉,5
看裡面,5
搜尋我,5
異議,5
心焦,5
時無意間,5
接一層,5
意指,5
騙後報,5
私交,5
屁屁,5
之動作,5
採貨到,5
一地點,5
並介紹給,5
入迷,5
網銀有,5
從民國,5
清清,5
夾克,5
開放給,5
刺鼻,5
氣及,5
小寶,5
三周,5
歷給,5
事並,5
緊轉,5
共計匯,5
搭理,5
之後更,5
高勝率,5
連篇,5
組介紹,5
不懷,5
而今,5
份文件,5
方便管理,5
找來,5
習以,5
說訊號,5
網銀登,5
已經給,5
重登,5
多長,5
收個,5
年許,5
燒肉,5
安頓,5
堆疊,5
這十萬元,5
計會,5
重裝,5
然後更,5
是紅,5
換車,5
失泰達幣,5
上址,5
優品,5
付費購,5
警員來,5
雷達,5
接著網,5
包準,5
組員,5
投資費用,5
將那,5
商出,5
退坑,5
折算,5
需再繳,5
魏寶寶,5
山火,5
殼牌,5
會亂,5
質感差,5
臨櫃領,5
事貿易,5
親戚家,5
親自致,5
以線,5
大潤發,5
圖來,5
假得,5
福滿,5
安裝費,5
一禮,5
還搭進,5
帶夠,5
剛來,5
假貨詐,5
現名,5
店址,5
自責和後悔,5
火燒,5
行包,5
配發,5
交織成,5
遂決,5
觀音,5
時代峰峻,5
之後再將,5
經豐,5
妳有,5
姻緣,5
張雅,5
元回,5
商圈,5
信而將,5
解盤,5
車廣告,5
航廈,5
豆豆,5
賣群,5
商中,5
機會務,5
難時,5
卻會,5
疲勞,5
擁擠,5
幾份,5
這行業,5
獎金馬,5
帳戶則,5
時詢問,5
附送,5
超自然,5
金時機,5
開開心,5
底前,5
呼呼地,5
南蘇丹,5
隊來,5
師稱,5
紫欣,5
夾在,5
四群,5
野狼,5
匯為,5
場查,5
最早,5
佩服,5
脫光,5
牌桌,5
碼用,5
潘先生,5
媽的,5
親口,5
蠻順利,5
金放,5
次資金,5
將從,5
服務證,5
賺大,5
對方至,5
同天,5
軟體詢,5
過群,5
超昂,5
經常主動,5
十個,5
方溝,5
一千七百,5
匯款後經,5
保護員工,5
大門口,5
對方話題,5
癢點,5
還連累,5
哪一天,5
再動,5
不會少,5
最後等,5
問補助,5
文尋找,5
完訊息,5
確保約會,5
報酬給,5
辦新,5
事後賣家,5
先補足,5
但訊息發,5
群組上,5
用永豐,5
尚缺,5
個訂,5
對方掛,5
過幾天還,5
會應,5
蔣雅雯,5
縈繞,5
但門票,5
注重,5
錢確,5
過黑貓,5
稽查,5
當資金,5
富林路,5
有業務,5
並與暱,5
機安裝,5
男用,5
打家裡,5
及款,5
十包,5
尚益,5
商進行,5
還開立,5
徐芯盈,5
林詩雅,5
回味,5
之平,5
金額匯,5
避震,5
筆錢轉,5
熱熱鬧,5
將回,5
商譽,5
美術,5
血糖,5
他親,5
行館,5
它聲,5
貿易商,5
一絲溫,5
應親,5
盟享,5
商供,5
單號給,5
傳送驗,5
然後私,5
內容點,5
地開,5
太陰險,5
有養,5
並說現,5
聯絡會,5
機無法,5
結後跳,5
一下下,5
然後分,5
中個,5
不會亂,5
最保險,5
主理,5
沒實際,5
某樣,5
診室,5
著擁,5
划手,5
加送,5
網銀給,5
一萬五給,5
快七點,5
毛病,5
繳高額,5
沒傳訊給,5
接入,5
加名,5
鋁窗,5
頭也,5
商來,5
審核後會,5
記錄給,5
項後馬,5
過這樣,5
一不詳,5
名家,5
我和幣,5
太驚險,5
中科,5
殯葬業者,5
傳家,5
放出,5
購金,5
帳戶後續,5
中學,5
其金錢,5
上馬上,5
獲利太多,5
季節,5
風中,5
獲利愈,5
從虛擬,5
這整場,5
通牒,5
稱網,5
駭入,5
其過,5
卡鉗,5
幸運粉,5
芯琳,5
機抽獎,5
再晚,5
海關稅,5
通細節,5
已聯絡,5
開假,5
力行,5
問求,5
不當行,5
方談定,5
最後並,5
梓涵,5
音國際版,5
懷提,5
推委,5
並釐清,5
狂響,5
數代碼,5
詛咒,5
並實際,5
動下單,5
入獄,5
捐獻新,5
龍井,5
損失加,5
順理,5
網銀幫,5
地稱,5
投資介紹,5
智者,5
方閒聊,5
先跟幣,5
小輝,5
談虛擬,5
前一刻,5
風水,5
費並,5
動紀錄,5
及遠,5
訊息加,5
法商,5
知遇,5
當下頭,5
匯得,5
先收訂,5
碼去,5
該行,5
有接,5
及統,5
劇門票,5
資安風險,5
師輕,5
自殺,5
出力,5
一個理,5
蔡偉斌,5
出納人員,5
商詐,5
機購,5
還會講,5
甘願,5
小女生,5
才將,5
舉發,5
美娜,5
假兒子,5
良民,5
投資代,5
組號,5
散心,5
專門店,5
樂意,5
為話術,5
並依渠,5
可借,5
區農會,5
將兆豐,5
介紹頁,5
從加,5
運網,5
先機,5
好痛,5
以無法,5
瀚霖,5
健保卡要,5
惟賣,5
錯亂,5
商長,5
幣優,5
文轉,5
楊俊濤,5
怎麼領,5
當軍醫,5
不屬,5
然後回,5
結資產,5
前例,5
用當,5
香油,5
假網友,5
並與詐,5
連認識,5
人員接,5
商寄到,5
電聯,5
內協助,5
滯納金並,5
熱門門票,5
大學路,5
轉紀錄,5
條手,5
進階任務,5
調機會,5
將暫,5
中平,5
按取,5
宋經理,5
超久,5
拖累,5
銀行代辦,5
作為代,5
元解鎖,5
中式,5
筆共匯,5
資料夾,5
家明,5
教報,5
點進行,5
區統,5
投資信,5
已經繳,5
面子,5
超難過,5
該標,5
並學會,5
麗娟,5
確保能夠,5
查察,5
每樣,5
細節照,5
負荷且,5
師跟,5
親友洪,5
費也,5
撥放器,5
條碼並,5
元之訂,5
儲能,5
其廣告,5
報帳,5
號予,5
最後稱,5
區后,5
庄路,5
西裝筆,5
以實名,5
此名,5
賣珠,5
沒解決,5
用該,5
筆用,5
中驚醒,5
其產生,5
聚財,5
跟廠,5
受困,5
方報,5
王俊傑,5
超夯,5
單什麼,5
並存,5
比前,5
海浪,5
我始覺,5
買量,5
兩萬零,5
認都,5
罐子,5
完後網,5
翻回,5
個幣,5
合力,5
季門票,5
過濾,5
並於群,5
林美雅,5
朝陽,5
細解,5
費與,5
並質疑,5
試用期,5
這支手,5
頁式,5
師指導,5
需幫,5
地訴,5
獲利能,5
原價票,5
融資款,5
至幣安,5
驗收,5
我連問,5
健保費,5
還一臉,5
有發,5
血淚史,5
選在,5
號換,5
心滿,5
優股,5
這不單,5
已委,5
由林,5
家商,5
童紹宸,5
接著群,5
入賬,5
想表達,5
什麼幣,5
用不上,5
麗芳,5
萬元且,5
資產轉,5
前稱,5
聊天工具,5
所人員,5
屯店,5
使人,5
領給,5
交給櫃,5
弄得好,5
連頭,5
家事,5
寒流,5
交高額,5
苦苦,5
夢露,5
琴行,5
降息,5
熱錢,5
聯絡詐,5
其元,5
韓裔,5
邱專員,5
成功率高,5
巧芸,5
組號碼,5
六街,5
而後來,5
周思敏,5
期會,5
衝來,5
網去,5
網民,5
轟然,5
還頻,5
栽得,5
力成,5
投資變,5
解法,5
訂金會,5
豪神,5
請司,5
接獲類,5
所售,5
多分,5
寶可夢遊戲,5
只還,5
低價購,5
新的關,5
人陷,5
人誠懇,5
每包,5
王仲榮,5
當開場,5
周子,5
打訊息,5
台筆,5
睜大,5
幾部,5
勸導,5
失了將,5
平浪,5
代客,5
當聽,5
已收,5
需經驗,5
辦公錄音,5
吳佩儀,5
盈瑞,5
佩儀,5
激靈,5
未含,5
幼稚,5
專人到,5
及話術,5
狂潮,5
再儲,5
很夢幻,5
找人來,5
超爽,5
越足,5
處理線,5
流流,5
經我詢,5
內政部,5
冻结,5
如約將,5
張開,5
稍候,5
日滑抖,5
因次,5
包匯入,5
專員先,5
先到幣,5
李詩婷,5
入訊息,5
現金進,5
多會,5
生錢,5
貸個款,5
上樓,5
為民,5
為峰,5
傳心,5
面教,5
白勝文,5
台灣來,5
予暱,5
借資,5
完現,5
東商銀,5
聽後覺,5
收詐,5
班喊,5
單教學,5
林美嬌,5
程有,5
貸業務,5
小恩,5
蹦出,5
千塊給,5
先轉個,5
筆錢匯,5
繳費紀錄,5
在驗,5
測試費,5
保案,5
須補,5
此種,5
辯護律師,5
拆夥,5
經銀,5
養品,5
劉諺融,5
師團隊,5
欲用,5
保出,5
商取,5
號轉,5
問櫃,5
完案,5
氣損失,5
區一間,5
蔡昕蓉,5
海盜,5
張浩,5
思婷,5
披風,5
沐浴露,5
銀限額,5
要學,5
過新,5
第二件,5
並拜,5
整體算,5
認曾,5
獎品還,5
貨員來,5
銀貨,5
會問,5
專也,5
需多,5
可查,5
故訴警,5
打印,5
身在,5
轉不進,5
五獎,5
身故,5
龍年,5
去確,5
商派,5
適逢,5
至花蓮縣,5
搬回,5
魚魚魚,5
緣故,5
貢獻給,5
騙的當,5
匯票,5
實能,5
淑琴,5
費啦,5
旅遊費用,5
惡作劇,5
經營權,5
續過,5
宜靜,5
光憑,5
淡江,5
組驗證,5
本局,5
葉黃素,5
李佩珍,5
建安,5
風行,5
如若,5
萬般,5
新時代,5
之後相約,5
看得出,5
先捐,5
防假,5
金鑫,5
柳文,5
莊呈寧,5
酒業,5
超熱鬧,5
名冊,5
有家,5
六分之一,5
對方積,5
沉迷在,5
競標團,5
貸繳,5
日連續,5
俾利,5
裡終,5
張柔羽,5
千萬餘元,5
海運,5
還在後頭,5
收點,5
貨人員,5
會合,5
借口,5
卻並,5
每顆,5
點看,5
名義叫,5
沒有記,5
配股,5
山佳,5
投資個,5
借據給,5
生物,5
漫漫,5
法進,5
先視,5
將賺,5
然後還給,5
幣快,5
對理財,5
相待,5
給吞,5
主持,5
第八,5
覺網,5
幣會,5
畢並,5
淨利,5
這當,5
侄媳,5
余世文,5
投資氛,5
數字雲端,5
項卡,5
新群,5
實績,5
巴西,5
冷冽,5
八折,5
須確,5
助跑,5
證出,5
閱相關,5
廷廷,5
舒俱萊,5
方得,5
婉琪,5
無門檻,5
區與,5
執迷,5
不悟,5
面變,5
買家還,5
總計轉,5
活動產生,5
之後有位,5
網銀中,5
雲頂,5
購買者,5
飛鳥,5
張豪,5
世事,5
嫌將,5
子寧,5
養寵物,5
劉硯,5
還像,5
不靠,5
還冒稱,5
韓宗翰,5
買者,5
翁子期,5
給這位,5
可買,5
港台,5
渠銀行,5
配進行,5
職獎,5
高招,5
購特賣,5
包屁衣,5
幾天後竟,5
毫不留情,5
抓緊,5
利滾,5
合約期,5
大會,5
文訊息,5
藝術家,5
四盒,5
講個,5
搜尋要,5
寶貝卡,5
明道,5
商下,5
五萬多,5
人戶頭,5
該合約,5
試著詢,5
部隊,5
寶可夢卡夾,5
但前,5
之粉,5
投資錢,5
問帳,5
模擬器,5
機種,5
名店,5
主推,5
多通,5
人透過,5
包才,5
拍個,5
加拿大政府,5
代徵稅額,5
她當,5
雞肉,5
圈存通,5
七賢,5
林恩,5
埋頭,5
說貓,5
名義辦理,5
阿水,5
再出,5
口前,5
建瑋,5
商錢,5
誤須,5
建豪,5
嘉南,5
臉輸,5
超長,5
魔術,5
高雄國,5
賣家裡,5
始才,5
辦事員,5
低迷,5
最後該,5
貸款過,5
終結,5
分潤給,5
逐字,5
語氣緊,5
帳且,5
劉芸,5
行的員工,5
已通報,5
暖杯,5
需再入,5
李美珍,5
臨櫃存,5
加高,5
遠房,5
慈惠線,5
獎會,5
嚴樂樂,5
關閉且,5
交通卡,5
心才,5
賠率,5
地請,5
元分別,5
萬稅,5
我的賴,5
但暱,5
財的訊息,5
萬化,5
筆電日誌,5
選物本,5
自治,5
並重,5
以語音,5
下成,5
還語氣,5
難買,5
無接,5
沐德,5
一拍即合,5
銀聯,5
推薦標,5
著能親,5
上質,5
海產,5
先後轉入,5
貨再付,5
資金凍,5
擔心門票,5
六六,5
實操,5
氧化,5
許多假,5
忍耐,5
筆地,5
收網,5
轟炸,5
親友間,5
玉梅,5
大幅提高,5
蔡宗,5
中留,5
滿堂,5
之後心動,5
歐寶資產,5
未理會,5
思妤,5
空口,5
專員代為,5
千到,5
隨後聯絡,5
並向幣,5
執勤,5
何地,5
事後馬,5
申請帳,5
林采,5
鈴薯,5
進帶,5
回轉,5
當時並,5
追討損,5
回國後會,5
認貸款,5
梁國斌,5
之門,5
邀請給,5
以繼續,5
假車,5
網銀畫面,5
書櫃,5
小娜,5
群組稱,5
繳費費用,5
園門市,5
別墅,5
網銀而,5
太大要,5
凌葳,5
記為,5
多金,5
衝著,5
幣樂,5
票代碼,5
連發,5
上鎖,5
還很親,5
切地,5
奪回,5
為後來,5
然後手,5
要長,5
球袋,5
永齡,5
林至偉,5
一組序,5
申請將,5
回撥給,5
待驗證,5
選號,5
遭不讀,5
蔡鎮,5
張雅琴,5
太大無法,5
洪丞葦,5
乙名,5
之後連,5
雙日,5
網路頁,5
這兩件,5
賣床,5
資訊千萬,5
需分,5
之後投資,5
將永豐,5
專騙,5
人連結,5
總共還,5
臉書假,5
曉潔,5
職證明,5
沒有別,5
生出,5
對待線,5
終導致,5
双向,5
七號,5
方晴,5
點來,5
繳停,5
越買,5
該計畫,5
呼吸器,5
過票,5
小費,5
職訊網,5
輸入並,5
所舉,5
方拒,5
市詢,5
投資資,5
或金流,5
核實費,5
將資產,5
屋權,5
因資金周,5
相傳,5
以領,5
幸虧,5
召網,5
詳時間,5
先訂,5
底座,5
隨機點,5
算法,5
匯五萬元,5
請來,5
機向,5
萬達,5
太常,5
堂堂,5
新視野,5
守護永恆,5
怎麼驗,5
點我,5
工現,5
雀巢公司,5
晴兒,5
著裡面,5
九牛一毛,5
萬予,5
公園長,5
借些,5
幣進行,5
柳依婷,5
拒付,5
時銀行,5
我擔,5
信手,5
二級,5
多倫多,5
紅給,5
隨行,5
筆民國,5
許願,5
自華南,5
股友,5
三獎,5
無法接,5
書法,5
冤屈,5
男以,5
中原,5
錢終,5
送餐,5
待渠,5
親友查,5
終不接,5
消夜,5
每株,5
師諮詢,5
油壓,5
員詢問,5
然後發現,5
獲國,5
正納悶,5
時動,5
異常資,5
財聚,5
市場裡,5
產生額,5
日日,5
現在訊息,5
山野,5
然後又去,5
這數,5
所匯入,5
及國,5
資購,5
芳慈,5
分請,5
國泰世華銀,5
卵磷脂,5
金台,5
繳點,5
室外,5
識貨,5
賴聯絡,5
經長,5
搬進,5
沒成,5
不歸,5
務必核,5
然後帶,5
號至,5
之保證,5
將舊,5
台主,5
文購,5
幫民眾,5
保誠人壽,5
萬元後對方,5
轉介新北,5
開除,5
先幫個,5
臉書代購,5
工業區,5
並結識,5
超熱心,5
車裝,5
完截圖,5
蠻體,5
職訓,5
永福路,5
耐炸油,5
點擊加,5
置身,5
路亞,5
標奧,5
沒有入,5
稱錢,5
號過,5
易買網,5
色紙,5
傳其,5
繁花,5
經意識,5
招工,5
選禮物,5
欣瑀,5
次並,5
單小幫手,5
渡書,5
說獎,5
人報,5
聯系,5
領獎須,5
七十七,5
體門票,5
人即,5
銀行華江,5
現金共新,5
先假,5
改寄,5
把握住,5
小余,5
趁著,5
日簽,5
開序號,5
需錢,5
分一筆,5
完當下,5
激情,5
徐俊,5
詢問過,5
物空間,5
當天馬,5
港路,5
總共轉入,5
日漸,5
三萬六,5
牟取,5
將不動產,5
分由台,5
圖提,5
珍品,5
名成員,5
之后,5
來謀取,5
處樓,5
亞證券,5
之贖款,5
一人加,5
所派,5
以粉,5
低到,5
會當,5
一百三十八,5
於類,5
動時,5
對方約定,5
蔡晨,5
速賣通,5
四周,5
變噩夢,5
銀網,5
進駐,5
包況,5
灣與,5
岳母,5
其給,5
最慢,5
眼尖,5
票務細節,5
著飛,5
韓元,5
福邦,5
終沒有給,5
卡借,5
函文,5
筆客,5
阿彬,5
先後幾次,5
福祿,5
時壞,5
小工,5
新知,5
賣新,5
獨輪車,5
來諮詢,5
不惜,5
交叉口,5
僅供,5
社頭,5
組建,5
活動來,5
寢飾,5
愛意,5
短路,5
自帳,5
撮合,5
然後又轉,5
許永漢,5
神龍,5
宋明,5
遠離類,5
交談時,5
卡中,5
梁潔茹,5
混沌,5
查知,5
雲聯付,5
關黃金,5
獎品給,5
多支,5
中下單,5
價格談,5
經營當,5
成年人,5
內所,5
在過,5
張校,5
競標區,5
愛德華,5
成為類,5
性終,5
經警,5
然後手機,5
核實金,5
十一分,5
决定,5
逐步提高,5
春日,5
減輕家裡,5
稀奇,5
他試,5
頂峰,5
蘇偉霆,5
李淑依,5
小婉,5
不敗,5
獎訊息給,5
發布要,5
贏驚喜,5
我無助,5
微信訊息,5
出外,5
蘇枋,5
軍服,5
電國,5
存匯,5
歷史,5
收納盒,5
拼車,5
顏姿,5
擂鼓,5
以後不論,5
魔物,5
鄧光,5
低碳,5
工藝品,5
面告,5
方檢察官,5
賞期,5
家駿,5
學無止,5
阿鵬,5
盪在,5
方討,5
會員且,5
快報,5
滿正規,5
江老師,5
富麗,5
現金大獎,5
雙夢寐,5
武二輪,5
莊志偉,5
專家會,5
獲利絕,5
見客,5
這問題,5
小青,5
有以,5
果苗,5
萬匯入,5
隨後讓,5
鴻麟,5
經他,5
倫敦,5
救助款,5
原由,5
底價,5
唐經理,5
小寶藏,5
敲擊,5
然後詢,5
愕然,5
非但,5
並開設,5
認進度,5
名義傳訊息給,5
賽馬會,5
關廟,5
建倉,5
對方線,5
王語,5
如山,5
林雨軒,5
千年,5
職賣,5
正軌,5
喜愛,5
可匯款,5
他訊息裡,5
投資家,5
林佳欣,5
小陽,5
猶豫點,5
越快越好,5
量差,5
攜式,5
忠明,5
售屋,5
吳的,5
領錢給,5
出金款,5
蒂蒂,5
米媽,5
萬益,5
貸財務,5
碎裂,5
比比皆是,5
全黑,5
林漢強,5
慧麗,5
日快,5
著賣,5
組不斷,5
用貝殼幣,5
林麗津,5
靜芸,5
順意,5
日通,5
將這筆款,5
案場,5
鍋爐,5
方親,5
師之,5
筆電廠,5
莊英堂,5
陰影裡,5
文雄,5
操作界面,5
上付,5
上行,5
這一經,5
阿嬤,5
妮子,5
名義至,5
靈晶福,5
運閣,5
其假,5
小施,5
布鞋,5
獎金才,5
滿月,5
賓館,5
已拿取,5
時表現,5
孫潔瑜,5
假宅,5
互通,5
遭側,5
小紅書暱,5
悶得,5
我花費,5
我疑,5
獎代碼,5
思晴,5
寄電子,5
乾妹妹,5
張曉雅,5
就毀,5
沒有過,5
會誤,5
創世紀,5
小剛,5
外贈,5
遭系,5
成家,5
免審核,5
卡巴,5
郝旭烈,5
看護費用,5
乙張,5
財為,5
金秀鳳,5
兩字,5
先報,5
單打,5
獨鬥,5
財務員,5
元港幣,5
投資下,5
誣陷,5
事後見,5
林靜怡,5
白馬,5
一籌莫展,5
前店,5
無語,5
訊息裡面,5
一百零六,5
竟進,5
訊息將,5
進而以,5
或公務,5
張國偉,5
我連一,5
富安,5
方不回,5
先後臨櫃,5
板凳,5
一個剛,5
新易,5
查得,5
揭發並,5
不測,5
代償,5
寶購,5
至分,5
寄貨站,5
渠點擊,5
這無疑,5
猶豫下,5
估量,5
該金額,5
地站,5
寄售,5
大紅包,5
瞳瞳,5
用溫,5
寶代,5
一十五,5
然後當,5
王薇羽,5
紫月,5
占星,5
世人,5
奪走別,5
阿平,5
暗想,5
軍裝,5
似錦,5
日股,5
退傭,5
繼續繳,5
入監,5
發財夢,5
對方全,5
雪峰,5
活動務必,5
日聲,5
絲群,5
上市公司,5
喪禮,5
航偉,5
分遂,5
積分換,5
一樣將,5
資金滯,5
手鼓,5
御苑,5
陪診,5
度大,5
情且,5
悟空,5
越大膽,5
樂開,5
過完,5
老何,5
芝加哥,5
愛用,5
幣達幣,5
海燕,5
隨著進,5
對方親,5
還冷,5
帳號頭,5
旗袍,5
點匯款,5
考察,5
加微信,5
號郵局,5
返金,5
尚無損,5
應當,5
組寄貨,5
人小張,5
瞬達金,5
張加,5
君豪,5
心動魄,5
威宇,5
厲地,5
戰堂,5
書山,5
獨一無二,5
邱邱,5
人作,5
幫老,5
通海,5
隨著關,5
新媒體,5
內穩,5
冬季,5
無痕,5
老師們,5
按承諾,5
將永遠銘記,5
蝦事通,5
精妙,5
證他,5
教訓銘記,5
靈的,5
宇菲個,5
富游,5
熱心且,5
諾亞,5
轉報,5
對方微,5
毒藥般,5
衝購,5
合理性,5
中炸開,5
出大筆,5
郵政郵局,5
中均,5
費代碼,5
氣慌亂,5
李建中,5
然後假裝,5
甜滋滋,5
地試,5
萌寵,5
林羽涵,5
成後會,5
覺險些,5
並採用,5
金解鎖,5
絲見,5
追討詐,5
許裕祥,5
怡慈,5
群組須,5
之痛,5
詳盡地,5
双眼,5
阿樹,5
決帳,5
郁芳,5
凡人,5
林紹,5
磨砂,5
心窩,5
美輪,5
美奐,5
堵著,5
中視,5
地傷害,5
名義之對,5
約書,5
號交,5
決定親,5
及兒子,5
下郵局,5
發貨時,5
已致,5
耍帥,5
劉詩靜,5
經中,5
職金,5
很帥氣,5
尹衍,5
專門代購,5
中充,5
侯佳明,5
張美慧,5
公職,5
金運連連,5
劉一鳴,5
男至,5
飛艇,5
何潤,5
楊雅婷,5
無窮,5
民眾點,5
溫和且,5
阿宥,5
清純,5
不補款,5
返傭,5
佩宜,5
溫妮,5
賴研琳,5
這機會實,5
連帽,5
完全一致,5
戛然而止,5
沈先生,5
心錯,5
匿名性,5
王詩,5
高文正,5
一句句,5
體店,5
張雅蔥,5
開市,5
訊息頁,5
寶格麗珠,5
宇軒,5
元通,5
林泓志,5
杜雅倩,5
空缺,5
勝翔,5
論時,5
張旗,5
高成,5
塗銷,5
若依,5
以後千萬,5
鄧佩緹,5
很準,5
楊民,5
世勳,5
經由銀行,5
擬器,5
方亦稱,5
隨後根據,5
詹姆斯,5
斷開,5
曉靜,5
公里,5
認轉,5
便二話,5
金包,5
皮炎,5
南極,5
家文,5
賴給,5
本號,5
並中獎,5
雷豹,5
車賣,5
面填輸,5
萬能,5
驚慌之餘,5
將會費,5
灰頭,5
土臉,5
票務系統,5
日進,5
黑馬,5
將兌,5
校園,5
這騙局,5
雅文,5
價貴,5
李文杰,5
稱雅琴,5
許宥杰,5
彈力,5
過許,5
四皇,5
意志,5
摔了一跤,5
他處,5
富國,5
隱私時,5
高價格,5
廉政,5
賞櫻,5
林震峰,5
國際詐,5
森棚,5
布少,5
鯊妤,5
品皓,5
顏顏,5
德昱,5
商無法,5
換碼,5
財道,5
變造,5
僅用,5
明心,5
一九營業員,5
李若瑜,5
林雅萍,5
林思語,5
永福,5
般襲,5
古產物,5
鴉幣,5
便興致,5
小方,5
隨後回,5
楊子樂,5
頭一熱,5
號匯款,5
盛事,5
鬥陣,5
易遊網,5
王倚隆,5
超派,5
健行,5
小機靈,5
商戶碼,5
心腸,5
朱緯聖,5
通便,5
數截,5
問稱,5
欣語,5
捷利,5
地責備,5
略懂,5
紙雕,5
周雅婷,5
老媽,5
無法醒,5
那溫,5
林妍希,5
蔡瑜,5
變本加,5
點石,5
蔡昕彤,5
商產,5
雙腿,5
並誇下,5
氣貫長,5
著報,5
往裡面,5
人靜時,5
林湘怡,5
操作工,5
小胡,5
導致網,5
羞澀,5
泛紅,5
開計,5
都後悔,5
專業者,5
難查,5
經溫,5
悲憤和後悔,5
策及,5
一對方,5
不馬,5
林舒琪,5
海狗,5
經歷令,5
兆品,5
老頭子,5
琳琅,5
衣衫,5
口水直流,5
劉佩紜,5
蔡嘉義,5
宛蓉,5
灑落,5
劉宏達,5
輕而易舉,5
餐飲業者,5
怎會,5
獨地,5
錢花光,5
圖稿,5
百福,5
宝宝,5
妹子,5
雜的驗證,5
玉佩,5
為伍,5
無地,5
伯少,5
聘用,5
火辣辣,5
大掃除,5
瑣事到,5
沈容,5
當錢匯,5
增資款,5
用存,5
殘喘,5
李源,5
左下角,5
完後臉,5
一十三,5
比寒風,5
鄭盛謙,5
柏緣,5
林深,5
阿內塔,5
范寶倫,5
周正,5
很時,5
周杰倫大,5
銀號,5
梁永信,5
急敗,5
徐啟,5
客諮詢,5
仍記,5
通訊紀,5
錄作,5
成員時,5
淑芳,5
萬張,5
裡塞滿,5
勤奮,5
林姍婷,5
程美儀,5
義竹,5
卡里,5
林曉晴,5
匯商,5
蛋餅,5
瘋購,5
張奕,5
繪聲,5
繪色,5
張嘉魁,5
化計畫,5
調低,5
虛空,5
魏國強,5
沒經,5
羽絨,5
隨後交換,5
霓裳,5
璽穆,5
晚景,5
阿霞,5
那三萬塊,5
門童,5
聖誕夜,5
加點,5
詹藝貞,5
彭博偉,5
兼調,5
燈泡,5
群組聲,5
盛玉軒,5
樂邦,5
九百九十七,5
筱慧,5
返金時,5
梁兆真,5
郁翔,5
正中,5
蔡雨倫,5
五九,5
澳豐,5
創星,5
噴噴,5
雨瑤,5
文觀察團,5
張明川,5
忙得不可,5
王思維,5
林郁祥,5
顏志天,5
阿哲向,5
老骨頭,5
傑克,5
謝嘯,5
芳苑,5
伍柏宇,5
國輝,5
投资,5
目是,5
佩怡,5
廖啟,5
聖宏,5
籌得,5
水位,5
利門,5
年化,5
少菲,5
楊恩琪,5
民眾加,5
林承翰,5
守志,5
姜雲鑫,5
越後悔,5
蜜一樣,5
協議並,5
黎兒,5
嫩嫩的,5
有鼻子有眼,5
可惡詐,5
福生,5
戲偶,5
耳邊響,5
南橋,5
林紅欣,5
回訊息詢,5
免照,5
東榮街,5
芸兒,5
遭其盜,5
李信,5
吳中書,5
律文,5
曉融,5
景安路,5
航舞,5
股論,5
投顧費,5
眼前一亮,5
欣然接受,5
小羲,5
並感謝,5
計長,5
思麗,5
唐詩詩,5
鴻文,5
再累,5
近在咫尺,5
徐娜婷,5
禮限時,5
奔現,5
遭國外,5
其戶籍,5
派員拿取,5
遭人領,5
院檢機構,5
監管民眾,5
瑜芳,5
宇誠投資,5
賴朝坤,5
紹延,5
悸動,5
莊亮,5
優惠得,5
張少銘,5
曉佳,5
龔家棟,5
葉詩雨,5
工們,5
嘉惠,5
小曲,5
地進,5
施懿珍,5
股群,5
李淑月,5
苦命,5
吳寒,5
惠卿,5
郭俊廷,5
夏夜,5
方莉琪,5
麻布,5
劉驥,5
燦坤,5
李欣穎,5
莊永湘,5
林鈺妮,5
楊聖恩,5
蘇婕涵,5
鐵金剛,5
張小婷,5
魏珮妘,5
林浩呆,5
胡麗娜,5
邱若潔,5
邱銘,5
陳兆鈞,5
王夢晴,5
楊國鳴,5
高佑瑋,5
賴偉豪,5
林楓,5
隨後連,5
結自動,5
人員該,5
林芙名,5
民哲,5
遭資金,4
員通報,4
內欲購,4
當時加,4
北極,4
友及,4
超商花,4
外包,4
號後來,4
若未經,4
交響,4
放克牙,4
李偉宸,4
問一,4
證健,4
局查,4
關於理財,4
李文進,4
按進,4
還代墊,4
成員群,4
可兒,4
查起,4
高利率,4
著解決,4
連通訊,4
奶器,4
筆異,4
稱述,4
警職,4
共要,4
私訊粉,4
投多,4
取貨碼,4
的轉,4
著證據,4
教訓記,4
成員貼,4
收養,4
證明費,4
收容,4
僅知,4
老謝,4
匯風險,4
替人,4
煞氣,4
台灣區域,4
應向,4
常是,4
發人員,4
交給幣,4
點多購,4
愛情加,4
看還,4
超合金,4
閃購,4
大智路,4
協助驗,4
匯聚,4
通訊業者,4
這五萬元,4
打下,4
草帽,4
一千二百元,4
迷霧,4
快確,4
人輕,4
小宋,4
年單,4
一麥芽,4
常噓,4
已經陷,4
快投,4
動網,4
協助代為,4
雜且,4
全斷,4
我事後越,4
城會員,4
萬給予,4
李偉,4
共三萬,4
拍出,4
富恒幣商,4
總共以,4
誤刷,4
三盒,4
有無意,4
合得,4
林宏昌,4
變冷,4
剩滿滿,4
假贈,4
啪友,4
借資金,4
實照,4
裡講,4
金帳,4
代儲代,4
該廠,4
雙運動,4
區樹德路,4
迷信,4
費作,4
的費,4
李昊明,4
劍靈,4
楚寧,4
甲方,4
點單,4
著辦,4
傳資料給,4
密都給,4
銀無卡,4
方截,4
集結,4
英數,4
負數,4
得連,4
會配,4
小幅度,4
蠻熟,4
竟發,4
會領,4
既讀,4
動傳訊息,4
財經驗,4
擊了,4
含著,4
隨後畫面,4
十二分,4
又慶幸,4
共以,4
始發,4
一專員,4
老先生,4
並選取,4
李秀珠,4
貼文及,4
統包,4
比值,4
發文有,4
即察覺,4
方先給,4
太合,4
彈的,4
認轉帳,4
寶將,4
接觸過,4
還儲值,4
數輸入,4
越慌張,4
他安撫,4
幾千塊給,4
問人,4
會員網,4
會元,4
休旅車,4
車壞,4
進階群,4
龍族,4
之後出現,4
詢後驚覺,4
將密,4
幣七萬元,4
方意,4
數來驗證,4
過能,4
財貸款,4
並轉傳,4
那三張,4
拆下,4
邊有,4
卡價值,4
轉播,4
給我連,4
需核,4
非為,4
訊息全,4
了價,4
講細節,4
蜜桃,4
始懷疑,4
會特別,4
裡雖覺,4
先後下,4
卡組,4
話術遊,4
特展,4
結惡,4
韓韓,4
無款,4
這本來,4
編了,4
氣那個,4
心動時,4
回饋給,4
裡隱隱,4
還算順,4
裡馬上,4
壓制,4
著款,4
手遊裡,4
取遊,4
先送,4
以匯,4
還沒匯,4
可養,4
內容給,4
喬丹,4
送禮物給,4
油畫,4
點擊線,4
有錄,4
穿什麼,4
不虧,4
匯網,4
常人,4
資法,4
核撥,4
就慘,4
騙團,4
團轉,4
通會員卡,4
保協會,4
五成,4
動郵局,4
卡狀況,4
人音,4
皮質,4
一網址給,4
單後對方,4
有見,4
並代墊,4
不發貨,4
若當,4
想花,4
元貝殼幣,4
守則,4
其電子,4
開長,4
難安,4
請馬上,4
對方多,4
服務部,4
開郵件,4
請確,4
具驗證,4
郵寄費,4
需運費,4
從訊息,4
賭注,4
進行換,4
東商業,4
報異常,4
面驗證,4
對方賣,4
順眼,4
數付,4
金親,4
說帳,4
很主動,4
裡沉,4
領禮品,4
當時訊息,4
購書,4
幾天後去,4
購買門,4
雙方口,4
磚頭,4
跟線,4
傳轉,4
容物,4
憑什麼,4
劉濤,4
綠意,4
然後假,4
消遣,4
紅旗,4
裡帶,4
文給,4
將產品,4
每點,4
項約,4
繳交驗,4
還堅持,4
一伙,4
工作量,4
缺失,4
一刷,4
方抖音,4
單後再,4
面該,4
之價格,4
還能夠,4
免費觀,4
只求,4
取點,4
商業行,4
經準備,4
阿世,4
先過,4
展覽票,4
總圍,4
貌似,4
詢詐,4
方手,4
再華麗,4
前後與,4
補進,4
郭文蓉,4
靴子,4
幫忙度,4
連結確,4
皮時,4
看著轉,4
組發,4
股數,4
光積蓄,4
千點,4
匯一點,4
豬肉,4
搭機,4
會員前,4
有則,4
美妝品,4
稱遊戲,4
將母親,4
傳線,4
被毀,4
而點擊,4
機驗證,4
區詢問,4
發證,4
一念,4
于是,4
還點數,4
幫客,4
並關,4
天前,4
山富,4
機具,4
哈利波,4
先後匯入,4
元至幣,4
給車,4
總共八萬,4
發票驗證,4
安保,4
重視此,4
互家,4
合股,4
瀏海,4
去一趟,4
一邊氣,4
設計過,4
電愛,4
剛從,4
寧可,4
傳不過,4
攔截款,4
開台,4
天國際,4
主動教,4
組訊息驗,4
多到,4
歡呼,4
連買個,4
訊息確,4
肥胖,4
之人欲購,4
先選擇,4
伊娜,4
夠見面,4
搜尋幣商,4
尾號,4
電設備,4
給我票,4
機費,4
財產並,4
阿榮,4
並網,4
只票,4
該民眾,4
問借貸,4
芷彤,4
從事詐,4
號後面,4
確認後始,4
算訂,4
有價,4
已鎖,4
之後遲,4
依頁,4
戶金額,4
該手,4
中貼,4
有計畫,4
升級後會,4
並盡快,4
財產不受,4
聚寶,4
內贈,4
著錢,4
為免,4
因緊,4
給粉,4
福斯,4
心裡空,4
收電子,4
證導致,4
刷共計,4
筆大約,4
還好後來,4
給銀,4
還牽連到,4
走著,4
債券,4
贈送給,4
卡其色,4
最後兩張,4
詳年籍,4
插花,4
兩步,4
投資夢瞬間,4
某名,4
上刑,4
二十九日,4
落落大方,4
四千八百,4
過點,4
販售門,4
幣七萬,4
隨後跳,4
身障者,4
保單質,4
然後我用,4
裡玩,4
員發,4
加特,4
對方後稱,4
稿件,4
他話,4
大杯,4
搜尋一個,4
心去,4
法過,4
小蘭,4
金虛擬,4
帳資訊,4
蹊翹,4
美廉,4
投資學習,4
付費時,4
我脫,4
先聊,4
東店,4
中文名,4
二元,4
因種種,4
欲詢,4
自加,4
及要,4
連我們,4
等票,4
或進,4
中所,4
釋出票,4
細才,4
安全更新,4
知行合一,4
再持續,4
投資代銷,4
外驗,4
相隔,4
右松,4
縈縈,4
夢琪,4
開並,4
沒有還,4
不開通,4
雜和,4
當電話,4
已貨到,4
還能線,4
補一張,4
數不多,4
認證會,4
賣票給,4
慧如,4
李薇,4
匯三萬,4
排單,4
林芷涵,4
二輪,4
李凱明,4
老老,4
媽咪選,4
問綠界,4
開行動,4
李雅,4
二林,4
圖發,4
先發,4
連結後輸入,4
外語,4
內帳,4
型態,4
一千六百元,4
以竹,4
阿土,4
再續,4
算起,4
被車,4
原價要,4
林老頭,4
看抖,4
失聯並,4
平價,4
路由器,4
獅子會,4
拿門票,4
前後後共匯,4
商當面,4
您將,4
裡自稱,4
資和驗,4
快十萬元,4
貨遲,4
傳收據,4
你繳,4
衝銷售量,4
給門票,4
現幣,4
賣加,4
某診,4
蜂巢,4
浮木般,4
還有驗,4
給什麼,4
信守,4
某系統,4
無謂,4
結裡,4
可疑人物,4
還惹來,4
著破滅,4
螢幕給,4
可收,4
現票,4
卷上,4
領取並,4
購此,4
辦虛擬,4
時後才,4
球星,4
防潮箱,4
中黃金,4
新世紀,4
故檢附,4
投資麥,4
利好,4
還誤,4
天恩,4
賠給,4
前給,4
賣家電,4
筆就,4
包遭,4
桌遊店,4
醫美費用,4
配貨到,4
金會員,4
師兄,4
主口,4
張極,4
已錄,4
睫毛,4
機簡訊驗,4
說場,4
錯什麼,4
詳查,4
認薪資,4
網友視,4
玩藝,4
收納箱,4
將可,4
電電話,4
上運作,4
梅英,4
林浩陽,4
燕華,4
李明偉,4
竹林,4
方點,4
當作驗證,4
私訊後對,4
次無卡,4
打幣給,4
卡可換,4
超商旁,4
內填寫,4
印不出,4
並打給,4
到驗,4
腳發抖,4
社臉,4
那假,4
互傳訊息,4
特網,4
選賣,4
掃完,4
銀行鎖,4
金額且,4
對價,4
洽購,4
徐先生,4
二十七日,4
三千八百,4
假轉,4
即接,4
淨灘,4
獎券,4
滑文時,4
專業還,4
獲兆豐,4
互留,4
高雄長,4
用批,4
並補,4
時光機,4
價格合,4
去除,4
明去,4
暮色,4
可當時,4
指導師,4
財和個,4
仍繼續,4
遭釣魚,4
經連,4
仍用,4
打機,4
裡很難,4
越細膩,4
財務來,4
急著點,4
以郵,4
加運費,4
一鍵,4
能維護,4
帳的,4
薪資及,4
紀建凱,4
金峰,4
機輸入,4
專員問,4
連個資,4
還在念書,4
完截,4
要經,4
小生,4
智取,4
機台灣,4
皮革,4
收納袋,4
我的關,4
惟未,4
小柯,4
內標,4
旅宿,4
而後在,4
點歌,4
出三筆,4
企業行,4
股魚,4
演奏,4
網站帳,4
問律師,4
性隱,4
私及,4
還傷,4
轉世,4
勿近,4
轉我給,4
文旦,4
無進,4
點去,4
之後驗,4
驗證個,4
續出,4
出數,4
購買珠,4
款數,4
完後頁,4
銀行通,4
花俏,4
星沉,4
雲初,4
沒準,4
購要,4
欲夜,4
員聯絡,4
事水電,4
該還,4
跳脫,4
一人主動,4
費者,4
裡附,4
筆非,4
終於寄來,4
認網址,4
消保,4
出廠,4
萬利線,4
商加,4
其訊息,4
共達,4
熱愛韓國,4
美妝產品,4
清後就會,4
一組門號,4
微利,4
來嚇,4
驚到,4
聯網,4
騙資料,4
把訊息,4
我露,4
氣就轉,4
停不下,4
找代儲,4
將這一,4
簡訊裡還,4
次錢給,4
其轉,4
人員詐,4
面稱,4
依匯款,4
內容現,4
買珠,4
銀項,4
則由,4
稱裡,4
尚無法,4
便經,4
水塔,4
看嚇,4
張共計,4
高峰期,4
貨後發,4
洪經理,4
稱台,4
我數,4
抽保,4
所附,4
網銀驗,4
幾下,4
軟體將,4
選線,4
對方失,4
竟出,4
超精,4
網友密,4
交易日,4
會員見面,4
我養,4
著怕,4
貨便系,4
出海,4
中金額,4
思凡,4
過為,4
介紹代銷,4
不斷問,4
傳世,4
工察覺,4
農民,4
不可收拾,4
有親,4
親友並,4
姿態,4
數約會,4
購買會員,4
幸運碼,4
保齡,4
球包,4
網址裡,4
服務前,4
許月,4
談親切,4
面後便,4
如無法,4
藝喻,4
未還,4
聯且,4
之星展,4
帳行,4
三顆,4
將公開,4
時繳,4
之後傳訊息,4
以買,4
購物袋,4
希熙,4
內販賣,4
要裝,4
或訂,4
轉介銀行,4
國棠,4
有面,4
案證,4
王雅靜,4
狂跌,4
粗獷,4
一獅,4
二十八分,4
受夠,4
多詐,4
因為點,4
大哭,4
環保杯,4
工見面,4
實心裡,4
卡通人物,4
總共三,4
單明細,4
內共新,4
顆鑽石,4
執念,4
訂定,4
應返,4
數明細,4
合式,4
續王,4
元欲購,4
匯款驗,4
保溫箱,4
事後檢查,4
定理,4
花圈,4
職社,4
及行動,4
明若要,4
有紀錄,4
優惠許,4
熱愛運動,4
其遭,4
點唱機,4
對方出,4
全匯,4
證連結,4
糊弄,4
費試,4
遠低,4
認收貨,4
方會面,4
零時,4
文連,4
不一會兒,4
給愛心,4
債款,4
問我認,4
及行員,4
總共四,4
華山,4
蔬菜,4
連顏色,4
騙計,4
方方,4
還會秀出,4
害對方,4
但確,4
當憑證,4
連大頭,4
群組發,4
想學點,4
逃單,4
太生氣,4
透了心,4
地輸,4
溪州,4
毒瘤,4
日為,4
貸借,4
成一筆,4
債務協,4
退貨及,4
賣鬼滅,4
中無意間,4
網發現,4
格登,4
字型,4
其後對,4
將戶頭,4
小相機,4
離接觸,4
超溫,4
某購物,4
超商拿貨,4
送貓,4
密碼絕,4
某求,4
第一份,4
芙蓉,4
七件,4
方送,4
交密碼,4
法令,4
以後購票,4
要定,4
謀取,4
終不,4
卻過,4
因賣場,4
需持續,4
劉珊珊,4
資訊應,4
師公證費,4
一電話,4
辦員警,4
學徒,4
經構,4
花蓮戶,4
力求,4
那裡面,4
外皮,4
無權,4
現金過,4
有份,4
描對方,4
迷津,4
共領,4
扣錢,4
加其為,4
為樂,4
筆虛,4
經前,4
嘴裡,4
依電話,4
全額款,4
前身,4
號遭,4
名名,4
轉票訂,4
六千六百元,4
內無法,4
稱變,4
著搖頭,4
國蛋,4
劉德旺,4
不加思索,4
轉售訊息,4
最後撥,4
買成,4
買錯,4
看一看,4
理財網,4
手發抖,4
毫無用,4
以需,4
並分次,4
氣人,4
騙連,4
是員警,4
福安,4
賣寵物,4
錢法,4
經不夠,4
臨櫃時,4
老林,4
辛普森,4
並無金,4
人痛,4
能當,4
最後去,4
搜尋網址,4
太懷疑,4
賣海報,4
現僅,4
盯盤,4
翻盤,4
手機會,4
現金買幣,4
的護,4
七到,4
正貨,4
開差點,4
看珠,4
總讓,4
欺瞞,4
教學費,4
單越,4
隨後有位,4
休閒褲,4
過節,4
明細至,4
飆高,4
出金有,4
名車,4
熊判,4
況應,4
立下,4
閱資料,4
最後累,4
計金額,4
柯達,4
我金,4
飛機票,4
談要,4
精材,4
行將,4
電話易,4
雅靜,4
審核員,4
才夠,4
越差,4
單款,4
盜刷款,4
幸運能,4
車社團,4
車交給,4
店員問,4
辦線,4
要解,4
之後連到,4
流到,4
白鐵,4
超嘔,4
下輸入,4
半價,4
廣告業面,4
誘入,4
雇用,4
之員工,4
前後總共購,4
銀行則,4
分紅新,4
轉大筆,4
地開口,4
問款,4
轉大約,4
雖顯示,4
緊撥,4
圖像,4
之後為,4
為點,4
因時,4
萬元大獎,4
買遊戲,4
阿楓,4
碼交給,4
先換,4
並會給,4
七支,4
鐵皮,4
橋宏,4
曾文勇,4
闖入,4
留紀錄,4
回文,4
之後幾個,4
更體,4
及以,4
魅色,4
達近,4
江國慶,4
活動金,4
一進入,4
發業務,4
商網,4
時代線,4
他口口,4
匯部,4
音想,4
林強,4
且詢,4
古曼童,4
害賣家,4
幼犬,4
金生,4
鑫福貸,4
林玉萱,4
服務資訊,4
裝模,4
群眾,4
筆才,4
破關,4
張傳給,4
無卡轉,4
桌球,4
裡也動搖,4
產出,4
資金瞬間,4
依老師,4
售台灣,4
現金回,4
攝遊,4
數資訊,4
貨費用,4
無後續,4
明是,4
喝醉,4
幣才,4
稱待,4
刷取,4
多來,4
卡辦,4
車領,4
稱和頭,4
口腔,4
專科,4
資為,4
惠安,4
還入,4
其談,4
果農,4
過一筆,4
實際金,4
事後不僅,4
氣要,4
點心,4
氣對方,4
變成詐,4
免財力,4
萬耶,4
制驗,4
證系統,4
騙成,4
將全數,4
小商店,4
下周一,4
以資料,4
巧立名目,4
審核通,4
過後會,4
一陣子後覺,4
變高,4
名義到,4
出後再,4
問女兒,4
蓮花,4
會員才行,4
沒效,4
最會,4
額外轉,4
截下,4
親來,4
先審核,4
缺一個,4
斯克,4
獲台灣,4
發文購,4
來壓,4
借通,4
四支,4
幣進,4
一組號,4
故帶,4
上詐,4
心教,4
定用,4
入金時,4
就後悔,4
寫成,4
受益人,4
我承擔,4
因攜帶,4
中展,4
排進,4
給女兒,4
購買家電,4
大代價,4
回查,4
變熟,4
背心,4
張存,4
會紀念品,4
林陽,4
魚竿,4
搜尋馬來,4
稱能夠,4
進行額,4
違背,4
並借,4
兩萬七,4
張交給,4
成員有,4
並推銷,4
專名,4
出貨費,4
恐龍,4
紛絲,4
回傳點數,4
事去,4
提領網,4
還還,4
將展,4
文字描述,4
液體,4
令人同情,4
閃卡,4
往裡,4
玩時,4
已下單,4
投資訂,4
價值觀,4
點亮,4
學藝,4
楊嫌,4
匯現,4
予假,4
兩台車,4
信不疑,4
然後主動,4
假合約,4
著無法,4
能介紹,4
記本,4
商透過,4
號當面,4
額給,4
問訂,4
一遭,4
停過,4
從購,4
販售業務,4
生母,4
點數碼,4
乙台,4
台區,4
木桌,4
蘇曉玟,4
及合約,4
我夠,4
之虛假,4
裡像,4
立威,4
景騰,4
關假,4
回國後再,4
幾千顆,4
當你心裡,4
正因,4
而購,4
服務購,4
遊裡,4
空無一物,4
費金額,4
一組超,4
心會,4
稱塔圖,4
並於點,4
特有,4
連結用,4
洩並,4
李西恩,4
完後稱,4
審批,4
現場確,4
相當後悔,4
並準,4
龐大資金,4
僅憑訊息,4
截圖佐證,4
及金流,4
有足夠,4
局長,4
易購,4
續覺,4
若買家,4
之後又轉,4
販售飾品,4
相關平,4
新鑫,4
我動用,4
順利寄到,4
服務上,4
東西絕,4
小倪,4
相等,4
心慌慌,4
到過,4
繳費共計,4
詐騙並,4
費以,4
價共新,4
冷氣壞,4
對話視,4
討購,4
認真談,4
竟會演,4
終於驚,4
磐石,4
幣安及,4
一些美金,4
來談,4
幾罐,4
隨後覺,4
鐵門,4
核款,4
人員進,4
做壞,4
定時,4
報動態,4
鳥籠,4
聯單,4
這副,4
出一點,4
轉要,4
僅作,4
年經,4
參加神,4
謝玲琳,4
萬元會費,4
兌換幣,4
並結婚,4
峰文,4
個工,4
故請求,4
借錢且,4
回貨款,4
吳秋玉,4
事後會將,4
吳林心,4
知恩,4
傲骨,4
林欣語,4
艾米,4
志杰,4
方臨,4
多心,4
分郵局,4
同城,4
元約,4
錯單,4
灣帳,4
人員暱,4
同住,4
木笙,4
吳志翔,4
週年慶,4
將請,4
還介紹幣,4
剛繳,4
現金應,4
稍後就會,4
盤旋著,4
以後買票,4
戶交給,4
糾結,4
快得,4
腦湧,4
違規事項,4
並達成,4
以後對方,4
缺額,4
露易,4
震天,4
偏鄉,4
疑遭,4
如接,4
上單,4
花樣,4
開看,4
還是領,4
須進行,4
舉例,4
掛賣,4
人一樣,4
文後便,4
滿自責,4
張醫師,4
秘方,4
兩面,4
王詩婷,4
一解,4
銀行信,4
之後感,4
多識廣,4
因緣際會,4
轉正,4
籃球場,4
資和錢,4
先森,4
競選,4
照單,4
別購,4
林思涵,4
完後將,4
轉一個,4
七分,4
不寧,4
胖子,4
僅過,4
一分一毫,4
點怕,4
帳戶代,4
追尋,4
冷欽,4
邊伯賢,4
鳳凰,4
並免,4
保字會員,4
位幣,4
人聯絡,4
便交換,4
認栽,4
認證過,4
臨停,4
淘寶代購,4
從小紅書,4
價金為,4
兩段,4
順利取,4
將關閉,4
分致,4
貴賓室,4
分相約,4
清資,4
合乎,4
先填寫,4
問領,4
蔡男,4
我盤,4
心目,4
啟用碼,4
因為還,4
沉寂,4
未達成,4
獲相關,4
價上,4
特權,4
場裡,4
問發,4
當金錢,4
查證後驚覺,4
七成,4
幣之貼,4
古老,4
稱報,4
帳後對,4
性行,4
用極,4
資訊出,4
經輸入,4
出東西,4
好車,4
納罰款,4
這頂,4
奪取,4
托虛擬,4
躺椅,4
假宅配,4
要養,4
還揚言要,4
裕融,4
收虛擬,4
應徵了,4
出單,4
異常跡,4
店門,4
冷靜地,4
原版,4
其進,4
倩雯,4
站後站,4
販售空,4
慰問,4
承諾見,4
竟照,4
常態,4
連封鎖,4
及連,4
張遠傳,4
不在乎,4
連運費,4
隨後意識,4
白襯,4
並誤,4
葡萄牙,4
月付,4
願申,4
需給,4
犯行,4
發錯貨,4
最後從,4
批售,4
康達,4
中數,4
貨訊息,4
元運費給,4
股號,4
全聯禮,4
了幣商,4
一連買,4
還得繳,4
戶來,4
繳服務費,4
然後接,4
連轉,4
珠寶和,4
試著將,4
每場,4
為付,4
股標,4
調名額,4
竟依,4
還連,4
惹禍,4
新北板橋,4
前不久,4
以不動產,4
連結後便,4
擊後依,4
網銀才,4
加林,4
超英,4
區北勢,4
承諾並,4
花時間,4
細聊,4
幣勝利,4
還愣,4
三寶媽,4
賴裕雯,4
違規費用,4
監理業務,4
榆庭,4
缺資金,4
買家棄,4
雙方議定,4
事後想,4
多刷,4
直率,4
全裸,4
林婉婷,4
此門號,4
退單,4
親身經,4
氣說,4
替代品,4
交存,4
我寄件,4
送統,4
方諮詢,4
該表單,4
雪茄,4
最後轉帳,4
犯罪者,4
拿在手上,4
必慎選,4
拉長,4
假證券,4
實匯,4
世華,4
抵抗,4
壟斷,4
洪水,4
死死的,4
幣一萬元整,4
職相關,4
其資金,4
天賜,4
之群,4
加害人,4
名義主動,4
李佳蕊,4
新產品,4
搜尋有關,4
經參,4
是陽,4
偵辦並,4
經卡,4
啟原,4
卡共三張,4
專員才,4
之國外,4
麒麟,4
商訊,4
有卡債,4
進愛情,4
卡異常,4
小組長,4
跟車,4
通得,4
金後才,4
員為,4
只長,4
還保證票,4
無用,4
上揚,4
雇傭關,4
經調,4
上該,4
未轉,4
始驚,4
費過,4
萬元全,4
場就,4
上誤,4
次均,4
帳戶鎖,4
錢才剛,4
免責,4
雜務,4
將明,4
想介紹,4
有場,4
各辦,4
文林,4
會詢,4
問會,4
上報,4
八年,4
之谷時,4
體雕,4
搜到,4
充公,4
語多麼,4
揭露出,4
患有,4
猛男,4
幫賣家,4
包陸續,4
突稱,4
金五萬元,4
車已,4
全數匯,4
項出,4
美門市,4
我收,4
我把幣,4
買家欲購,4
武廟,4
方動機,4
三道,4
旗津區,4
雖金額,4
內定,4
八十七,4
情分,4
賄賂,4
還有將,4
裡空,4
卡解,4
中透過,4
劉宇,4
搖椅,4
上售,4
寄貨人,4
跑道,4
貨一看,4
帳戶始,4
連匯款,4
財物給,4
承諾應,4
五條,4
退路,4
難平,4
卡將,4
遞連結,4
填一填,4
兩週過,4
楊蓉,4
承諾有,4
共匯入,4
需再付,4
站訊息,4
前兆,4
高雄前,4
問媽媽,4
販運,4
另一封,4
但約定,4
接著系,4
因廣告,4
及黃金,4
上下班,4
帳付,4
不輸入,4
仍以,4
編織品,4
排課,4
人工智慧,4
設有,4
處行,4
網銀遭,4
嘉文,4
吳雅麗,4
出後始,4
華碩,4
皮系,4
新達,4
位幸,4
越要,4
繁殖,4
統整,4
朝著,4
單太多,4
投資貴,4
我買遊,4
僅需付,4
去逛,4
公證書,4
並推,4
並花,4
五筆款,4
證到,4
一郵局,4
先後把,4
大使,4
網連結,4
並處,4
勇者,4
台冷氣,4
專長,4
以金流,4
同時將,4
現金退,4
即用,4
摔倒,4
送醫,4
過世需,4
過裡面,4
成網,4
最後意識,4
袋中,4
還沒轉,4
意嘗試,4
縣大村,4
夠買,4
假信,4
五佰,4
劉政國,4
妳在,4
李佩珊,4
總共傳,4
志勳,4
慈慈,4
水路,4
誤詐,4
聲書,4
碼時,4
很愛玩,4
元禮品,4
經慌,4
般壓,4
匯款確,4
燈箱,4
怦怦直跳,4
還沒處理,4
共赴,4
東西為,4
網販售,4
多倍,4
方辯,4
無牌車,4
車含,4
資金先,4
上客,4
面下單,4
其謊,4
本大隊,4
稅等,4
卡郵,4
當我付,4
自責為,4
店員及,4
幣現,4
活體,4
減脂,4
文凱,4
雙方協,4
美嘉,4
根據訊息,4
上過,4
並學習,4
貨物並,4
緊至,4
確保萬,4
完費用,4
賞代,4
轉口,4
可開,4
至元,4
經答,4
不幸遭遇,4
太衰,4
地費,4
先假裝,4
惠琴,4
十五次,4
八件,4
科學園區,4
辦活動,4
東華,4
有國外,4
泰法,4
協議後以,4
好進,4
之谷遊,4
發文欲賣,4
賣雙,4
酒會,4
選完,4
未輸入,4
該個,4
經超,4
將六張,4
市刑,4
包共,4
莉安,4
通賣場,4
個別,4
發聲,4
帳數,4
戰棋,4
人員名,4
劉偉辰,4
蓮霧,4
連哄帶,4
貼過,4
北板橋,4
很震,4
有責任,4
卡分,4
未連結,4
仍選擇,4
願販售,4
庫板,4
講這件,4
方賣場,4
我念給,4
客房,4
網銀餘額,4
某金控,4
這手,4
規避責任,4
密約,4
買空賣,4
鈕扣,4
未截圖,4
包泰達幣,4
冒著,4
印電鍋,4
張靜怡,4
王源偉,4
專人將,4
鄭經理,4
變差,4
急徵人員,4
貼文介紹,4
辦並,4
楊景翔,4
以查詢,4
掃描該,4
我連到,4
獨創,4
創業班,4
太漂亮,4
六支,4
順利上,4
唸了,4
氣墊,4
音金幣,4
需照,4
以臉,4
碼訊息,4
玫瑰花,4
逐依,4
專員處,4
協尋,4
處理且,4
供買家,4
無稽,4
之談,4
金牛,4
間小額,4
人交換,4
點開連,4
多繳,4
六期,4
超連,4
不滿足,4
本質,4
缺件,4
事後有,4
集團領,4
假代辦,4
梁偉翔,4
就當,4
分段,4
結果給,4
無金流,4
處理爭,4
說點擊,4
炸掉,4
儲詐,4
三段式,4
林品,4
我談,4
書館,4
若將,4
名義接觸,4
初會,4
劉嫌,4
地簽,4
稱之後會,4
員有,4
手機來,4
日察覺,4
對方遊戲,4
之人詐,4
當業務,4
販賣楓,4
之谷虛,4
工資為,4
稱雯雯,4
往來戶,4
錢什麼,4
其後有,4
卡轉,4
調能,4
之後確,4
問後發,4
成該,4
千禧,4
開始編,4
夫妻感情,4
全數化,4
章及,4
建好,4
先別,4
隊友,4
分院,4
人須,4
空氣幣,4
學介紹,4
手抖,4
五萬零,4
性夠,4
都講,4
紅了,4
略知一二,4
帳畫,4
銘傳大學,4
捐新,4
沒實,4
聚星,4
娛樂會,4
得過,4
數金額,4
購物會,4
品市場,4
仙之人,4
受刑人,4
通軟體,4
太多加,4
解掉,4
翻成,4
賣本,4
失聯且,4
講義,4
富路,4
腰果,4
不二,4
處理業務,4
林淑瑤,4
張為,4
聽電話,4
從台,4
號門口,4
調數量,4
轉轉盤,4
並於過,4
作後續,4
十來,4
因明,4
民便,4
莒光,4
隨即點,4
結稱,4
效用,4
需遭,4
芷芸,4
延後出貨,4
要作,4
異應,4
女鞋,4
聽後驚訝,4
墓地,4
鴨舌帽,4
出門遊,4
絕無風險,4
兩棟,4
魚貨,4
抽筆,4
事務機,4
對方張,4
安度晚年,4
當行,4
果難,4
這哪,4
生醫,4
受罰,4
通訊訊息,4
臨資金,4
男向,4
能替,4
討金額,4
徐姓,4
人下,4
小老,4
食機,4
氣訂,4
點半時,4
蛋寶物語,4
或稱,4
魚尾,4
我店,4
照傳,4
配藥,4
能排,4
匯將,4
沁妍,4
利出,4
說金流,4
點網址,4
不悅,4
並即,4
申領,4
偷渡,4
華銀,4
小林子,4
某座,4
明單,4
節禮物,4
雙方關,4
磚塊,4
商場給,4
魚線,4
我共花,4
假順,4
還提領,4
超貸,4
買店,4
萬元傭金,4
陳淑玲,4
賣並,4
觸及,4
其代購,4
久候,4
昌揚,4
滾筒,4
燕子,4
而後自稱,4
我約,4
已向,4
抽麻,4
賣電動,4
會能,4
這才後悔,4
然後錢,4
空屋,4
名義包裝,4
由群,4
寧可選擇,4
裡浮現,4
找門票,4
正視,4
說謊,4
一失足成千古恨,4
壓住,4
我籌,4
啟手,4
走來,4
單靠,4
包換,4
剩食,4
李詩,4
沃爾瑪,4
直氣,4
壯地,4
鼎鈺珠,4
事後上,4
數貝殼幣,4
對後才,4
心訂,4
李強,4
個生,4
以幫助,4
碼以,4
金計畫,4
覺得用,4
省電,4
識別碼,4
換發,4
偏離,4
對方緊,4
脅迫,4
真先,4
抵消,4
巧遇,4
遲不出,4
承諾驗證,4
人太多,4
興頭,4
運人員,4
收帳,4
點匯,4
霸氣,4
教學下,4
並假裝,4
支配,4
東西終,4
購物連,4
回確,4
購費用,4
發新,4
中詢問,4
項歸,4
幾個幣商,4
阿勇,4
筆錄並,4
退場,4
簡訊為,4
簡訊接,4
用電腦,4
一連好,4
順著話題,4
出價格,4
澳大利,4
但連,4
問應,4
徵細節,4
悠游,4
商逢,4
給華南,4
將總共新,4
一交,4
傳及,4
送情,4
劉嘉玲,4
組條,4
將承諾,4
所販售,4
該間,4
只傷,4
認收,4
中間還,4
還轉出,4
幾週裡,4
接著裡面,4
黑鍋,4
倉鼠籠,4
但光,4
最後我照,4
重溫,4
擱置,4
一衛,4
如為,4
酒駕,4
小琉球,4
大遠百,4
方改,4
票代,4
活動給,4
稱欲將,4
小維,4
點選線,4
蛋堡,4
隨後掛,4
賄款,4
需帳,4
浮水印,4
還先轉,4
時聲,4
吳佳蓉,4
該代購,4
寧德,4
罪行,4
過訊息給,4
林志明,4
三十分,4
張雲哲,4
圖以,4
元不見,4
助長,4
送錢,4
可循,4
會得,4
經額,4
肉包子打,4
面霜,4
辦理驗證,4
寶轉給,4
供詐,4
仇者,4
車到,4
預覽,4
獲利至,4
不約,4
积分,4
卡換,4
機將,4
說員工,4
依約轉,4
最崩潰,4
無奈感,4
音浪,4
關販售,4
前後後已,4
沒約,4
防彈,4
串聯,4
單進,4
與頭,4
我共網,4
再稱,4
年事已高,4
多次出,4
豐銀,4
竟連,4
由劉,4
終並,4
這了,4
前後總共花,4
繳交費,4
假投,4
布布,4
蛋商凱,4
並驗,4
可晴,4
金星,4
被民眾,4
幫親友,4
以假亂,4
雄偉,4
品翰,4
卡貨,4
認應,4
張建,4
一離開,4
書王,4
惡意棄,4
證供,4
愈少,4
她後續,4
先扣,4
商事,4
投資出,4
李文斌,4
五台,4
約會前,4
進行代操,4
寒霜,4
啟示錄,4
地表,4
帳虛擬,4
便裡,4
得門票,4
之後開會,4
已陸續,4
佯裝購,4
收稅,4
緬甸玉,4
網搜尋,4
少婦,4
再觀,4
瓶酒,4
私信,4
集團來,4
活躍度,4
群組裡還,4
聯署,4
浪手,4
意將,4
一延,4
洛麗塔,4
先後陸續,4
鑑價,4
現金款,4
損毀,4
張合約,4
台灣理,4
發布售,4
自渠,4
貨後才,4
農會存,4
對方因,4
民心,4
有下,4
當報酬,4
遲不將,4
逆風,4
經仔細,4
直營門市,4
人查,4
外行,4
蔡書楷,4
薰心,4
然後畫面,4
結購,4
給我假,4
東火車,4
貨寄到,4
不彰,4
因心動,4
訂金作,4
海豹,4
慶運通,4
燒壞,4
大老爺,4
日欲出,4
金訊息,4
歐派,4
行員要,4
無法付,4
小額入,4
資產狀況,4
滑著手,4
還現場,4
經驗實,4
取費用,4
繳三萬元,4
中耕,4
雜牌,4
只小額,4
肉體,4
打國,4
事件真相,4
王律師,4
無截圖,4
知驚覺,4
錢話術,4
經離開,4
阿琳,4
憑序,4
需收費,4
經全,4
革新,4
迎娶,4
太著,4
集團現,4
向民間,4
財產遭,4
人形,4
未予,4
先閒聊,4
投資潛,4
無相關,4
共給,4
稅務局,4
會統,4
胡曉曉,4
還拿不動,4
產去,4
異時,4
天就會,4
騙訊息給,4
曉璐,4
方匯款,4
男購,4
補匯款,4
李若桐,4
元車資,4
前後不一,4
郵政三張,4
個小忙,4
討論後覺,4
名義開始,4
繳納金,4
是換,4
教學群,4
送訊息予,4
原訂購,4
時見面,4
支應,4
墊費用,4
我己,4
電兒子,4
並於視,4
點才,4
名義之釣,4
買禮物,4
存結婚,4
不提,4
全軍覆,4
在後面,4
加蝦,4
人後來,4
最後不租,4
是件,4
積下,4
落日,4
資金池,4
給我掃,4
資要,4
無間,4
元薪資,4
逐筆,4
邊有點,4
付費換,4
回溝通,4
束手,4
無策,4
應聘,4
做遊,4
客戶給,4
每小時,4
內進,4
海綿,4
一房,4
方又問,4
達芬,4
我後說,4
李星樂,4
在校,4
竟演,4
可言,4
萬豪,4
帳號線,4
販賣手,4
應器,4
內上,4
可保證,4
武松,4
柳丁,4
送上去,4
網銀要,4
昊昊,4
快六點,4
夾的,4
續以,4
第一排,4
月光族,4
就關,4
還活,4
認後我,4
钱包,4
分鐘後會,4
楓界楓,4
汪宇慧,4
惟當時,4
上買幣,4
加別,4
塔羅,4
先處,4
內容來,4
回屬,4
趁虛而入,4
而後犯,4
自熟識,4
發文聲,4
大通,4
跨買,4
許約定,4
幣五萬,4
下加,4
貝果,4
假網購,4
只繳,4
妝品,4
養成,4
但凡,4
先依其,4
奪別,4
鐵工,4
失到,4
郭曉穎,4
養殖,4
行員攔,4
還在線,4
北富邦,4
騙後到,4
徐民,4
綠島,4
用水,4
超商線,4
網以,4
就可以看,4
隔離,4
裝滿,4
傳訊息並,4
該換,4
事後回頭,4
手滑點,4
一民眾,4
之後進,4
誓言,4
之後輸入,4
談論後續,4
潘映,4
帳戶後始,4
行金流,4
楊慧茹,4
總共換,4
稱長,4
送點數,4
獲利超,4
銀銀行,4
購買會員卡,4
向警,4
方介紹給,4
玩起,4
點慶幸,4
漏個資,4
故發,4
會員金,4
為代辦,4
營車,4
領獎品,4
還積,4
排程,4
其遊,4
雄鷹,4
雙興門市,4
觸感,4
洪檢察官,4
強的,4
以約,4
唐哥,4
欠錢,4
謠言,4
落墨,4
兩萬元整,4
單接,4
簽收據,4
阿成,4
多金錢,4
二哥,4
結後自動,4
人私,4
開對方,4
布娃娃,4
會產,4
誤用,4
電視盒,4
筆代購,4
我三個,4
回顧過,4
未來務,4
共鳴,4
事後過,4
絕時,4
價目,4
王建國,4
愛神,4
沒錢繳,4
搭載,4
拜拜,4
嬰靈,4
它會,4
入後輸入,4
我理財,4
退稅,4
門毅,4
通緝令,4
貼金,4
以幣,4
李志明,4
上桌,4
龜山區,4
倍率,4
起標,4
上千人,4
聯徵分,4
郵務人員,4
將好,4
李說,4
不堪入耳,4
許多點數,4
我言語,4
人員送,4
路過,4
需見面,4
北台,4
貸金額,4
對方提,4
兩夜,4
但後悔,4
計時,4
大群,4
死活,4
寫線,4
訊息代碼,4
將預,4
元後始,4
封過,4
但能,4
微信轉,4
貼文為,4
改讓,4
經銀樓,4
名義推,4
戒子,4
然後騙,4
裡投資,4
投資裡,4
連這個,4
中威脅,4
駕駛員,4
單一純麥,4
日後再,4
接頭,4
兌商,4
稱會用,4
用遊戲,4
儲了,4
金品,4
僅須,4
這新,4
資格賽,4
貨運送,4
編各種,4
高時,4
物詐,4
對戒,4
一比,4
幫忙當,4
沒貸,4
用藥,4
內之虛擬,4
寄獎,4
經行員察覺,4
鐵人,4
吳君堯,4
閱帳,4
以後都,4
現金卡,4
各是,4
填著,4
順便問,4
違反金,4
無繼續,4
信中謊,4
有何,4
打氣機,4
卡登,4
房細節,4
收外幣,4
過後我,4
裡當,4
一跤,4
戶無法,4
異來,4
網銀代號,4
並登記,4
便衣警察,4
柯南手,4
無電話,4
惟遭,4
所訴,4
進快,4
之來,4
車費用,4
墨韻閣,4
哀居,4
確認鍵,4
大谷,4
給我介紹,4
堂主,4
向當,4
護膚品,4
裡仍,4
場外,4
藏壽司,4
受騙款,4
再會,4
還填寫,4
正身,4
方拿去,4
以為網,4
時處理,4
用驗證,4
愈陷,4
家住,4
小瑤,4
能入帳,4
落地,4
代駕,4
幾次轉,4
總共十幾萬元,4
我常去,4
以後在面,4
中變,4
蛋仔派,4
關照,4
警鈴才,4
並聊,4
達門市,4
多則,4
先後花,4
兩清,4
賺過,4
產物,4
外聘,4
人員購,4
需金錢,4
並面,4
將機車,4
卡而,4
並細心,4
百萬積蓄,4
認寄貨,4
經常噓,4
已經查,4
著代碼,4
貨後卻,4
田寮,4
網購門,4
地選擇,4
孤兒,4
人員約定,4
認識林,4
發前,4
不漲,4
稱國,4
解鎖須,4
日當時,4
超商共購,4
這幾,4
信話術,4
心若,4
名義並,4
曾給,4
內扣,4
異後便,4
尚達,4
滿興趣,4
最後的驗,4
尋賣家,4
洗衣粉,4
摔下,4
看診,4
郵局員工,4
胡小姐,4
稱可代,4
柏皓,4
問台灣,4
投資代購,4
西藏,4
稅的,4
陽之人,4
快樂學習,4
若不購,4
遭同樣,4
機作,4
看板,4
起陸續,4
竟能,4
繳通,4
金外匯,4
換幣商,4
商業務,4
裡感覺,4
次銀行,4
中樞,4
之意願,4
帆船,4
要發,4
前一筆,4
博思市,4
中名,4
思慮,4
是驗,4
自家人,4
倒打一耙,4
球友,4
原廠貨,4
沒去過,4
方不斷給,4
貨發現,4
證遺失,4
空前,4
盛會,4
邊投資,4
河北,4
面費用,4
預算內,4
上的關,4
偷錄,4
優惠為,4
上任,4
費才行,4
簽好,4
思琳,4
丞豐,4
臉書觀,4
可賣給,4
許曉玫,4
然後又到,4
鄭男,4
先知,4
吉娃娃,4
買金飾,4
還夾雜,4
證明來,4
小夢,4
以後購物,4
因幫,4
交回,4
機販售,4
標並,4
大榮假,4
姿蓉,4
區留,4
先後有,4
本地人,4
送走,4
沁研,4
台中二信,4
資訊學院,4
位裡,4
一萬到,4
不會放,4
付到,4
補差,4
提領碼,4
給詐團,4
經解,4
記且,4
感想,4
沒存,4
假見面,4
私訊渠,4
薯條,4
羊羊,4
並將華南,4
全部遭,4
信購,4
富國島,4
日台,4
傑哥,4
談幣,4
矽利康,4
林森北路,4
組購,4
泰達幣給,4
茶杯,4
我會記,4
事到,4
登門,4
連忙問,4
還慶幸,4
太感謝,4
先後儲值,4
著先,4
竟以,4
這兩支,4
憤而,4
區樹孝路,4
訊息後來,4
利差,4
資格費,4
推掉,4
點證,4
受益,4
真匯,4
繳解,4
這種當,4
內涵,4
應冷靜,4
鹿茸,4
就掛,4
通驗證,4
相框,4
總用,4
以戀,4
還高興,4
誤加,4
筆幣,4
假親,4
開通個,4
名義以,4
對方會將,4
幣予,4
小球,4
此款,4
幫忙給,4
雖然訊息,4
拿過,4
完驗證,4
楊家恆,4
去幣安,4
小竹,4
頭緒,4
投資賣,4
未訂,4
九十七,4
訂到,4
撥下,4
將合庫,4
我太緊,4
拍店,4
育才,4
日人,4
萬領,4
卡之密碼,4
並打來,4
第三年,4
能要,4
之後繼續,4
盡失,4
火苗,4
前後給,4
專員馬,4
賴宜靜,4
卡式,4
埔心,4
發限動,4
放小,4
將不雅,4
並優先,4
單品團,4
投太多,4
奶糖,4
小兔,4
代轉帳,4
糯米,4
做後轉,4
並勿,4
包會,4
脫約會,4
大地,4
辦小額,4
依璇,4
而後加,4
佛經,4
中開,4
最後幾組,4
說馬上,4
事端,4
只盼,4
接人員,4
聯絡用,4
詢關,4
一時心,4
卡什,4
入戶,4
大將,4
言詞,4
日會還,4
計較,4
著親,4
加快速度,4
無奈湧,4
大的獎,4
轉一轉,4
我大,4
問領獎,4
賺進,4
穩中,4
包中費,4
師費用,4
及轉,4
會寄貨,4
同薪,4
孫經理,4
需申辦,4
給許,4
郵政查詢,4
人剛,4
賴友,4
結果害,4
李果,4
稱協助,4
幫忙訂,4
因開,4
審計,4
隨之破滅,4
刷個,4
人代領,4
該會員,4
上公開,4
我遂照,4
幫親,4
烹飪,4
寶匯款,4
遊資訊,4
張線,4
轉投資,4
哪一間,4
車強,4
見山,4
剛上,4
細微,4
對方動作,4
幣是,4
秘書小苒,4
及家,4
我申,4
網賣,4
來頭,4
然後就會,4
購價,4
只退,4
想查詢,4
指期,4
紅綠燈,4
還接連,4
萬元先,4
遭暫,4
測試員,4
發函,4
不帶,4
傳驗,4
終於輪,4
若接,4
以補助,4
而誤,4
或人員,4
人滿,4
氣生,4
機共置,4
幣就會,4
上層,4
美酒,4
容器,4
交集,4
李坤榮,4
新秘,4
彩妝師,4
出清交換,4
例為,4
簡若彤,4
微星,4
漁獲,4
因申,4
故當下,4
送暱,4
進台灣,4
非同小可,4
很蠢,4
資產時,4
今後無論,4
緊俏,4
將僅,4
行門市,4
盲包,4
病患,4
天處理,4
違規款,4
定款,4
太弱,4
點交,4
很納悶,4
車及,4
申設,4
來償,4
組產品,4
歡後便,4
進行代儲,4
警備案,4
給他當,4
重擔,4
候給,4
不懷疑,4
減碳,4
欺負,4
已將款,4
這也給,4
今後對,4
手禮,4
點不進,4
任務為,4
當服務生,4
阿源,4
黑夜,4
商賣貨,4
訊息視,4
女強,4
網下,4
認識些,4
嚇死,4
講不,4
太熟,4
機想,4
以同樣,4
劉東,4
補什麼,4
在櫃,4
店會,4
實上,4
穩定器,4
又後怕,4
為常,4
愛網購,4
很潮,4
日向幣,4
這名民眾,4
共計損,4
小伊,4
分網,4
掠奪,4
毀滅,4
人來加,4
還卡債,4
神人,4
坦妥,4
人常,4
擊頁,4
假買家訊息,4
已經收,4
並連結,4
選下,4
連買家,4
試喝,4
張志易,4
匯人員,4
將再,4
規畫,4
以談,4
阿煒,4
大亨,4
著訊息裡,4
人生地不熟,4
幸運得標,4
方度,4
裡睡,4
睡意,4
皮雕,4
公款,4
飾店,4
啟揚,4
正邁,4
經本,4
所員警,4
撕毀,4
達新,4
住房,4
新竹人,4
局實,4
電霸,4
沒猶豫,4
卡跟存,4
這叫,4
結來,4
家樓,4
臨時換,4
炸開,4
精華液,4
學員見證,4
非常少,4
剛入,4
南興,4
集社,4
據稱,4
民安,4
致電查證,4
其匯,4
更熱絡,4
寶雅有,4
最後一場,4
二合一,4
配寄給,4
還很積極,4
聯絡暱,4
中過,4
投到,4
百分之五十,4
某餐,4
這幾次,4
剛剛匯,4
那欄,4
眉毛,4
電玩主機,4
正苦惱,4
警查,4
天盛,4
全熱,4
交換器,4
等車,4
過程會,4
稍後會還,4
事後致電,4
生態,4
拖過,4
沈芯雅,4
萬興,4
修剪,4
林雨欣,4
月過,4
狐仙,4
娘娘,4
想照,4
區美術,4
景銘,4
並來電,4
仔細驗證,4
期未,4
並聲明,4
之後陸,4
金幫,4
首期,4
詞前,4
賣餅,4
辦資料,4
求證後驚,4
言費,4
狠下,4
匯款始,4
每句,4
園長,4
商之間,4
宏福,4
語欣,4
更無法,4
書用戶,4
花完,4
超熱烈,4
之後獎,4
亂給,4
交兩次,4
完合約,4
現在物,4
有員警,4
路店,4
法確,4
匯下,4
系統誤,4
免去,4
還貸,4
暴露出,4
李東堯,4
徐男,4
費後才,4
測評,4
筆刷,4
之後王,4
葫蘆,4
看後續,4
幫代購,4
靜待,4
緊衝,4
天然瓦斯,4
屋要,4
搖籃,4
林文,4
融貸,4
需償還,4
當點,4
傳回,4
午安,4
沒太大興趣,4
可親,4
然後頁,4
對方會給,4
乘以,4
給我該,4
經異常,4
入幣,4
專在,4
會過,4
美華,4
要時,4
創建錢,4
排入,4
重匯,4
大腦,4
結果繳,4
會想,4
點他,4
檔案給,4
掏寶網,4
鮮少,4
站後來,4
結後並,4
遂轉,4
理查,4
讓步,4
由國,4
遲不願,4
獲電子,4
末三碼,4
終於寄到,4
還我新,4
墨鏡,4
學成,4
分三個,4
熱聊,4
面陸續,4
還一張,4
部人員,4
門票序,4
終無回,4
裡產生,4
吃宵夜,4
覺不對,4
自稱吳,4
我用幣,4
貪一時,4
出後會,4
中清,4
熱愛線,4
縣芎,4
林鄉,4
機提領,4
欲求,4
商成,4
好夥伴,4
過陣子,4
競椅,4
加徵滯,4
換季,4
不少次,4
已婚,4
績效圖,4
匯稅,4
拉攏,4
這無底,4
點刷,4
好房,4
怡安,4
由遊,4
網友進,4
便聲,4
兩人聲,4
訂金時,4
凱權,4
遭用,4
負責出,4
照看,4
石牌,4
更穩,4
並繳費,4
貨利,4
文應,4
場確,4
真傻,4
轉都,4
假銀,4
超震,4
吸毒,4
直營,4
五月份,4
認費,4
手機架,4
車紀,4
永豐銀,4
台灣幣,4
導致系,4
沙田,4
萬整,4
投資生,4
眼罩,4
夢娜,4
答應並,4
多確,4
劣地,4
獲利計劃,4
實覺,4
專員接,4
獲利低,4
阿齊,4
並介紹幣,4
送順,4
豐貨運,4
沐熙,4
小毅,4
沒有後續,4
顏美月,4
號領,4
一提,4
鴻運,4
滿快,4
備用賴,4
歡琳,4
交貨且,4
遭類,4
萬會,4
追溯到,4
給我當,4
並已經,4
滿認,4
手霜,4
有長,4
連忙查,4
禮為,4
負責驗證,4
較少,4
口糧,4
雲南,4
著買家,4
防曬衣,4
自訂,4
私訊傳,4
接完,4
守護者,4
抽傭,4
過後對方,4
簡訊裡頭,4
務所之人,4
相關代,4
還影響,4
洪期榮,4
手滑,4
金發放,4
分帳,4
全交給,4
元春,4
持續給,4
始裡面,4
是靈,4
要出,4
金額度,4
之合約,4
為宇,4
內裝修,4
問李,4
並受,4
涉進,4
薪資驗證,4
幾週過,4
多達,4
認後再,4
追上,4
次泰達幣,4
流明,4
命根子,4
這有點,4
一筆代,4
孔雀,4
財產代為,4
制還,4
溫承靜,4
其團,4
寫手,4
左邊,4
萬餘元給,4
方處理,4
宏達,4
付手續費,4
流進,4
不勝,4
以誠信,4
前鎮,4
成名,4
但此,4
證和委,4
時之間,4
花壇,4
周先生,4
中山北路,4
輕微,4
領銜,4
信驗證,4
工薪,4
抖貓貓,4
幣之,4
逐夢,4
豐網,4
卡德,4
沒實名,4
洪民,4
店門市,4
洩及,4
報章,4
分看,4
真金,4
謝秀琴,4
小羅,4
包儲值,4
似曾,4
百里,4
無職,4
故介紹,4
支助,4
英巧門市,4
日遭,4
救世主,4
欺話術,4
鑄基,4
胖虎,4
做質,4
刮痧,4
我留,4
還未開,4
已累積,4
將錢還,4
數卡共新,4
珠寶等,4
繳費給,4
確看,4
衝票數,4
親友江,4
錢本來,4
憂慮,4
滑貼,4
銀行現,4
耀東,4
車前,4
聊書,4
薪資款,4
竹崎鄉,4
和平村,4
現金周,4
未留,4
六月份,4
現金親,4
下點擊,4
趕時間,4
賺傭金,4
款型,4
地不斷,4
索隆,4
因聽信,4
此後對方,4
經理及,4
星海,4
元起,4
出貨延遲,4
交三萬元,4
嚴查,4
偶爾有,4
當幫個,4
萬多到,4
包巾,4
張售價,4
之後改,4
安裝時,4
心肝,4
心服口服,4
友主動,4
賀利貸,4
遂行,4
貨品給,4
問後對,4
私帶,4
惟打開,4
其親,4
資訊者,4
佩瑤,4
儀社,4
遊玩線,4
國的,4
資洩漏,4
欠帳,4
時約,4
吸住,4
中清路,4
容稱,4
便傳,4
國際快,4
稅金什麼,4
遞員,4
當我輸,4
一入,4
自協助,4
已通,4
鐘後對方,4
指甲,4
下套,4
砂輪機,4
互動過,4
輕信訊息,4
元泰銖,4
郵務,4
交寄,4
護理長,4
時問,4
給海關,4
協助線,4
遭作,4
內文為,4
茹安,4
超商詢,4
條項,4
還錯過,4
朴門市,4
雙喜,4
尚須,4
異變,4
然後邀,4
隨後打,4
扭轉,4
出式,4
反向,4
以後用,4
搜尋更,4
少之又少,4
天剛,4
濃濃,4
先讓,4
看守所,4
小廣告,4
自存,4
萬元交,4
李哲龍,4
循著,4
證正,4
偉雄,4
務所查,4
事電商,4
獲利話術,4
人毫,4
傑稱,4
沒人要,4
歡用,4
前後後給,4
誤導致,4
並商討,4
服務委,4
金雨,4
櫃匯,4
不配,4
城下,4
加暱,4
詩芸,4
幣比,4
餐桌椅,4
劉佳欣,4
順利幫,4
並又要,4
進而用,4
延遲費,4
行帳,4
撲克遊戲,4
百病,4
上講,4
王冠,4
林檢察官,4
點氣,4
然後帳,4
號還,4
並購入,4
營業員會,4
異音,4
還主動匯,4
千至,4
沒銀行,4
過經濟,4
帳問題,4
二十四分,4
該場,4
林詠,4
台企,4
來接,4
員查,4
失機會,4
郵寄過,4
耐不住,4
金後續,4
陸洋,4
豐帳,4
該親,4
浩浩,4
然後又用,4
將你,4
劉首暄,4
防護盾,4
樣貌,4
分筆,4
診時,4
蘇老師,4
問電信,4
周玉萍,4
出金遭,4
羽翔,4
卡陸續,4
以港幣,4
事後一問,4
莊芸臻,4
警協助,4
警員來電,4
來開,4
空子,4
林萱,4
點選假,4
其連,4
結網,4
機通訊,4
古孟杰,4
測速,4
依自稱,4
銷案,4
當代,4
專員核,4
膠味,4
之販售,4
安路,4
面當,4
挪作他用,4
共建,4
運輸費,4
戲用,4
投注站,4
第二年,4
物金,4
對方讀,4
有分寸,4
六分,4
然然,4
還氣,4
與後續,4
幾遍,4
外紅利,4
還興高,4
當期,4
賠償給,4
終轉,4
想象,4
狙擊,4
美食街,4
美娟,4
還納悶,4
而致,4
網遊,4
洪政松,4
繳訊息,4
陌路,4
三餐,4
剛發文,4
金錢並,4
神經矩,4
阿峰,4
神岡,4
機會務必,4
說繳,4
色心,4
會群,4
新富,4
第一台,4
暖流,4
張雯,4
賴群,4
顆泰達幣給,4
以討論,4
示警,4
自教學,4
全賠,4
大額度,4
大門號,4
當著,4
代銷商,4
地才行,4
網網址,4
百分比,4
急徵,4
戀舞,4
多壞,4
先主,4
然後雙,4
理清,4
康康,4
李詩妍,4
貨後就會,4
釣出,4
錄用,4
麗玲,4
並由暱,4
還搞,4
之人及,4
其資料,4
並盡,4
訊息進,4
委由,4
張可,4
心不夠,4
給某,4
刀架,4
還曾經,4
電視機,4
面接,4
最後連訊息,4
看別,4
進大,4
發金,4
專員後來,4
最後便,4
何家,4
林傑,4
朗朗,4
萬共,4
實際購,4
項才,4
方塊,4
商龍,4
翟弈安,4
覺察有,4
張景,4
蛇來,4
給給,4
它給,4
相反,4
購買塔位,4
雜性,4
一組帳,4
違規紀,4
幣的訊息,4
數價值,4
方皆以,4
太心動,4
南屯路,4
日後有,4
將不,4
補單,4
需等,4
市給,4
費約會,4
以達成,4
群組訊息,4
讀出,4
會懷疑,4
滿順利,4
這教,4
纏著,4
封閉,4
客運空,4
居介紹,4
異常及,4
愛和,4
沒騙,4
盒娃,4
回電給,4
桃藝,4
方夢楠,4
週轉金,4
回詐,4
隨後陸續,4
手機觀,4
員會,4
中表達,4
建廠,4
將代碼,4
查無此票,4
心智,4
為證,4
台前,4
天后,4
他代繳,4
不散,4
銀行號,4
當導致,4
新化,4
經大,4
新聞報,4
級別,4
財要,4
正缺,4
手印,4
細單,4
我後依,4
誤植,4
小分隊,4
愈慢,4
從統,4
吹灰之力,4
當時帳,4
截然不同,4
一桌,4
好運來,4
網拍店,4
物業,4
激勵,4
完就會,4
謝麗菁,4
購買後續,4
遭通緝,4
張翰婷,4
利潤作,4
繳一點,4
層級,4
政松,4
顯示驗,4
刮中,4
登記購,4
商電信,4
鑰給,4
臨櫃將,4
未向,4
騰飛,4
不加,4
幣卻,4
王琳,4
那現,4
元後將,4
厚厚,4
還超級,4
研發員,4
實際見,4
內眾,4
財產才,4
手球,4
心要,4
這一塊,4
誤信網,4
文騙,4
民事裁定,4
作物,4
討論後談,4
李映,4
好市,4
力度,4
擊後加,4
單後訂,4
果菜,4
家之人,4
生路,4
總共七萬元,4
會員得,4
晉升,4
關部門,4
網友將,4
林翔平,4
相卡,4
公式化,4
充進,4
內補,4
某機構,4
還沒達標,4
改版,4
受氣,4
時俱進,4
消費型,4
投完,4
提領給,4
最後一關,4
兩頭空,4
在確,4
晴日,4
區九如,4
隨後又謊,4
打兒子,4
樂齡,4
之廣告訊息,4
驗證過,4
雙親,4
計事務,4
郁敏,4
委外,4
音樂劇,4
高獎,4
快停了,4
資都給,4
點和,4
共租,4
拖來,4
轉太多,4
變相,4
記憶卡,4
自開,4
給媽媽,4
販賣部,4
對方忙,4
傳小額,4
謝師雅,4
寫上,4
專員林裕玲,4
石為,4
之七個,4
給遊戲,4
站務員,4
資金且,4
張夢琪,4
或密,4
機顯示,4
曉曉曉雪,4
冷冷清清,4
真輸入,4
線領,4
因異,4
地講,4
貨幣予,4
貌美,4
所查,4
證後驚,4
交有,4
抽手機,4
這張券,4
刑事犯罪,4
已經用,4
並先將,4
怎麼行,4
紙板,4
超香,4
價比,4
參加下,4
遭自稱,4
職外,4
麗寶小吳,4
教學為,4
酒杯,4
所經營,4
財務驗證,4
謝明洪,4
潘文忠,4
這六筆,4
一個頭,4
坐視,4
方達,4
卡連密碼,4
遭詐並,4
假好,4
理虧,4
滿多,4
證沒,4
楚楚,4
數週,4
被捕,4
辦詐,4
確的,4
萬全,4
跳板,4
出得,4
帳號當,4
自什麼,4
有取,4
才面,4
包轉過,4
出身,4
或聲,4
投資少,4
彭向洋,4
查不出,4
納高額,4
獲手機,4
辦掛,4
所約定,4
單傳給,4
未委,4
外滯,4
法動用,4
然後一,4
社會產生,4
員到,4
資輸入,4
方寄票,4
然後我將,4
歸來,4
因實,4
方永豐,4
重頭,4
裝傻,4
現職,4
未帶,4
然後話鋒,4
免運費,4
通过,4
一環接,4
元不翼,4
捐一點,4
四雙,4
視野,4
電影裡,4
不太願,4
找過,4
領萬金,4
透過點,4
台新國際,4
該序,4
胡金,4
楊惠穎,4
撥出,4
徐靜,4
份額,4
佳靜,4
許仙,4
掛單,4
專已,4
通好,4
同學許,4
許男,4
將遠,4
方私,4
資還,4
經照,4
經音,4
發布限,4
方撥,4
爵士鼓,4
人員查詢,4
贓物,4
講一個,4
那瓶,4
選用,4
以後賣,4
吳冠,4
幣匯率,4
退貨並,4
通話費,4
右前,4
星佑,4
獲渠,4
會賣票,4
簡子揚,4
商通訊,4
某服務,4
選郵件,4
進行系,4
扶助金,4
費購,4
結成,4
小夫,4
光帥氣,4
新庄,4
張中華電信,4
項均,4
刷款,4
為紅,4
會內部,4
筑軒,4
轉租給,4
不經意,4
碼會,4
林清雪,4
隨後林,4
火坑,4
時雨,4
零星,4
縣二林鎮,4
童政鈞,4
公頻,4
發門市,4
不太用,4
總銷售,4
服務小編,4
世貿,4
還附著,4
著進,4
妥票,4
並經過,4
配人員,4
名來,4
你剛,4
遭同,4
寶及,4
率絕,4
好了吧,4
發見,4
不段,4
夠出,4
程數,4
重度,4
小美女,4
內返,4
合邏輯,4
張傑昌,4
面板,4
衡量,4
哲之人,4
可作,4
貸前,4
提借,4
權給,4
暫無損,4
解凍款,4
同名同姓,4
大時,4
斐娟,4
何用途,4
萬元擔,4
總共湊,4
七期,4
太神,4
看著裡面,4
貸款部,4
兩千萬元,4
四名,4
寄貨代碼,4
給到,4
照明,4
人處理,4
以用,4
剪頭,4
金當,4
皮三大,4
清涼照,4
理過,4
楊林,4
中家裡,4
網路代操,4
場購,4
分分,4
高雄榮,4
然後又是,4
失三張,4
銀行後來,4
著學,4
那麼慘,4
國光,4
當過,4
方處,4
之後來,4
民在,4
回該,4
萬金幣,4
竟全,4
前後後總共給,4
王佳慧,4
補正,4
限購,4
詢過,4
過一會,4
剛剛點,4
票應,4
假書,4
沒寄過,4
周怡,4
到萊爾富,4
當一個,4
寬心,4
台速,4
總花費,4
將作,4
鄭以辰,4
聽心,4
至櫃,4
若楠,4
購買線,4
還教導,4
剪裁,4
所在位置,4
群組後有,4
整備,4
日自,4
蝸牛,4
現金週,4
皮出,4
經群,4
進水,4
閉口,4
快線,4
定額,4
銷網,4
許茹,4
受其,4
點擊率,4
下屬,4
貓沙機,4
差來,4
獲永豐,4
全信,4
他們極,4
我順,4
許家,4
七折,4
用紙,4
領藥物,4
圖標,4
凱基證券,4
全好,4
匯費,4
終於覺,4
高雄空,4
經理談,4
差點毀,4
騙後續,4
異常地,4
商時,4
筆國外,4
私吞,4
共金額,4
機拿給,4
共八筆,4
辦費要,4
人員協,4
的則,4
總攔,4
領路,4
幣超過,4
分幾筆,4
隨後我以,4
帳予,4
點時間,4
出以,4
王維鈴,4
費約,4
山上,4
繳電話費,4
洪念慈,4
規中矩,4
妹夫,4
圈圈,4
卡停,4
勸告,4
渠以,4
其賣場,4
故遭,4
給黑貓,4
粉紅,4
企畫案,4
內作,4
順豐貨,4
日高雄,4
這活,4
舒梓,4
賦稅,4
會回,4
資金加碼,4
帳上還,4
招財貓,4
這不太,4
行員馬,4
分點,4
總共四萬,4
提見面,4
屋後不滿意,4
圓一個,4
顏料,4
彩色,4
但遊戲,4
以聯絡,4
機加,4
戲本,4
銀行後續,4
內給,4
總共六筆,4
哀號,4
入主,4
丟訊息給,4
啟雙,4
請訊息,4
致電國,4
請該,4
面賣,4
牛市,4
還車,4
畫風,4
案人要,4
謝銘修,4
日韓,4
卡不會,4
虧錢,4
卡分別,4
並傳遞,4
草地,4
解雇,4
一郎,4
網路幣,4
法有,4
經檢查,4
我事後接,4
打金,4
該部,4
張善書,4
元之代價,4
前線,4
這貸款,4
一束花,4
投資向,4
現個,4
傷勢,4
幣勒,4
單下,4
過這筆,4
合夥關,4
真愛就用,4
張家豪,4
行視,4
未主動,4
雅房,4
北平,4
徵會計,4
先退還,4
說話體,4
最後約,4
我務,4
組訂,4
寫委,4
脫貧,4
日林,4
商產品,4
吐得體,4
營運狀況,4
日報,4
副本,4
元歸,4
撤離,4
筆也,4
王強森,4
方圓,4
有四張,4
某詐,4
然後向,4
隨後試,4
成員暱,4
楊美琳,4
一棵,4
以當,4
中樂透,4
董男,4
給會計,4
文靜,4
完手續,4
待業,4
還說貨,4
水貝,4
方上,4
一隊,4
人證,4
說匯,4
個念頭,4
何老師,4
談場,4
服務態度,4
沒資格,4
議室,4
家電買,4
貨幣務,4
賣區社,4
前後共入,4
結果櫃,4
實體門,4
朝富路,4
真真正正,4
文質,4
東東,4
當做,4
來後會,4
簽牌,4
中若,4
自動貓,4
林倩倩,4
受話,4
獎品並,4
過後雙方,4
蘇祐辰,4
發布關,4
稱委,4
其後續,4
點入後加,4
梁添盛,4
中獲,4
那十萬元,4
比網,4
店用,4
五單,4
無見,4
方加賴,4
幣入,4
戀愛詐,4
電商國際,4
小客,4
止血,4
圖表看,4
人千萬,4
行員接,4
新密碼,4
借得,4
騙術給,4
還沒著落,4
或給,4
以後對網,4
小南,4
繳保費,4
波動來,4
故照,4
員林市,4
有點過,4
操盤費,4
東榮店,4
王昊,4
他強,4
進而介紹,4
冷門,4
大高雄求,4
梓妍,4
之標,4
咚咚,4
明驗證,4
賣項,4
龍興,4
田田,4
略述,4
想觀,4
總共從,4
正芬,4
學士,4
鐘學士,4
嘉義空,4
明香站,4
先用點,4
圖進,4
局要,4
師帶,4
沒幾分鐘,4
當酬,4
太不應,4
詐騙過,4
移民局,4
純金項,4
抽相機,4
衛士,4
賴連結,4
茶廠,4
醫醫院,4
原始股,4
竟網,4
幣就能,4
操費,4
我後塵,4
貶值,4
異常故,4
廢話,4
市話響,4
哪敢,4
遺產要,4
匯廣告,4
承諾來,4
那四張,4
錄視,4
以後購,4
介紹網,4
惟妙惟肖,4
將稅,4
莫新,4
僅透過,4
龍哥,4
獲員警,4
管委,4
太差,4
泰式,4
聲音給,4
連接並,4
初旬,4
失款,4
時會將,4
銀行共計,4
多遭,4
大聖,4
失掉,4
真騙局,4
奮戰,4
蜜語裡,4
太多詐,4
並於本,4
化工,4
我額外,4
方住,4
故共計,4
額越,4
卸載,4
圓環,4
嫁接,4
老師林,4
大餅,4
車鋪,4
圖供,4
假代,4
旅行者,4
會員以,4
我學生,4
當天過,4
進門,4
代操費,4
有廣告,4
然後親,4
般地,4
分盜,4
心想事成,4
金國際,4
軟便,4
灣高雄,4
來介紹,4
珍妮,4
恍悟,4
會會首,4
滿期,4
口耳,4
阿垂聯絡,4
子代,4
應查,4
人性本善,4
劉詒,4
老爺,4
先後叫,4
本田,4
因為當,4
退去,4
王國豪,4
然後又以,4
然當,4
數買,4
超貼,4
未料當,4
財富謀略,4
簽一個,4
數卡予,4
國際認,4
去後連,4
籠裡,4
農機,4
蔡雅晴,4
剩幾個,4
哇賽,4
林曉雯,4
毛孩子,4
我輕易,4
好給,4
開始試,4
林柏安,4
曾洳萍,4
林伯欣,4
獲暱,4
他號,4
賣家出,4
貢丸,4
故買家,4
親友劉,4
假中華郵,4
信小額,4
高多,4
內應,4
安芳,4
參加會員,4
邊會,4
小傅,4
潘隊,4
哪一個,4
明看,4
甘來,4
有志竟成,4
網友後續,4
標人,4
偉士牌,4
海外基金,4
電視架,4
碼換,4
事本,4
所積,4
天對,4
可請,4
不會變,4
動先鋒,4
開通代,4
繼而,4
突察覺,4
彩球,4
領處,4
頂架,4
金額夠,4
汪雨欣,4
裡給,4
點後悔,4
上作,4
項業務,4
網友家,4
次以,4
之女,4
出盜,4
實在後悔,4
預想,4
驗證來,4
創薪坊,4
吳家慶,4
隨後通,4
處前,4
收發,4
叫何,4
經母親,4
專都,4
獲富邦,4
職務必,4
連結後自動,4
一人稱,4
臨門,4
禍要,4
二十元,4
號驗,4
文青,4
除草,4
为了,4
方買幣,4
賣家劉,4
商討遊戲,4
地鼓勵,4
女郎,4
務將,4
親稱,4
組門票,4
之卡號,4
沐希,4
最後已,4
徐承恩,4
一株,4
認識且,4
滑開,4
光榮,4
壓低,4
王添福,4
交談後對方,4
退房,4
經歷實,4
談後決定,4
碼存,4
過宅,4
並將存,4
翱翔,4
習社,4
轉筆,4
問幣,4
數至,4
雙刃,4
連話術,4
現得,4
男主角,4
還投資,4
並將詐,4
稱其要,4
試吃員,4
數款,4
並與犯,4
婚配,4
集貨商,4
在位,4
女以,4
除掉,4
台灣版,4
還聽信,4
地截圖,4
繁華中,4
靜謐,4
筆各新,4
日後陸續,4
領導者,4
舊門號,4
時入,4
電動床,4
區北興路,4
我見面,4
自桃園,4
墨墨,4
因案,4
將另,4
包顯示,4
財務有,4
鯊西米,4
李海珊,4
西湖,4
大潤,4
天可,4
日林俊傑,4
心給,4
然後就照,4
越多越,4
連貨,4
張林俊傑,4
前後後把,4
法將,4
卡郵寄給,4
地標,4
日誤,4
實且,4
票後再,4
斷斷,4
吳蕭,4
付點數,4
縫隙,4
幣數位,4
收訊,4
頭很緊,4
夏尼,4
故依其,4
截錄,4
看抖音,4
需親,4
前日,4
經領,4
過問,4
建新,4
畢就會,4
拍得超,4
湊個,4
寄禮物,4
財有點,4
沒有委,4
數代,4
視訊會議,4
街舞,4
答幣,4
共濟,4
元彩金,4
心動馬,4
投資手,4
張婷,4
財好,4
所應,4
還誘導,4
還曬,4
前後臨櫃,4
以華南,4
並陸續將,4
張婉琳,4
同性,4
帝紅酒,4
方拿取,4
就繳,4
林建,4
行員來,4
時交貨,4
以約定,4
事產生,4
以市,4
並於貼,4
葉詩芸,4
幾次給,4
獲線,4
龍寶寶媽媽,4
傳側,4
遂詢,4
張星宇,4
談個,4
會長,4
顯低,4
選錯,4
資產不斷,4
故假,4
孕育,4
嗓音,4
蔚藍,4
事後我接,4
願意給,4
還誇,4
浩陽,4
混合,4
地盜,4
大仁,4
結果查,4
張金額,4
留痕,4
傳入,4
兌幣商,4
海峰,4
陳雯汐,4
雯汐,4
並避,4
覺將,4
對戰,4
幣從,4
滿口,4
用血,4
結前,4
黎芮琳,4
入會員,4
談情,4
多緊,4
機盒,4
史努比,4
想委,4
尋問,4
還沒時間,4
堂姐,4
遭電信,4
金即,4
急性,4
業銀行,4
假名字,4
電報,4
潛規則,4
私利,4
雲煙,4
問道,4
販售頁,4
斯里蘭卡,4
搭計,4
地拿起,4
傅君,4
儲遊戲,4
人之間,4
問軟,4
國強,4
退店,4
電開始,4
林婉清,4
獲贈,4
拒不出,4
當場查,4
那輛車,4
一人訊息,4
以臨,4
王憶,4
視訊及,4
夏怡君,4
事後去,4
之介紹,4
樂高創,4
前些天,4
錢本,4
所擁,4
阿程,4
一絲絲,4
為數,4
板屋,4
約會費,4
其健,4
補卡,4
甲仙,4
盈寶,4
所刷,4
幾天要,4
速賣,4
兩罐,4
總共獲,4
數給予,4
南門市,4
戶證明,4
專私,4
席位,4
白地,4
資金快,4
最無奈,4
終於送,4
服務細節,4
吳員,4
決手,4
並將代碼,4
天龍,4
拍子,4
隨後提議,4
介紹並,4
戲裝備,4
電暖器,4
九宮格,4
暢易付,4
有經,4
超荒謬,4
簽貸款,4
心超痛,4
認販,4
賴暱,4
獲華南,4
失竊,4
美編,4
組條碼,4
每組,4
女醫師,4
現金轉,4
完傳,4
猜想,4
俠客,4
取用,4
元繳,4
並時常,4
方返,4
李欣瑜,4
不轉,4
並於幣,4
小樣,4
很忙,4
寶綁定,4
領導,4
經常以,4
李宇洋,4
中榮,4
腦部,4
值星,4
未準,4
款來,4
作訂,4
想租個,4
上簽,4
卡金額,4
訂合約,4
元才行,4
參投資,4
行內,4
當小,4
假約會,4
問代,4
舒怡,4
勝航,4
王潮,4
現貨代購,4
張警員,4
不會加,4
憲哥,4
剛傳過,4
親友吳,4
錄後來,4
並由假,4
張麗鳳,4
另位,4
林婉慧,4
因林,4
萬辦,4
變強,4
莊借,4
一馬,4
全心全意,4
完貨,4
張佩雯,4
會準,4
裡臨,4
我資,4
騙後來電,4
又體,4
機會極,4
經暱,4
服務平,4
廣告後輸入,4
鴿勒,4
加滿,4
小穎,4
員協助民眾,4
切齒,4
永不,4
方實,4
地交換,4
無涯,4
王涵,4
且後來,4
稱曉,4
恐有,4
重銘,4
八卦,4
先經,4
為警,4
付過,4
看暱,4
頑親子,4
評比,4
非本國,4
睿蓉,4
渠經理,4
李煜,4
石子,4
藍金新流,4
要斷,4
有擔,4
水瓶,4
領牌,4
有律師,4
出來給,4
車會員,4
阿廷,4
小天使,4
分叫,4
大福,4
四間,4
活用,4
龍鳳,4
方反,4
應後對,4
愛俱樂部,4
清運,4
驕傲,4
他領,4
分多,4
資金夠,4
李鵬豪,4
小紅帽,4
謝書翰,4
熱地,4
不擇,4
他言語,4
阻計,4
停卡及,4
抽血,4
遮光,4
繳給,4
當爸,4
那般,4
林志成,4
趙曉婷,4
訴他,4
作弊,4
並沒有給,4
還改,4
憂心,4
無法進,4
精采,4
潮鞋,4
充電樁,4
洪景辰,4
著碎,4
嘉瑩,4
艾利,4
地借,4
數加,4
滑過,4
方掛,4
願向,4
太離奇,4
道士,4
藏匿,4
苦口婆心,4
集保,4
吳箴傑,4
證機制,4
李采,4
謝民,4
原欲,4
當我致,4
演技,4
置入,4
日委,4
還沒發,4
用款,4
還不時秀出,4
王凱,4
可好,4
盲燈,4
領工資,4
梓官,4
從抖,4
貝莉,4
私訊上,4
送員來,4
蠻準,4
再辦,4
李奧納,4
日致電,4
日週,4
欺並,4
員卡,4
現對方,4
無人能,4
其款,4
筆總共,4
家產,4
詩曼,4
生機位,4
領航俱樂部,4
嘉柏,4
庭庭,4
抽種,4
還申辦,4
機長,4
二來,4
起航,4
聯合報,4
新娘,4
救火,4
賣家口,4
謹慎理財,4
新貨,4
六路,4
人訂購,4
訂下,4
前後後總共買,4
武士,4
曉霖,4
質地,4
坐享,4
經假,4
威利,4
疑並,4
文化街,4
有財,4
天鑑,4
金換取,4
停辦,4
張雅絹,4
李義,4
茶器,4
最後吃,4
詳細詢,4
所持,4
高雄給,4
太猛,4
手慢,4
尋人,4
王雅婷,4
將薪,4
印鈔,4
配業者,4
慈榮,4
順利提,4
之內容,4
蓮門諾,4
學海無涯,4
是過,4
碼活動,4
台灣遠,4
歐洲代購,4
並兌,4
葉思敏,4
三十五分,4
甄別,4
三井,4
財產作,4
資金確,4
將酒,4
稱怡,4
劉欣盈,4
分詢問,4
其門號,4
蜜袋,4
專網,4
舞者,4
出金多,4
接地,4
來載,4
節過,4
時在網,4
聚焦,4
這個員工,4
石幣,4
一銀租賃,4
許團長,4
還詳細,4
超實用,4
追分,4
有鉅額,4
內容承諾,4
接話,4
念書,4
金遭,4
呂宜軒,4
伍佰巡,4
元之明,4
金時期,4
六甲,4
夢境,4
放手,4
一區,4
養羊,4
價高,4
撥來,4
同心同德,4
他的賴,4
啊輝,4
信費用,4
葉思瑤,4
沒提,4
鏡子,4
及板,4
小本,4
貨什麼,4
在察覺,4
群峰,4
大樹區,4
戰亂,4
隱之心,4
並說款,4
柯志文,4
商福,4
明門市,4
轉電話,4
啟航學,4
煥宗,4
雙匯,4
提熊,4
捍林,4
將會作,4
看人,4
內遊,4
記虛擬,4
聲明書,4
款後會,4
過這種,4
玉燕,4
不可抗力,4
著遊戲,4
乃訴,4
將興櫃,4
極力遊,4
事過,4
機掉,4
惠君,4
正直,4
選一樣,4
出聲,4
還慘,4
警徽,4
男給,4
當買個,4
原文,4
因非,4
寄件給,4
區潭,4
旅宿業,4
金融法,4
小顏,4
區海,4
佃路,4
東門路,4
婚前,4
謝欣琪,4
儀瑄,4
問儲值,4
問開始,4
最终,4
楊佳慧,4
投資長,4
六千五百,4
打擊詐,4
總共訂,4
商量一下,4
驟來,4
縣水里,4
存滿,4
超渡,4
靠北,4
卡販售,4
流來,4
林美華,4
將錢換,4
著中獎,4
匯款後給,4
餘地,4
宗耀,4
謝藝萍,4
職來,4
這下慘,4
用換,4
吃不完,4
福德,4
用共新,4
還不斷給,4
方未回,4
抽中手,4
體重機,4
白晴晴,4
李孟蘭,4
商點,4
阿嬌,4
阿爆,4
上致,4
江怡婷,4
打永豐,4
腳架,4
把剛,4
方文賓,4
將護照,4
著超,4
中號,4
留住,4
默凡,4
看不見,4
文售,4
朱成志,4
關款,4
虎山,4
認非,4
其現,4
龍門,4
資網,4
匯及,4
轉出款,4
王梓寧,4
及代為,4
當我質疑,4
大姑,4
取點數,4
第九,4
玉井,4
可協,4
賴連澄,4
南通,4
付之一炬,4
樂高迷,4
太長,4
賣文,4
林少,4
將累積,4
芳瑩,4
完說,4
這群組,4
方強,4
之自稱,4
依著,4
稱民眾,4
遭警,4
林雨桐,4
蔡芊昀,4
薄薄的,4
所賣,4
商加碼,4
違約行,4
尚業,4
損失數,4
隨後通過,4
如學習,4
數越,4
最後雙方,4
橋頭,4
負上,4
滿無法,4
團話術,4
群組見,4
根據訂,4
單肩,4
地當面,4
其持續,4
登記表,4
經得,4
這說法,4
科科長,4
梁文婷,4
卡應,4
點半去,4
符紙,4
林麗香,4
為訊息,4
聲道,4
水源路,4
大批,4
悲觀,4
日欲將,4
將抖幣,4
失一張,4
以合約,4
職變,4
二百四十,4
日時許,4
劉冠慶,4
萬傑,4
李婷婷,4
縣公館,4
會展,4
上常,4
著美麗,4
台灣當,4
蕭明,4
書鶴,4
泳衣,4
為慧,4
文琪,4
確保薪,4
雅晴,4
阿瑾,4
推波助,4
民是,4
價錢給,4
楊雯婷,4
並未進,4
排解,4
李銘昊,4
開始將,4
毀滅性,4
幣錸,4
他連,4
閃易通,4
故轉,4
訂購並,4
萬國,4
劉品,4
付兒子,4
販賣區,4
傳訊加,4
音內,4
稱營,4
臉書持續,4
上萬元,4
抽抽,4
面對線,4
林錦鴻,4
太蠢,4
往日,4
著泰達幣,4
不自覺,4
計謀,4
王林,4
向林,4
上衝,4
六萬零,4
五萬到,4
智華,4
妥後相約,4
愛蓮,4
广告,4
购买,4
中人,4
以獎,4
一則類,4
宗翰,4
滑動動態,4
事會計,4
元換取,4
或理,4
財產品,4
揭示,4
狂人,4
林軒,4
人極,4
小糖,4
需拍,4
麒哥,4
路徑,4
著手機,4
法定代理,4
該屬,4
自中華,4
勇氣問,4
至簡,4
人見,4
順其,4
調包,4
仁門市,4
去羅東,4
鄒專員,4
區府,4
張雪芬,4
小桂,4
置物架,4
機會實,4
當準備,4
入勝,4
立揚,4
拆分,4
瀏覽手,4
酸菜,4
榮華,4
骨罐,4
轉保證,4
還保證過,4
他們熱,4
錦銘,4
歸根,4
沒解鎖,4
老車,4
緊牙關,4
絕境,4
順鑫,4
吳玉梅,4
胡月,4
江路,4
階梯,4
粉絲卡,4
卡傳過,4
謹慎驗證,4
共組,4
事人,4
此前,4
單碼,4
徐經辦,4
中中,4
卡特,4
破詐,4
仔細辨別,4
千祥雲集,4
小嘉,4
著貨物,4
充資金,4
楊霖,4
蜜莉,4
相聚,4
稱獎,4
亞當,4
景辰,4
林恩如,4
人小王,4
靜柔,4
鄭均,4
分打給,4
裕富,4
方瞬間,4
大陸籍,4
親在,4
蕭男,4
無光,4
方下載,4
成點數,4
許多實,4
高惠貞,4
換新機,4
可愛極,4
事上,4
證的關,4
小瑄,4
超麻煩,4
阿格,4
高匯率,4
問詳細,4
決定給,4
飛速,4
王王,4
實中,4
蘇格蘭,4
生利,4
通要,4
不可告人,4
並非來,4
財付,4
人試,4
慘白,4
坑慘,4
太無奈,4
得維妙,4
雷厲,4
奉夢,4
貨貸,4
調手續,4
語氣來,4
建生,4
處長,4
然後滿心,4
證這個,4
波詐,4
人妻,4
曉宇,4
雅楠,4
何小毅,4
尾獅,4
剩無盡,4
徐瑞惠,4
這股,4
自食,4
無邊,4
金花,4
瑞宏,4
小鼠,4
活兰,4
陡然,4
張雨馨,4
發一樣,4
愛蘭,4
簡字,4
雷比,4
搜尋解決,4
因相談,4
感席,4
在終,4
銀河特,4
攻隊,4
且網,4
活動連,4
中頭,4
還額外,4
高效率,4
春華,4
無奈像,4
天後就會,4
嫁給,4
投資後可,4
徐睿君,4
張景智,4
簡介連結,4
槍械,4
冰霜,4
林宥儒,4
洩露過,4
預約金,4
在給,4
元之間,4
緊嘗試,4
千紅,4
張欣雅,4
卓曉蓉,4
晴和,4
急功近利,4
稅為,4
芯戰,4
貨剛,4
加回,4
很塞,4
辦理信,4
吳妮琪,4
百萬大獎,4
草皮,4
粗俗,4
包裝著,4
伸向,4
醜陋,4
周五,4
徐瑜,4
厚得,4
淘寶微信,4
供水,4
印記,4
林禹盛,4
貼文連結,4
投少,4
連忙詢,4
億集,4
愛不釋,4
小房,4
鬼魅,4
李元吉,4
聯徵紀錄,4
涌起,4
營運部,4
楊宏光,4
獎金到,4
淺色長,4
白頭,4
中區民權,4
不給票,4
想麻煩,4
勤富,4
朱永群,4
財務往,4
區發,4
瑤經理,4
幫忙線,4
詩的,4
顏博諭,4
開心極,4
鬼影,4
地刺,4
許瑄,4
易飛網,4
抹黑,4
並多加,4
重負,4
瞬付,4
包無法,4
沒有驗,4
並務必,4
飛龍,4
小瓊,4
內買,4
談笑,4
李欣慧,4
淑媛,4
加菲貓,4
保費用,4
確保租,4
成積分,4
高職,4
樊佑軒,4
一米,4
以中華,4
歐姬兒,4
登上,4
指靜脈,4
遊美子,4
林小欣,4
數小時,4
裡雀躍,4
會夢碎,4
及三個,4
這簡訊,4
音信,4
區工,4
還徹底,4
納額外,4
細問,4
圓佳,4
蔡談股,4
超衰,4
然後撥,4
因為終,4
之後黑,4
君悅,4
張鼎,4
均宏,4
終連,4
充電盒,4
將大漲,4
並與群,4
更謹慎,4
然後發給,4
證金時,4
雲裡,4
購買長,4
網路後面,4
本性,4
這將會,4
氣慌張,4
三十元,4
裡一樣,4
出金還,4
時多加,4
輝仔,4
哲哲,4
困難件,4
項繳,4
聖傑,4
算帳,4
起類,4
政凱,4
筆序,4
導致現,4
公諸,4
明秀,4
涵琳,4
了吳,4
賣票者,4
永遠銘刻,4
終於聯絡,4
新遊戲,4
學貸,4
連確,4
神速,4
城中,4
心里,4
便馬,4
宣乾,4
前後總計,4
善循環,4
國義之人,4
灰飛,4
地記錄,4
蘇曉婉告訴,4
賣家誤,4
辦理車,4
成員眾,4
沒能識,4
蔡文舒,4
台購,4
抽屜裡,4
節當天,4
亞灣,4
張嘉,4
李可兒,4
還兼職,4
嘆息,4
高亞迪,4
街景,4
東商,4
霧戲,4
碳纖維前,4
當專員,4
吳宗儒,4
羊羽,4
繳納傭金,4
歹毒,4
靈智付,4
龍馬,4
欣庭,4
徐金樹,4
案才,4
愉悅,4
滋長,4
感比金,4
交些,4
淑怡,4
並先後匯款,4
徐飛,4
趕工,4
野原,4
機靈,4
華譽,4
理托運,4
簿並,4
斯特,4
投資帳,4
大吉大利,4
地替,4
能體,4
床單,4
紫氣,4
進薪,4
幾檔,4
團尋找,4
巴菲特,4
愛情裡,4
新民,4
以磨滅,4
打開手,4
地竊取,4
吳欣瑜,4
腦兒,4
維維,4
目端,4
羈鳥,4
未送,4
專員陳志雄,4
留貨,4
已經層,4
轉網,4
充道,4
續步驟,4
內滿,4
慈勝門市,4
劉小紅,4
所存,4
小嬸,4
佳期,4
梁朝,4
決戰,4
失真,4
炸彈,4
增量,4
遮白,4
我廠,4
嚴肅且,4
暴龍,4
派幣,4
賣代購,4
李佳,4
張庭語,4
舒彤,4
最寶貴,4
並改變,4
出詐,4
家浩,4
李明陽,4
刮得,4
阿丞,4
另傳,4
張世豪,4
堅果,4
還這麼,4
班傑明,4
衛衣,4
梁雍,4
鋼化模,4
誇大其,4
包殼,4
開楊,4
輕貸,4
創世,4
之餘會,4
騷女,4
土豆,4
師介紹,4
小皓,4
法鬥,4
地縫,4
問加,4
睿峰,4
化車,4
詢款,4
戶政資料,4
簡金媛,4
斷手,4
集美,4
防護罩,4
漢服,4
冷風,4
開熱烈,4
除夕,4
那五萬元,4
飛起,4
胞兄,4
發財捷徑,4
龍龜,4
繁討論,4
僅售,4
牽來,4
正巧在,4
林一銘,4
劉遠陽,4
惠敏,4
許多群,4
烏魚子,4
拋諸腦,4
登入過,4
主選定,4
溫文爾雅,4
楊佳麗,4
彥華,4
那不僅僅,4
素可泰,4
想化,4
初三,4
思俊,4
禁得住,4
梁先生,4
小輔,4
溫情裡,4
虛無,4
瀏覽過,4
啟強,4
實小有,4
財一竅,4
終於存夠,4
設計稿,4
累得,4
七旬,4
青春年少,4
小禮物給,4
閃著,4
美好事物,4
他輕,4
密的關,4
組織團,4
團聚,4
宏期,4
獲利相,4
景國際,4
摯友,4
埋下,4
永保青春,4
從事個,4
孤獨感,4
於獎,4
慘經,4
且後面,4
小泡,4
雙全,4
林欣蓉,4
不僅門票,4
點通過,4
殷殷,4
小子,4
許多過,4
僑生,4
行商,4
達沃,4
不巧,4
科系,4
紳閎,4
位元匯,4
王控,4
甘甘好,4
外圍,4
劉亭安,4
救生衣,4
東安,4
首匠,4
切且,4
保母費,4
年近半百,4
痛哭流涕,4
孫子當,4
消逝,4
楊光華,4
針線,4
行員還,4
益友,4
獨到,4
紀事家,4
張騙,4
億彰,4
燈火,4
現在成,4
賠得,4
沈芸,4
元資金,4
昵稱,4
看著別,4
銀查詢,4
宏傑,4
首承車業,4
菲亞,4
運龍來,4
彭金英,4
楊淑華及,4
王婉俐,4
企銀證券,4
時張,4
永樂,4
楊靜佳,4
玄空,4
著機車,4
不變,4
謝士英,4
二舅,4
稱餘額,4
呂學諺,4
筆換匯,4
看空,4
展鵬鵬,4
內價值,4
可接,4
借五萬塊,4
噩夢正,4
之惡劣,4
竺國,4
當服務員,4
姜均,4
耳針,4
脊背,4
城線,4
當遊,4
西園,4
佩穎,4
格特,4
謝可芯,4
賺學費,4
一千零五,4
雲智友,4
宏毅,4
卡三,4
柯博珉,4
七竅生,4
十拿九穩,4
張敏雯,4
王雅慧,4
現貨購,4
原均,4
筆大,4
瞎眼,4
存匯款,4
賴慧盈,4
這七萬塊,4
自詡,4
如流,4
鴿舍,4
心如死灰,4
額顯示,4
水解,4
城小額,4
我們將,4
瞳彩,4
博易,4
悲嘆,4
王昕宇,4
几分,4
壯年,4
數天過,4
普歷,4
俞揚,4
已額,4
分始,4
孫慶宇,4
蔡某,4
宴晴,4
魏靖慈,4
愛睡,4
潤時,4
洪偉成,4
財經皓角,4
宜泰,4
沒在網,4
事個,4
拉拔,4
分就將,4
小班,4
便約定,4
伊麗莎,4
閘門,4
林琦芳,4
曾雯佳,4
汪凱欣,4
張瑞鵬,4
熱茶,4
蘇嫌,4
名傑,4
沒寄到,4
高婉芬,4
邱宇晨,4
著敏銳,4
頭永遠,4
春慧,4
原匯款,4
瘋購物,4
梁思雯,4
宇凡,4
興隆,4
繁華,4
片中,4
生平,4
付學費,4
掛斷並,4
時鐘,4
物購線,4
宋仲成,4
喬麗婭,4
嘉良,4
個誠懇,4
卷商,4
之號碼,4
這副耳機,4
風箏,4
早知如此,4
取豐,4
王宇恆,4
周嫌,4
將陳民,4
若儀,4
美林,4
起來並,4
心欣,4
國中生,4
服務生,4
林慧茹,4
橋忠,4
忠銘,4
資方,4
中國匯,4
音點數,4
君梅,4
所來,4
海山,4
美白齒,4
衝量,4
面滿,4
著存,4
鬼胎,4
祥恩,4
山月,4
邊境,4
護鈔,4
諺是,4
輝德,4
富鑫幣,4
出大額,4
尤為,4
縣民,4
兒孫繞,4
她極,4
保險過,4
耐性,4
理工,4
輕教師,4
能輝,4
這四萬塊,4
仁禾,4
囊中,4
秉承,4
張亭儀,4
飛越,4
全芳位,4
聚寶閣,4
工網,4
泰亨,4
立生,4
微雨,4
股俱樂部,4
幾乎將,4
支取,4
居民,4
向小王,4
王女士,4
參加民間,4
洪銓富,4
憔悴,4
媽媽來,4
錦釧,4
洪良,4
功略家,4
電鳳山,4
我運氣,4
由婉彤,4
鄧寶儀,4
評議,4
稱陳筠,4
價購入,4
完仗,4
阿爾文,4
福勝,4
該人將,4
坤偉,4
繳納車,4
宋雨霞,4
江家凱,4
士衝擊,4
鐘聖義,4
明合約,4
翼展,4
學投,4
叫浩程,4
火龍,4
江信,4
武專員,4
蔡曉晴,4
小希,4
李承恩,4
大陸購,4
徐伯郡,4
王義夫,4
玄玄,4
區正義,4
謝鋒,4
江育,4
孤獨地,4
著個,4
苦幹,4
陳燁華,4
王宏國,4
普發金,4
通證,4
宇格,4
區重陽路,4
吳婧雯,4
張汝菲,4
高潛力,4
鄭維桐,4
關山,4
還彈,4
前千萬要,4
拈來,4
名義聲,4
新房子,4
稀有性,4
羿淇,4
徐雅桐,4
帶返,4
盧提文,4
胡瓊瓔,4
游英傑,4
踐踏得,4
文圖片,4
陳旭環,4
范經理,4
芯茹,4
壯圍,4
信榮,4
上幣商,4
襲驚,4
購遊,4
還計劃,4
豪爽,4
為傲,4
瑞芳,4
林知,4
弘鼎線,4
阿葦,4
林江,4
鄭好,4
宇平,4
支離,4
明浩,4
之後明,4
山陀兒,4
問明浩,4
琦琦說,4
之後琦琦,4
並依明,4
楊品,4
許勝傑,4
適些,4
媽媽桑,4
古銀幣,4
期末,4
朱雅玲,4
銀行游,4
邱怡芳,4
元作驗證,4
拆福袋,4
阿益,4
根據群,4
雨瀟瀟,4
粉刷,4
五八,4
劉珮萱,4
林志文,4
理容院,4
領體驗,4
商請,4
熱忱,4
一輩子兢兢業業,4
馥品,4
會嘗試,4
這位員工,4
葉華,4
蔡秉叡,4
義為,4
飢腸轆轆,4
依柔,4
經常發,4
這六萬多塊,4
宏捷科,4
葉庭,4
保證卡,4
金其,4
不法侵害,4
氣多麼,4
諺明,4
突接,4
師帳號,4
阿娟,4
東寧路,4
還表達,4
規賣家,4
小柚,4
證試,4
揮霍,4
房仲廣告,4
張志傑,4
特别,4
蘇鼎宇,4
七彩,4
毅傑,4
青山,4
手筆,4
邵穗鵬,4
朱雅鈴,4
鈺蓁,4
諺暄媽,4
隨後幾天,4
張善媚,4
內透,4
利用率,4
將構,4
徐佳婷,4
幣金,4
性應,4
忠孝西路,4
吳念騰,4
而後並,4
蔡沐玲,4
王建祥,4
能凍,4
少亨,4
郵寄來,4
童微評,4
儲熱式,4
鄭文龍,4
志趣,4
會平,4
阿佐,4
高培齡,4
商福興店,4
絲經濟,4
酷咪快,4
士哲,4
幸運中,4
鳳瑩,4
林雅琴,4
王哲國,4
如虹,4
林國凍,4
夏紫琦,4
期末考,4
南瓜子,4
該業務員,4
江小珺,4
王秀,4
點為,4
不可多得,4
還請求,4
經濟損,4
莊國際,4
裡堆,4
葉百齡,4
常好,4
思睿,4
企總,4
楊振宏,4
駿宇,4
推拉,4
邦寧,4
聰慧,4
三七,4
這電視,4
需還,4
洗車機,4
修鋒,4
稱黃萍,4
湯靜,4
聯達,4
縣馬公市,4
西文,4
服務產生,4
不卡,4
柯鴻淵,4
林宗琪,4
賈車,4
零門檻,4
瓦舍,4
因下,4
張鴻宗,4
阿揚,4
以緊,4
人地,4
蘇煜凱,4
顏眠,4
假協理,4
進凱,4
唐詩,4
慧珍,4
志信,4
師魂,4
陳焱芳,4
林曉雅,4
靜榮,4
傅華政,4
鐘頂,4
藍雨彤,4
跳水,4
張詩藝,4
劉邦彥,4
二百八十元,4
十幾次面,4
外帶,4
噩夢始,4
皮直,4
梁詠琪,4
流會員,4
呂美雯,4
周梓韓,4
對方責,4
季度,4
體驗館,4
孫鵬富,4
福匯,4
芬芬,4
李慧娜,4
撲克店,4
山尼,4
許發,4
博詐,4
可宸,4
周梓涵,4
立馬貸,4
天團,4
啟售,4
民眾始,4
億鑫,4
神魂,4
顛倒,4
毅澤業務,4
素霞,4
千歲,4
當時別,4
清香,4
林金發,4
票務無誤,4
梅花鹿,4
羿翔,4
達人堂,4
孫鵬博,4
御錢術,4
座感,4
廣盛,4
測算,4
連坐,4
曉華因,4
曉華接,4
日金額,4
鄭廳,4
完以,4
明鈺,4
林天財,4
萬子,4
高儲蓄,4
粉絲十團,4
存回來,4
無法續,4
獎牌,4
李祥,4
蔡菁蓉,4
地麻痺,4
范偉安,4
針扎,4
徐學駒,4
處理後才,4
雨玲,4
給行員,4
洪雪娥,4
廖仁槐,4
李駿業,4
賣商,4
小昊,4
林永賢,4
加利利,4
耀雄,4
生興趣,4
德能,4
綠海,4
鄭仕儀,4
文戟,4
薪資獎,4
使命,4
邱玉芬,4
文友,4
東森電,4
商紅利,4
紅利將,4
假紅利,4
周淑瑩,4
凱爾,4
繳納紅單,4
吳逸嬅,4
拒當,4
十四元,4
張淑美,4
今有,4
福德街,4
恬逸,4
鄭樹森,4
李佳蓉,4
宜穎,4
高文君,4
郝琪力,4
台星,4
趙琦君,4
參閱,4
幣提,4
青木,4
萌香,4
利吉貸,4
弘樺,4
先後請,4
意沁,4
李浩宇,4
劉浩鵬,4
張偉林,4
元恆,4
楊政煌,4
禁伐,4
悅泰,4
蕭凱晉,4
違反國際,4
白雯,4
育瑋,4
包裝後發現,4
手續後會將,4
這類網,4
打包票,4
餘世文,4
翌之人,4
宗維,4
振興智,4
審核步,4
提遊,4
綠卡,4
漁權,4
林偉則,4
信眾,4
楊郁雯,4
團媽團,4
阿陳信,4
先後數次,4
阿陳才,4
電子鎖,4
運通,4
郭庭瑋,4
威震,4
周方意,4
亞蓁還,4
張芸汐,4
往昔,4
育利通,4
內車幣,4
蛋蛋,4
信康,4
聞玉琮,4
蔡鎮育,4
魔王,4
火星,4
白鱘,4
呂紹杰,4
予告訴,4
蔡文騫,4
廖筱君,4
進入給,4
死侍,4
金鋼,4
版動漫,4
節會場,4
趙育,4
該文以,4
公放六,4
華演場,4
印想,4
號後又說,4
今無回,4
利計劃,4
楊宗興,4
幣勝客,4
聯都,4
世欣,4
艾咪,4
宇煬,4
芋泥,4
李依麗,4
違規事實,4
張小華,4
華世巡,4
暢飛套,4
說話間,4
柳淑箐,4
雙邊,4
功率,4
簡某,4
林思儀,4
京成,4
建銘,4
非常感激,4
輔助驗證,4
音樂試,4
海通,4
蛋渣,4
王野華,4
景順,4
林庭永,4
的馬幣,4
必通過,4
然後黑,4
萬銷售,4
何雅琳,4
李淑敏,4
碼聯絡,4
打次,4
阿臻,4
瑞源,4
許慶霖,4
寶可夢大師,4
符文,4
江清萬,4
資料後系統,3
出後交給,3
場所接,3
貨連,3
收退,3
最後總計,3
需點,3
六七年,3
上帝,3
遙控器,3
某醫院,3
高達七萬,3
愛巢,3
及識,3
警語,3
出及,3
總財,3
損為,3
脆友,3
過並,3
挑選想,3
購連,3
最後統計,3
中國華能,3
經不多,3
傳一連,3
每間,3
蛙鞋,3
信後點,3
分紅時,3
孝軒,3
中邀,3
正達行,3
分點擊,3
何景,3
供後續,3
地交個,3
投創,3
將補助,3
費服務,3
家計,3
一讀,3
辦理返,3
幣後再,3
開為,3
稱透過,3
一驗證,3
懷念,3
胸產品,3
碼查,3
將商場,3
局封鎖,3
購買店,3
完購,3
緩緩,3
首爾,3
朝思暮想,3
遊戲平,3
取高,3
空帳,3
助記,3
找類,3
壯士,3
召廣告,3
做無卡,3
談點,3
出遠門,3
我事後察覺,3
內錢,3
簡訊始,3
方順利,3
需上,3
這周,3
入金款,3
藝術屋,3
三條,3
利潤要,3
中問,3
反噬,3
轉回原,3
先拿現,3
方誤,3
幣托及,3
學理財,3
之後客,3
軍營,3
匯些,3
照慣例,3
隨後又傳來,3
不買點,3
參團,3
仁心,3
連與,3
但那次,3
談得體,3
辰辰,3
幣八萬,3
商寫,3
欣穎,3
分錢,3
麥卡倫經,3
圈裡,3
她們還,3
將給,3
方輸入,3
低聲,3
平静,3
丟入,3
需先以,3
訂價,3
發布贈,3
就致,3
尋物,3
車龍頭,3
故詐,3
真不少,3
惟約定,3
裡滑到,3
然後出,3
寄一個,3
款步,3
還說驗證,3
催討時,3
職且,3
搜尋機票,3
天氣潮,3
週要,3
管理科,3
中庭,3
翹班出,3
獲得配,3
蔣嘉瑩,3
內詐,3
付錢給,3
雅妍,3
裁縫,3
王國安,3
由裡面,3
並雙方,3
自稱幣,3
流驗,3
金錢會,3
沒寄東,3
專款,3
卡審核,3
會員繳,3
日寄給,3
手相,3
金處理,3
名騙,3
方所派,3
假理,3
佐藤,3
張欣儀,3
並掃描,3
張婉茹,3
多萬台幣,3
騙匯,3
須簽署,3
誤為,3
及富邦,3
咕麻將,3
賣麻,3
圖並,3
資金緊,3
剛賺,3
快領,3
弘記,3
損金額,3
獲利太高,3
還很熱心,3
繳清款,3
摘要,3
發訊息問,3
每轉,3
可貨到,3
六五,3
四千七百,3
樂利,3
人母,3
頒獎典,3
禮門票,3
美胸,3
創建虛擬,3
內開,3
等案,3
事後網,3
林靖怡,3
郭智偉,3
何智霖,3
總共見,3
看見帳,3
兩萬點,3
全包,3
說別,3
豪見面,3
好多年,3
報關費,3
一百零八,3
最後那個,3
他車,3
踩爛,3
會員什麼,3
單故,3
標的給,3
報股,3
可教,3
大雄,3
天保,3
上先,3
法加,3
健班,3
購買表單,3
買家點,3
這原,3
事國際,3
暫驗證,3
著畫,3
會館員工,3
清整,3
實惠便,3
放生,3
造景,3
蘇民,3
網銀系,3
可由,3
錢少,3
報廢,3
友後始,3
須我,3
邀約並,3
乃訴警,3
幾十萬元給,3
體裡,3
中逐,3
色澤飽滿,3
審核金,3
想誠實,3
全白費,3
申請個,3
大榮快,3
分寸,3
出序號,3
幾千不等,3
給兆豐,3
解決後會,3
文號,3
但發,3
日後無法,3
又經,3
來載貨,3
柏偉,3
萬完,3
買小卡,3
因限額,3
將多餘,3
日先轉,3
起碼,3
邁進,3
的點,3
展門票,3
許就,3
應徵到,3
借手,3
最昂貴,3
將盡快,3
變瘦,3
結訂,3
購產品,3
加熱煙,3
偷用,3
有書面,3
最後打,3
調過程,3
因不願,3
活人,3
見狀,3
這幾天會,3
假換,3
且款,3
有寄貨,3
結果付,3
房產證明,3
入續,3
攝傳,3
著免,3
卡西,3
老師代操,3
包變,3
分換,3
下錯,3
勾織,3
東西蠻,3
隨和,3
須監管,3
人員之人,3
搜尋名,3
絨絨,3
興店,3
搶卷,3
冷意,3
還準,3
背後竟,3
診股,3
往後再,3
初能,3
財產資訊,3
帳畫面,3
或諮詢,3
寢食,3
牌寄給,3
光顧,3
遭設定,3
因無台灣,3
零經驗,3
修護,3
升級驗證,3
遭騙取,3
將剛剛,3
口徑,3
如法,3
給款,3
控制台,3
紅利會,3
谷谷,3
臟狂,3
中霧峰,3
共盜,3
事後檢視,3
出版社,3
我雲端,3
遭連續,3
樂扣,3
他作,3
職若,3
頭約定,3
財並,3
應後便,3
之人發,3
廣告網,3
恩葳,3
不會還,3
遊付,3
小空間,3
省稅,3
靜默,3
太詭異,3
局電話,3
之後詐團,3
永輝,3
第三代,3
某機關,3
辦理戶,3
需透,3
人自稱,3
遭關,3
財產將,3
單後出現,3
最後一波,3
團主,3
正氣,3
拳王,3
於繳,3
上半身,3
因線,3
雖不多,3
親簽,3
依專員,3
當下察覺,3
誤信詐,3
戶頭裡面,3
萬多點,3
將賬,3
總共會,3
國徽,3
潤入帳,3
看小額,3
追到,3
中能,3
隨後進入,3
養眼,3
加載,3
來共新,3
詢服務,3
詢費,3
提領始,3
共現,3
訴訟費,3
只針,3
投資光電,3
取紅利,3
藥丸,3
賴帳號,3
便持,3
螢幕視,3
因載,3
救出,3
從幣安轉,3
易手,3
錢後要,3
找代,3
運費共計,3
然經,3
積極且,3
然後送,3
召喚,3
加溫,3
還多退,3
監護人,3
抽稅,3
去統,3
時少,3
明產品,3
一應,3
欺新,3
共四萬,3
方陸,3
元折,3
續嘗試,3
欠廠,3
資料確,3
我算出,3
三眼,3
運費共新,3
價格共新,3
著變,3
慫恿並,3
為傑,3
兩不誤,3
或代購,3
帳明,3
更換手,3
三封,3
元禮券,3
阿林,3
旅遊業,3
對口,3
一間幣,3
資金放進,3
幣店,3
之語,3
親切還,3
質料,3
戶代,3
終照,3
做後便,3
商間,3
匯款後系統,3
資金竟,3
有會計,3
一犯,3
筆訊息,3
人互動,3
裡販售,3
還沒說,3
催債,3
總共七萬,3
總共六萬,3
尹經理,3
食用油,3
筆兩萬元,3
噴霧器,3
方無故,3
倩怡,3
紅利及,3
所始,3
畢後才,3
香薰,3
有缺,3
願嘗試,3
取銀行,3
誘進,3
還有頭,3
拍事業,3
國軍醫院,3
趕過,3
還沒將,3
裡很激動,3
瑞怡,3
梵谷,3
人僅,3
化妝台,3
其後因,3
組無法,3
人檢舉,3
費單,3
禮券換,3
打上去,3
該將,3
治所,3
專員訊息,3
張赫,3
要件,3
東方路,3
錢問,3
另因,3
價格後對,3
對方立,3
多餘門票,3
問的,3
無價,3
李佳穎,3
來致,3
共數,3
著謊,3
或代匯,3
下序,3
欺金流,3
機系統,3
整筆款,3
懷夕,3
損且,3
緊密,3
開交貨,3
天後對,3
晶鉑,3
卡寄還,3
匯往,3
有氣質,3
看數據,3
需盡快,3
被領,3
藥水,3
前後共以,3
將條碼,3
認未,3
入後依,3
販賣熱,3
搜才,3
會員載,3
號是,3
形驗,3
資產交給,3
變大錢,3
超冤,3
載後依,3
中發布,3
滑時,3
回儲值,3
說覺,3
每半年,3
這才嚇,3
取貨到,3
車城,3
轉電子,3
小霞,3
總共貸,3
連名,3
戲弄,3
連結務必,3
名表,3
稱裡面,3
冷靜且,3
風格剛,3
期經營,3
繳帳,3
轉介所謂,3
會員方能,3
繳交約會,3
選產品,3
一登錄,3
失遊戲,3
持委,3
先後至,3
小站,3
員聲,3
佩蓉,3
選其,3
套近乎,3
補足餘額,3
人不見,3
沒再匯,3
樂天桃,3
總決賽,3
人文,3
購人,3
認賣,3
帳計,3
則未,3
棒球棒,3
著無情,3
服務團隊,3
繁詢,3
買方稱,3
錯費用,3
帳戶後才,3
其核,3
認票價,3
那場票,3
獎紀錄,3
之後兩人,3
日談,3
封詐,3
並私訊給,3
低估,3
說聲,3
機末,3
僅為,3
購手,3
兩家門市,3
所辦,3
低無法,3
欣茹,3
事後認,3
拉松賽,3
行銀行,3
討論類,3
讀卡,3
貨經,3
認後是,3
查貨,3
徵我們,3
張會,3
賣氣,3
太準,3
面一樣,3
驗票,3
影畫面,3
甲乙丙丁,3
匯八萬元,3
繳更,3
區住,3
判刑,3
一波三折,3
貸十萬元,3
東街,3
未現,3
身且,3
書書,3
張友財,3
泰文,3
貓糧,3
秀芳,3
智頭家,3
虎爺,3
好巧,3
跨海,3
簽實名,3
將車子,3
額太高,3
鞋類,3
假證據,3
滾利,3
很慌亂,3
勝門市,3
健檢,3
對方突,3
剩餘資金,3
李欣婷,3
專員陳麗娜,3
現後覺,3
成別,3
來求,3
春暖花開,3
買場,3
魚網,3
美人魚,3
許安潔,3
月還,3
妥後對方,3
許金額,3
吳姓,3
裁決,3
為號,3
起頭,3
涉個,3
戶款,3
予取予求,3
時系,3
何民,3
名義設局,3
洗錢法,3
筆會員費,3
金分,3
礦場,3
高鐵上,3
一答,3
前後在,3
數計時,3
貪心害,3
貨色,3
櫻城,3
中豐,3
已故,3
醫美療程,3
尿酸,3
澆醒,3
並索,3
開卡要,3
繳一萬元,3
包去,3
決家裡,3
服務品,3
具驗,3
裡和,3
故再,3
過時,3
之後等,3
區回,3
星城幣,3
城幣,3
網站連,3
音超,3
能報,3
辦公大樓,3
已經領,3
想小試,3
能邊,3
穩定領,3
項後會將,3
卡竟,3
單狀況,3
面內容,3
碼無法,3
秋婷,3
見帳,3
辦幾張,3
薔薇,3
竟因,3
真誠而,3
買家電,3
之畫面,3
代購團,3
錢票,3
給代辦,3
更貴,3
小念,3
猛象,3
金冠,3
張子明,3
俊朗,3
韓代購,3
需郵,3
銀無法,3
片及,3
吃糖,3
仔細端,3
簡訊到,3
真情,3
實意,3
路人,3
價不斐,3
師資,3
地還,3
沙灘車,3
小確,3
充電,3
一償,3
宿願,3
報表給,3
填選,3
品杰,3
富翔,3
政風處,3
專員透,3
疑涉,3
刑大員警,3
金管會驗,3
合約樣,3
秒鐘,3
關寵物,3
並跟著,3
再網,3
筆資金時,3
國際匯,3
某運動,3
他表達,3
名義自稱,3
謝寧婷,3
多益,3
飛輪,3
蔡曉玉,3
援小物,3
機透過,3
林凱,3
兩對,3
找銀行,3
轉一萬,3
轉送給,3
快入,3
傳個資,3
有共鳴,3
要輸,3
交儲值,3
明想,3
出貨快,3
我建好,3
元傭金,3
最後提,3
意棄,3
地直,3
季後賽,3
認交貨,3
童趣,3
稱假,3
連續繳,3
核下,3
重利,3
給大榮,3
帳務明細,3
稱何,3
要贈,3
寄車,3
細項,3
將證件,3
權驗證,3
筆共三萬元,3
抽獎券,3
本體,3
賣詐,3
語語,3
並承諾待,3
運費時,3
釋說,3
做客,3
帳約,3
便會員,3
能交個,3
真高,3
繁星,3
心一陣,3
提退,3
不可避免,3
甘休,3
比率,3
不假,3
遭報,3
新台幣數,3
集鎮,3
初中,3
有記,3
之通話,3
分先匯,3
我毀,3
種植,3
來處,3
呼呼,3
三隊,3
項什麼,3
哪是,3
貨單號,3
專員替,3
張匯款,3
啟動會員,3
蠻實,3
消費訊息,3
買東,3
房市,3
在建,3
滾來,3
金樓,3
裡傳,3
彭世一,3
裁定,3
繳運費,3
收銀,3
廂裡,3
就亮,3
引導給,3
繳開,3
再連絡,3
而後由,3
點擊後輸入,3
卡未,3
認連結,3
蕭蕭,3
交點數,3
某廟,3
具行,3
瑪吉,3
感加劇,3
幾十,3
實動搖,3
挺合適,3
裡既憤,3
航線,3
去後頁,3
至家門口,3
現驗證,3
將暱,3
遭引導,3
惟繳,3
費後並,3
榜定,3
沒再理,3
上時,3
元離開,3
組即,3
異常後始,3
款待,3
費共損,3
某寄貨,3
匯約,3
某音樂,3
幣一萬元給,3
板子,3
機板,3
翻湧,3
依步,3
驟將,3
心境,3
然後系統,3
真為,3
再歸還,3
水電師傅,3
背債,3
不願面,3
報銀行,3
來畫,3
文化局,3
進置,3
票務出,3
算學到,3
較實,3
法則,3
快繳,3
最後幾,3
人下單,3
之意,3
拍遊,3
投資大陸,3
逗趣,3
會同,3
資訊後發現,3
未獲,3
萬元後發覺,3
這代價,3
小確幸,3
失七萬,3
將金飾,3
樂昏,3
活會,3
死會,3
資訊連,3
萬無法,3
聽話照,3
想買條,3
有家長,3
升學,3
臨櫃辦,3
網或,3
某廠,3
棒棒糖,3
兩萬元點,3
元金流,3
全退,3
一月份,3
車了,3
先後給,3
江建廷,3
台銀行,3
艾麗,3
因詢問,3
及會員,3
機連結,3
稱羅,3
他代辦,3
單該,3
轉線,3
會序,3
六瓶,3
其代,3
我識,3
檀香,3
並要將,3
彥俊,3
林子祥,3
資至,3
這是驗,3
那勒奈,3
搞笑,3
伊藤潤,3
郵寄費用,3
康訊息,3
共八萬元,3
我共買,3
線條,3
而後驚覺,3
惟前,3
幣流,3
合資買,3
沒買成,3
買地,3
李穎穎,3
地點位,3
寶昇門市,3
封測,3
還示,3
試提,3
時後再,3
之貨物,3
隨老師,3
詳人,3
錄截,3
聯才,3
效果器,3
妳自己,3
榜單,3
佳姍,3
評為,3
遊俠,3
認命,3
命中率,3
那錢,3
連轉帳,3
匯款關,3
腳色,3
苦瓜,3
真誠且,3
並引薦,3
交技術費,3
磁力,3
哪個標,3
手作善,3
金證明,3
還不確,3
帳務出,3
冷靜核,3
繳交點數,3
費用並,3
電話通,3
松竹,3
恆宇,3
瀏覽頁,3
請代書,3
單以,3
貨運將,3
實際僅,3
我元,3
幣商名,3
小築,3
並連絡,3
有返,3
消費及,3
來裝,3
啟勝,3
幼貓,3
該戶頭,3
高某,3
曉燕,3
一奈,3
殺肉車,3
連約,3
李雅柔,3
幣商換,3
認能,3
幾千幾萬,3
可恥,3
晚霞,3
法不太,3
組查,3
他才給,3
果品,3
質不錯,3
人忘記,3
防部,3
了後者,3
追責,3
代保,3
方錄,3
付約,3
以車,3
換務段,3
花籃,3
遠親,3
欣瑤,3
帳務還,3
認取,3
畫面並,3
受辱,3
竟來,3
餅人,3
數後並,3
哥之人,3
某郵政,3
地先匯,3
供該,3
房卡,3
前後後進行,3
三兒子,3
總共好,3
然後貼給,3
領更多,3
成員向,3
發送驗,3
提領驗證,3
並求證,3
阿婷,3
著太多,3
前筆,3
單後出,3
看價格,3
活動費用,3
斗音,3
炮群,3
某分,3
查訂,3
跨國戀,3
前後約,3
相約定,3
不節,3
人化,3
幾盒,3
賣代儲,3
方變,3
意並,3
小健,3
其後賣家,3
異不願,3
區滿,3
致報,3
完飯,3
資產去,3
明正,3
很想問,3
人求,3
幹壞,3
越會,3
募捐,3
餘額僅,3
離開原,3
貨一,3
機型號,3
實順利,3
黑馬股,3
崩跌,3
阿本,3
貸下,3
前後總共買,3
繳費成,3
現在票,3
自號碼,3
電金,3
小葳,3
問店,3
一廂,3
號旁邊,3
虧光,3
現金禮券,3
建民,3
其後發現,3
幣益,3
單後對,3
結算款,3
拍下點,3
我想給,3
第二通,3
處人員,3
行多筆,3
給我試,3
正門口,3
通無果,3
組沙發,3
包貼,3
組電話,3
到門市,3
失五萬元,3
免費化妝品,3
全化,3
觀光,3
機傳來,3
故向警,3
特偵組,3
輝立,3
圍欄,3
須透過,3
人代練,3
完之後再,3
送海報,3
巩梵珠,3
尚餘,3
欺取,3
將受,3
八仔,3
買約,3
其新,3
惟渠,3
失四萬元,3
未用,3
人拉入,3
筆開始,3
匯太多,3
選後與,3
中談論,3
需回,3
參與詐,3
能長,3
總共價格,3
不痛,3
現金寄給,3
陰霾,3
帳時間,3
應徵上,3
並花費,3
地掃,3
毫無頭緒,3
我質,3
費共新,3
圓融,3
更感,3
去幣商,3
賣裁,3
額試,3
當團,3
職群,3
購物並,3
假賣貨,3
張慧芳,3
何還,3
裡總是,3
熟面孔,3
完後卻,3
洪子,3
親友始,3
貼文超,3
五六年,3
經漲,3
劉詩涵,3
介绍,3
並協商,3
元販,3
陳鈺婷,3
購買床,3
股訊息,3
下透過,3
大遠,3
打賞給,3
需修,3
登入幣,3
給陳,3
需花費,3
莊嚴,3
還很客,3
氣地,3
不忙,3
抓下,3
玩交換,3
不僅個,3
票務延遲,3
給下,3
內未,3
給訂,3
一亮,3
金機制,3
出貨會,3
賠時,3
還沒解鎖,3
正義感,3
細傳給,3
出包,3
網路識,3
並呼籲,3
懷疑個,3
溫潤,3
透亮,3
一陣陣,3
你當,3
存幣,3
升降,3
高橋,3
圖證,3
建築業,3
開密,3
給我交貨,3
借一點,3
津津有味,3
光緒,3
五枚,3
人和事,3
上越,3
選擇並,3
並不僅僅,3
回首,3
買後將,3
搗亂,3
性言語,3
唇膏,3
自責當,3
法收,3
談未來,3
帳號換,3
沒人回,3
感逐漸,3
證前,3
所標示,3
遂持,3
我的帳,3
方營造,3
當雙方,3
家訊息,3
一走了之,3
或幣商,3
有貓,3
之後跑,3
裡聊,3
某當,3
絨毛童,3
稱原,3
機被,3
好並,3
並錄影,3
取薪資,3
還是將,3
竹店,3
攤開,3
元硬幣,3
右手,3
林華,3
幣鑫,3
批發店,3
上為,3
菜單,3
琪華,3
林偉,3
繳各種,3
屋裡,3
還厚,3
總共才,3
但手,3
筆禮物,3
認同,3
那三筆,3
胡立陽,3
成抖,3
傷心欲絕,3
購物款,3
他得寸,3
滑短,3
法要,3
某群組,3
照著裡面,3
某幫派,3
美國籍,3
兒津,3
共行,3
並創設,3
希音,3
可後來,3
貨便並,3
配網,3
從事房,3
續訂,3
留訊息,3
我糊裡,3
穿員,3
楷翔信,3
分六筆,3
輕舉,3
妄動,3
辦無卡,3
裡當然,3
包資料,3
裡出現,3
卡五張,3
地持續,3
我多匯,3
中分別,3
掉頭,3
未到貨,3
需補匯,3
一萬多顆,3
認貨品,3
能驗證,3
間心,3
出後才,3
刷抖,3
到訊息識,3
販賣電,3
紙尿褲,3
給過,3
資人,3
從遊戲,3
聯絡裡面,3
林裕,3
給地,3
好賣,3
任教,3
益鼎,3
楓浩,3
包裝袋,3
燒掉,3
地機,3
童心,3
玩具店,3
票換,3
寄貨訂,3
人員王,3
那人用,3
可柔,3
查一查,3
奇幻,3
王浩天,3
千金,3
石材,3
我承諾,3
貸理,3
另介紹,3
因親,3
海棠,3
運工,3
必收,3
給檢察官,3
組廣告,3
喝了酒,3
格上,3
臉書販,3
筆詐,3
小時後會,3
矽膠,3
全因,3
損失近,3
全台灣,3
兩趟,3
過誠信,3
養套,3
不察點,3
許的,3
我事後覺,3
碰頭,3
偶爾閃過,3
部王,3
筆和,3
人數眾,3
威逼,3
轟鳴,3
滿盤,3
裡既驚,3
卡請,3
戲給,3
尊享,3
號跟驗,3
事後我經,3
數且,3
發文售,3
筆會,3
填充,3
前後後跑,3
購買飾品,3
制為,3
七十九,3
送貨來,3
網並,3
金飾給,3
數枚,3
手游,3
金管會會,3
確讓,3
標時,3
界線,3
鼠籠,3
購車款,3
開始極,3
四十元,3
前者,3
漁港,3
只願意,3
惟稱,3
過金流,3
林逸,3
問貨運,3
之求,3
開話題,3
超商轉,3
家森,3
面則,3
女兒點,3
衝榜,3
金補足,3
阿願,3
這兩名,3
僅聲,3
遭匯入,3
並先後以,3
還把存,3
資有,3
經循,3
封鎖訊息,3
還整,3
許多筆,3
永遠記,3
賣家終,3
斷然,3
方業務,3
古人,3
假卡,3
外星人,3
販售馬來,3
出體,3
子板,3
黑衣,3
一交錢,3
預告,3
以後該,3
費和稅,3
鈕點,3
完價,3
排盤,3
而主動,3
武勝門市,3
繳並,3
略過,3
聯絡台,3
卡幫,3
週薪,3
上店,3
五萬元轉,3
來網,3
且始,3
網銀去,3
往下掉,3
高麗菜,3
遺囑,3
獲利下,3
歸屬,3
人長,3
期住,3
股來,3
並導,3
送行,3
請渠,3
查無該,3
覺得合,3
單門,3
詐稱,3
林雨飛,3
幣以,3
戰士,3
這是給,3
光明正大,3
許早,3
扣回去,3
未公開,3
童樂,3
某幣,3
碟盤,3
十七次,3
美夢中,3
相安,3
賴帳,3
騙毀,3
一百七十多,3
法點,3
巧兒,3
戀愛中,3
會鎖,3
實際將,3
還講出,3
個訊息,3
騙後趕,3
外還,3
琳恩,3
為賴,3
帳卡,3
金匯過,3
會算,3
一簽,3
互動漸,3
並寄來,3
風天,3
臉書去,3
並開價,3
轉近,3
少部分,3
點數還,3
很會演,3
金一筆,3
著介紹,3
經關,3
面值,3
我後來問,3
簡訊聲,3
問具體,3
邱雅芬,3
創始,3
方遠端,3
項陸續,3
出六筆款,3
私訊紀錄,3
傳訂,3
交稿,3
先分,3
著關,3
名義教,3
當作款,3
用共計,3
振強,3
繳交律,3
涉足,3
地受,3
款客,3
並盡早,3
繳省,3
影響力,3
稱在網,3
面幾乎,3
彈出式,3
場券,3
上玩遊,3
戲贏,3
監獄裡,3
連電信,3
以錢,3
經我察覺,3
異諮詢,3
吳文融,3
僅慫,3
我欲要,3
磁卡,3
幫忙配,3
看性,3
愛視頻,3
裡詢問,3
甜味,3
之人個,3
高會員,3
機無,3
有諸,3
因小額,3
號後再,3
但開,3
會委員,3
合法化,3
裡既震,3
盲箱,3
克黃金,3
破百,3
額資金,3
探親,3
因為獎,3
現問題,3
曾詢,3
傳交貨,3
車賣家,3
旅車,3
方狀況,3
任重,3
既震驚,3
利欲,3
折騰,3
寄貨系統,3
先後被,3
認獎,3
龐大且,3
林若曦,3
協助訂,3
接著詢,3
竟遭,3
戴帽子,3
用友,3
張瑜,3
陣腳,3
他話題,3
要釋,3
權過,3
萬遊,3
意賣,3
台灣代購,3
過代購,3
遊玩體驗,3
書販售,3
貨運收,3
貨運連,3
約給,3
中英,3
李國華,3
變點,3
選買家,3
隨後開,3
設一個,3
最後買,3
投資買,3
仍聲,3
過稱,3
音欲購,3
人幫,3
連結後傳給,3
並替,3
順發,3
人稅,3
隨後從,3
裡癢,3
及序,3
振東,3
武漢,3
買靈,3
維生素,3
其確,3
打臉,3
簡單問,3
數據機,3
派員到,3
組看,3
終無人,3
匯流,3
詐術陷,3
挺穩,3
企劃部,3
連借,3
天梭,3
且後續將,3
小瑩,3
週後會,3
獲利後續,3
欠缺,3
大量出,3
文志,3
貨出,3
寫網,3
飛機暱,3
鄭品,3
我位,3
使用期,3
網友名,3
問見面,3
我告,3
還推廣,3
爛東西,3
提多,3
開醫美診,3
她講,3
命脈,3
總共價,3
隨後欲,3
貝斯,3
最後賞,3
鋼鐵,3
入後發現,3
送彩金,3
問過程,3
致電該,3
臨檢,3
心妮,3
晚才,3
心口,3
並解鎖,3
白白地,3
歡樂高,3
辦貸,3
高時薪,3
限領,3
送審,3
關務署,3
獲利分,3
以獲,3
色色,3
餐飲業,3
並教學,3
一贈,3
並協,3
最後轉入,3
我後續察覺,3
賣帳,3
七萬多,3
近十萬塊,3
回國內,3
務網,3
鎮大智路,3
李定偉,3
王雨澤,3
未見款,3
質詢,3
紫羅蘭,3
兩串,3
服裝店,3
越多時,3
心裡頓,3
幾袋,3
弄口,3
意願時,3
有輛,3
吵起,3
加給,3
點數後並,3
旅箱,3
覺不錯,3
進行統,3
並趁機,3
來的確,3
獲利耶,3
綠界來,3
綠界線,3
叫涵,3
見求,3
戲帳,3
如玉,3
我替,3
她繳,3
英倫,3
資金洗,3
一案,3
接至,3
並未見,3
投資珠,3
做室,3
唯獨,3
中二獎,3
並跳,3
推薦幣,3
鄰居向,3
兩通來,3
應照,3
極大衝擊,3
書畫,3
美術館,3
購線,3
傷了,3
場員工,3
優惠價購,3
幾天後要,3
禁用,3
中經,3
許淑子,3
敲敲,3
金流系,3
氣管,3
增收,3
依琳,3
沒有查,3
劉雯婷,3
回一筆,3
優先購,3
跟訊息,3
用電信,3
辰皓門市,3
驟下,3
若不付,3
開後才,3
轉介下,3
親友後始,3
大當,3
拖車,3
流導致,3
引爆,3
無訂,3
脫掉,3
大街,3
時約定,3
真善美,3
傳手,3
當我接,3
進而達,3
今發現,3
其商,3
反告,3
虛擬幣給,3
沒報,3
大拇指,3
先約,3
過人,3
先租,3
就心,3
改寫,3
當為,3
電玩遊,3
花太多,3
惹來,3
入給,3
相中,3
典雅,3
這只,3
禮物予,3
票要,3
有遊,3
並取,3
幣富,3
書賣,3
買漲,3
行動並,3
被算計,3
以同,3
標榜免,3
參加後對方,3
我往,3
小帥,3
林佳霆,3
謝瑞麟,3
經賣家,3
宋雨琦,3
其實際,3
稍後給,3
會計會,3
坐席,3
搜尋被,3
傳播妹,3
二名,3
李佩怡,3
追繳,3
寶等,3
失竟,3
賣務必,3
下照,3
落腳處,3
新技能,3
別一時,3
欄裡,3
貼文來,3
二組,3
金庫轉,3
日能,3
贈獎,3
並未照,3
宰殺,3
參加暱,3
索賠,3
熊班小,3
帳戶領,3
竟稱,3
還簽署,3
供予,3
方所屬,3
買齊,3
陳瑋婷,3
假人設,3
名義貸款,3
給驗,3
氣不過,3
著愛心,3
我慌得,3
湊成,3
報號,3
報牌費,3
還有過,3
涉嫌犯罪,3
晶光,3
轉運鋪,3
東西買,3
戶還,3
近六萬元,3
還懷,3
經入,3
消費要,3
方後因,3
問退貨,3
一十六,3
集團善,3
認此,3
多代,3
進信,3
號與驗,3
異常訂,3
想談,3
假人,3
之後驚,3
行進,3
高酬,3
黑長,3
違和感,3
中上當,3
網友聲,3
張號,3
貨運運,3
之凱,3
調無須,3
起時,3
卡即,3
白老師,3
相關點,3
並抽獎,3
以行動,3
對方同,3
稱要將,3
要緊,3
白化,3
班次,3
問給,3
連登錄,3
說小額,3
價換,3
這一萬,3
明傑,3
王菲,3
事手,3
運費詐,3
還見,3
楊瑞珍,3
再開,3
有明,3
認後馬,3
以後做,3
定都,3
昂代購,3
收一張,3
總計費,3
事後假,3
來安裝,3
警員林,3
假藥,3
榨光,3
從戶頭,3
當機車,3
北高雄,3
高雄大樹,3
就後怕,3
其接,3
性隱私,3
多拉,3
用抖音,3
自私,3
等術語,3
錯事,3
背鄉,3
大有,3
長頭,3
過這件,3
不買遊,3
露營區,3
擴大營運,3
臉書來,3
帳號掛,3
將欠,3
林佳蓉,3
私訊詐,3
向宇,3
關免,3
親過,3
內下單,3
慶慶百貨,3
拆開後發,3
送錯,3
經約,3
管會驗證,3
覺恐,3
九月九,3
他分,3
中帳,3
計起,3
名銓,3
他們網,3
一條長,3
劉之人,3
拍出去,3
音樂器,3
結平,3
元之開,3
曾秀珍,3
數與,3
故說,3
地就給,3
賠及,3
方循,3
保後續,3
最後叫,3
不銹,3
踢踢,3
還要將,3
抽不出,3
之後系,3
明須,3
統訊息,3
某協會,3
隨便加,3
端莊,3
鞋盒,3
機滑到,3
多萬進,3
金剛,3
愛台灣,3
從夢裡,3
卻步,3
芬樂絲,3
警鈴才終,3
話現,3
總共需,3
經察覺,3
幫助民眾,3
開數位,3
下分,3
仁靜,3
瀏覽求,3
義芳,3
子隆,3
栖栖,3
名義告訴,3
先拿錢,3
隨後見,3
張志勝,3
監察,3
查證後確,3
我司,3
貨物款,3
相關入,3
前案,3
皮訂,3
要掛,3
婧媛,3
承諾會將,3
銀上,3
竹聯山豬,3
加賣,3
專員驗,3
所開設,3
低價轉,3
大榮連,3
前後儲值,3
拖拉,3
法不斷,3
宣傳高,3
吃不消,3
樣樣,3
魚目,3
混珠,3
專員一,3
海海,3
進入幣,3
百分之十五,3
前後分別,3
方所供,3
品澈,3
認證後便,3
稱申,3
請津,3
七夕,3
入海,3
中七萬元,3
互約,3
之選項,3
結其,3
說學校,3
中士,3
某理財,3
鎖心,3
靈驗,3
超商時,3
本業,3
不雅畫,3
訂金才行,3
繳費後會,3
真誠互動,3
協助配,3
看後覺,3
遞會,3
我貨,3
給順,3
逸文,3
出血,3
給李,3
音程,3
標息,3
能馬上,3
出家,3
詢問櫃,3
福利部,3
方的後續,3
並秀出,3
商談購,3
監理網,3
跑帳,3
證後發,3
楊淮,3
則將,3
以口頭,3
山葉,3
店前,3
越慌亂,3
故教導,3
將餘額,3
出後詢,3
風來,3
市公所,3
事後感覺,3
並轉換,3
夾裡,3
連串,3
進郵件,3
網友謝,3
差事,3
各付,3
介自稱,3
購買動,3
創建訂,3
鋁框,3
張淑婷,3
問且,3
元貨款,3
卻換,3
假包,3
低收,3
並連同,3
俊良,3
局時,3
財化,3
褒忠,3
事查,3
蠻真,3
試運氣,3
想買件,3
筆會費,3
自民國,3
賣七龍珠,3
的頭,3
缺陷,3
始遊,3
撲克牌,3
深水,3
聯城,3
大學學生,3
其能,3
筆錢會,3
三週,3
火車票,3
前後後共買,3
勾針,3
其群,3
結果後來當,3
將資金分,3
充錢,3
跟罰,3
自稱員警,3
對方訂,3
交額,3
一個屬,3
許照,3
電子帳,3
員要,3
過這則,3
一條訊息驗,3
億門市,3
各顧,3
應景,3
當場驗,3
誘導民眾,3
不點擊,3
找代書,3
實輸入,3
飲機,3
方行徑,3
銷費用,3
實廣告,3
還繳,3
三百多元,3
別針,3
免息,3
財務損,3
利潤實,3
還遲疑,3
氣我,3
自投羅網,3
佳悅,3
你照,3
經明,3
銀畫面,3
帳務紀錄,3
工稱,3
其系統,3
方後遭,3
寄訊息,3
只約,3
原價釋,3
任天堂,3
卡業務,3
但四個,3
帳會,3
統下,3
但合約,3
運粉,3
當調,3
車牌號,3
原色,3
舊東西,3
我共組,3
價格標,3
省一點,3
賣兒童,3
繳關稅,3
小訂,3
延遲給,3
最後被,3
取號,3
沛沛,3
對人,3
名幣,3
下才,3
已多人,3
三萬給,3
明及,3
日應,3
八到,3
進好,3
賣家連,3
審核要,3
匯換,3
以保,3
所及,3
錢不翼,3
南北,3
時分許,3
總共賣,3
方依,3
把幣換,3
后里,3
再訂,3
總共應,3
對方陸,3
意識要,3
件物品,3
人合資,3
尋夢園,3
舊換,3
方議價,3
為出,3
領航者,3
至戶,3
高貴森,3
臨到,3
寄名,3
連結線,3
選後便,3
以測,3
頓時化,3
誘導進,3
機盜,3
地點並,3
發布求,3
聯自營,3
張舒靜,3
領處方,3
連存,3
完卡號,3
主說,3
連去,3
整顆,3
元長,3
走帳,3
記了,3
數時間,3
的還,3
人踐,3
然後打,3
先放進,3
最後都會,3
資通,3
那門號,3
以向,3
簽訂委,3
首歌,3
時查詢,3
拖回,3
調風險,3
組內會,3
裡逛,3
問錢,3
還竊,3
正因如此,3
地傳給,3
打轉,3
頭暈,3
站不住,3
機還給,3
筆風,3
包了,3
克特,3
機裡面,3
遭檢調,3
星晴,3
李芝雅,3
碼後發現,3
換台幣,3
職群組,3
玉里鎮,3
樹下,3
結後驚覺,3
送書本,3
數字化,3
會陷,3
果將,3
加備,3
鐘後手機,3
二女兒,3
戶政所,3
銘哲,3
現金遭,3
樂陽,3
一陣子後該,3
便教,3
專員介紹,3
應召廣告,3
劉少華,3
國聯創,3
辦人員,3
產借,3
李夢晴,3
寄書,3
振作起,3
隨後又傳給,3
更將,3
紀錄裡,3
有業務往,3
以所謂,3
之人聲,3
會員時,3
裡的訊息,3
送彩妝,3
付並,3
經騙,3
總共數,3
貨運資料,3
否則驗,3
出門要,3
最可惡,3
楊慧穎,3
咬碎,3
裡告訴,3
寶鑑定,3
星語,3
連購,3
親為,3
給一筆,3
付大約,3
沒結果,3
索馬利亞,3
第九次,3
但後來察覺,3
車手並,3
新聞稿,3
擴音,3
方之言,3
釣到,3
錢會給,3
更多線索,3
人步,3
自立,3
隊查,3
蘭陽,3
愛選物,3
實測,3
廢棄物,3
買會,3
裡找,3
運寄貨,3
沛霖,3
金門檻,3
禾旺,3
給工廠,3
裡在,3
遠傳電,3
何銀行,3
鑄鐵鍋,3
失計,3
地收,3
隨後察覺,3
分級,3
裡介紹,3
西會,3
鏡片,3
書坊,3
裡急,3
進釣魚,3
問我爸,3
群組學習,3
結帶,3
能代操,3
以偽造,3
絕繼續,3
點破,3
並撥款,3
當天前,3
開通順,3
服務才,3
報備給,3
我遂點,3
前後陸,3
完後給,3
幣上,3
方之銀行,3
原住民,3
找上,3
還依約,3
我楓,3
填成,3
買本,3
鍍金,3
某外匯,3
職達,3
方之人,3
空類,3
動態裡,3
完約定,3
最後覺,3
何詩櫻,3
獲車手,3
大威,3
人員後續,3
要應,3
無悔,3
點擊系,3
差價來,3
盈餘數,3
學一技,3
資訊刷,3
一技之長,3
結清費用,3
粉餅,3
認事,3
餘料,3
送卡號,3
法學,3
應後續,3
已離,3
巴卡,3
做代儲,3
看點,3
陸續照,3
資訊截,3
含糊地,3
第一眼,3
一場關,3
將面臨,3
聖物,3
慶生,3
貨日,3
經理馬,3
會寄來,3
告發,3
淑敏,3
結處,3
一組手,3
更該,3
來交貨,3
入助,3
度假,3
網向,3
憤懣,3
尋額,3
提領帳,3
替家裡,3
中大里區,3
大里路,3
稱害,3
收進,3
雅軒,3
轉而介紹,3
義與,3
協助查,3
處並,3
實體照,3
宮洛,3
還牽連,3
時動心,3
該交貨,3
來配,3
沙龍,3
但算,3
幸運之神,3
筆債務,3
超好康,3
交匯點,3
並見面,3
任賢齊,3
極致質,3
感杯,3
藝坊,3
完保證,3
擔保才,3
林貨幣,3
計算著,3
某家統,3
還不滿意,3
並衝,3
現成,3
的傷,3
額不斷,3
三溫,3
奶媽,3
不顧,3
雷同,3
出貨地,3
泰法殿,3
母親節,3
網購款,3
將犯,3
手時,3
標有,3
動要,3
教具,3
阿星,3
取金額,3
額轉,3
競標訊息,3
自理,3
專人代為,3
遭求,3
現金禮,3
致電台灣,3
地租,3
音號,3
將截圖,3
而羅,3
音主頁,3
地承認,3
示訂,3
照著輸,3
刑大隊,3
需維修,3
示帳,3
有盈餘,3
不參,3
凌雲齊天,3
等點,3
錢後失聯,3
來長,3
不太穩,3
擔後果,3
是幣商,3
簽電子,3
成要,3
標錯,3
還拿去,3
秋紅谷,3
七年,3
新用戶,3
這兩萬元,3
簽單,3
內埔,3
並分潤,3
無奈難,3
項四筆,3
還說系,3
方本來,3
向民眾,3
想想也是,3
東西去,3
不疾不徐,3
介意,3
氣他,3
先升級,3
將金額轉,3
用金錢,3
解鎖並,3
茹寶,3
此群,3
組接,3
拿合約,3
最火紅,3
裡壓力,3
客菜,3
說會匯,3
人熱,3
萬親,3
手送,3
時照,3
運寄件,3
區德賢路,3
先後提領,3
上差,3
貨寄來,3
沒購,3
電話線,3
價販售,3
包提,3
帳號後該,3
認識後加,3
幣遭,3
代會員,3
光泉,3
半威脅,3
施沛瑜,3
張價,3
換上,3
機來電,3
內容僅,3
某社區,3
下至,3
鐘後就,3
文點,3
螢幕馬,3
私賴,3
從馬來,3
可回收,3
去門,3
最後金額,3
跳樓,3
依晨,3
胡宛琳,3
我國泰,3
及經,3
我業務,3
請會,3
網銀訊息,3
連預,3
然後不斷,3
不去,3
其車,3
內文稱,3
吳建豪,3
徵得,3
所架設,3
嬌鬱,3
凱蒂貓,3
大帝,3
梟鷹,3
重陽,3
逮人,3
酷洛米,3
並調查,3
巴士,3
未聯絡,3
向裡面,3
將多筆,3
公然,3
寶建設,3
還遞給,3
還敢,3
損失外,3
單詐,3
捕撈,3
卡務必,3
著利潤,3
可透,3
因額度,3
天後才,3
城入,3
當我主動,3
回頭算,3
地都給,3
過銀行,3
封偽造,3
似無地,3
先諮詢,3
機無卡,3
閃耀奪,3
變得安靜,3
免費試,3
用期,3
想學個,3
商儲值,3
投資真,3
並觸,3
托將,3
收據單,3
結欲,3
舊品,3
免後續,3
怡怡,3
算驗證,3
細狀況,3
被忽略了,3
絕接,3
義申辦,3
新台幣予,3
可動用,3
須等,3
網查過,3
會員約,3
金價值,3
欠費會,3
再細想,3
房東會,3
投資龍,3
電商訂,3
訂機票,3
帳號剛,3
開後續,3
人員代為,3
聊及,3
門票訊息,3
狂刷,3
嫦娥,3
林慧婷,3
許婷,3
該人員,3
廟後方,3
可自,3
法及,3
林威,3
某知,3
偉平,3
貼文裡還,3
整趟,3
素昧平生,3
處費,3
明此,3
限時動,3
態裡,3
耐著,3
林惠敏,3
號共新,3
完後會將,3
融資金額,3
完後覺,3
及第,3
排風扇,3
開存,3
越放越,3
選要,3
停住,3
走並,3
寵物鼠,3
引人入,3
辦者,3
先留,3
網到,3
過這篇,3
點有,3
她頭,3
欠條,3
估風險,3
保底,3
網銀陸續,3
人視,3
電打來,3
其後在,3
問信,3
迷彩,3
桌面,3
夏眠,3
現金十萬元,3
方歸還,3
辦理並,3
手機頁,3
將兩筆,3
隨後又拉,3
規定員工,3
可憐蟲,3
還專業,3
記暱,3
酒要,3
幣價,3
蛋塔,3
陳鈺琪,3
欣悅,3
鐘才,3
結標,3
將冷錢,3
尋仇,3
店員掃,3
金付,3
真點擊,3
高鐵到,3
收攤,3
飯團團,3
賠償費,3
故訂,3
愛侶,3
裡提領,3
出好,3
夠謹慎,3
外繳,3
辦保險,3
抽筆電,3
辦業務時,3
仍將,3
采微,3
林君怡,3
解碼,3
書才,3
傳密,3
而後發現,3
投愈,3
挪威,3
畢後要,3
招兼職,3
優惠時,3
過後續,3
稱一個,3
手刀,3
臨時性,3
失聯無法,3
帳號須,3
明明白白,3
動來,3
高價酒,3
群組購,3
李淑芬,3
日竟,3
堤防,3
業務來,3
剩物,3
除溼,3
跟代碼,3
我事後向,3
開原則,3
中南部,3
意幫,3
還渠,3
西區戶,3
底透過,3
對方原,3
對方後續將,3
萬象,3
還戴著,3
抽禮物,3
連廣告,3
婚戀,3
垃圾桶,3
海南,3
我想領,3
發放給,3
順利約,3
價格漲,3
想加碼,3
湊款,3
給林民,3
地溝通,3
從夢中,3
有五筆,3
總共八筆,3
決遊,3
郵局領,3
哪天能,3
需準備,3
商問題,3
著信,3
經理還,3
方解決,3
著小卡,3
一筆驗證,3
優惠點數,3
我的網,3
改造,3
生活化,3
地潑,3
煥然,3
沒辦過,3
要承擔,3
數萬元過,3
購業者,3
周期,3
網友講,3
網友後來,3
開收據,3
德瑞,3
油膏,3
問原,3
額款,3
好用,3
塵世,3
文資訊,3
金礦,3
資以,3
並承諾後續,3
人曬,3
接連以,3
代勞,3
到後會,3
通大額,3
本給,3
商換取,3
次面,3
認對象,3
潛藏詐,3
附之連結,3
尚門市,3
用券,3
元訂購,3
日撥,3
持用,3
釋迦,3
意還,3
糖尿病,3
尿液,3
獲利後可,3
會小物,3
其受,3
永威,3
安幣網,3
在員林,3
元放進,3
帳號後會,3
因未察覺,3
現就,3
弄完,3
要害,3
謀面,3
我痛,3
林佳琪,3
名義把,3
皇室,3
場後對,3
要主動,3
送達統,3
以媽媽,3
牧牧,3
證金才行,3
金流要,3
拋在腦,3
我主動給,3
理貨,3
前後把,3
號訊息,3
雯子,3
打語音,3
還創,3
一則文,3
確保資料,3
寶或,3
帳訊息,3
資資訊,3
日主辦,3
剩餘餘額,3
交租金,3
貨賣貨,3
對造,3
緊向,3
友稱,3
貨司機,3
某手,3
但遊,3
來關,3
組線,3
金來驗證,3
所花費,3
電謊,3
就常,3
任務結,3
這一萬塊,3
時為,3
留些,3
細詢,3
郵寄現,3
保養廠,3
認成,3
專員能,3
依此,3
同時給,3
總共一,3
因驗,3
放好,3
下沉,3
累計大約,3
詐貸,3
蹊俏,3
紅利獎,3
寄項,3
帳共,3
來務必,3
筱婷,3
過遠,3
連結後即,3
邀情,3
豪以,3
戶洽,3
等動作,3
投資訊息務,3
終會,3
老同學,3
數支,3
凝膠,3
真不知道,3
中華電話,3
大勇,3
音接,3
大豐,3
協辦,3
鄭善,3
為開,3
叫陳曉莉,3
還逼,3
跳台,3
將前,3
我後來察覺,3
尊榮,3
企業戶,3
寶款,3
杰雨,3
購群,3
經攀,3
閱該,3
同時還,3
壁紙,3
貨以,3
給老,3
起來過,3
財不太,3
報來,3
賣家能,3
每台,3
著驗證,3
轉換業務,3
補寄給,3
還夢想,3
鋪裡,3
可稽,3
而後透過,3
對芳,3
訂婚,3
定驗,3
自手,3
稱急,3
裝購,3
幫買家,3
珠寶行,3
卻親,3
林世榮,3
連寄件,3
明細並,3
林姵蓁,3
或求,3
負責帶,3
蛇寶寶,3
陪您,3
當爸媽,3
家具店,3
媽禮,3
面餘額,3
先後申,3
王嘉樂,3
廣告後連,3
之人用,3
黎氏,3
穎茹,3
輕信個,3
這樣踐,3
員編,3
抽查,3
單純購,3
烏俄戰爭,3
出金費用,3
幣安等,3
叫琳,3
拉群,3
女主播,3
及小卡,3
戶裡面,3
著承諾,3
並求,3
予給,3
沒傳來,3
辦理費用,3
筆照,3
其後便,3
單畫面,3
飛翔者,3
湯姆貓,3
財顧,3
越幣,3
地先給,3
入港,3
明細傳,3
機開,3
恐成,3
請爭,3
潮濕,3
夠不夠,3
幫忙代賣,3
工給,3
太平洋,3
之後交換,3
企銀及,3
臟病,3
書寄給,3
免保證,3
住在一起,3
需補稅,3
方細心,3
網認識,3
終於來,3
電指稱,3
報過,3
五甲,3
愛玩遊戲,3
三萬元轉,3
嘆氣,3
需理會,3
名義處理,3
未刷過,3
幣與,3
而後悔,3
我太輕易,3
地毀,3
大義,3
經加,3
好貸,3
須盡速,3
高山流水,3
員驚覺,3
期日,3
結故,3
獲抖音,3
政資料,3
傳動,3
蔡天,3
前後後跟,3
林嘉欣,3
辦手續,3
認確,3
貨詐,3
著單,3
繳交技術費,3
裡打開,3
法幣,3
主動要,3
關節,3
絨毛,3
粉絲間,3
出一種,3
小額費,3
用路,3
空箱子,3
葉欣,3
我共刷,3
艾菲,3
金想,3
奶油,3
著收貨,3
筆跟,3
號跑,3
一賣家暱,3
當天轉,3
機上將,3
七八年,3
我向林,3
偏財,3
一陣子後加,3
完對,3
完細節,3
攝並,3
八位,3
銀線,3
資作,3
南苗,3
卡會給,3
匯一萬,3
變數,3
電話換,3
全送,3
他話語,3
以後續,3
將向,3
其並,3
李國章,3
調派,3
多餘款,3
網友葉,3
超商欲購,3
開完,3
金額後續,3
童俊惜,3
武俠,3
注金,3
內外,3
具異常,3
有講,3
停薪,3
一點款,3
或款,3
我口頭,3
元稅,3
一條魚,3
急租,3
華夏資產,3
困難者,3
可解,3
實詐,3
實進,3
一萬一,3
行實,3
家具行,3
進行類,3
吳偉明,3
服務名,3
人員主動加,3
有計劃,3
明細表上,3
纖維,3
著女兒,3
珠寶首飾,3
西寄來,3
先後將款,3
坪數,3
因參加,3
面商,3
討買,3
元伴,3
永興,3
恩說,3
大出血,3
查證後驚,3
完單,3
前後去,3
檢核金,3
總共照,3
財訊息,3
前有,3
日攜帶,3
假要,3
因獎,3
稱葉,3
單質,3
聊價格,3
甲蟲,3
視同,3
很正,3
繳貨款,3
然後跟著,3
電相關,3
熊寶寶,3
圖上,3
方後並,3
之所以,3
一注,3
服務商,3
日系,3
地雷,3
失敗須,3
證件並,3
呆呆地,3
訊息永遠,3
東免費,3
另還,3
過別,3
非現,3
但掛,3
現在個,3
人員寄來,3
工資給,3
組賣,3
至貴,3
回始,3
找網,3
並無實際,3
繞過,3
拍序號,3
寫著能,3
信詢問,3
林哲宇,3
經我點,3
面覺,3
需查,3
客盜,3
需辦理,3
處上網,3
借支,3
渠兒子,3
能歸還,3
分幫,3
虛寶沒,3
傳送序,3
從心,3
吉峰,3
卡領,3
組一個,3
一並,3
既然如此,3
專私訊,3
參與網,3
失新台,3
商申,3
則可,3
店員有,3
招式,3
郵政轉,3
毛起,3
想騙,3
郵政個,3
偷錢,3
移機,3
解鎖進,3
水下,3
紡織,3
接自稱,3
匯四萬,3
張文輔,3
五金工具,3
宇揚,3
計購,3
商輸入,3
星月,3
佳樂,3
財更要,3
年長,3
街坊,3
滑行,3
購買玉,3
筆跡,3
再充,3
潘女,3
王文良,3
彭女,3
開通後續,3
成大,3
王老吉,3
當我帶,3
仍要,3
賭債,3
辦見,3
成員盜,3
而後經,3
取補助,3
太爽了,3
應加,3
超商現,3
凝結,3
不主動,3
我才嚇,3
機下載,3
改裝露,3
我連夜,3
搜尋申,3
欄內,3
屬察覺,3
實動態,3
願不願,3
越用,3
等一等,3
化身,3
之後連續,3
不幫忙,3
資安人員,3
國泰世華線,3
維修時,3
匯升級,3
一種則,3
時親,3
麻煩裡,3
邱郁婷,3
截鐵地,3
收續費,3
溪口,3
已經讀,3
放銀行,3
同伴,3
分唄,3
販售鍵,3
最後贏,3
事後老,3
落成,3
文海,3
經電洽,3
致電予,3
李怡瑩,3
資關閉,3
態度還,3
工資則,3
王馨,3
對方付,3
飲酒,3
並便,3
吳柏寬,3
由電,3
行星,3
千台,3
挖寶趣,3
控室,3
乾爸,3
柏宇,3
中約,3
旅遊訂,3
二維,3
筆鉅額,3
連結聲,3
用得上,3
接成,3
中互動,3
想爭,3
到幣安,3
將幣安,3
幣繳,3
然此,3
給投資,3
免費報,3
隨後仍,3
貝比,3
親友發,3
東拖西,3
設電商,3
以輸入,3
借貸關,3
過遊戲,3
或安裝,3
也剛,3
婉瑩,3
分過,3
點卡並,3
項後購,3
遊吧,3
以因,3
精神疾病,3
裡裝,3
未驗,3
北富,3
是雙,3
坎坷,3
家暴,3
戲劇化,3
林柏宏,3
那為,3
方先用,3
凱葳,3
私案,3
張寄到,3
警員證,3
投資領,3
發投資,3
面顯,3
極光幣,3
清文,3
日一樣,3
地將點,3
那日,3
妥瑞,3
氏症,3
分別屬,3
氣威脅,3
徐振華,3
須加,3
淘寶帳號,3
高達千萬元,3
辦時,3
期約,3
集團暱,3
事後竟,3
財及,3
金供,3
處外,3
倒數,3
權限要,3
還開出,3
果樹,3
然後犯,3
會受,3
台灣並,3
對方算,3
半分,3
六組,3
貨取,3
往後在網,3
需先加,3
單說,3
還能換,3
孫祥,3
連細節,3
進地獄,3
人員出,3
無法入,3
騙票,3
號透過,3
身著,3
電時間,3
懂幣,3
需代為,3
其住,3
連這麼,3
取錢財,3
雙腳,3
經當,3
對方承諾將,3
格蘭利威,3
項計,3
然後通過,3
香港政府,3
推拿,3
語萱,3
專員收,3
賣露,3
李晨浩,3
名義誘導,3
爬山,3
投資內,3
購買須,3
三枚,3
以應,3
將資金匯,3
郭靜宜,3
並無再,3
開始加,3
某廣告,3
十到,3
百分之三,3
名堂,3
股款,3
用花言巧語,3
著資金,3
賣家釋,3
資產會,3
開戶費,3
帳戶入,3
並傳賣,3
商分別,3
填銀行,3
最後照,3
渡鴉,3
加款,3
高能,3
故網址,3
之步驟,3
總共取,3
種幣種,3
要授,3
配售,3
關關,3
日面,3
朝花夕拾,3
設得,3
車裡,3
氣憤外,3
投廣告,3
沒亂點,3
陸續面,3
手皮包,3
中東,3
上求,3
佛堂,3
為會員,3
險費用,3
花生,3
小公園,3
認證後才,3
裡貼,3
借大約,3
簡訊傳,3
中終,3
睡夢中,3
那時間,3
集團匯,3
不知真假,3
誇稱,3
便關,3
迪拉姆,3
吉隆坡,3
未實際,3
如魚,3
今驚覺,3
及後三碼,3
結便,3
等入,3
之潛,3
寵物貓,3
道善,3
葉俊毅,3
電子載,3
順利轉,3
已側,3
翔平,3
夢想幣商,3
專員連,3
遭威脅,3
之截,3
異後發現,3
轉款給,3
蘆竹區,3
點選後跳,3
貼文資訊,3
事能夠,3
極光,3
高階會員,3
賣假,3
待後續,3
滿嘴,3
取證,3
美鎮,3
行跡,3
假買家來,3
素人,3
動漫立牌,3
有司,3
閔天揚,3
並再給,3
習費,3
音觀,3
誘到,3
說會員,3
我義,3
再籌,3
筆薪資,3
缺業績,3
阿義,3
題後會,3
林杰,3
悠娜,3
任務一,3
失數,3
始轉,3
加費用,3
八分,3
人透,3
加買,3
服連結,3
粗工,3
收獲,3
稱同,3
估後覺,3
鹿角,3
體驗代銷,3
潤回報,3
惜福,3
姓氏,3
打視訊給,3
凡爾賽,3
購物習,3
病危,3
過程並,3
呂美貞,3
投資人來,3
操費用,3
無理取,3
元連同,3
之項,3
新聞網,3
外孫,3
對家,3
決款,3
老師問,3
盤手,3
可出,3
聯絡訊息,3
貨簡訊,3
儲商,3
單純見,3
很熱鬧,3
上心,3
繳到,3
還順口,3
兌幣機,3
遂委,3
筆因,3
全憑,3
調能夠,3
烏日幣,3
想店,3
接著過,3
職球員卡,3
無假,3
卡置,3
文物,3
辦戶口,3
區停,3
嘉樂,3
日補,3
號後九碼,3
對方台,3
傳該,3
邀請加,3
現金裝進,3
方架設,3
面後會還,3
為己,3
萬餘,3
幾局,3
懂門路,3
虛寶也,3
因欠,3
錢貨,3
補助會,3
人經,3
保留地,3
能多點,3
解綁,3
不亂,3
地關,3
氣轉帳,3
極介紹,3
這樣子,3
富總,3
唱盤,3
卡歸,3
威威,3
聲淚,3
俱下,3
小陳才,3
中聊,3
隱約察覺,3
昏過,3
元後領,3
輪組,3
西段,3
剛匯過,3
沒回過,3
他詐,3
沒車,3
人玥婷,3
塞進,3
莫讓,3
給弱,3
勢團體,3
異後上,3
況時,3
幣一筆,3
金價格,3
給送,3
還承諾會給,3
遭做,3
雨臻,3
台幣款,3
小智幣商,3
提回,3
隨後詐團,3
原約,3
契約給,3
假海關,3
報導類,3
簡訊紀錄,3
予詐團,3
小夜,3
幾次線,3
抽塔羅牌,3
禮卡,3
過場,3
最後系統,3
懸著,3
方不會,3
地政機,3
藥袋,3
撐過,3
時聯絡,3
發炎,3
台將,3
說司,3
需先入,3
大河,3
準備領,3
日點入,3
野原家,3
家裡長,3
非法所得,3
組好,3
想玩個,3
銀行畫,3
帳匯,3
匯穩,3
然後約,3
親有,3
親將,3
假行員用,3
雨馨,3
這包,3
了換,3
他衝,3
邊做,3
就嚇,3
投資班,3
實全,3
書包,3
分別加,3
法下,3
跟密,3
過幾,3
傳訊要,3
這挺,3
低頭,3
點頁,3
這連結,3
結相關,3
完一個,3
搜尋買,3
筆卡,3
沒核,3
地把驗,3
幣峰,3
玩傳,3
過資金,3
地建議,3
川頭,3
美白錠,3
卡借予,3
元共新,3
人拿取,3
通緝犯,3
失會,3
林瑞,3
洪信旭,3
尹尹,3
她後來給,3
已涉,3
錢後續,3
哈哈,3
起一點,3
因護照,3
變種,3
買貓,3
清玥,3
需試,3
卡實名,3
續點入,3
進行代,3
推稱,3
假徵才,3
守信,3
並離開,3
自新北,3
更踐,3
三周年,3
林孟宗,3
手加,3
家良,3
金雞聚,3
給帳,3
完要,3
書中,3
原購,3
妥後就,3
戀愛關,3
並計劃,3
末碼,3
申請費,3
沒達,3
面後將,3
回現,3
會針,3
筆再,3
卡在網,3
始訊息,3
燙金,3
林淑娟,3
給我且,3
轉五萬,3
進員工,3
刑大警員,3
賣生,3
提說,3
方元,3
屋並,3
偶爾聯絡,3
我向線,3
實行,3
健益,3
網頁連,3
詩瑩,3
所連結,3
還跟人,3
用富邦,3
先去幣,3
損傷,3
僅因,3
友詐,3
別來,3
相挺,3
且態,3
還寄,3
先歸,3
他營,3
勞旁邊,3
澆透,3
買屋,3
基權,3
網銀維護,3
牢記,3
人員均,3
包新,3
貴婦,3
抗皺,3
點數後還,3
無法安裝,3
調手,3
當最後一,3
抽選,3
將簡訊,3
先見面,3
繳交現,3
時後就會,3
將相應,3
未清,3
排時間,3
之計,3
燒錢,3
他媽媽,3
礦網,3
板上,3
進幣,3
一組遊,3
釣上,3
因填寫,3
動輒,3
假老師,3
之後資金,3
沒多餘,3
蠻順,3
費詐,3
資金證,3
處理些,3
惡意行,3
成員見面,3
指至,3
渠要,3
無作,3
私訊後對方,3
隨後透,3
網臉,3
撥款後會,3
穩付,3
週期,3
曾在網,3
吉依卡娃,3
貸會,3
銀驗證,3
開全,3
他票,3
過失,3
補財,3
借錢還,3
很乖,3
依線,3
一限時,3
童享,3
榮總醫院,3
詳購,3
稱手機,3
統開,3
債務時,3
成員上,3
避險,3
購者,3
堆砌,3
以加,3
除名,3
叫穎兒,3
報成,3
與孫,3
多肽,3
已處,3
有進,3
煽動,3
並稱須,3
通綠界,3
我負,3
認金,3
人選,3
稱賣家,3
鎖無法,3
婚禮小物,3
幣百萬,3
著查,3
需先開,3
撕扯,3
幾組遊,3
藥廠,3
傳存,3
將實體,3
不心動,3
幣商約,3
倫的,3
之後幾乎,3
意表,3
價格轉,3
說子,3
網谷歌,3
樂樂團購,3
嗣後經,3
幣沒,3
故去,3
現連結,3
幫寶適,3
建昌,3
說白,3
靈通,3
把網,3
頭殼,3
苦情,3
快轉,3
職員系統,3
舒雅,3
並捐,3
養魚,3
以中獎,3
事黃金,3
元參,3
王怡,3
瑞商,3
遭駁,3
股資訊,3
超商匯,3
伶俐,3
共善,3
關在,3
路查,3
日電話,3
顏崑,3
組開始,3
計要,3
加台灣,3
動參加,3
某家店,3
代餐,3
一對照,3
時加,3
當獲利,3
開成,3
課代價,3
江國,3
孤苦,3
無依,3
相當優,3
之聯邦,3
切石頭,3
加檢察官,3
變人頭,3
無尾熊,3
面後再,3
譚經理,3
問我哥,3
廠商入,3
怪人,3
結金,3
點透過,3
事後都,3
進行點,3
負責幫,3
網路加,3
內員工,3
入店,3
其行,3
資辦,3
連虛擬,3
匯貨款給,3
多納,3
單純賣,3
蠻帥,3
叫住,3
領什麼,3
能繼續,3
當開始,3
謹慎永遠,3
已經開,3
欲訂,3
樸素,3
然後上,3
攪拌,3
原手,3
中教導,3
放任,3
噩夢成,3
至幣商,3
多情,3
機一個,3
賴之,3
申請款,3
出金費,3
抵銷,3
賣房,3
但交錢,3
周大福,3
中聯絡,3
將貸,3
林志宏,3
寫驗,3
富澤稅務代辦,3
貨店,3
再拜,3
賣產品,3
號請,3
日超,3
之後欲出,3
以會,3
討論後才察覺,3
社購,3
鄰居介紹,3
傳什麼,3
小傢伙,3
資訊號,3
申請家,3
專門辦,3
單中,3
失聯詐,3
莊姓,3
轉十萬塊,3
運資料,3
人解,3
得失,3
金用,3
一求,3
方序號,3
點擊進,3
還獲利,3
門鈴響,3
人員處,3
論談,3
需買,3
警來電,3
林彥,3
繳費序號,3
假檢查,3
給會員,3
太累,3
前些,3
買玉,3
依連,3
電保證,3
交給幣商,3
完當場,3
跟吳,3
天南地北,3
辦理健,3
出貨有,3
錢收,3
畫得,3
網銀當,3
便付,3
任務無法,3
經解釋,3
小鬼,3
所教導,3
交轉,3
換費,3
再不然,3
付兩個,3
太熟練,3
猶豫答,3
將承擔,3
專門協,3
十幾次款,3
會員聯絡,3
能品,3
還主動詢,3
購紀錄,3
費盡,3
同晚,3
楊欣,3
兩碼,3
芯途,3
著開,3
面存,3
輸入後會,3
經取,3
穎兒,3
很愛在,3
電未,3
關代購,3
體票,3
提不回,3
總下,3
因語氣,3
大警鈴,3
價格後約定,3
給我虛擬,3
豪是,3
將銀行裡,3
連見,3
文後主動,3
假裝用,3
隨便將,3
用不完,3
換大錢,3
現在系,3
幣廣告,3
因透過,3
來意,3
手來,3
損失實,3
銅幣,3
全遭,3
別掉,3
小珊,3
林宇,3
健康美,3
但腦,3
和文,3
書費,3
非警,3
跨堤,3
小萌,3
百分之九十九,3
胃裡,3
現驗,3
心人,3
會承擔,3
嫁人,3
分說,3
加報,3
旺門市,3
掛繩,3
小湯果,3
傳遊戲,3
蘭蘭,3
已歇業,3
指匯款,3
我會還,3
故賣家,3
隨後臉,3
出假,3
阿瀚,3
能代墊,3
戒菸,3
這樣給,3
或幣,3
日抖音,3
一姐,3
做後還,3
配員,3
這不像,3
五萬給,3
加訂,3
依涵,3
並列,3
這是關,3
前後投資,3
水光,3
會查,3
絕不讓,3
末六碼,3
或換,3
李玉茹,3
還說酬,3
要報,3
完獎,3
親友求,3
飛時,3
經求證,3
賴民,3
大股,3
證辦理,3
沒參,3
來講,3
聯徵資料,3
要在網,3
送金,3
轉介假,3
劉林貴,3
以報,3
需續,3
沈心蘭,3
購買成,3
力車,3
所傳來,3
致富之道,3
車等,3
無卡現,3
彥旭,3
辦入,3
面什麼,3
這哪像,3
速寄,3
老班章,3
遊戲序,3
雀巢,3
紅牛,3
貨地,3
暫且,3
駿輝,3
被換,3
驛站,3
唐譽杰,3
哲瑋,3
運兒,3
現群,3
四門,3
波利,3
營業用,3
整支,3
借一萬元,3
第三批,3
某訂,3
葉課,3
發放物資,3
然後寄給,3
當貨品,3
中彩,3
幣址,3
一門號,3
廠商來,3
事後會還,3
金補助,3
網銀已,3
遭圈存,3
娛樂場,3
惟網,3
速度慢,3
幾十萬元過,3
進下,3
地交,3
進去還,3
愛參加,3
前後投,3
帳圖,3
頭了,3
需下,3
開著車,3
夾包裝,3
檢舉過,3
電再,3
數轉,3
一串串,3
尚品,3
匯領,3
人開始,3
掃光,3
每季,3
乘坐,3
人員則,3
遭網友,3
第二台,3
地買遊,3
滿到,3
須調查,3
順路,3
遭風控,3
細水長,3
的國,3
盜帳,3
所出,3
去律,3
元想,3
賺虛擬,3
蘇宇,3
以產,3
為網,3
獲利後只,3
著確,3
配取,3
終於解決,3
苦衷,3
之後麻煩,3
要代購,3
人情味,3
明來,3
地協助,3
油款,3
受重,3
選加,3
定房,3
倉位,3
錢輕易,3
真真切切,3
臉紅,3
人欲購,3
臉書下,3
新風機,3
剛被,3
加房,3
盒趣,3
玩物,3
無法開,3
晨葳,3
點選後加,3
其所屬,3
國小老師,3
文興,3
樹木,3
一匹,3
港灣,3
當作給,3
海哥,3
事後雙方,3
對方口條,3
缺錢且,3
貸不過,3
人賣,3
善路,3
那三個,3
專人主動,3
全買,3
張建東,3
兩幅,3
意分,3
小白單,3
幫廣告,3
薪資時,3
當出,3
清關稅,3
佳瑩,3
集滿,3
賣卡,3
張欣蕊,3
聽聲,3
音誤,3
完全避免,3
設計感,3
托嬰,3
賣貨變,3
親自見,3
還活動,3
總共匯入,3
然後離,3
而富邦,3
賺價,3
大學版,3
聊比,3
問貨,3
單重,3
棋牌,3
害死,3
頭連,3
立馬用,3
幫忙問,3
從點,3
覺得氣,3
天為,3
交對,3
售帳,3
戶存,3
來後越,3
訊息系,3
滿熟,3
圖佐證,3
引導用,3
來照,3
放家裡,3
守宮,3
福慧,3
修心,3
蠻多人,3
更傷,3
購物購,3
賣家標,3
上查詢,3
運並,3
專員洽,3
潘馨怡,3
華信,3
我代墊款,3
轉正職,3
必查詢,3
現此,3
打單,3
包錢,3
水溝,3
賣紙,3
假為,3
同理,3
師和,3
關補助,3
杜珮蓉,3
對方該,3
碟片,3
麗寶樂園,3
拆開來,3
俊成,3
過幾小時,3
一幕,3
報掛,3
西交給,3
給長,3
憾事,3
經驚覺,3
暗影,3
回訊問,3
售予,3
微白,3
廢物,3
故確,3
天宇,3
出金提,3
僅給,3
過快,3
泰迪,3
銀給,3
項訊息,3
事後當,3
開給,3
聯絡始,3
電紀錄,3
信線,3
交所,3
還算誠懇,3
並相,3
全照,3
不移,3
中連,3
三四,3
講太多,3
卻誤,3
車機,3
滑通訊,3
繳交個,3
老同,3
再主動,3
筆後我,3
幣換匯,3
時安撫,3
不太單,3
回幣,3
轉體,3
秉豐,3
認見,3
阻新,3
幣在,3
姜大聲,3
還沒損,3
車司,3
告家,3
盛恩綠,3
人借,3
良品,3
票務系,3
還硬要,3
還是氣,3
若琳,3
意詐,3
屋鐵皮,3
心作,3
對方承諾確,3
杉本來,3
楊怡,3
日幫,3
我費用,3
新聞及,3
低階,3
二小,3
稱家,3
七哥,3
小菲,3
檸檬茶,3
對產品,3
日張,3
事後以,3
面約,3
會名,3
湯鍋,3
心弦,3
單共新,3
幻門票,3
從永豐,3
開台灣,3
收貨及,3
改資料,3
幾組門,3
帶人穩,3
餘額並,3
電信詐,3
詳細教,3
先給點,3
當我取,3
號等個,3
還學到,3
中島,3
施工期,3
送物,3
裡沒多,3
翻群,3
面後馬,3
領贈品,3
老熊,3
反彈,3
光亮,3
貨幣現,3
交驗,3
計好,3
不保,3
一男一女,3
正賴,3
露臉,3
借約,3
沒轉帳,3
真順利,3
恩惠,3
冠廷,3
這之間,3
將交貨,3
櫥窗,3
龍耀,3
新思維,3
小峰,3
想成,3
買卡,3
到付,3
稅才,3
地點後離,3
廠貨,3
氣著,3
用幣安,3
得團,3
多存,3
吊銷,3
某路,3
章魚,3
元多,3
證明供,3
他訂,3
金後會,3
內照,3
進交貨,3
分身,3
倉庫裡,3
再麻煩,3
福毓專屬,3
網銀先,3
非洲,3
一存,3
高仿,3
務必慎選,3
為許,3
商進,3
七路,3
消極且,3
人道,3
告訴權,3
買家取,3
一胎,3
內成員,3
之事項,3
號因,3
新社,3
千零,3
封鎖後始,3
其交換,3
業面,3
詩妍,3
蘇佳君,3
統誤,3
對方性,3
轉一點,3
別信,3
光照,3
內容裡,3
曉琪,3
屬於詐,3
睿哲,3
清雅,3
要變,3
外務部,3
師帶領,3
林昱,3
至銀樓,3
社上,3
寫錯,3
不限經驗,3
嘉儀,3
農夫,3
當日限額,3
然後就教,3
阿卡,3
保時,3
電發,3
現國,3
點疑,3
剛說,3
我的電,3
私設,3
品目,3
開導,3
用不著,3
閒聊間,3
數眾,3
一步登天,3
做牙齒,3
並無向,3
興趣並,3
價差給,3
換給,3
超火大,3
賣護,3
點幾下,3
發作,3
耳疾,3
經濟出,3
轉失敗,3
三十日,3
通時,3
斗羅大陸,3
並視,3
遺書,3
戈戈,3
鏗文,3
邱柏凱,3
劉佳曼,3
小卡買,3
得訂,3
六福村,3
重加,3
出匯款,3
經鎖定,3
一個步,3
詳細問,3
向翔陽,3
刮樂網,3
什麼額,3
阿毛,3
師告訴,3
隨後又請,3
稅務驗證,3
驗完,3
小門口,3
他國,3
還意,3
清涼,3
知才,3
達十幾年,3
出版,3
反應給,3
沒瘦,3
而後至,3
徵滯,3
之歌,3
還想用,3
氣想,3
假見,3
最後經,3
等驗,3
四百八十,3
開始領,3
私訊過,3
遭綁,3
錢共計,3
單可,3
林紀,3
接者,3
挺合,3
潘俊堯,3
手搖飲,3
親赴,3
販售者,3
未達門檻,3
單截,3
是剛,3
繳完款,3
卡扣,3
之後才察覺,3
仕偉,3
帳系,3
遭詐後至,3
來試,3
但心,3
還真覺,3
李才,3
號後,3
倪富城,3
三箱,3
問取,3
建功,3
行李袋,3
稅金要,3
差點暈,3
前瞻,3
這資訊,3
回電話,3
組話術,3
單應,3
讀訊息且,3
徐安騰,3
做副業,3
中聲音,3
脫口秀,3
販售區,3
臉書頭,3
單賣,3
昏迷,3
先貸,3
會公關票,3
匯款方,3
憑單,3
楊梅區,3
正試,3
明資金,3
鎮員,3
各種驗,3
將開,3
區建國,3
及視,3
繳回,3
費至,3
預先將,3
得加,3
天穹,3
屬發現,3
李專員以,3
國小,3
獲利大約,3
發放紅利,3
李醫師,3
交遊,3
心旅,3
阿鑫,3
辦理個,3
幣五萬元過,3
臉錯,3
藥效,3
將十萬元,3
欺攔,3
基罐,3
然後陸,3
券並,3
貨沒來,3
大嘴,3
經營代購,3
經連絡,3
故誤,3
隨後張,3
多接,3
這下終,3
匯資金,3
看上去,3
進店裡,3
門檻費,3
東西加,3
小資女,3
吸光,3
賤點,3
利哥,3
服務金,3
元驗,3
個心,3
流感,3
化妝水,3
之業務,3
王傑明,3
明該,3
購買告,3
吃官司,3
過律師,3
便代為,3
並又向,3
筆投資金,3
資理財,3
淑婷,3
成員參,3
誤下,3
蔡維,3
務所來,3
開不起,3
芮苡,3
並實施,3
參一腳,3
婚事,3
賴馨雅,3
因所,3
通訊體,3
金戒,3
還想進,3
加驗證,3
她詢,3
劉晉嵩,3
賣場將,3
第三季,3
投資業務,3
林曉明,3
畢後網,3
健檢補助,3
貨等,3
給新,3
世霖,3
你千萬,3
將帶,3
網帳號,3
五迷,3
幫粉,3
高雄開,3
一組國,3
戶政機關,3
小賀,3
匯款後還,3
不喜,3
四台,3
二寶媽,3
凱旋門,3
最後投資,3
會計群,3
撤單,3
失財,3
太荒謬,3
年繳,3
食客,3
帳戶業,3
意匯,3
崎門市,3
鎮新德路,3
金流用,3
月眉,3
元買點,3
衝動購,3
當入,3
擔保書,3
大災難,3
林肯,3
包始終,3
之農會,3
結驚覺,3
始付,3
冠延,3
筆失敗,3
多媒體,3
合欣,3
新勢力,3
匯幾筆,3
重機迷,3
萬日幣,3
所面,3
萬匯款,3
處理薪,3
資入帳,3
需審核,3
可辦,3
富邦悍,3
名網,3
問也,3
文宣傳,3
方所要,3
世鴻,3
以交,3
阿南,3
送予,3
本文,3
名義聯絡,3
管協議,3
遭上,3
任務金額,3
交為,3
然後銀行,3
可驗證,3
肯度,3
國泰世華帳,3
並進線,3
從當,3
務所人,3
我女,3
心點,3
回聯絡,3
手給,3
幸運懷,3
受益者,3
單拍給,3
畫並,3
應召網,3
窟窿,3
以後借,3
前後後交,3
婦女會,3
傳幾次,3
這價格還,3
滾動,3
交金錢,3
說會親,3
妥妥,3
雜一點,3
發床,3
反騙,3
之緣,3
不太清,3
幾次詢,3
分批操作,3
明點,3
熱氣氛,3
歌星,3
終未讀,3
吃緊,3
幣將,3
刑事案,3
如能,3
並欲購,3
用錢且,3
解脫,3
再額外,3
榮創,3
通連結,3
續因,3
茹涵,3
土庫鎮,3
富達,3
超特星,3
稱金流,3
幣換成,3
前後共儲值,3
西屯區戶,3
搜尋下載,3
連半毛,3
隨著後來,3
行虛擬,3
混熟,3
作風,3
總共幾十萬元,3
無奈所,3
筆臨櫃,3
樣本,3
四萬五,3
貼上,3
林麗娜,3
湖路,3
經送,3
雀魂,3
高低,3
采函,3
近三個,3
碼後再,3
消業障,3
聲播,3
對方頻,3
財務核,3
以查,3
就誤,3
單憑,3
行面,3
門市並,3
聯絡幣,3
捐款人,3
會點,3
並電話,3
那人馬,3
裝沒事,3
買家確,3
幾組點,3
組老師,3
護盤,3
商天,3
進其,3
沒有網,3
哄人,3
加保證,3
包為,3
駛入,3
不太理,3
統川普,3
著談,3
逆水行舟,3
麗卡,3
二水,3
拿來付,3
歪歪,3
古玩,3
最後給,3
催著,3
差一點點,3
制購,3
關該,3
有破,3
假員警,3
財來,3
隨後轉入,3
吳筱萱,3
稱翔哥,3
集團將,3
看信,3
統有,3
剩約,3
先找,3
書妍,3
林育民,3
劉建宏,3
文該,3
然後就掛,3
新湖,3
除並,3
我向幣,3
表上,3
那並,3
帶現,3
昏昏,3
也問,3
說僅,3
重整,3
診療,3
法付,3
金和稅,3
幾乎毀,3
財夢,3
敏感度,3
報請,3
剩一,3
超著,3
證截圖,3
元盈橋,3
小荷,3
轉而用,3
港澳,3
入點,3
試吃,3
吳慧雯,3
密花園,3
筆補助,3
進一則,3
無反應,3
會大漲,3
嗣後因,3
須協助,3
經認,3
特上,3
用來給,3
完幣,3
鄰長,3
可退費,3
選擇權,3
華廈,3
藥酒,3
四萬零,3
未儲值,3
取物資,3
濤濤,3
給廣告,3
貨幣店,3
腎臟,3
排毒,3
給國外,3
好感度,3
失港幣,3
會代購,3
獲利後要,3
市新,3
江于萍,3
失聯才,3
南瑤,3
心室,3
協議將,3
給遠,3
得繳,3
就親,3
運貨到,3
之順,3
其依,3
出餐,3
趁隙,3
對方常,3
話須,3
假公務員,3
掉並,3
金市場,3
機就,3
資訊作,3
文詢,3
天可得,3
偉之,3
問網友,3
販賣線,3
資訊發,3
稱賴雅軒,3
這兩場,3
紅龍,3
包一個,3
其前,3
之人為,3
張生,3
服務電話,3
當軍人,3
我粉,3
會收,3
然後再轉,3
紀錄後來,3
還拒絕,3
超廉價,3
時會給,3
全投,3
包空,3
亂發,3
單再,3
古經理,3
剛登入,3
點貝殼幣,3
書怡,3
卡車,3
不麻煩,3
驅鬼,3
因請,3
音及,3
並未訂,3
應屬,3
將東西,3
能針,3
硬核,3
何曉慧,3
愛當,3
李心怡,3
唯品,3
加害者,3
想視,3
手裡握,3
認損失,3
總共協助,3
儲蓄型,3
享溫馨,3
投控,3
人攔,3
選個,3
繳好,3
鼻毛,3
還個,3
表給,3
筆退,3
幫點,3
款額,3
開始動,3
用家裡,3
無法換,3
琐事,3
推廣虛擬,3
風口,3
娘用,3
欽之人,3
狀及,3
廣告方,3
續在網,3
創和諧,3
墊片,3
慈善家,3
篩選,3
極處理,3
盾牌,3
滿天,3
莊秀媛,3
賣吉,3
提回來,3
交換個,3
補交一,3
停效,3
消費購,3
開石頭,3
偵大隊,3
確認並,3
絕進,3
高興能,3
愛金卡及,3
當時誤,3
影機,3
之後如,3
楊雨臻,3
轉交現,3
守信用,3
駿駿,3
經打,3
莊政道,3
地查,3
要學習,3
恩師,3
理財廣告,3
熱舞,3
李財民,3
補購,3
面發,3
將財物,3
為代購,3
還虛擬,3
先融資,3
花卉,3
開花,3
帳號費,3
金期權,3
路訊息,3
萬新幣,3
網公網婆,3
數協助,3
違規要,3
隨後詢,3
公有,3
一個學,3
下期,3
台中榮,3
臉並,3
講者,3
稅金及,3
騙後撥,3
文而,3
將通訊,3
逼問,3
還盤算,3
鐵架,3
一討論,3
自動續,3
並於至,3
工黃,3
自一間,3
講話還,3
不租會,3
這費用,3
林偉成,3
電器行,3
戶後續,3
額有,3
來終,3
負責購,3
順利解,3
串起,3
商見,3
名為線,3
行遊戲,3
總費用,3
看片,3
很神,3
蒂卡,3
阿貴,3
假畫面,3
會協,3
實滿,3
團上,3
親誤,3
並有給,3
出欲,3
休息室,3
債主來,3
劉曉雅,3
認識群,3
分現,3
酒莊,3
用意,3
葛洛琪,3
刑大承辦,3
發時,3
無台灣,3
彰銀及,3
厚積,3
繳別,3
電和訊息,3
翔宇,3
生辰,3
電子化,3
元訊息,3
傳回給,3
是理,3
關乎,3
中華隊,3
領才,3
剛填,3
四到,3
報導過,3
樂壞,3
資產以,3
投靠,3
出一筆,3
日申,3
獲利故,3
故欲將,3
會費成,3
還參,3
花兒,3
據點,3
強求,3
訓實,3
有存,3
方溫,3
實際動作,3
填一,3
地傷,3
乾女兒,3
先觀,3
做大,3
輕聲,3
細語,3
電話查,3
馨安樂,3
活緣,3
華憶,3
做虛,3
幣成,3
畢書,3
獲利較,3
帳冊,3
思雅,3
襁褓,3
楊蕙禎,3
借貸款,3
求將,3
光頭,3
詩琳,3
賓幣,3
貨況,3
公舉,3
莫非,3
著心,3
設定過,3
建置,3
婚戒,3
辯護,3
教投資,3
董鍾祥,3
過兩,3
阻擾,3
點警,3
區旗,3
方滿,3
財之實,3
號繳,3
佳豪,3
金流詐,3
撒謊,3
著眉頭,3
並匯給,3
輪圈,3
一人出,3
推坑,3
講不出,3
項始終,3
意地,3
借故,3
然過,3
法律援助,3
之後查,3
某門,3
沒人問,3
還自以,3
不費,3
口感,3
上號,3
沒結帳,3
好想,3
似來,3
運簽,3
心星,3
向善,3
中三張,3
卡後將,3
數天前,3
檢檢察官,3
水單,3
儲新,3
稍作,3
改透過,3
大二,3
多難,3
折扣店,3
派司,3
綁票,3
現了,3
此假,3
合夥期,3
繁重,3
予渠,3
禮要,3
收文,3
密技,3
方若,3
調票,3
美蓉,3
欠賬,3
繳將,3
用驗,3
一層層,3
並拿,3
以泰達幣,3
跟家裡,3
張傑,3
誠信贏,3
維諾森,3
猴子,3
找團購,3
收時,3
貴到,3
遭濫用,3
點擊後轉,3
項下,3
更細,3
進投資,3
連手續費,3
連簡訊,3
不俗,3
動後依,3
問買家,3
因太想,3
幫辦,3
分當面,3
蔡偉逸,3
和盟,3
會凍,3
加裝,3
交不出,3
次虛,3
炫舞,3
監視,3
給會首,3
叫彤彤,3
佚失,3
錢風,3
心法,3
第一件,3
樓上,3
職須,3
銀行民雄,3
招收,3
課程費,3
處理生,3
氣度,3
潰堤,3
行使,3
主動轉,3
搞成,3
我千萬別,3
體積,3
市大園,3
接軌,3
劉啟,3
國煒,3
創輝煌,3
艾靜,3
前後說,3
遭此,3
高管,3
凝聚,3
因中國信,3
買共新,3
簡訊訊息,3
電以,3
要代墊,3
並販售,3
我設,3
張曉月,3
場票,3
結餘,3
詩婷理,3
筆外幣,3
開走,3
費補繳,3
最後標,3
門道,3
補分數,3
熱浪,3
帳單裡,3
群組裡經,3
詢交貨,3
資金後發,3
元教訓,3
投資愛情,3
就須,3
支門,3
以心,3
現金約,3
筆五萬元,3
規銀行,3
記什麼,3
創建會員,3
阿升,3
金好運,3
多領,3
王同,3
金手指,3
商欣,3
期透過,3
福田,3
牛排,3
普願,3
白牌車,3
掏腰包,3
很陽春,3
專業代操,3
就氣,3
有點慢,3
騙個,3
費繳費,3
崇仁,3
給代購,3
還真照,3
其金流,3
種術語,3
養師,3
通天,3
明為,3
單識別,3
開通此,3
汽修,3
幫兇,3
貸點,3
流動用,3
還沒借,3
錢解,3
生財之道,3
人員驗,3
漸漸察覺,3
追討該,3
過國,3
我牙齒,3
質會員,3
實見,3
說會分,3
那台車,3
店維修,3
師幫忙,3
資料表,3
保護費用,3
找線索,3
信買家,3
兒一,3
財產有,3
那口氣,3
蒙特,3
領後續,3
超酷,3
升任,3
帳測試,3
活期存款,3
你會,3
閃爍且,3
可代購,3
洪子涵,3
再接,3
蓮馨,3
無卡存,3
阿香,3
李建國,3
已售,3
山門市,3
總共再,3
並兩次,3
裡聲,3
然後又將,3
胡璟,3
參加並,3
上變,3
我靈機,3
穎穎,3
熱地照,3
沒不見,3
消費來,3
特別給,3
開手機,3
幾個網,3
給我共新,3
拉斯,3
文華,3
告示,3
完後假,3
帳戶後會,3
亞太台灣,3
尚無實際,3
中化,3
同盟,3
紫嫣,3
金帶,3
並未產生,3
愛慕,3
那罐,3
架案,3
專員新,3
喜訊,3
假寶雅,3
外牆,3
寄卡時,3
方拉進,3
為國,3
筆債,3
筆醫藥費,3
傳些,3
名義也,3
天助,3
轉完還,3
七家,3
白告,3
滿地,3
事繼續,3
比獎,3
出貨日,3
客運八國,3
換入,3
我魂,3
永恆,3
張統,3
理理,3
會員積,3
還能給,3
員還,3
之後再還,3
王爺,3
原店,3
統鎖,3
籌資金,3
金扣,3
蠻穩,3
保證用,3
還穿,3
總共五萬元,3
坐上,3
小氣,3
這筆幣,3
陣子剛,3
出戶,3
惱時,3
明細中,3
繳訂,3
一筆鉅額,3
做給,3
卡明,3
花到,3
之後分別,3
會寄票,3
支號碼,3
一衝,3
小狀況,3
體狀況,3
這兩本,3
取貨員來,3
筆不動產,3
其代操,3
地點後會,3
四項,3
轉更多,3
邀請制,3
加總損,3
備個案,3
我動手,3
天勝,3
賠錢還,3
著證件,3
將想,3
還會將,3
還強烈,3
方試,3
超商給,3
領錢付,3
週會給,3
房資訊,3
秀秀,3
累積點,3
隨後持續,3
反應並,3
以群,3
慧子,3
其手機,3
需為,3
專人加,3
檢人員,3
但久,3
智富,3
著裝潢,3
當時給,3
電及,3
寵物樂園,3
還號,3
還驚訝,3
完銀行,3
關驗證,3
給要,3
匯款後詐,3
開心鬥,3
將其拉入,3
群及,3
會腳,3
對方話語,3
歷令,3
阿晴,3
因怕,3
員透過,3
壞成,3
王雅晴,3
將資訊,3
心約會館,3
財是,3
合共,3
期照,3
單之類,3
完之後才,3
有然,3
傅來,3
能學,3
墾丁遊,3
擾亂,3
該序號,3
號無法,3
林正傑,3
隨後依假,3
收驗,3
連一,3
購買購,3
今至,3
是許,3
美國代購,3
改綁,3
職籃,3
立立,3
謝銘家,3
以節,3
完條,3
然後金額,3
補償給,3
屋訂,3
對後續,3
部經理,3
單純覺,3
套話,3
黑人,3
假驗,3
萬轉給,3
萬手續費,3
涉案者,3
空運,3
場內,3
語柔,3
艦隊,3
則告訴,3
星號,3
行動來,3
許小,3
並同樣,3
站予,3
電門號,3
之塔遊戲,3
續驗證,3
釣人,3
證詐,3
耐用,3
人入,3
組人馬,3
描機,3
碼且,3
思源,3
取票訊息,3
筆之,3
川西,3
藥的,3
選後就,3
然後並,3
異常至,3
金好,3
意即,3
討論過,3
蔡姓,3
裡打,3
神聖,3
雙方為,3
統金,3
分裝,3
扶養,3
非常容易,3
對方承諾給,3
遭偽,3
然後點擊,3
始裝,3
完面,3
掛的,3
告白,3
結現,3
說當,3
叫洪,3
會下,3
伊索,3
這一輩子,3
將電信,3
費款,3
博愛路,3
豐店,3
正達,3
項後即,3
李信志,3
選訊息,3
如須,3
故網路,3
開通驗,3
現犯,3
購買易,3
付卡並,3
上電話,3
獲利之類,3
其主頁,3
木紋,3
辦三張,3
愛了,3
著電話,3
介紹暱,3
資金滾,3
確認票,3
張券,3
中強,3
期關,3
方鼓勵,3
不僅害,3
更大額度,3
穩固,3
預期般,3
預墊,3
音電商,3
看手,3
哪款,3
帥帥,3
款書,3
請宅,3
暫住,3
訂金要,3
從訂,3
始用,3
失足,3
情會,3
認證卡,3
肇事,3
人費用,3
警員電話,3
還會視,3
聊下,3
哩程數,3
獎了,3
沒有匯,3
加價購,3
銀行理,3
財貸,3
實拿金額,3
社團關,3
親人來,3
西裝褲,3
法還,3
負責教,3
對方多會,3
員建議,3
瀏覽該,3
無經驗,3
轉購,3
外詐,3
那才,3
陸續付,3
那閃閃,3
湘妮,3
香香,3
非屬,3
旅館裡,3
北埔,3
點零,3
二號,3
實戰班,3
進紙,3
乾媽,3
職充,3
文發現,3
會員始,3
小紅書店,3
紅書,3
投資樂,3
異常大筆,3
阿騰,3
億遊戲,3
這組序,3
我離,3
合計共新,3
誤點擊,3
方之虛擬,3
查時,3
賴姿庭,3
文賣書,3
應給,3
之子,3
渠母,3
親要,3
大魯閣,3
故親,3
其便,3
完馬,3
虛寶了,3
阿姆斯特丹,3
會連本,3
全景,3
寧夏路,3
金流且,3
原應,3
因借貸,3
自鄰,3
啟台,3
充氣,3
果超,3
候會,3
工我,3
這六萬塊,3
有收,3
興昌站,3
寶貝倉,3
葉民,3
因買,3
共繳,3
內容關,3
半導,3
人員小松,3
台中求,3
惟欲,3
賣家點,3
幫女兒,3
電車,3
單裡面,3
兩三個,3
商鑫,3
照匯,3
泰達幣並,3
樂代操,3
成長營,3
授權費,3
真不應,3
之後又分,3
著加碼,3
單將,3
詩意,3
及耳燭,3
確保約,3
待繳,3
青蛙,3
损失,3
这个,3
网络,3
採指紋,3
怕事,3
方協,3
三萬元匯,3
始並,3
幾枚,3
滿特別,3
須先購,3
還語音,3
獲利上,3
熱門票,3
換句,3
交回去,3
毅安,3
我合庫,3
就務,3
灣台,3
劉文,3
意連結,3
雅美,3
完電話,3
聯絡要,3
鄭柏皓律師,3
取暖,3
對方歸,3
榜首,3
先匯出,3
奔跑,3
張逸軒,3
俊偉,3
沒交貨,3
回得慢,3
美甲店,3
還輸,3
國內外,3
低筒,3
對方都給,3
先電話,3
混血,3
裡就能,3
金兌,3
利領,3
洪姓,3
連親,3
青埔,3
販售統,3
找人到,3
賣家僅,3
沐浴乳,3
認真關,3
房東加,3
經陸,3
愛吃魚,3
面詐,3
點選來歷,3
經後續,3
獲新北市,3
冠服,3
動念,3
無法收,3
這位劉,3
耳聞,3
等門票,3
召募,3
之人供,3
稅金太高,3
綠界連,3
傑檢察官,3
意加,3
董專員,3
重力,3
兩股,3
照著連,3
辦法將,3
這七萬元,3
八萬元給,3
豪大,3
挖寶蝦,3
台灣手,3
講沒,3
采行,3
提金,3
鴻馨,3
團銷,3
沙機,3
我加強,3
過進,3
還應,3
審慎確,3
需先驗證,3
老相機,3
傳驗證,3
颶風,3
還委,3
的給,3
機帳,3
要質,3
志勇,3
能匯,3
落魄,3
修身,3
總共下,3
經順利,3
鍵入,3
喜憨兒,3
翁佩華,3
星加坡,3
幾天後便,3
深恐,3
拜會,3
封鎖加,3
一號將,3
卡換取,3
出紀錄,3
例驗證,3
機至,3
給本尊,3
萬元後才,3
因為幣,3
上計,3
綠寶石,3
看要,3
私訊系,3
日買家,3
好視,3
僅顯示,3
地變成,3
調時間,3
傳去,3
不可考,3
訊息千萬,3
付解,3
無幫派,3
英士,3
歐虧,3
得照,3
時頭,3
荷蘭籍,3
科威特,3
包檢查,3
從群,3
載往,3
並載,3
莫過,3
挖出,3
而外,3
關群,3
緋色,3
劉婉君,3
連結安裝,3
先談,3
李育,3
願收購,3
媽後來,3
良知,3
杯水,3
車薪,3
林世豪,3
違規金,3
王秀霞,3
台中戶,3
熱門款,3
畢後即,3
連購物,3
地退,3
游泳,3
誘惑實,3
吳育祥,3
各大網,3
之虛,3
南藝學,3
生公開,3
有租賃,3
電腦椅,3
雙方議價,3
推責,3
需財力,3
點準,3
投資人要,3
朱誼,3
詞嚇,3
獲高額,3
資進行,3
當會計,3
順遂,3
廣大,3
傳訊息予,3
組待,3
但驗證,3
已經要,3
費忘,3
詹皇外,3
費帳,3
那頂,3
利潤金,3
以愛情,3
要接,3
面誠意,3
那麼點,3
假老,3
右上角,3
素色,3
益福,3
夢玲,3
內部會員,3
差價合,3
有遇,3
完之後還,3
動容,3
來滿,3
還證書,3
有徵,3
之後匯,3
較慢,3
幾天還,3
數超,3
某麥,3
稱代購,3
微資,3
團費用,3
地檢書,3
得付,3
檢警來,3
認幾次,3
電中,3
資訊絕,3
含活,3
體照,3
許以,3
夏思敏,3
進及,3
問協助,3
蔡民至,3
而後有,3
定格,3
然後出現,3
抽回,3
曉兒,3
訊息還,3
萬匯過,3
全毀,3
華裔,3
卡資,3
區參,3
秀奈,3
我後才,3
心裡樂開,3
兩筆訂,3
將價差,3
詢驚覺,3
案中,3
運千領獎,3
並辯,3
標了,3
四樣,3
債務並,3
如對,3
台積電,3
投資員,3
恐涉,3
調產品,3
對並,3
並無財損,3
保護官,3
之後賴,3
著鏡頭,3
元後發現,3
協理加,3
其作,3
升等券,3
彭小姐,3
抽中大獎,3
蔡佩珊,3
金印,3
世宗,3
會員須,3
吳任,3
銷商,3
專案給,3
卡作業,3
卡來給,3
珊玉,3
明耀,3
方服,3
專員線,3
很紅,3
雙重驗,3
碼後顯示,3
鮮產品,3
張浩宇,3
自介裡,3
檢查費,3
通電子,3
通聯紀錄,3
照著訊息,3
跨機構,3
問話,3
點位,3
我與劉,3
動產及,3
方顯,3
碼及驗,3
假旋轉,3
共六張,3
之車牌,3
稱看,3
亞太賽,3
時下,3
資訊務必,3
明款,3
不常見,3
鐵證,3
能恩,3
全護,3
並搜尋,3
正規二輯,3
並於以,3
不會過,3
客時,3
攔車,3
務人員,3
成成,3
看相,3
只夠,3
記過,3
以後接,3
毫無反應,3
寶雅及,3
問渠,3
並至幣,3
其換,3
空談,3
嫌訊息,3
方寄到,3
僅購,3
聯歐,3
弘漢,3
擴散,3
過了些,3
稱慧慧,3
單導致,3
江江,3
慧敏,3
職便,3
友方,3
問欲購,3
日禮,3
泡澡,3
過話術,3
名犯,3
組織化,3
地圖,3
問新,3
演一,3
什麼網,3
但家裡,3
孤舟,3
一架,3
經協助,3
買家林,3
時限內,3
想方,3
九是,3
帳號後續,3
楊勝天,3
吳小南,3
交至,3
包即,3
書朗,3
導致票,3
地否,3
為保,3
人度,3
混幫,3
出明確,3
盤問,3
可代墊,3
千給,3
因代購,3
點進入,3
小詩,3
誇獎,3
天和堂,3
進化論,3
審閱,3
圖在網,3
當誠意,3
推敲,3
鎮興,3
過用,3
事後再給,3
點擊確,3
尋有,3
需求者,3
遊戲樂趣,3
幣兩,3
之後會匯,3
要諮詢,3
權力,3
楊錦榮,3
由詐,3
溫溫,3
產權,3
伊琦,3
口氣還,3
她後面,3
證再,3
萬元飛,3
若雯,3
貨幣門,3
面是,3
鴛鴦浴,3
隆忠,3
未留下,3
壞壞,3
已開,3
需登錄,3
微妙,3
制及,3
私章,3
筆提,3
湯卷,3
不營業,3
還說裡,3
方後驚覺,3
烏克蘭當,3
人基,3
老師還,3
逾時,3
方介紹幣,3
礦卡,3
商接,3
穩定關,3
當謝禮,3
啟動費,3
貨幣且,3
職及,3
騙贓款,3
許多產品,3
回不接,3
失是,3
林天祥,3
航站,3
收一個,3
抱抱,3
妄想,3
之加,3
方拉入,3
賓人,3
貨幣當,3
我兆豐,3
安上,3
區學府,3
碼查詢,3
目瞪口呆,3
來利潤,3
貨訂,3
兩次驗,3
小琳琳,3
單人員,3
帳戶方,3
索款,3
益禮,3
人員即,3
艾麗亞,3
隱密處,3
取簿手,3
偷偷摸摸,3
將聯絡,3
宋盈瑩,3
頭份市,3
禮元,3
桃園幣,3
張嘉慧,3
永財,3
雨潔,3
人員教,3
差超,3
將客戶,3
給當,3
白話,3
不求,3
購還,3
一個局,3
品妤,3
那來,3
點裡面,3
張雅麗,3
接著林,3
雄盛,3
悄悄的,3
購買樂,3
中結識,3
永傑,3
天啟,3
會內,3
萬抖幣,3
柏林,3
陳瑩娜,3
傳新,3
繳車,3
不領,3
大警鐘,3
好分,3
目來,3
結處理,3
離場,3
電師傅,3
供電,3
現假,3
已經進,3
義剪,3
先向幣,3
胖達仁,3
互相支持,3
自稱許,3
試小額,3
端午,3
節期間,3
海鷗,3
看雲起,3
繳費連,3
來親,3
吉百利,3
裂開,3
駐外,3
繳清費用,3
到車,3
再現,3
莉馨代儲,3
計出,3
絕再,3
地見,3
包到,3
只試,3
警世,3
寶把,3
金名義,3
而暱,3
我會教,3
點鈔,3
幾組人,3
賣場還,3
逮住,3
頭燈,3
換台,3
手買,3
日觀,3
我排,3
臉書花蓮,3
內是,3
購泰達幣,3
獲利畫,3
資金返,3
投資貼,3
堆方,3
真實領,3
時金額,3
查證後發,3
台指,3
東高雄,3
遭羈,3
還會秀,3
投資僅,3
跳至,3
代價購,3
整及,3
延平北路,3
訊息過,3
信度,3
稱數,3
計有,3
發訊碼,3
帳後始,3
藍圖案,3
知匯款,3
家時,3
幾日會,3
還沒進,3
十萬多塊,3
或群,3
幣實體,3
執行詐,3
號後並,3
第三段,3
事回,3
開人頭,3
含金,3
最後一樣,3
廣州,3
獲利許,3
日依其,3
繳租,3
分時許,3
前後好,3
而詢,3
男傳,3
只領,3
主流,3
確立,3
將雙,3
茹蕙,3
院方,3
文娜,3
漢來,3
問後驚,3
講怎麼,3
內之款,3
當證物,3
繳交一萬,3
隱匿,3
渲染,3
小諾,3
亂動,3
網銀查帳,3
先賠,3
一件件,3
張帆,3
黛安芬,3
派員至,3
故無連結,3
玉茹,3
悔之莫及,3
阿福,3
鐵桶,3
至兆豐,3
稱開,3
分區,3
區遊園,3
現將,3
許因,3
麗媛,3
該員警,3
別多問,3
然後又傳來,3
務所稱,3
音過,3
當面確,3
看海,3
門鎖,3
狹窄,3
劉淑,3
唐代,3
納一筆,3
分不夠,3
碼數,3
欲詐,3
網友關,3
上頻,3
繁聯絡,3
加幣,3
錢實,3
醫治,3
有所不同,3
採水,3
假官,3
關帳,3
濾杯,3
研兒,3
添點,3
天柏,3
另繳,3
收什麼,3
專還,3
並無以,3
誘詐,3
投資實,3
最後幾台,3
貨情況,3
電壓,3
包裝機,3
一惡意,3
當作會員,3
永藝門市,3
救護,3
澳門樂,3
王中堅,3
嫌聲,3
以一張,3
幣安帳,3
自當,3
幫忙代繳,3
合夥經,3
資訊裡面,3
獲得遊,3
某藝,3
明細單,3
肯佳,3
儲值入,3
光書齋,3
雅店,3
繳交停,3
元之門票,3
認詐,3
趁勢,3
顆彈頭,3
活動部,3
貸真詐,3
成騙局,3
經有過,3
寄予厚望,3
尋常之處,3
元為標,3
買菜,3
總共要給,3
幣進入,3
中談及,3
資訊均,3
金律,3
廖偉富,3
送線,3
展覽會場,3
故應,3
房仲簡,3
點對方,3
查稅,3
經說,3
私訊以,3
手還,3
帳務處,3
票務詐,3
劇本給,3
某業務員,3
人像,3
諧永營業員,3
意繼續,3
銀行換,3
騙實,3
太悔,3
苦盡,3
可教導,3
之取,3
秦鋒,3
一處理,3
名義幫,3
借錢解,3
合計共損,3
專員請,3
意足,3
將側,3
交貨給,3
接力,3
約面,3
別亂點,3
傳作,3
匯詐,3
瀏覽旋轉,3
兩天前,3
遭不名,3
把柄,3
夠申,3
之驗證,3
林靜瑩,3
人員至,3
萬哩,3
點鐘,3
要謹,3
來家,3
不堪入目,3
融資代辦,3
帆布,3
接著話鋒,3
會迷,3
免簽,3
狂傳,3
謝婉婷,3
目會,3
宏儒,3
可交換,3
張雅茵,3
檢座,3
林沐瑤,3
裕德,3
陳鋒,3
人遠,3
心傳心,3
李婉秋,3
裡啊,3
吸管,3
近一半,3
台灣長,3
遭凍解,3
林語彤,3
稱義,3
而覺,3
和平街,3
親察覺,3
金準備,3
不簽,3
幣轉過,3
庭語,3
袋裡,3
並轉售,3
地位,3
無法動用,3
錢潮,3
資經理,3
收看,3
非正式,3
金後就,3
考古,3
因當事,3
獲利期,3
攤還,3
店裡面,3
淑惠,3
高顏值,3
台灣偉士牌,3
明碼,3
小學生,3
將個資,3
工要,3
兩錢,3
五週,3
該國,3
參加會議,3
絕不輕,3
無法產生,3
講後,3
天生,3
給貨,3
人實現,3
去動,3
慧喻,3
賣家實,3
覺異常,3
恆旭,3
將群,3
還有訂,3
販賣貓,3
此錢,3
新聞播,3
納費用,3
加州,3
活動千萬,3
豐盛,3
玉琴,3
最後聯絡,3
美崙,3
漁船,3
雨璐,3
詞稱,3
難理應,3
進訊息,3
入超,3
刷者,3
總共八張,3
本社,3
財務王,3
由于,3
將戶口,3
阿航,3
緊急訊息,3
高公局,3
微斗數,3
婚嫁,3
發放至,3
元後並,3
認證授,3
當天將,3
下不去,3
地補,3
台系統,3
稍後將,3
校正,3
為佐證,3
變美,3
女姓,3
機鎖,3
證予,3
若干,3
開放式,3
百思不得其解,3
一則彈,3
然後群,3
日月,3
簡報,3
拉菲,3
未連絡,3
沒談,3
體訊息給,3
信台,3
轉錯帳,3
點數會,3
南美,3
稅金還,3
完連結,3
字語,3
全封鎖,3
單作業,3
中達成,3
租礦機,3
高達近,3
所轉,3
出警,3
改投,3
幣海,3
追不上,3
抽機車,3
卡就行,3
投資充,3
所繳,3
金通,3
參加群,3
畢後便,3
致款,3
隨後轉接,3
開通會員費,3
宣萱,3
電話訊號,3
蠻想,3
本電子,3
外撥,3
命格,3
遭散,3
失憶,3
有林俊傑,3
郵政匯,3
林素,3
已無現,3
連用,3
拍予,3
媽呀,3
商為,3
騎腳,3
輕信線,3
人員問,3
包授,3
然後綁,3
兩重,3
不嚴,3
喬彤,3
由幣商,3
及擔,3
房出租,3
需下載,3
獲利匯,3
總共受,3
異常後才,3
某民眾,3
為頭,3
書苑,3
成員紛,3
紛曬出,3
守好,3
網有,3
下卡號,3
金富,3
採收,3
鎮瀾宮,3
炮仗,3
車離,3
還進入,3
我主動問,3
雨晨,3
並計算出,3
並過,3
虎隊,3
賣售,3
轉泰達幣,3
食種,3
劉思琪,3
廿一,3
因為類,3
包上,3
會教導,3
方不願意,3
問寄件,3
維妮,3
林洪仁,3
運途,3
投下,3
賣場訊息,3
獎金確,3
切石,3
集團還,3
多虧,3
四份,3
戰界,3
帳後賣家,3
發現許,3
勢力,3
花蓮玉里,3
出金後續,3
教他,3
甜頭給,3
兩團,3
待要,3
寻宝,3
之工資,3
停機,3
從始,3
騙婚,3
飄渺,3
比太高,3
徵資料,3
她簽,3
試款,3
證作,3
服務廣告,3
分傳來,3
每匯,3
資金變,3
國際會議,3
裡沒,3
一則訂,3
開源,3
發燒,3
明路,3
電台,3
網銀將款,3
開群組,3
分轉入,3
這本,3
號見,3
叫線,3
擷圖,3
參加裡面,3
直說,3
蠻正規,3
去將,3
著抖音,3
日連絡,3
認識點,3
張天,3
同德,3
厭倦,3
從事室,3
內裝潢,3
隔間,3
雨佳,3
細雨潤,3
佳惠,3
廖信志,3
以幣安,3
洪書彤,3
點選信,3
經檢視,3
修緣,3
缺點,3
何方,3
輕易給,3
有當,3
許松,3
沒錢且,3
接銀行,3
將其加,3
大容量,3
特華,3
幾步驟,3
偶爾回,3
炮俱樂部,3
定個,3
蔡湘琴,3
女號,3
編職,3
專利正,3
立面,3
問協理,3
夠後悔,3
證金什麼,3
財智聯盟,3
陰險,3
電子後視鏡,3
經存,3
迪卡,3
搪膠,3
分等,3
兌票,3
區軍福,3
帝國,3
豐街,3
並無相關,3
保服務,3
獲利則,3
亦將,3
怕怕,3
名義私,3
抖起,3
討費用,3
壯壯,3
還堅稱,3
假到,3
二至,3
買家名,3
金共計,3
怡穎,3
稱紅,3
完後系統,3
超喜,3
辦假,3
在握,3
發文轉,3
張望,3
集團發,3
連打,3
拍好,3
活動應,3
票現,3
韓代,3
慧玲,3
號主動,3
臉書並,3
回聊,3
幫忙領,3
嬰婦,3
日交給,3
臉書稱,3
分共匯款,3
貨運訂,3
敦化南路,3
補金,3
傳送線,3
蠻常,3
功略,3
進口稅,3
稅務金,3
與業務,3
況已,3
科產業,3
船外機,3
不限學歷,3
否則極,3
結凍,3
王梓,3
吳政,3
該代碼,3
張金龍,3
地前,3
安知,3
我意,3
舒妤,3
這投,3
軟照,3
單保證,3
聯絡稱,3
泰翔,3
討個,3
要設,3
滿常見,3
為並,3
均會,3
該華南,3
問華南,3
形跡,3
他太忙,3
國民黨,3
皮買家,3
太慘,3
劉佳宜,3
宜蘭榮,3
然後後續,3
人來問,3
已及,3
張實,3
玉里,3
之書籍,3
有媽媽,3
謝琪恩,3
並談論,3
儲值後會,3
依潛,3
李偉林,3
陳淑婷,3
編告訴,3
大人物,3
金庫存,3
並以驗證,3
中處,3
方誠意,3
貼售,3
補現,3
報價給,3
張浩明,3
稱恆泰,3
莊敬,3
中大,3
國豪,3
高潮,3
愛沒談成,3
遭員警,3
劉昌富,3
元供,3
養護,3
熱愛閱,3
建楠,3
之高雄,3
因為驗,3
號會給,3
之後先,3
偽娘,3
盤中,3
貨不會,3
空力,3
全國促,3
故跑,3
調錢,3
號當天,3
八筆款,3
楊清,3
鋁門,3
我獎,3
人辦,3
東榮民,3
擄鴿,3
陳鴻明,3
怪訊息,3
還佯,3
李兆華,3
金網,3
行金錢,3
借名,3
沒有簽,3
方想問,3
瞭解鍵,3
斜線,3
次予,3
共通,3
點按,3
經限額,3
裡我,3
時限,3
完之後將,3
電焊機,3
康女,3
志宇,3
我凱,3
賠且,3
民稱,3
免費樂,3
重慶門市,3
需認,3
帳號鎖,3
區說,3
要票,3
並不讀,3
買麥,3
還錯,3
手下,3
油錢,3
遠東電,3
何明賢,3
邱民,3
通及,3
取貨後便,3
起家,3
楊莉,3
吳筱瑜,3
能通,3
坑害,3
碼絕,3
資訊下,3
照會用,3
貸點款,3
並歸,3
苦苦哀求,3
林哥,3
蕭俊恩,3
協助代匯,3
諧永數位,3
李文冰,3
免還,3
兌換店,3
經鑑定,3
總共一筆,3
天翻地覆,3
課學習,3
經驗成,3
慘烈,3
換算約,3
聯絡卡,3
姿婷,3
徵包,3
最後導致,3
幣匯款,3
問相,3
演戲給,3
蠻合,3
兩次當,3
元順利,3
月湖,3
抽個獎,3
正事,3
父親確,3
區光,3
務內容,3
楊麗君,3
黑風,3
連我媽,3
地花,3
邱雋業,3
哪一種,3
通訊系統,3
高太多,3
日準,3
無法解,3
掙扎著,3
給客戶,3
付遊,3
蔡孟學,3
國際間,3
都悔青,3
其永豐,3
我售,3
隨後分別,3
代買遊,3
啟話題,3
實會,3
林浩宇,3
智筆網,3
給賴,3
偷拿,3
黑市,3
隨後幫,3
響應,3
匯錯款,3
襄盛舉,3
變焦,3
金墜子,3
地攤貨,3
華偉,3
這層,3
驚交織,3
我少,3
日至華南,3
夢茹,3
帳密以,3
潤投資,3
醫診,3
獨自撫養,3
張且,3
號櫃,3
王思元,3
想入,3
折購,3
記連結,3
大姨子,3
瓦爾西尼,3
莊凱云,3
當初講,3
陳淑慧,3
糖膠,3
並轉往,3
保護金,3
日後見,3
助盈金,3
獄友,3
通費用,3
對員工,3
金合約,3
發在,3
懶錢,3
泰人壽,3
依暱,3
名義再,3
凱伊尼,3
風速運,3
滿時,3
還很關,3
將手續,3
才換,3
行員請,3
這假,3
林景,3
誠得,3
貨櫃來,3
樂信,3
要嘗試,3
轉售區,3
萊賣,3
為雙,3
九元,3
收全,3
先欠,3
點再,3
職徵人,3
六萬五,3
一排,3
點入後連,3
地下街,3
來衝,3
當經理,3
算利機,3
我餘生,3
這為,3
偷笑,3
先通,3
職費,3
水分,3
法入,3
周宇豪,3
哪門子,3
李哲明,3
夢菲,3
株人,3
皺眉,3
快速道路,3
以噓,3
嚴博愷,3
得宜,3
之後欲,3
張作,3
李嘗試,3
電關心,3
過代碼,3
傳圖片,3
並承諾給,3
五萬三,3
認證幣商,3
蕭皓帆,3
通報給,3
卡租給,3
好端端,3
則透過,3
參雜,3
專員前,3
火化,3
隨後進,3
男戒,3
提供商,3
不動產以,3
覺察到,3
確會,3
怡庭,3
至給,3
東森國際,3
代儲遊,3
打磨,3
江維,3
紅心,3
問介紹,3
東華大學,3
組而,3
大美女,3
拼湊,3
交共,3
之後跳,3
內不斷,3
改去,3
順勢問,3
我系,3
並無懷疑,3
懶人,3
鋁錠,3
加連,3
獎要,3
百瑞發,3
欣安,3
島語,3
渠國,3
我宅,3
親友換,3
失合,3
牽動,3
工程施工,3
交貨日,3
順道,3
進貨價,3
方聯邦,3
公安局,3
張中華,3
山藥,3
不景氣,3
十萬過,3
該來,3
新遊,3
匯黃金,3
帳處,3
萬日圓,3
之後聊,3
面傳給,3
方話術實,3
因參,3
親友許,3
稱產品,3
羅詩,3
轉交新,3
愛玩傳,3
奧客,3
車資訊,3
或點數,3
毛彥,3
棧板,3
員以,3
警調,3
匯出款,3
小鳴,3
對話訊息,3
經我購,3
卷戶,3
寶需,3
點購,3
現當,3
王國棟,3
印泥,3
明芳,3
互贈,3
寫表,3
組且,3
勸誘,3
錢償,3
盛譽,3
超商序號,3
決訂,3
屋滿,3
所開發,3
事後經員,3
持續照,3
瘦仔,3
警備,3
人此,3
盜刷共新,3
故諮詢,3
數較,3
制品,3
沈民,3
話術裡,3
日寄到,3
假軍官,3
補交稅,3
問同,3
會照,3
市見面,3
將這兩張,3
入會禮,3
記起,3
輕信過,3
程蘋蕓,3
童嘉銘,3
申請入,3
竹聯林泳,3
並於廣告,3
載一個,3
職缺網,3
給的網,3
溢彩,3
裝了,3
獲利見證,3
惡靈,3
仁川,3
求援,3
台幣線,3
園地,3
高升,3
捷力,3
智嘉,3
阿漢,3
手拉,3
代儲業者,3
這兩種,3
信廣告,3
何何,3
瞄到,3
真夠,3
出明,3
鍋燒,3
蔡悅靜,3
新友誼,3
完後過,3
簽長,3
鑑識,3
太妙,3
沒急,3
孫豪,3
沙拉,3
區西門路,3
胡慧敏,3
徐茂棋,3
即點,3
權威感,3
畫主動,3
若出,3
英國倫敦,3
劉昊文,3
加好,3
已報,3
裡來,3
毅德及,3
說關,3
通帳,3
完忙,3
商讓,3
舵手,3
網路線,3
裡既興奮,3
蔡安迪,3
劉傑輝,3
領藥品,3
時常來,3
約聘,3
松鼠,3
買電,3
林嘉正,3
蘇怡,3
藥理,3
分金額,3
納個,3
劉昱成,3
共計達,3
珠寶閃,3
李紫萱,3
有性,3
張寄給,3
愛紅,3
榮里長,3
收貨門市,3
劉克琛,3
世恩,3
分主動,3
金流須,3
反遭,3
繳費共新,3
寶後,3
攔回,3
隨即察覺,3
人員約,3
房權,3
最遲,3
領餘額,3
配有,3
納大筆,3
會計核,3
因積,3
興達路,3
嘉北門市,3
謝曉萱,3
瘦高,3
單收據,3
萊特幣,3
心身,3
還跟幣,3
淅源,3
均須,3
便查,3
下開,3
天都,3
餘下,3
抽到獎,3
越加,3
越囂,3
名義詢問,3
差額給,3
雪白,3
東興店,3
精誠所,3
斯汀,3
許富華,3
文欲販,3
文蓉,3
稱接,3
但會首,3
愁眉,3
苦臉,3
直線,3
籃新金流,3
去面,3
天至,3
武力,3
李巧怡,3
投資始,3
托育,3
以永豐,3
語速,3
以詢,3
續進,3
中潛藏,3
智冠遊,3
為層,3
筆資金到,3
單憑訊息,3
遷葬,3
玉佛寺,3
祥雲觀,3
懷德樓,3
個塔位,3
催錢,3
匯齊,3
涌現,3
她妹,3
珠宝店,3
沒貨要,3
有義務,3
當開,3
號的票,3
數能,3
參加門檻,3
容不得,3
這遠遠,3
異至本,3
人語,3
放飛,3
小七,3
多番,3
畫廊,3
林佩茹,3
起依,3
秉仁,3
可為,3
票及,3
我連輸,3
欺電話,3
九班,3
成有,3
劉浩,3
林琳,3
如故,3
出後頁,3
溫奶器,3
數後對,3
商予,3
並介紹幣商,3
青時,3
給欺騙,3
中年人,3
達夢聯盟,3
中工,3
總共只,3
永林,3
佳茹,3
該求,3
幫媽媽,3
強密碼,3
庸碌,3
組後該,3
貝拉,3
認資訊,3
之利潤,3
貪得,3
無厭,3
千五,3
門票並,3
申辦易,3
自將款,3
機會將,3
高畫質,3
鴨肉,3
來共計,3
張國泰,3
因父,3
會員後將,3
借多,3
天星,3
整個過,3
至親,3
棉船,3
營業員到,3
覺得實,3
第二家,3
借錢行,3
領紅利,3
轉空,3
卸除,3
其需,3
誘導到,3
中長,3
官田,3
現貨合,3
哲睿,3
當學費,3
假台灣,3
謄本來,3
獲盜,3
臉書張,3
費共計,3
電買,3
抗詐,3
方載,3
分無,3
群給,3
福平,3
遏制,3
緬甸珠,3
詳加,3
著主動,3
前絕,3
籃裡,3
手快,3
舊稱,3
優待,3
資匯入,3
李明松,3
貨運寄貨,3
指導步,3
金確,3
宇豪,3
網路暱,3
投資紀,3
氣越,3
許載,3
憑證卡,3
招架不住,3
稱者,3
針車,3
隨後聽,3
錢共新,3
二月份,3
總結來,3
天宮,3
開始分,3
幾次將,3
行經,3
我否,3
許民將,3
然後至,3
營業員來,3
單竟,3
我代匯,3
沙發馬鈴薯,3
然時,3
附圖,3
心開始,3
實真偽,3
號分,3
章清雲檢察官,3
年將,3
給謝,3
楊俊,3
回車,3
金返,3
迎鑫,3
人張,3
當我質,3
渠聯絡,3
內部員,3
到校,3
社團頁,3
著福袋,3
酒來,3
日歸,3
金谷,3
給快,3
妥先,3
而後轉,3
單新,3
各一個,3
錦瑤,3
及幣安,3
驚動,3
每箱,3
商至,3
下周,3
李檢察官,3
借信,3
現金拿給,3
熱愛露營,3
換贈品,3
故持續,3
方想確,3
將這兩個,3
況緊,3
昏暗,3
張律師,3
運下單,3
莊靜宜,3
呂冠毅,3
該點,3
權限還,3
合服,3
反差,3
將其個,3
點擊裡面,3
昂揚,3
介紹用,3
林東晟,3
其四,3
絕後對,3
賣書本,3
金等,3
方金錢,3
兩金,3
求加,3
分統,3
品樺,3
東山區,3
天後就,3
開通額,3
大風,3
地尋找,3
去後彈,3
便碼,3
將給予,3
柴犬上,3
天境,3
標記成,3
作時,3
新驊,3
竣松,3
禮拜會,3
菲利克斯,3
何雅雯,3
結後是,3
違反遊戲,3
不重,3
項後告訴,3
購買的幣,3
糾正,3
並未產,3
上善若水,3
慈妤,3
翁紹銘,3
退貨才,3
私藏,3
奧迪,3
只漲,3
品竹,3
養院,3
然來,3
創團隊,3
在苓,3
鎮中,3
戲代,3
呂宥,3
區大灣,3
必须,3
張建強,3
半身,3
遭台灣,3
百萬現,3
最後一毛,3
鐘和憲,3
建峰,3
買代銷,3
高工,3
宋文,3
來學習,3
其價值,3
龍遊,3
軟體網,3
才始,3
政宇,3
安達國際,3
將我國,3
瞎了眼,3
鼎元國際,3
演技派,3
賠耶,3
之後裡,3
有薪,3
心愛周邊,3
話紀,3
心裡雀躍,3
小羽,3
無傷,3
電到,3
充滿詐,3
需變,3
廟會,3
購買廟,3
及票,3
時犯,3
林郁薇,3
乙個,3
調匯,3
無功,3
抽獎文,3
洗三,3
跌得,3
著去,3
前後用,3
買間,3
商資料,3
盡管,3
王洋,3
隨後下,3
受權,3
小儀,3
並換成,3
一類,3
新視界,3
內介紹,3
帳號則,3
莫一,3
賓籍,3
私房,3
臥病,3
渠詢,3
處透過,3
勤誠投資,3
過對方,3
行至,3
筆超商,3
劇情節,3
轉六萬元,3
乾衣機,3
這機器,3
兩句,3
點利潤,3
深入研究,3
大女兒,3
播打,3
留資料,3
保險桿,3
組下單,3
達人棧,3
臉娃,3
方速運,3
苗疆,3
遲到,3
無當,3
購並,3
佳玟,3
寶利來,3
申请,3
假營業員,3
流標,3
故在網,3
為例,3
作要,3
通萬,3
有聊,3
元收,3
整周,3
愛寶寶專櫃,3
牛郎,3
阿鴻,3
網友劉,3
郵筒,3
俞景,3
洗黑,3
圖形,3
技嘉,3
票碼,3
通話予,3
戰況,3
帶風,3
養生館,3
翰岳,3
佛光,3
超炫,3
並調,3
群組後對,3
還很親切,3
煙霧彈,3
翻騰,3
區超,3
但別,3
連機票,3
用口頭,3
掉落,3
出金大筆,3
申請驗證,3
財萬貫,3
價格將,3
通霄,3
店旁,3
遠離詐,3
偉哥,3
天齊,3
嚴浩翔,3
驚心,3
購買群,3
綜上,3
卡由,3
案予,3
鄰居有,3
夜俱樂,3
結等語,3
清邁,3
三興,3
然後我要,3
人因,3
中選取,3
完筆,3
專員致,3
進給,3
認購票,3
逐次,3
泰國時,3
然後下,3
將辦理,3
作費用,3
柳怡,3
將開通,3
金華路,3
總計以,3
其刷,3
之代幣,3
大義街,3
錄起,3
銀行塞車,3
簽數,3
陳鴻志,3
開戰,3
匯清,3
義輝,3
然後經理,3
創富社,3
我協,3
蘇寧易購,3
采兒,3
筆手續費,3
請來電,3
尼歐,3
只收,3
公司法,3
並計畫,3
談進,3
證投資,3
詩彥,3
錯金額,3
自抖音,3
陸續詢,3
所代墊,3
分取貨,3
均依,3
好後會,3
問欲,3
魯魯,3
嘉盛,3
並於對,3
所販,3
劉老師,3
王萬里,3
開庭時,3
嘉上,3
本分,3
能賣,3
李穎,3
遭扣,3
手過,3
二群,3
當人,3
合則,3
利計畫,3
詐騙網,3
也轉,3
義申,3
薪星,3
加旋轉,3
錦上,3
添花,3
真用,3
技倆,3
時假,3
萬贈,3
如不購,3
優孕,3
汪雅萱,3
李佳琳,3
兩起,3
通台灣,3
所輸入,3
當女兒,3
三火,3
品華,3
留一個,3
丈母娘,3
菩提,3
李慶航,3
言言,3
組後來,3
神采,3
數字現,3
論經,3
停電,3
為繳,3
畢送,3
傳到網,3
剛下載,3
啟鏡頭,3
區南,3
請母,3
慧琪,3
衣櫥,3
炫富照,3
事代儲,3
方分,3
決及,3
掩人耳目,3
幸及,3
牙醫,3
並循線,3
找買家,3
動到,3
經溝通,3
有該,3
首付款,3
購虛擬,3
楊雅,3
緊掛,3
豐金,3
薪情,3
唱唱,3
我三萬,3
要驗明,3
忽悠,3
公之於眾,3
財經理,3
會透,3
票費,3
手機盒,3
筆每筆,3
江隊,3
一則換,3
匯款繳,3
規劃家,3
之選,3
惟假,3
假店,3
沒玩到,3
喜美,3
葉志偉,3
智宸,3
局限,3
孟新門市,3
區進,3
化路,3
元後都,3
並主張,3
是民國,3
總財損,3
明因,3
挖到,3
搜尋臉,3
滋潤,3
提倡,3
楊沐薇,3
地待,3
五彩,3
間會,3
台詢,3
筱珊,3
雞皮,3
總處,3
腋下,3
法樂師,3
監禁,3
需其,3
買什麼,3
智障,3
玉貞,3
木板,3
忠勇,3
獲得廠,3
組耳機,3
殯葬位,3
中華門市,3
門號則,3
將金幣,3
未授,3
以匯率,3
挑一個,3
家裡會,3
描繪出,3
聊什麼,3
不深,3
優惠票價,3
西餐,3
佛桌,3
改個,3
帳一筆,3
分就轉,3
林延馨,3
注冊,3
而化,3
霍掉,3
並不總是,3
張嘉琪,3
五到,3
許浩東,3
小陶,3
俱全,3
北臉,3
之假幣,3
林夢芳,3
基國際,3
林語婷,3
八萬八,3
借十萬塊,3
欲轉,3
故使,3
家政,3
玄晶,3
卸甲,3
航道,3
張建銘,3
淘寶賣家,3
資發放,3
備領,3
非賣家,3
李澤瑾,3
聖石,3
日教,3
雙亡,3
早點還,3
特務,3
燈塔,3
惟想,3
自記,3
邱歆歆,3
款始,3
朝慶兄,3
稱永國,3
方討價,3
可現,3
前奏,3
單機身,3
分傳訊息給,3
比平時,3
滿意則,3
不紊,3
這酒,3
求務必,3
正道,3
霸主,3
競技,3
訂車,3
著聲音,3
耗費,3
佳樺,3
楊文進,3
龍運,3
安西,3
上蔡,3
輪鞋,3
故上,3
限度,3
行房,3
這次並,3
分得,3
帳戶線,3
夜班,3
這說,3
號詐,3
高質,3
何該,3
網求證,3
傳條,3
轉三萬,3
一十,3
這虛擬,3
大號,3
愈演愈烈,3
寶珠,3
對方則給,3
京都,3
主稱,3
入資新,3
絨心,3
面目,3
向群,3
珠寶商,3
符一樣,3
歪七扭八,3
林佳明,3
建南,3
李女士,3
進而將,3
獵人頭,3
詞多麼,3
影兒,3
襄創,3
張柏瑋,3
豐星,3
五峰,3
相关,3
跟着,3
不断,3
湯匙,3
中國海關,3
幫網友,3
虎鯨,3
還算及,3
貨運出,3
檢警絕,3
暈船,3
是還,3
混進,3
文職,3
一席,3
經放,3
天後要,3
並需繳,3
入關,3
求才,3
文蔚,3
教唆,3
然後興,3
有四個,3
獎號碼,3
母子,3
吳緯,3
角色扮演,3
回籠,3
方噓,3
之貨運,3
做餐,3
俊瀚,3
粗略,3
驚和後悔,3
徐婉瑜,3
車之貼,3
獎金承諾,3
以純,3
喜來,3
萬學費,3
北站,3
即給,3
大馬士革,3
李世文,3
福公司,3
打電,3
新北刑,3
問資料,3
人員騙,3
自網絡,3
小獅王,3
張慧珍,3
小麻煩,3
路流,3
著卡牌,3
並決心,3
當進行,3
特聘,3
用旋轉,3
肌肉,3
並依對,3
金鑰匙,3
需登,3
陳雯雯,3
繼續驗,3
交飆,3
實真,3
日交票,3
預見,3
值班人,3
慧芸,3
但身,3
款新,3
吐司,3
日借,3
冰倩,3
予賣家,3
幾近,3
集資購,3
哪一位,3
安之人,3
觀察約,3
邱老,3
無奈中,3
決此,3
貸款代,3
地點定,3
市龍潭區,3
蕭柏威,3
並強迫,3
狩獵者,3
打回,3
賴菀欣,3
不甚了解,3
債務協議,3
地理位置,3
閔閔,3
以價格,3
葉珈茹,3
日賣家,3
改遊戲,3
從富邦,3
喜柚,3
褶衣,3
成功之路,3
因技術,3
商師,3
終還,3
共出,3
上安撫,3
金不會,3
扭扭,3
實況,3
完售,3
沉思,3
辦一張,3
樂迷,3
潮品,3
評來,3
全場,3
旅遊社,3
迎春,3
渡假村,3
會員及,3
先開啟,3
描後加,3
遭詐始,3
佳里區,3
瘦小,3
遭經理,3
陽光貸,3
微弱,3
戶金,3
獲中華,3
寶寶樂,3
享家,3
測速器,3
這顯然,3
搜尋簽,3
國揚,3
礦機器,3
方寄貨,3
夾夾樂,3
看著存,3
經帳,3
恆幣,3
購買代購,3
最後關頭,3
舅子,3
陳祥麟,3
貳式,3
知性,3
游智凱,3
進坑裡,3
薪想,3
因手頭,3
著小紅書,3
春雨,3
迎福,3
之久,3
現華南,3
人華南,3
徐喬,3
日款,3
國光路,3
芯夢,3
風華,3
規範協議,3
寶寶媽媽,3
張振元,3
隨機驗,3
裝備館,3
王林然,3
郭雲輝,3
及薪,3
賴妍羽,3
貸款委,3
應徵並,3
可可粉,3
踏夢行,3
當小李,3
劉淑美,3
相關標,3
九頭,3
品睿,3
許航,3
參加犯,3
案詐,3
蕭湘宜,3
回應會,3
真熱心,3
頭家,3
電話將,3
語婷,3
防範之道,3
業務關,3
阿憲,3
貝塔,3
本加,3
阿威,3
收貨品,3
大笨鐘,3
請補,3
磁性,3
泯滅,3
銅管,3
人黃金,3
投資賽,3
蠅頭,3
金玥玲,3
嗡嗡地,3
給小美,3
盎然,3
地割,3
並發展,3
核實訊息,3
根據詐,3
人決,3
應通過,3
當進,3
性訊息,3
林嘉宜,3
動力,3
批判,3
並無惡意,3
潤碩,3
父愛,3
已隱藏,3
光華營業員,3
組想,3
農物,3
收納員,3
聽後認,3
已訂,3
項後遲,3
萬換取,3
腳環,3
便接,3
宋玉,3
獲一條,3
張雨晴,3
妖魔,3
推廣產品,3
彥霆,3
異狀時,3
明細發,3
雙鴻,3
興老師,3
熱紙,3
有通,3
等你拿,3
鞋底,3
日並,3
況來,3
並學到,3
黑框,3
林柏凱,3
無本,3
點擊購,3
還沒能,3
洗掉,3
永遠揮,3
敲碎,3
感激涕零,3
三寸,3
不爛,3
著開始,3
給小明,3
更無奈,3
專業極,3
比心臟,3
急劇,3
確像,3
滴劑,3
無精,3
打采,3
機門市,3
中南海,3
保峰,3
機在網,3
並跑,3
麗之人,3
保證後續,3
特訓贏,3
蔡幸娟,3
弘毅,3
林鴻源,3
財產權,3
抓獲,3
有靈,3
經好,3
李書旗,3
萌崎,3
熟女,3
阿光,3
蘇軟家,3
繳費後對方,3
葉美娜,3
難察覺,3
購千萬要,3
滿州,3
信暱,3
日後所購,3
生息,3
費參加,3
吳姍姍,3
假兒,3
子害,3
薄弱,3
點開訊息,3
家居用品,3
地準,3
將贓款,3
小銘,3
著平,3
目時,3
經過確,3
白小姐,3
社死,3
通靈,3
高樓,3
劉玉,3
此時終,3
秘書巧芸,3
繳納卡費,3
霎時間,3
中轟然,3
劉筱琳,3
並揭,3
擁有者,3
賣誠信,3
還回訊息問,3
空蒸,3
警處,3
樂樂樂樂樂,3
劉導,3
波士,3
稱國際,3
張屋,3
網爬文,3
白河,3
資匯款,3
問訊息,3
方貨物,3
貓舍,3
認證托運,3
柔軟,3
還有揮,3
騰訊,3
內容語,3
金來證,3
感真,3
問案,3
牢牢地,3
龍飛,3
理容,3
出納,3
驅散,3
竹塘分,3
純純,3
王韋伶,3
然後開口,3
一銘,3
日會給,3
太冤,3
緊缺,3
一記重,3
萬訂,3
卻照,3
正煩惱,3
並拉進,3
誠服,3
項後並,3
並拆開,3
綿船,3
可幫助,3
認證書,3
扼要,3
機線,3
悠雅,3
批發網,3
透心,3
證票,3
我案,3
以快,3
江善,3
起而行,3
范有川,3
投坑,3
局門口,3
發表販,3
戰神遊,3
貝殼,3
啊祥,3
人員林,3
機代購,3
為進,3
並彈,3
小黃毛,3
紅的,3
揭時,3
我險些,3
大傷,3
其臉,3
龍安,3
阿海,3
取貨代碼,3
張芷婷,3
田尾,3
顯微鏡,3
張秀,3
多些,3
專員小,3
他諮詢,3
繁盛,3
早點查,3
虛弱,3
枋寮,3
吳廣霖,3
阿麟,3
中一課,3
精華,3
誤差,3
以原,3
綠洲般,3
如夢初,3
鯨魚,3
坍塌,3
龍駿,3
噩夢降,3
給兒,3
凶狠,3
分申,3
我退,3
陳俐穎,3
福泰,3
淘寶台幣,3
春光,3
小光,3
許延梅,3
方安撫,3
異檢具,3
之存,3
專及,3
許諾,3
詞並,3
療師,3
緬礦,3
石業,3
楊嘉琪,3
康泰,3
向北,3
共將,3
洪嫣虹,3
先登入,3
利豐幣,3
桌面上,3
退佣,3
當抽獎,3
興奮到,3
著無助,3
頭一顫,3
一暖,3
八千里,3
打击,3
令人心醉,3
張帥氣,3
資訊群,3
業務局,3
博愛郵局,3
舒壓個,3
梓晴,3
買龍,3
正式版,3
最愛在,3
感覺還,3
超順利,3
貨運延誤,3
該金,3
大貨車,3
人共匯款,3
中上,3
要連,3
運部,3
剛申,3
大禮,3
取反,3
色圖,3
網拍代購,3
安卓,3
文玲,3
相去,3
海琳,3
場來,3
二賣,3
門都,3
痛惜,3
悠揚,3
隨後其,3
試想,3
溫暖體,3
櫃員查,3
未寄來,3
詞來,3
卡盜,3
獎後獎,3
並興奮,3
教官,3
倚蔚,3
投資專,3
童浩恩,3
宜珊,3
人門號,3
抽新,3
還很高級,3
雨嬌,3
鐘耀聖,3
聲音問,3
匯宇,3
給小張,3
用緊,3
營養液,3
太自責,3
光滑,3
飛網,3
寄門,3
耀輝,3
卡共價值,3
之後當面,3
問幣商,3
遊遊戲,3
纏繞,3
手帶,3
自宅用,3
周國城,3
易行,3
或過,3
自買家,3
機會絕,3
高粱,3
壽保險,3
面名,3
蘇欣諺,3
蓓蓓,3
站區,3
僅此,3
咖哩,3
月均,3
噩夢還,3
然後匯入,3
愛派,3
東門,3
數後將,3
虛寶鑽石,3
資金共,3
天翔,3
威廷,3
嘉瑋,3
基資,3
張美琳,3
蔡馨玥,3
君昊,3
社內,3
翁立昌,3
阻並,3
陳霖,3
大飯,3
我晚,3
專員確,3
融資新,3
將獎品,3
拖運,3
手交,3
及代碼,3
魏天豪,3
柏良,3
莊弼翔,3
所參,3
臉書刷,3
魏哲家,3
沒繼續轉,3
雲兒,3
衰透,3
承諾絕,3
语气,3
確保賣家,3
確實能,3
可入帳,3
張慧玲,3
遞出,3
許懷疑,3
湊些,3
接著發,3
研究生,3
區健,3
東風,3
然後誘導,3
等系,3
士傑,3
把僅,3
私分,3
李斯,3
總遭,3
稀缺,3
先轉入,3
估約,3
元之費用,3
尊尚,3
張偉強,3
楊淑慧,3
地開啟,3
佳軒,3
領資金,3
上興奮,3
裡跳,3
變糟,3
豪氣,3
比實,3
正廠,3
飛車般,3
風馳,3
李建忠,3
周建,3
依雅,3
宏恩,3
骨折,3
沒救,3
開對,3
區雅潭路,3
並小額,3
周書玄,3
互動並,3
總共出,3
網查類,3
買加,3
你換,3
愛鴿,3
目能,3
額度並,3
並會額,3
將元,3
幣被,3
中維貿易,3
育成,3
不折不扣,3
東流,3
迦懿,3
攻陷,3
對方循,3
小凌,3
設計詐,3
敦化,3
根尖,3
地就點,3
將永遠揮,3
無奈交織,3
黏住,3
攝證件,3
裡等,3
聽力,3
維寧,3
消費並,3
然後編造,3
健良,3
申請加,3
這最,3
二件,3
豪華,3
求財,3
許時,3
取泰,3
林文彬,3
蔣檢察官,3
李奕辰,3
日臉,3
鋒利,3
迷魂,3
填填資料,3
聚惠省,3
勘查,3
確保貨款,3
號信,3
隨喜,3
蔡紹霖,3
外利潤,3
海龜,3
冰一樣,3
注定,3
組件,3
諾諾,3
事後林,3
並堅定,3
終查,3
琳兒,3
贏麻機,3
萬事屋,3
事經,3
故委由,3
上委,3
需看,3
魄力,3
年節,3
進大筆,3
出對,3
愛看,3
音誠懇,3
應徵兼職,3
則要,3
獎金額,3
洋芋,3
富里,3
賣國際,3
縣名間,3
鄉彰,3
梨花,3
搖搖馬,3
還沒湧,3
微風,3
著夢寐,3
問度,3
過約定,3
礦基,3
按造,3
林妍,3
中捷,3
自上,3
草稿,3
片群,3
之箱,3
蟹肉,3
設套,3
改換成,3
此序號,3
將全額,3
卡千萬,3
李男,3
大學學,3
地獲,3
還不願,3
著夢想成,3
方志,3
別點,3
恐萬分,3
條訊息給,3
傳投資,3
李心,3
巨城,3
這裡會,3
需仔細,3
敏銳,3
宣傳照,3
小梓,3
作代購,3
二姐,3
怡芳,3
元共,3
然後稱,3
用條,3
面張,3
記出,3
台裔,3
耀武,3
葉恩恩,3
網銀測試,3
組抽獎,3
大妹,3
佳麗,3
陪遊,3
應價值,3
因群,3
冠勳,3
人潮,3
岳剛,3
梓星,3
表示感激,3
裡還慶幸,3
過審,3
詳細諮詢,3
開通托運,3
吳曉靈,3
服務開,3
稱要繳,3
推派,3
證高額,3
小耿,3
工資會,3
滿額度,3
謹防上,3
豐田,3
這比金,3
遭假網,3
木木晨,3
購物券,3
剪映,3
認識理,3
一味,3
獎細節,3
這啥,3
紀念卡,3
耳根子,3
數實,3
莊芸涵,3
中溝,3
貸委,3
銀行雙,3
連飯,3
收單,3
呂季,3
邱水,3
李嘉真,3
裡將,3
裡滿懷,3
我大膽,3
行額,3
行舟,3
著金幣,3
上空,3
克制,3
人隱,3
承受能力,3
比死,3
問買,3
又詢,3
給老師,3
符合要求,3
圖繼續,3
設計案,3
承諾般,3
垂頭,3
喪氣,3
步伐,3
或萊爾富,3
山桃,3
試匯,3
簽售專,3
虧得,3
心門票,3
沒掉,3
駭人,3
隨後繼續,3
港澳台,3
及格,3
考上,3
暫討論,3
點點數,3
天時,3
標下,3
路詐,3
大樂園,3
小憶,3
法解決,3
張嘉哲,3
地重,3
換馬來,3
與民眾,3
三叉,3
小美依,3
自兒子,3
瓶子,3
將總金額,3
面後來,3
文由,3
隨後那個,3
號發現,3
間諜,3
筆大錢,3
建弘,3
行正,3
博全,3
最後講,3
功力,3
這聲音,3
創網,3
已加,3
山參,3
李昱衫,3
方未給,3
又關,3
理財之道,3
事風險,3
手不斷,3
付六萬元,3
白衣,3
黑褲,3
至派,3
通批,3
電都,3
李凱豪,3
可償還,3
先核實,3
數資料,3
一個馬克杯,3
轉付,3
金獅,3
私立,3
鄭長,3
海塞,3
多一條,3
劉建峰,3
鑽井,3
車派,3
王國紀元,3
左耳,3
認獎品,3
百麗,3
我糊塗,3
而虛擬,3
王定宇,3
則開始,3
金何,3
稱風,3
之後通,3
並設法,3
圖行,3
照詐,3
學了,3
新林門市,3
靜雅,3
人小額,3
專員表現,3
並簡,3
給吳,3
博業,3
極少,3
大俠,3
暖冬,3
探險家,3
確保穩,3
林慧娜,3
著威脅,3
進捷,3
機版,3
呼為,3
金交,3
不僅長,3
惡夢還,3
將過期,3
銀行察覺,3
將農會,3
劉家怡,3
此廣告,3
轉數,3
續雅欣,3
販賣給,3
李欣茹,3
將永遠伴,3
美景,3
佳嘉,3
我才將,3
死神,3
這會成,3
賴珊雪,3
响寓,3
異後始,3
醜小鴨,3
還虧,3
威文,3
江貴隆,3
當小張,3
這兩人會,3
營運金,3
劉陳,3
施冠諺,3
資訊前,3
茶館,3
暢通,3
男介紹,3
異味,3
發親密,3
十街,3
楊曉雅,3
劉靜瑜,3
價機票,3
韓漫,3
某報,3
平底,3
許哥督導,3
林書,3
調價格,3
孫孫,3
錢往,3
儲物,3
城代操,3
本留言,3
震動個,3
椰子,3
歡樂城,3
凱利,3
高盛,3
林英樺,3
網友們,3
投資種,3
一塊位,3
大撈,3
並自,3
獎金用,3
十八分,3
差為,3
陰冷,3
昆明街,3
那美麗,3
醜惡,3
摔傷,3
並細,3
萍兒,3
運氣實,3
佳盈,3
人情世故,3
傳送宅,3
事通,3
新買家,3
人買過,3
到哪去,3
貨運條,3
原委,3
團應,3
雅蕙,3
開封街,3
吳力,3
平均分,3
行走,3
詩潔,3
嘻瓜,3
一記記,3
小菱,3
算不上,3
裡熱情,3
天寶,3
此起彼伏,3
燒起,3
閃得,3
盡責地,3
那廉價,3
裡踏實,3
辛勞換,3
內心雀躍,3
發文收,3
或序,3
熱愛來,3
萬物社,3
超有型,3
大亞,3
看手相,3
保濕,3
劉瓊惠,3
福袋標,3
大慶,3
筆代碼,3
上小試,3
臉龐,3
張億,3
終於讓,3
墓園,3
熙攘,3
成痴,3
零七,3
十七元,3
購些,3
貼文售,3
地查詢,3
更舒適,3
攻破,3
背痛,3
插刀,3
闖進,3
號門,3
整遊,3
友以,3
轉到網,3
東北,3
白肉,3
如貨到,3
廖勝榮,3
王雅欣,3
專職,3
外界,3
航運,3
曲博,3
帳近,3
立倬,3
丹兒,3
王奕昕,3
配圖,3
太研,3
伏筆,3
卻安穩,3
股票行情,3
如洗,3
著金錢,3
價單,3
上展,3
照着,3
窗戶灑,3
滲入,3
徐小凱,3
箱屋,3
位自稱,3
給蒙騙,3
壬劉,3
潘詩珍,3
從業者,3
地傳訊息給,3
並不願意,3
文到,3
義豪,3
健力,3
小島,3
西岸,3
葉國華,3
李鴻章,3
兜兜,3
協商後決定,3
簡介中,3
林國良,3
通寶,3
小威,3
塗清助,3
蓮豐,3
武財神,3
調越,3
我直,3
經由詐,3
記廣告,3
運鈔,3
並曾,3
張雅茹,3
曉琴,3
電廠,3
將我拉黑,3
詳細網,3
數到帳,3
如花,3
嘴甜,3
衝等,3
李明昊,3
自臨櫃,3
俊俏,3
台灣念書,3
星期二,3
生老病死,3
瞭地,3
百塊,3
姣好,3
面後會將,3
咆哮,3
但數,3
進賬,3
尼客,3
匯四個,3
藏家,3
酒瓶,3
區樂利路,3
邵淵勝,3
鄭聖華,3
不忘,3
做連,3
古玩店,3
選抖,3
非會員,3
立槳,3
張光仁,3
出高價,3
講機,3
目要,3
無法加,3
但絕,3
林茜,3
跨國詐,3
氣親,3
名義使,3
洩露給,3
現現啟,3
老孫來,3
給名,3
星匯,3
全力以赴,3
十八元,3
網路並,3
設計費,3
小楠,3
碼中,3
退休工人,3
石凱文,3
地承諾會,3
鈴聲劃,3
李宗,3
會犯,3
六十五元,3
飽滿,3
浮誇,3
犯奪,3
還挺雀躍的,3
瓶涵,3
為彤,3
如風,3
銀營,3
運事業部,3
林雅欣,3
元月,3
以楓幣,3
良師,3
周俊安,3
頂點,3
水水,3
我連發,3
大帥哥,3
狼牙風,3
風拳,3
深交,3
悠閒地,3
學友,3
並攜帶,3
遊民,3
菲利浦,3
分頁,3
裡端,3
還得將,3
週去,3
購機票,3
喪著,3
隨後連結,3
經帶,3
獲利大筆,3
蔣天勝,3
已離職,3
愛烏薩奇,3
肺魚,3
其意,3
商德,3
光門市,3
並無款,3
李安琪,3
鄧婉婷,3
確如,3
錐心,3
張笑,3
大學快,3
躲藏,3
簡正育,3
輕人加,3
佳明,3
廣泛,3
當我過,3
王峻,3
駕駛該,3
直行,3
往北離,3
快訊,3
搶回,3
這證明,3
繳傭金,3
加倉,3
劉威志,3
獎金前,3
還視訊,3
用來付,3
表露,3
之夜,3
人定,3
勝天,3
稱岩,3
八十四,3
反應慢,3
可氣,3
新學期,3
駛離,3
單行,3
底擊,3
並時,3
偉超,3
正讀,3
教導學,3
生要,3
全用,3
很值,3
日帶,3
開始諮詢,3
劉展鵬,3
保買,3
女軍人,3
中極,3
其帶,3
還列舉,3
號才,3
解倉,3
阮慕驊,3
張民不疑,3
瑞氣祥,3
谷華,3
辦理變,3
張虛假,3
真覺,3
我放棄,3
那偽造,3
裡閒著,3
一百零七,3
往裡頭,3
潘靜儀,3
我小額試,3
捏住,3
想念,3
覺此,3
乃常見,3
竹科,3
滿足感,3
通上,3
亂鬥遊戲,3
剛購,3
了如指掌,3
江吉誼,3
上申,3
兩家統,3
卡浩,3
包手,3
說時,3
檢擔,3
任檢察官,3
區開元,3
堵住,3
渠供,3
任務看,3
財盡失,3
孫正婷,3
張鋅玥,3
花花世界,3
楊威,3
每支,3
李國亮,3
芷瑩,3
惡心,3
字迷,3
皇后,3
偶爾想,3
玉墜,3
正興致,3
著熱情,3
學業,3
採光,3
徐嘉揚,3
蔡雨琦,3
不諱,3
捷購,3
隨後叫,3
嘉鴻,3
天竹,3
青銅,3
小太刀,3
邱詩雯,3
這優惠,3
期為,3
曾綺華,3
露娜,3
秋玥,3
對方承諾會將,3
江澈,3
特訓班,3
苦楚,3
神龍見,3
首不見,3
隆路,3
賣著,3
吳秀紋,3
新春,3
搜尋代購,3
莫莫,3
幣有,3
白牙,3
呂佳翰,3
車維修,3
建議將,3
入金及,3
陳俊宏,3
生基產品,3
簡宏旭,3
兩筆轉,3
牌機場,3
徵租賃車,3
軟軟體,3
麻將代,3
場新,3
不限輸贏,3
踴躍,3
證等話術,3
游庭,3
聯絡來,3
一樣後悔,3
晨宇,3
好多好多,3
覺得天,3
著鍵,3
會平靜,3
購買鍵,3
那可惡,3
劉文剛,3
圖片裡,3
林思諾,3
智高點,3
萬返,3
楊傑,3
我理應,3
分持,3
攝寄件,3
語解釋,3
測量,3
八部,3
老字號,3
惠達,3
證自,3
只玉鐲,3
壓縮,3
解壓,3
柳菀玲,3
汽機,3
他展,3
金韻,3
林寶媽,3
戴森,3
劉銘,3
儀表,3
及路,3
商旁,3
內波,3
小咪,3
念物,3
完結,3
網絡關,3
葉哲宏,3
喧囂,3
雨琪,3
用華麗,3
務農小農夫,3
圓佑,3
錢境,3
匠心,3
拍車,3
舒心,3
著平靜,3
徹查,3
幾輩子,3
當老師,3
曾育茜,3
基層,3
億騰,3
確小有,3
飢餓,3
李麗芳,3
呼嘯,3
抑著,3
馮振義,3
年貨,3
張皓,3
遠處,3
李毅,3
曾子,3
碼還,3
金機會,3
蔣惠玲,3
圖出,3
氣鎮定,3
謝宗翰,3
中之人,3
張閃閃,3
線瞬間,3
都行,3
林惠君,3
販賣靈,3
迷昏,3
三尊,3
李芳,3
下下棋,3
波活動,3
油嘴滑舌,3
朝九晚五,3
許諾著,3
能作,3
林志隆,3
之傭金,3
位名,3
龍杰,3
其告訴,3
衣雲瓏,3
顧及,3
日答,3
巴克,3
親自撥,3
電話驗證,3
由陳民,3
經文,3
人資靜雅,3
曾云蓁,3
啟程,3
豆花,3
條塊,3
買將,3
遠翔,3
楓樹,3
雖無損,3
幣到帳,3
迷戀著,3
曹家鎮,3
宏宇,3
李偉皓,3
蘇凡芮,3
負責為,3
雲策,3
並不真實,3
袁嫌,3
抓貓,3
感慨,3
惡寒,3
辣辣,3
進時,3
李曉蕾,3
堆金積,3
氣味,3
這當成,3
連一點點,3
爛漫,3
殷柔,3
林國強,3
鄭庭宇,3
蠍管,3
賴虹,3
程文,3
丹尼,3
齊下,3
更浪費,3
石來,3
路程,3
人後怕,3
創收,3
寶飾,3
化計劃,3
深入骨髓,3
風生,3
熱戀,3
提用,3
看盡,3
每則,3
零五塊,3
信瑞,3
韓云,3
訂金款,3
楊世賢,3
漸動心,3
誣告,3
小寶幣幣,3
德恩,3
以升級,3
哈密,3
時間察覺,3
多指,3
北陽門市,3
北陽路,3
狗牌,3
超商後面,3
吳小中,3
唏噓,3
實破綻,3
之快,3
一枕,3
林艾瑄,3
金龍,3
佩熙,3
侯馨雅,3
阿芳,3
易通圓,3
在羅斯福路,3
郭惠英,3
刺破,3
盼到,3
喘息,3
計劃給,3
瓶頸期,3
暖呼呼,3
莊清祥,3
血瞬間,3
地運作,3
最苦澀,3
提議給,3
吳家茹,3
中交換,3
林瞳,3
物國際,3
購方,3
將戶,3
刷抖音,3
可日領,3
李浩程,3
徵才網,3
文武,3
劃位,3
格倫銀行,3
吳心語,3
的強,3
珠光,3
欣妤,3
品樂,3
尋可,3
頻時,3
並不領,3
范卉兒,3
問不斷,3
還徵求,3
旗手,3
尼尼親,3
品群組,3
地詳,3
交會點,3
粉花,3
曉曉接觸,3
一文,3
偉智智財,3
電動鎖,3
組售,3
歐陽澤旭,3
三百万,3
這八萬塊,3
會運動,3
關電腦,3
多紅利,3
這組數,3
人員致,3
日群,3
合夥購,3
明申,3
保還,3
傑達智信,3
新瑪奇,3
入內,3
祝賀,3
將遠超,3
還誠懇,3
越能,3
麻油,3
經常幫,3
刷動態,3
管蝦,3
號載,3
然後下車,3
問地點,3
隨機號,3
地中獎,3
並隨後再給,3
驟給,3
御鑫,3
吳廣昌副理,3
時共轉,3
加盟商,3
并且,3
梁麗麗,3
省思,3
小希邀,3
小希在,3
作坊,3
渠幣,3
總共做,3
能告,3
總共嘗試,3
君子,3
力學,3
晝夜,3
繁地發,3
按步就班,3
自稱屬,3
日急,3
篤信,3
魏峻,3
共富,3
僅被,3
年大約,3
上試,3
木香,3
層面,3
西寧,3
玄月,3
無尘,3
鄭語潔,3
習晟,3
彤穎,3
東富,3
深得,3
高發,3
試著問,3
巴里,3
這價格實,3
內心後悔,3
慈恩,3
東哲,3
那八萬塊,3
兒一竅,3
時開始,3
一陣雀躍,3
許文清,3
熱愛旅遊,3
暢銷,3
異音且,3
謝元豪,3
東宏,3
嘉許,3
可養寵,3
王夢芸,3
伍陸,3
故遲,3
星雲投,3
資俱樂部,3
維倫,3
幫陳維倫,3
薪路,3
薪傳,3
韋柏,3
吳重,3
楊倩倩,3
戶共新,3
還渾身,3
勾引,3
大白,3
泄露,3
會計長,3
吳杰峰,3
巧宥,3
可施,3
古典舞,3
熱衷學習,3
展位,3
還態度,3
時償,3
場後確,3
凱傑,3
怡和,3
正懷孕,3
啟元,3
異常向,3
吳祺胤,3
蕭義財,3
藍光,3
操能,3
王淑君,3
徐佩慈,3
嘉諾,3
匯金,3
楊芯蕙,3
善朋,3
徐嘉淇,3
當初林,3
兒之人,3
探秘,3
用碼,3
大功,3
守望,3
奶酪,3
涵蓁,3
錯漏,3
瑞安,3
粉絲騙,3
太短,3
鼻而來,3
晨馨,3
另行通知,3
老牛,3
準備查,3
沮喪地,3
拉開,3
跋扈,3
雜得,3
異經,3
同學購,3
李建豪,3
榔園,3
顏杏,3
機會贏,3
張祥坤,3
年幼,3
洪秀吟,3
張詩雅,3
被列,3
國泰世華有,3
否極,3
泰來,3
林宇鶴,3
著深,3
測的,3
因一場,3
文明,3
賴駿,3
劉明澤,3
林董,3
俘虜,3
大學學費,3
確小,3
這九萬,3
百態,3
菲想,3
何麗君,3
爛醉,3
創新幣商,3
忠告,3
小捷,3
兩人共計,3
內辦,3
李祉,3
我太高興,3
稱羅佳怡,3
王暐文,3
鴻揚,3
仍不見,3
人學院,3
不義之利,3
联系,3
汇款,3
張芸,3
終於察覺,3
裡掏,3
本是,3
頭一暖,3
浸濕,3
存提,3
林凱評,3
楊宇平,3
袁紹文,3
平平,3
懦弱,3
血氣,3
英姿,3
四包,3
一顫,3
不求證,3
養網,3
震醒,3
無味,3
以信,3
佐賀,3
發生車,3
愛人,3
欺金額,3
群富,3
色球,3
孫婉婷,3
卡查,3
換至,3
政霖,3
岩兒,3
金斗,3
分約定,3
夾出,3
削弱,3
簡伊旋,3
共學社,3
劉蕭夏,3
當嫁,3
那騙子,3
順源,3
琬靜,3
芯予,3
李健,3
將這次,3
寶付,3
丸子,3
諾貝塔,3
獸心,3
三合,3
將乙太幣,3
輩子積,3
楠木,3
的極,3
費煩惱,3
視訊進,3
房東利門,3
根兒,3
搜尋與,3
杜美瑢,3
輕人來,3
王景富,3
方資質,3
張梓萌,3
婉慧學習,3
洪麗蘭,3
徐晨軒,3
笃信,3
諾言,3
宋翔麟,3
先會,3
費將,3
不服,3
林婉君,3
壹悅,3
因為雙,3
房後若,3
花梓銜,3
迷幻,3
現代詐,3
建忠,3
因不詳,3
鹽行,3
文德,3
隨後一暱,3
思維交織,3
著雀躍的,3
无尽,3
睡眼惺忪,3
很孝順,3
小看,3
共詐,3
透出,3
日欲購,3
郭麗萍,3
義銘,3
王建豐,3
賣業務,3
林悅情,3
拉車,3
開庭紀錄,3
心宜,3
遭人加,3
涉獵,3
小寒,3
美照,3
這筆帳,3
蟲一樣,3
逆旅,3
當時過,3
官聲,3
專路,3
易遊,3
偶頭,3
捐一筆,3
賣超,3
捍衛隊,3
我慌張,3
欠過,3
仔細辨識,3
不眠之夜,3
孤零零,3
只聊,3
皮鞋,3
愛又恨,3
徐肇坤,3
此資訊,3
小百,3
文化部,3
已中,3
員明確,3
安葬,3
林雅熙,3
職短,3
現貨並,3
姜雲霞,3
閱覽器,3
顆組,3
終於承認,3
語應付,3
裡喜,3
獎金正,3
直爽,3
雜物時,3
稱時間,3
解決後馬,3
重達,3
在車,3
兩全,3
一騙,3
連核實,3
鄭小肉,3
憲章,3
向霈,3
將借據,3
家瑞,3
之薪,3
她確,3
為宅,3
許承煬,3
性風趣,3
張夢潔,3
尋寶圖,3
梁男,3
號華南,3
賣維修,3
李滿盆,3
康樂門市,3
官人,3
筆花費,3
吳倩,3
詐嫌,3
貨運電話,3
區國,3
張靜,3
中華長,3
挑不出,3
士銘,3
五百五,3
點溫,3
林婉兒,3
報廢價,3
徐煒,3
當週,3
體現,3
裡賺,3
著壓力,3
員山,3
假售門票,3
景禮門市,3
鍋藏,3
不承,3
概不,3
可連接,3
大程度,3
商標權,3
丹鳳,3
桂冠,3
銀行後至,3
林民不疑,3
利富幣,3
郵局吳,3
有鎖定,3
順利批,3
大勢,3
識珠,3
陸轉帳,3
上銓,3
張需,3
倉息,3
走一遍,3
阿秀,3
這才給,3
這兒童,3
並將授,3
銀行授,3
邱淑貞來,3
確保群,3
上標,3
發興奮,3
鑰費用,3
批貸,3
購房,3
證傳,3
設計並,3
經常伴,3
寵物產品,3
尋寵物,3
餵食,3
發訊息詢,3
實質性,3
較大風險,3
或始,3
將順利,3
納大額,3
喜愛玩,3
事遊,3
遊戲界,3
賣夥伴,3
中遲延,3
之後觀,3
詩宜,3
未免太,3
孫鳳雛,3
聖誕來,3
空虛起,3
楊麗雅,3
還設計,3
玳珺,3
辛萊瑪,3
藍熙,3
財需,3
工信部,3
綠角,3
過年給,3
領頭雁群,3
六旬,3
古導師,3
耳濡目染,3
春風般,3
元旦,3
杉本,3
旭東,3
張善仁,3
峻德,3
宏遠國際,3
李兆佑,3
發昏,3
鄭旻,3
梁民,3
瑞銀台灣,3
經暈頭,3
豐登學習,3
策聯國際,3
重新安排,3
廉價塑,3
一個售,3
風雲榜,3
這既能,3
徐偉,3
數代儲,3
聖誕來襲,3
策連,3
予涵,3
將紅酒,3
侄兒,3
阿邑,3
蘭頌,3
憑券,3
人員語,3
這三萬,3
一種踐,3
出鍵,3
回康,3
最後輸入,3
貨數量,3
付員工,3
愛晴詐,3
志龍,3
小六貸款,3
靜思,3
納獲,3
台新網,3
萬款,3
萬家富,3
緣符,3
薛麗霏,3
張斌,3
理人員,3
粉絲九團,3
著人們,3
販售店,3
騎機車,3
美蕙柯,3
屋瓦,3
多份,3
保穩,3
他法,3
蔡沛,3
足足有,3
美婷,3
杜承翰,3
只值,3
主民,3
晶語,3
成員個,3
上古,3
張全榕,3
報名區,3
李智偉,3
下後錄,3
號進線,3
貴轄協處,3
張艾倫,3
光華郵局,3
王俊,3
畏懼,3
尚無實質,3
蔡國煒,3
余哲均,3
錢取,3
保護協,3
領裡面,3
出金入,3
林思漢,3
當傭金,3
韓森,3
添得,3
葬送在,3
借十萬,3
到將,3
那閃爍,3
而談,3
早點識,3
林欣妍,3
游淑美,3
蔡圓圓,3
房賣,3
許晉偉,3
謝君昊,3
結餘款,3
按送,3
兩至,3
可謂,3
環保計劃,3
艾拓思,3
上會員,3
稀疏,3
許多遊戲,3
朱安奇,3
我噓,3
涵葳,3
依娜,3
達譽,3
謝鈺婷,3
李妍,3
扣取,3
華門市,3
給付給,3
轉運手,3
參照,3
銷掉,3
李唯,3
軍磊,3
科大,3
唐偉仁,3
何雅玲,3
梁育仁,3
李詠,3
跌幅,3
周定國,3
線路,3
燈拉長,3
顏素,3
郵票,3
設華南,3
助貸,3
馮宣婷,3
表白,3
還總是,3
蔡敦慶,3
潘佑立,3
場長,3
李倩,3
便後來,3
組合包,3
老式,3
吳宗,3
否則後續,3
看才,3
市人,3
張綺芸,3
介紹應,3
接合,3
給同,3
小安投,3
定擇,3
情面,3
保保證,3
金而心,3
非面,3
行員洽,3
明慧,3
吳佩宜,3
張東升,3
羞恥感,3
氣答,3
文理,3
那趟,3
姜富凱,3
吳雅琪,3
鄭昱欣,3
之隊,3
薪富,3
報實,3
網紅甜,3
點店,3
糕點,3
點禮盒,3
龐大訂,3
最後攜款,3
張家苓,3
正開心,3
寧可多,3
地歡,3
蕭羽辰,3
佳馨,3
古怪,3
林至,3
鄭雅雯,3
李琳琳,3
巨變,3
漣漪,3
他的頭,3
千寶,3
合富,3
專員吳,3
藝佩,3
范民,3
奢品網,3
克強,3
寶佳,3
所來電,3
保護費給,3
林清微,3
國寶,3
安泊,3
潘嘉蕙,3
林小昕,3
當行員,3
大姑子,3
成員求證,3
右邊,3
往本,3
故繼續,3
洪志仁,3
炫酷,3
玫亘,3
將其驗,3
將因,3
葉一芳,3
分執行,3
抽獎動,3
因為裡,3
因媽媽,3
龍峒,3
不識路,3
日替,3
差旅,3
之機票,3
將地點,3
號台灣,3
派員前,3
女資,3
翁彩,3
將翁彩,3
時議員,3
認後當,3
隨案,3
推廣費,3
徵中試,3
婚紗試,3
衣素,3
單後累積,3
高營利,3
萬確定,3
李嘉宏之人,3
李嘉宏稱,3
秉騏,3
民不疑,3
博愛店,3
湘惠,3
主動發,3
光環,3
史子恆,3
辦理遠,3
過手,3
未登記,3
證內容,3
淘富,3
油公司,3
額相當,3
語和體,3
洞裡,3
方男,3
趕稿,3
裡摸,3
七朵,3
何匯款,3
關曉宣,3
集散地,3
朱麗嫻,3
李雨信,3
應數量,3
數卡驗證,3
林佩珊,3
內場,3
場域給,3
組網址,3
選後該,3
有起,3
財獲,3
再謊,3
之後遂,3
投之金,3
劉立,3
微信裡,3
莊鈺,3
無垠,3
中浩,3
機會應,3
四百八十元,3
白茶,3
清歡,3
郭芝,3
方是,3
點經,3
杜凱明,3
新金控,3
正閒著,3
一怒之下,3
夢雅,3
當系統,3
同上,3
賴瑞,3
阿民寵物,3
花大錢,3
小舅子,3
張芮瑤,3
林鼎宇,3
許進雄,3
洪志雄,3
江文萬,3
減肥針,3
打富邦,3
能安穩,3
的絕,3
林玥,3
葛穎,3
洪曼,3
林鼎皓,3
上半,3
將車款,3
自貸款,3
投手,3
曾小斌,3
玄狐,3
門通,3
靈和合,3
正發,3
李存耀,3
貓領養,3
林明賢,3
胡鵬,3
鑫樂活,3
佳恩,3
巷往,3
隨後欲出,3
彈跳,3
用雙,3
弟子,3
實費用,3
子捷,3
布行,3
吳亦茹,3
点数,3
侯志明,3
區隨機,3
位買家,3
呂民友,3
依網路,3
早班,3
阮錦繡,3
劉衛東,3
林玉如,3
機後買家,3
求和,3
處理國,3
律師來,3
啟動律,3
數十萬元訂,3
多花些,3
房產局,3
民雄個工,3
水手服,3
將販售,3
日場,3
故失,3
國父,3
紀念館,3
張明易,3
證投資絕,3
城偉,3
操期,3
網遊代充,3
當雅婷,3
帳後越,3
小欣介紹,3
蔡來,3
蔡發現,3
金和物資,3
機大放價,3
大陸劣,3
質產品,3
小陳向,3
楊小玉,3
遺失報,3
小玉並,3
阿龍點擊,3
當阿龍,3
閔繼續,3
閔此,3
廖泳深,3
當天起,3
小翁分,3
當小翁,3
保運門市,3
熱潮,3
南面,3
當取票,3
洪志賢,3
龜山人,3
交取票,3
特斯,3
強調驗證,3
林嘉韻,3
李守駿,3
經晚,3
經遠遠,3
將收來,3
念晨,3
籍口,3
怡晴,3
阿斌,3
搜尋當,3
張原價,3
認寄票,3
曾子軒,3
許仁龍,3
宇文,3
甘鑫海,3
玄聖,3
眼膜,3
江文迪,3
入方,3
資金無虞,3
詳盡且,3
明細作,3
組無故,3
自惠達,3
個重,3
靠得住,3
裡發生,3
還會傷,3
俾利後續,3
獎金發,3
放程序,3
托運協定,3
週四場,3
方陳俊傑,3
蔡算,3
橫濱,3
唐國際,3
陳姍姍,3
澤澤,3
李熊,3
劉璟雯,3
李博,3
凱駿,3
樣的關,3
劉月婷,3
碼密給,3
約翰,3
李悠雯,3
握講,3
雅淇,3
林語雯,3
翁育仲,3
阿譚,3
蕭湘怡,3
縣統,3
老師後確,3
他後均,3
入金均,3
愛唯刻,3
林北小舞,3
雨雨用,3
小勺,3
鄭智中,3
會調,3
及員警,3
劉浩明,3
叫偉偉,3
繳學貸,3
杯杯,3
並舉,3
上學,3
管事,3
萬怕,3
各廠,3
支新機,3
高階手機,3
徐駒,3
方先問,3
已經換,3
我若怕,3
撥訊息,3
隄防,3
湯聊,3
湯騙,3
這也要,3
王大鵬,3
兩單,3
頭用,3
時聖本,3
阿茂,3
鋪業務,3
該當,3
傳並,3
依蓁,3
採礦,3
告四人,3
筱昕,3
王虎,3
李警員,3
思詠,3
做後共,2
堪憂,2
出幣,2
石鎮,2
拍購,2
詳問,2
將父,2
馮雅雯,2
過元,2
永明,2
筆貨,2
什麼幣商,2
定碼,2
再放,2
公文袋,2
名義參,2
簽買,2
房產作,2
灣新北市,2
主宣傳,2
內刷,2
並贈,2
中口頭,2
並標明,2
名義之詐,2
因匯率,2
螢幕畫,2
人存,2
做產品,2
專一,2
貨幣代為,2
小年,2
團小卡,2
寄不出,2
我欲換,2
送雨傘,2
大老,2
忠良,2
王飛,2
缺繳,2
嫌暱,2
台灣要,2
單須,2
並於手機,2
人後會,2
根據線,2
很興趣,2
亞新,2
釋然,2
現錯誤,2
小販,2
沈雲舒,2
目中,2
卡剛,2
地買個,2
雜項,2
識人,2
快升,2
處理塔位,2
仔細談,2
裡聯絡,2
稱存,2
市求,2
還手續,2
為會首,2
時未,2
旅遊門票,2
財產得,2
順著聊,2
就會轉,2
處理外,2
匯戶,2
超神,2
兩次貨,2
出驗,2
辯解,2
王警員,2
裡慌亂,2
夏末,2
出轉,2
蒲公英,2
寄禮品,2
組助,2
機竊取,2
分開啟,2
參與方,2
合夥入,2
販賣個,2
組鐵架,2
另將,2
機對,2
超正,2
元禮物,2
領社團,2
無餘額,2
越信,2
已確,2
金域,2
人員詢,2
超商拿取,2
師來電,2
並由群,2
邀約務,2
該開,2
證金成,2
元下,2
可提,2
瓶頸,2
詠弘,2
出楓,2
現場還,2
兩萬八,2
太聰明,2
沒空過,2
講各種,2
叫華,2
外送費,2
試太,2
資公開,2
冠傑,2
送鍵,2
問蝦,2
遭愛情,2
小電鍋,2
單截圖,2
表單給,2
絕不虧損,2
沈香,2
現金用,2
小副業,2
他網,2
先轉出,2
玉市,2
袋鼠,2
想變,2
殘值,2
車訂,2
會手,2
他常以,2
帳務作業,2
車資時,2
亂成,2
提存,2
查郵局,2
經管,2
失現,2
點擊後對,2
元至元,2
有錯,2
問移動,2
之人詢,2
暫時驗,2
結算時,2
德際,2
心裡悔,2
已經全,2
都熱,2
高興想,2
辦台灣,2
隨後竟,2
氣熱絡,2
某路邊,2
購買幣種,2
帝皇,2
彻底,2
欣在,2
延遲金,2
全花光,2
又繳,2
名義故,2
點重,2
待見面,2
用貨,2
貨運店,2
當頁,2
主機加,2
菸草,2
出後系統,2
安撫下,2
配連,2
鎖要,2
五盒,2
並述,2
幾處,2
幣始終,2
許文鋒,2
驟購,2
小賢,2
一唱地,2
留電話,2
問親戚,2
酒款,2
品詐,2
將群組,2
文徵,2
上資金,2
安家,2
雙方誠信,2
作業並,2
又剛,2
老老實,2
貞貞,2
補金流,2
戶須,2
黛兒,2
小優,2
群島,2
渠母親,2
該員為,2
派給,2
以大榮,2
樹廣門市,2
傲明,2
再升,2
氣又無奈,2
躍升,2
帳號易,2
聖唯,2
弘法,2
容貌,2
改介紹,2
回返,2
命相,2
排流,2
造墳,2
經遭,2
一班,2
所受,2
花蓮救災,2
元補,2
稱贈,2
假贈品,2
還獎,2
通過幣,2
結衣,2
禮物贈,2
大力支持,2
會談,2
價可,2
一百二十五,2
開社團,2
張升,2
我五萬,2
稍後發現,2
薪資始,2
玩牌,2
遊戲詐,2
該金流,2
故又給,2
元富,2
拍過,2
粉絲魂,2
渾蛋,2
撥片,2
上剛,2
這時家,2
名義介紹,2
金點數,2
投資超,2
曉月,2
幾天後打,2
地先,2
裡的幣,2
只想解,2
尋借貸,2
最真實,2
打榜費,2
最鋒利,2
專宣稱,2
當下照,2
出聯絡,2
親信,2
農藥,2
卡存,2
美業,2
貨員向,2
收貨且,2
詢假,2
結後有,2
獲利產生,2
第二支,2
組已,2
通訊費,2
分租,2
代看,2
巴洛,2
王之人,2
沒履約,2
微電商,2
好柿,2
名為數,2
蘇鈺惠,2
林羽庭,2
水彩,2
及換,2
件套,2
玩膩,2
需銷售,2
挖坑,2
做代,2
儲業務,2
沒有轉,2
骨骼,2
姿勢,2
兩三週,2
女會員,2
人眼,2
至大陸,2
以待,2
我共花費,2
月後群,2
金差,2
隨後陳,2
依經紀,2
之後就點,2
賣菜,2
救護車,2
獲利單,2
之後心裡,2
問主動加,2
嘉薇,2
瑞芹,2
暈倒,2
慕雅,2
張家輝,2
包紀錄,2
火山,2
筆項,2
名加,2
率極,2
暫無實際,2
還認識,2
廖女,2
三百二十四,2
從求,2
筆利潤,2
劇本裡,2
林美萱,2
保儲值,2
幣代儲,2
自稱凱,2
及約定,2
買四張,2
當薪,2
結算給,2
女兒照,2
人撫養,2
裡詳,2
沒睡,2
資是,2
圖形驗,2
文詢問,2
網銀自,2
絕會,2
多部,2
前後網,2
影展,2
剛儲,2
吳嘖嘖,2
浪浪,2
幣佑,2
因喜歡,2
人原,2
假代練,2
給他們當,2
鼓掌,2
混雜,2
手去,2
延遲會,2
還能邊,2
如已,2
人帶,2
菱菱,2
將大約,2
省小錢,2
始經,2
其親戚,2
報案後始,2
中顯,2
辦理存,2
數週前,2
大英,2
認中,2
專線後至,2
廖怡,2
法老王,2
焦糖,2
錯禮物,2
進入後續,2
幾十筆,2
追出,2
先停,2
證信,2
還遊,2
敬老,2
布下,2
魔手,2
冒犯,2
沒門票,2
稅號,2
融融,2
鎖漲,2
跟代墊,2
包郵,2
之後又匯,2
偉偉,2
獎六萬,2
引導連,2
補差價,2
竹光路,2
當時車,2
資費用,2
影紀錄,2
童夢肥,2
收活,2
頭熱,2
竟為,2
好會還,2
洗劫,2
之費,2
登記卡,2
有言語,2
驟為,2
予點,2
用成,2
高隊,2
身機,2
緣品,2
因餘額,2
淘寶兼職,2
人嘛,2
收會員費,2
歐手,2
閃約,2
連出,2
芯主編,2
挺誠懇,2
平底鞋,2
當律,2
但視訊,2
遞寄貨,2
新耳機,2
匯五萬元給,2
還裝出,2
自超商,2
儲值當,2
問鄰,2
稱陳益,2
筆代墊,2
醬油,2
接連受,2
但嘗試,2
做後發,2
送貨員,2
林侑欣,2
制造,2
佳誼,2
加難,2
那幾次,2
裕民,2
經常來,2
急著購,2
證會員,2
願見面,2
郵政林,2
筆資料,2
以一個,2
認識王,2
故分別,2
淘妹,2
出五萬,2
點間,2
機就能,2
職驗證,2
員代為,2
介紹護膚,2
產品給,2
啟銀行,2
八萬多顆,2
幾組點數,2
姓林,2
兩戶,2
包辦,2
合作愉快,2
還沒核,2
要現,2
拍賣場,2
鎖溫,2
帳五萬元,2
勿點,2
水泥,2
應簽,2
銀行入,2
周孟耘,2
帳證明,2
並包裝,2
日後遭,2
勘驗,2
柏言,2
往下,2
豐傳媒,2
法騙,2
過悠,2
背後動,2
我共遭,2
植株,2
一朵,2
李茜茜,2
組麻將,2
扣出,2
右下方,2
詢完,2
方拿著,2
台銀及,2
用華南,2
那帳,2
線代儲,2
萬元的幣,2
佳子,2
黑戶,2
魚文,2
匯三萬元過,2
無法言語,2
結暱,2
接廠,2
白名,2
招到,2
內凍,2
無額,2
團會,2
一電子,2
同額,2
啟郵局,2
赤裸,2
該飾品,2
動作時,2
啟賣,2
行動線,2
或合約,2
沒資金,2
私訊主動,2
從渠,2
員馬上,2
過這段,2
超老,2
孔文,2
單驗證,2
戀結,2
款後馬,2
合約裡,2
清冊,2
便業務,2
這步驟,2
連單,2
人換匯,2
清並,2
自悠,2
是轉,2
並返,2
機交換,2
並郵,2
博覽會,2
由大陸,2
朦朧,2
聲援,2
大客戶,2
一筆國,2
皮刷,2
許幸,2
粉蜜傳,2
媒映畫,2
賽票,2
偶爾滑,2
對系統,2
算熟,2
出貨後會給,2
一則餐,2
王可亭,2
試提領,2
解憂絨,2
毛屋,2
抽中二獎,2
標售,2
卡圖,2
手感,2
連貨到,2
制詐,2
聊一,2
碰網,2
賣加熱,2
商一筆,2
認驗證,2
交報,2
總共少,2
點選無卡,2
誤匯款,2
小佳琪,2
稱載,2
爬蟲類,2
賣紀錄,2
愛玩線,2
國際寶石,2
價格加,2
萬以,2
溫莎門市,2
方不段,2
欺後至,2
得給,2
需收,2
先提,2
小傑傑,2
費拿,2
代儲幣,2
聊些關,2
金額當,2
幾十萬現,2
群組學,2
匯錢驗證,2
將國外,2
購品,2
方無視,2
廠商出,2
入場票,2
貨可,2
場時,2
青樂學苑,2
或詢,2
辦後事,2
看新聞,2
挫折感,2
這組代碼,2
商來電,2
吃員,2
工資訊,2
女裝出,2
船票,2
施肥,2
機之廣告,2
所寄發,2
渠當時,2
筆日幣,2
信彰,2
蔡曉潔,2
故引導,2
帳號號,2
尚無財產,2
但話,2
先誠意,2
沒交,2
萬元退,2
完嚇,2
幾天終,2
畸零,2
福金,2
許嫌,2
假代書,2
蹊蹺後續,2
貼文現,2
授權委,2
澄水水,2
布置,2
惟門票,2
李慧敏,2
無廣告,2
汪總監,2
結而,2
經請,2
那麼動,2
還學會,2
搶個,2
寧可多花,2
可議價,2
談吐流暢,2
猶豫期,2
分不出,2
沿路,2
加護,2
探病,2
先下車,2
車程,2
傳真給,2
托運協議,2
某企業,2
事無補,2
太糟,2
當紅,2
最後拿回,2
不太順利,2
卡進度,2
分紅共新,2
完當,2
帳票,2
林偉豪,2
項共,2
遭店員,2
我民國,2
最後驚,2
日後發現,2
確實將,2
並分紅,2
帳繳,2
代謝,2
阿進,2
張超,2
寄禮券,2
太舊,2
不升級,2
老司機,2
細時,2
軟化,2
我入場,2
沒戴,2
作匯款,2
他們轉,2
點出,2
邀請訊息,2
曉娟,2
因損,2
瀏覽賣,2
多鏈,2
多卡,2
寶寶爸媽,2
單據頁,2
入金該,2
原金額,2
許致,2
就持,2
心比,2
十萬教訓,2
法並,2
奇異果,2
出門費,2
會見,2
各刷,2
完之後有,2
買訂,2
卡含,2
天貸款,2
電問,2
改日,2
影阿學,2
樂在,2
笑呵呵,2
走後才,2
退費要,2
發愁,2
一組序號,2
方裸體,2
帳協助,2
發光屋,2
未附,2
項驚覺,2
我後續將,2
找長,2
因兒子,2
搭便,2
車與賽,2
事轉,2
事門票,2
點半多,2
一發票,2
裡面常,2
成員介紹,2
合資參,2
連以,2
超商系統,2
繳約,2
小斌,2
並感覺,2
我謹,2
明細予,2
實體面,2
王浩銘,2
這貼,2
點那個,2
青學院,2
有質,2
驟驗證,2
原說,2
成洗,2
買代賣,2
幣或,2
失一萬,2
鎖圖示,2
蠻常在網,2
樂纖機,2
輕卡餐,2
談遊戲,2
常參加,2
李慧萍,2
芷晴,2
當我送,2
開通購,2
二百六十,2
訂一張,2
汶萊,2
出國用,2
入後自動,2
將那個,2
驗證載,2
投十萬元,2
八十三,2
其序號,2
金匯率,2
畫家,2
那幾張,2
號和密碼,2
先傳給,2
障礙者,2
終於有點,2
嘉倫,2
並出現,2
那遊戲,2
四萬七,2
萬八,2
沒依約,2
依說明,2
兌換業務,2
手作飾品,2
別活動,2
何故,2
受威脅,2
營體驗,2
創享,2
面帶,2
插曲,2
李紫童,2
賣樂天,2
裡面並,2
以後將,2
轉幾萬元過,2
那票,2
賣傳,2
真麻煩,2
難防範,2
驗證訊息,2
軟體線,2
一言一行,2
稱當事,2
一張並,2
開郵局,2
帳密語,2
機認,2
上供,2
親密動作,2
維持關,2
性愛,2
台訊息,2
需交,2
儲值驗證,2
面後全額,2
十四次,2
山下,2
智久,2
問解決,2
介紹國,2
終顯示,2
改向,2
中資金,2
前後跑,2
就斷,2
過程給,2
慶昌門市,2
戶聲,2
告別,2
帳務明,2
卡因,2
付費詐,2
以轉,2
謝孟紓,2
換門票,2
單編,2
資金向,2
吳昱翔,2
明情況,2
並在訊息,2
票席,2
該系,2
買加熱,2
特別關,2
結果雙,2
誠徵婚紗,2
明薪資,2
看小說,2
排約會,2
機可,2
捷運麟,2
光站,2
集團仿,2
手票,2
購一張,2
地陪,2
還接觸,2
小容,2
並退費,2
已到貨,2
日給予,2
先到網,2
連裡面,2
部門路,2
四萬元過,2
豆子,2
鍛框,2
廖靖成,2
一體式,2
騙個資,2
二空,2
新興區戶,2
一粒,2
朱冠瑋,2
連結後出,2
騙車,2
先後投資,2
四瓶,2
進行查,2
邱文欣,2
芮研,2
定代,2
入後系統,2
會面並,2
楊瑩,2
絕後對方,2
蜜圈,2
台斤,2
跨店,2
因國外,2
嗣後陸續,2
點當面,2
貸籌,2
誤傳,2
就過,2
資遣,2
三千七百,2
詢律,2
發票獎,2
手頭僅,2
賣家頁,2
粉絲來,2
額作,2
補足費用,2
想續,2
卡倫經,2
上百人,2
因無資金,2
照著付,2
但餘額,2
還能領,2
下國,2
淘寶買,2
或約會,2
螢幕並,2
經理並,2
打人,2
名義詐財,2
做後覺,2
單據並,2
充入,2
鑲嵌,2
相知,2
友且,2
詐騙層,2
僅匯款,2
借錢予,2
其領,2
元後對,2
許安,2
過飯,2
事成後會給,2
並不認,2
擔少,2
予靜,2
帳號屬,2
照著犯,2
在販,2
名義傳訊息,2
失誤須,2
隨後又給,2
日高雄場,2
會小卡,2
私鑰,2
聽團,2
不誤,2
碼與驗,2
包異常,2
未下單,2
期詐,2
假應召,2
遞系統,2
那東西,2
地拜,2
還隨意,2
東西衝,2
大騙,2
原區,2
南陽路,2
金槍,2
上頭頭,2
沒半點,2
示成,2
審核會,2
醫美珍,2
還全額,2
組共,2
皮秒,2
外野,2
空賣,2
喪父,2
拍下序,2
繳交技術,2
因身體,2
並未點,2
結照,2
求票訊息,2
機進,2
以連結,2
某活動,2
關於類,2
注理,2
繳交電話費,2
照傳給,2
詢問票,2
一個線,2
商的關,2
方幣,2
加多少,2
並沒有訂,2
參加後會,2
會瞬間,2
有情,2
請家長,2
會員購,2
傳銷,2
裡他,2
金當然,2
毫無結果,2
包確,2
自責交錯,2
點費,2
還清款,2
補儲,2
現頁,2
討論後以,2
釜山,2
臉書主頁,2
稱陳婉婷,2
並收,2
遊戲代操,2
島內,2
質約會,2
先登錄,2
裁判,2
親平時,2
該區,2
熱門球,2
現重,2
債務金額,2
王靜,2
那裡會,2
工致,2
需檢查,2
及產品,2
蘿娜,2
熱絡且,2
張泓翔,2
承諺,2
損失鉅額,2
大禾,2
專員林忠傑,2
林雅慧,2
兩次驗證,2
台韓,2
專法,2
項後將,2
宋華,2
小西,2
臨櫃查,2
記得網,2
金管會將,2
前後到,2
無機,2
告終,2
假資訊,2
越多變,2
稱票務,2
文私,2
問上,2
課時間,2
筆未,2
已經刷,2
通該,2
益生元,2
西梅果,2
若網,2
經洩,2
充電式,2
電棒夾,2
軟體紙,2
類產品,2
潤回饋,2
傳得,2
花蓮門市,2
訂並,2
人員發,2
王竣,2
文書並,2
蔣芯儀,2
以假貨,2
張秀密,2
價格共計,2
給家,2
覺過,2
幣誠匯,2
文化站,2
戲暱,2
完課,2
領分紅,2
萬準備,2
處方箋,2
辦員,2
調查後才,2
侏儒,2
上則,2
喃喃,2
號資料,2
以維持,2
做薪,2
職真,2
卡亦未,2
省油,2
沒好,2
換頭,2
禮物購,2
誘導性,2
賣千萬要,2
活動極,2
事後沒有,2
彰化人,2
內頭,2
豬鼻龜,2
代刷,2
照著開,2
票卡,2
單據列,2
先買票,2
區雙,2
區將,2
未將款,2
先後退,2
郵寄並,2
方惡,2
賣不掉,2
張轉,2
會員內,2
解鎖會員,2
地點簽,2
欲進,2
面師,2
法物,2
選臉,2
過視訊,2
問陳,2
不斷強,2
簡訊確,2
先徵求,2
運條件,2
送化妝品,2
資金驗,2
單稅,2
零四萬元,2
行授,2
認個資,2
票求,2
陳專,2
伴遊費用,2
之序,2
小社,2
八成新,2
發欲,2
網友洪,2
總共近,2
方代銷,2
暴龍獸,2
撩人,2
賣家網,2
幫忙將,2
相當大,2
總冠,2
軍門票,2
影院,2
盡信,2
體脂,2
善罷,2
沒敢,2
雅宜,2
筠婕,2
上下床,2
檢測儀,2
所住,2
縣集,2
理之人,2
業務給,2
照該,2
餘額頁,2
網幫,2
兩株,2
車位費,2
似電話,2
白底,2
鑫昌門市,2
中辦,2
交換機,2
有安裝,2
設陷,2
省一筆,2
貸款網,2
多且,2
無出,2
要額外,2
還嚴重,2
課餘,2
點不開,2
當得,2
驟申,2
依幣商,2
李郁超,2
賣職,2
續號,2
假約,2
無防備,2
順豐假,2
提名,2
實屬,2
語晨,2
配並,2
夜夜,2
繳交證件,2
但獎,2
票文,2
夢迪,2
名義持續,2
筆返,2
侄女,2
救災,2
叫麗,2
機終,2
不誠信,2
樓下取,2
並已將,2
取財及,2
時線,2
裡確,2
連身,2
證明關,2
場夢,2
三千六百,2
林玉,2
元傳,2
吳嘉寶,2
金瑞麟,2
珠寶金飾,2
皺眉說,2
油柑,2
賣家表達,2
洲際,2
場一張,2
張洲際,2
多新,2
喬克,2
獲謊,2
截流,2
轉接予,2
終拿,2
點統,2
點擊後遭,2
無返,2
因母,2
親受,2
服務帳,2
提卡確,2
資經,2
往驗證,2
兩千塊給,2
這系,2
統蠻,2
一連照,2
你弟,2
事嚇,2
並長,2
貨聯絡,2
之後謊,2
檢測後稱,2
下原,2
並收費,2
並無派員,2
小葆,2
卡共約,2
需超商,2
價金後匯,2
迄未,2
卡後失聯,2
紀念碑,2
醫師會,2
調配,2
等藥,2
幾次藥,2
這筆費,2
貴一點,2
帳就會給,2
超商查,2
巨將,2
端後台,2
竣森,2
宗穎,2
兼任,2
處理業務款,2
商務聯名,2
結依,2
報並,2
合開,2
恩熙,2
還有幣,2
人什麼,2
會常,2
兩次確,2
愛組,2
場付,2
送原,2
廠檢,2
裡和人,2
著雀躍,2
實數,2
裡報,2
證代碼,2
主自稱,2
舒禧珠,2
聯合詐,2
方聊購,2
還詐,2
點開後是,2
玩邊,2
結會,2
管路,2
工務,2
聯絡員,2
邊學邊,2
姓盧,2
有個驗,2
順利配,2
前五碼,2
給司機,2
隊伍,2
有四筆,2
電揚言,2
全數給,2
承包工程,2
才點,2
著輸,2
失九萬,2
機才,2
轉及,2
戶後遲,2
網發,2
進近,2
拘禁,2
接收者,2
美妝日誌,2
市交,2
音購,2
他頻,2
高達千萬,2
預計要,2
毫無異常,2
多端,2
內容會,2
證不過,2
佩盈,2
回撥過,2
氣那,2
太理,2
價格時,2
高雄國家,2
服務器,2
證明驗證,2
揮灑,2
在類,2
小封,2
這組序號,2
變相騙,2
林曉芸,2
秀給,2
隨後我決,2
過未,2
決定致,2
網銀錢,2
名為悅,2
談買票,2
其均,2
假代銷,2
合資去,2
接口,2
一約會,2
一合約,2
微店,2
同夢肥,2
湘湘,2
鋼鐵人,2
即轉,2
團裡面,2
男幫,2
給魏,2
林申墨,2
韓國代,2
方定,2
並有個,2
但照,2
為娜,2
隨後騙,2
銀來,2
資訊標,2
法扣,2
回訊息且,2
一則育,2
經門市,2
僅轉帳,2
亦非,2
兩萬一,2
東盈證,2
特勤,2
稱豪,2
做空,2
組遭,2
菲菲夢想家,2
現寄來,2
雪麗,2
項導致,2
裝載,2
道場,2
地蓋,2
遲不還,2
定名,2
推廣項,2
阻塞,2
職棒迷,2
程均,2
外海,2
回訊稱,2
雖過,2
需核實,2
郵寄後的,2
急病,2
機且,2
高富,2
還交給,2
萬元馬,2
時太慌,2
還買點,2
發序號,2
加不上,2
處理員,2
小仙,2
關須,2
孟軒,2
隨後所謂,2
出七萬,2
然後又照,2
得後怕,2
能點,2
進階會員,2
紛紛響,2
上學習,2
柔柔的,2
經花光,2
給代匯,2
始警覺,2
服務且,2
佳瑜,2
還沒經過,2
神檢查,2
陌陌,2
邊看邊,2
代標,2
萬元成,2
林中,2
別太,2
得轉,2
定能,2
幫忙詢,2
矇蔽,2
協助用,2
場設,2
然後就誤,2
並在點,2
領及,2
隨後再將,2
之學,2
波高,2
隨後又要,2
細表給,2
其皆會,2
一餐,2
自稱玲,2
因約定,2
某會,2
方獅子,2
分報,2
福雅門市,2
給羅民,2
西梅,2
藍蜜,2
果樹苗,2
小如,2
無遊戲,2
跳往,2
子安,2
勤門市,2
用視訊教,2
回贈,2
李娜,2
任務以,2
制故,2
異樣後認,2
音要,2
不裝,2
林心,2
並恢,2
已空,2
白車,2
智鴻,2
商匯,2
換話題,2
共六筆,2
證人費,2
樂有,2
洪翔,2
潤車,2
投資才行,2
葉曦,2
然後報案,2
變成花,2
郵政名,2
領優惠,2
周亞,2
天後對方,2
資格購,2
還返,2
文主動,2
謝佳欣,2
碰個面,2
時卡,2
幣三萬元整,2
拿別,2
著為,2
裡很心動,2
較常見,2
一則國,2
貨前,2
牽羊,2
萬金流,2
突襲者,2
元至財,2
超驚,2
信應,2
巴斯,2
心和體,2
人王,2
阿喆,2
若購,2
機和門號,2
姊弟,2
特買,2
已要,2
日付,2
團訊息,2
懂車,2
裝貨,2
清朝,2
萬不夠,2
可選,2
再然,2
投十萬,2
驟轉,2
實在網,2
發熱絡,2
結作業,2
見見,2
前後聊,2
畫筆,2
洗完,2
聊出,2
傳獲利,2
沒動過,2
沒下載,2
天免,2
裡的貓,2
轉介去,2
財網,2
無法照,2
組產生,2
戴郁茹,2
圖下,2
講求,2
寧可放棄,2
可麗露,2
無所適,2
其實藏,2
飼料機,2
現一組,2
搜尋其,2
接獲詐,2
這一類,2
我序,2
將書籍,2
提新,2
消毒器,2
選金額,2
裝匯,2
美聯,2
不運動,2
汽水,2
華郵局,2
文標,2
龍粉,2
三字經,2
罪將,2
花果,2
芹姐,2
點多還,2
瘦瘦高高,2
還想照,2
風鏡,2
財騙,2
我傷,2
控系統,2
自動鎖,2
還沒講,2
並放,2
認後確定,2
最火,2
雲林人,2
你問,2
卡現,2
元小錢,2
搜尋汽車,2
批發能,2
偉志,2
需執行,2
銀行識,2
加獎,2
通頁,2
委托,2
商契約,2
現購,2
磨豆,2
十名,2
進去後還,2
那畫面,2
方永輝,2
惟上,2
將核,2
幾張票,2
出後並,2
可販賣,2
須先繳,2
有舉,2
偷刷,2
雙方大約,2
金輝,2
發不出,2
元竟,2
收楓,2
道旁,2
金爐,2
他命,2
券去,2
前員,2
需凍結,2
減肥療,2
程廣告,2
隨後依其,2
僅稱,2
日中,2
實常,2
妥約,2
之後確實,2
裡下載,2
事後總覺,2
應徵的,2
不寄卡,2
時太想,2
賣畫,2
將錢用,2
一條條,2
一棍,2
某醫療,2
開通證,2
網路驗證,2
瑪莎,2
最後順利,2
肯退,2
已累,2
一萬元後便,2
每到,2
著密碼,2
證絕,2
張動,2
漫卡,2
若以,2
詳細步,2
並協助將,2
獲利退,2
統維修,2
音樂點,2
連無卡,2
快樂嬤團購,2
萬元繳,2
北總局,2
推得,2
想幣,2
泰佛,2
用法,2
王佳琪,2
資到,2
對方變,2
其驚覺,2
消費碼,2
登入後並,2
覺疑,2
豪邁,2
辦後才,2
供所謂,2
林峰,2
嗣後該,2
飛利浦氣,2
雖口頭,2
灣開設,2
資金據,2
然後先,2
來共轉,2
現金馬,2
搜出,2
萬元後將,2
農會戶,2
假商場,2
回金,2
渠並,2
某養,2
受訓,2
兩百張,2
某火車,2
緣份,2
逆齡,2
回春,2
還有詢,2
賞抽獎,2
李詩琪,2
傳訊過,2
用粉,2
寶寶圖案,2
侄安黃,2
我主動用,2
資產凍,2
當什麼,2
不癢,2
辦件費,2
必須給,2
假機構,2
搜尋邱,2
正宏,2
傳銀行線,2
內建電話,2
邀去,2
益起團,2
所處,2
過程後來,2
賣者,2
去後要,2
張大額,2
皮電商,2
卡歸還,2
並先轉,2
年間經,2
另借,2
申請訊息,2
養蜂,2
王永鎮,2
吳振宇,2
衝衝衝,2
金上,2
全匯進,2
場擺攤,2
進忙,2
阿娥,2
細節給,2
應來,2
紙飛,2
驗證出,2
異狀並,2
追償,2
百禮券,2
更熟,2
待辦,2
商郵,2
某天接,2
著騙局,2
帳號查,2
辦理來,2
經過並,2
並同時,2
調皮,2
投過,2
那道,2
僵在螢,2
餘年,2
張委,2
金陸續,2
問售,2
其賣,2
醫美店,2
航團隊,2
然後宣稱,2
達訂,2
發至,2
恐怖分子,2
襲擊,2
油船,2
出船,2
之密,2
票轉,2
完後手,2
完序號,2
連不動產,2
之後不論,2
課程會,2
欲入,2
行之有年,2
過獎,2
保戶,2
並不穩定,2
鳳梨,2
初購,2
實言論,2
經穩,2
繳交年費,2
火球,2
米津,2
玄師,2
塑膠板,2
運會,2
事想,2
唐詩慧,2
高額驗,2
熱愛動漫,2
虛情,2
伙伴,2
發遊,2
雖僅,2
未點擊,2
洩導致,2
行無卡,2
問這個,2
候終,2
證有誤,2
當欲,2
案人接,2
民眾察覺,2
美月,2
用截,2
鎖單,2
已產生,2
只出,2
富旭,2
龍泉堂,2
被控,2
作筆,2
討金錢,2
錢絕,2
開通金,2
事後清點,2
阿泓,2
初開始,2
某珠,2
韓國小卡,2
太佛,2
貼文特別,2
大陸來,2
出貨延誤,2
剩無力,2
幣都,2
改裝車,2
其龍,2
因契約,2
媽媽察覺,2
客套,2
隨著訂,2
需貨幣,2
資匯給,2
語和承諾,2
電腦裡,2
免費會員,2
硬推,2
自動返,2
抵稅,2
標榜亞,2
麻材質,2
日寄達,2
小蓉,2
侄安,2
叫費玉清,2
回金額,2
手機店,2
快追,2
平事,2
並趁,2
機錄,2
電話務,2
必冷靜,2
前後四筆,2
雨靴,2
餐會,2
日又給,2
加斯,2
因心生,2
並信,2
生乳,2
商主,2
盜版品,2
李絲語,2
問年齡,2
小臻,2
攝序號,2
民政局,2
大村,2
警請,2
三萬顆,2
診員,2
現耳機,2
換票區,2
隔幾日,2
首付,2
修行,2
萬向,2
劣品,2
財產來源,2
一張給,2
然後刷,2
太美,2
看書,2
蛇盤,2
最後心動,2
最難過,2
已不讀,2
勸導下,2
間在網,2
外務見面,2
投錢進,2
某車,2
軌道,2
有識別,2
一筆擔,2
職千萬要,2
搭客,2
組現,2
世博,2
張大約,2
點擊個,2
進來給,2
當醫生,2
還臨,2
寫後並,2
郵費,2
還款並,2
之後下載,2
筆合,2
林智豪,2
石潭路,2
張下,2
還用點,2
虧到,2
交金額,2
清潔劑,2
噴頭,2
城郵局,2
試穿,2
搜尋廣告,2
宏敏理財,2
給宏敏,2
斯斯,2
例導致,2
上品,2
交地點,2
東西快,2
展延,2
面大約,2
用書,2
當在網,2
選群,2
裡很難過,2
投資誘,2
著下載,2
鐘均,2
資產才,2
中銷售,2
然後存,2
世運,2
用視訊給,2
浪人,2
在燒,2
還清時,2
網軍,2
若之後換,2
搭個,2
說輸入,2
某電商平,2
很爛,2
柳嘉銘,2
最令,2
份量,2
一點察覺,2
進將,2
對方須,2
方像,2
工說,2
國外餅,2
阿哲要,2
費低,2
因達,2
將相機,2
送遊,2
惡意詐,2
謝婷,2
調不會,2
灣找,2
灣有,2
明後續,2
購物團,2
優遊付,2
何飛鵬,2
對方持,2
故受,2
子晴,2
納金為,2
親友諮詢,2
化油器,2
買還,2
先上去,2
兩分,2
博覽,2
資滯,2
留為,2
二服,2
購買車,2
信是,2
認識加,2
續教,2
詢對方,2
幫代為,2
還銀行,2
詢有關,2
並以訊息,2
球褲,2
保卡要,2
然後掛,2
回費用,2
先收費,2
場空,2
遊戲網,2
去還,2
虧掉,2
數字並,2
某停,2
網袋,2
通訊卡,2
劉婷,2
繩子,2
從震,2
面會面,2
轉更,2
機沒買,2
風災,2
隨後馬,2
銷售團,2
證瑪,2
買華航,2
扣抵,2
第二封,2
寶分,2
物況,2
郵政營業,2
亮出,2
詳的網,2
心影響,2
談話間,2
猶豫照,2
三萬餘元,2
擊後出,2
開確,2
胡亂,2
多貸,2
廣到,2
饋券,2
手書籍,2
證賣,2
機去,2
完後把,2
腐敗,2
補送,2
最後專員,2
可換取,2
販售家電,2
需查證,2
包弄,2
紀念幣,2
邊給,2
總計刷,2
回泰達幣,2
能享,2
用電商,2
通會,2
共拿回,2
翻好,2
橡膠,2
其餘費,2
感懷疑,2
前向,2
來業務,2
牙醫診,2
失兩萬,2
平移,2
退貨代碼,2
需手續,2
權已經,2
若用,2
詩語,2
養分,2
領了貨,2
禮物會,2
繼續領,2
好聲,2
紹軒,2
審核驗證,2
火氣,2
萬塊給,2
扯碎,2
美妝貨物,2
證金作,2
撲克桌,2
繳滿,2
阿新,2
花蓮人,2
通國際,2
票選,2
之後連結,2
最後花,2
查對方,2
人載,2
便號,2
高價人,2
會順路,2
動找,2
賣腳,2
來公證,2
並以繳,2
筆累積,2
或當,2
理公證,2
齊資金,2
老話,2
獲回,2
轟地,2
柯基,2
一滑時,2
場周邊,2
並欲約,2
專賣區,2
何志強,2
時效性,2
白忙,2
無私,2
最後當然,2
實認,2
抗風險級,2
高產品,2
販賣樂,2
帳戶絕,2
標題還,2
這匯率,2
批貨來,2
裡時,2
兩點會,2
既生氣,2
突發現,2
最後無奈,2
著罰,2
擔心出,2
六萬二,2
賣家及,2
水加,2
愛卡,2
內遊戲,2
郵資要,2
某動漫,2
經營線,2
還很像,2
吉卜力,2
上刊,2
芮芮,2
小老師,2
經幫助,2
感壓,2
點選詐,2
及無卡,2
數卡等給,2
拐騙,2
稅率,2
名義是,2
續產生,2
今後絕,2
外金額,2
還借給,2
親王,2
華銀行,2
專員領,2
稱子,2
之後均,2
已達成,2
老達利,2
城的網,2
芮欣,2
鄭熊,2
裸訊,2
先測,2
錢作,2
大跤,2
之谷裡,2
衝點,2
水梨,2
電鋸人,2
返豆,2
資訊交,2
以林,2
周二,2
舊楓,2
物格,2
最後進,2
個遙,2
交活,2
資訊在網,2
寄四張,2
整成,2
副作用,2
次藥品,2
兩週前,2
單後才,2
沒填,2
他嚇,2
找夥伴,2
投資金旺,2
發運動,2
行缺,2
資金問,2
不固,2
契約並,2
聯絡後對,2
專員謊,2
車當,2
繳交資金,2
芸菲,2
以母親,2
購易,2
面照,2
上收,2
王愷宏,2
是孫,2
包密碼,2
將迎,2
張彰,2
台中港,2
碼頭,2
騙貸,2
次遊,2
故現,2
走賣,2
影論壇,2
音電話給,2
友邀,2
還重,2
詩情,2
畫意,2
來聊,2
這一試,2
裡很緊,2
毛麗雅,2
編說,2
沒有鎖,2
不動產去,2
流程化,2
系統訊息,2
自學,2
萬不翼,2
萬丹鄉,2
繳海,2
洗車場,2
至嘉義,2
並商,2
品店,2
充網,2
簽發,2
何未將,2
高等法院,2
問售價,2
以能,2
五斗,2
玉髓,2
當下震,2
很細心,2
德運門市,2
苗苗,2
人遠端,2
收貨前,2
更高階,2
嘉義某,2
李得勝,2
鬼化,2
妖怪,2
超商元,2
立福門市,2
收錢後馬,2
裝用,2
眼鏡行,2
萬企畫,2
高階顯,2
顯卡品,2
五萬港幣,2
潘醫生,2
愈花,2
啟雲端,2
吉晶,2
轉運福,2
酒站,2
支格蘭,2
當盒,2
雯雅,2
張逸,2
賴撥,2
何服務,2
開後覺,2
因國稅,2
跳球,2
專門配,2
費和後續,2
這宗洗,2
調帳,2
卡費時,2
發補助,2
被拉去,2
風延誤,2
大律師,2
洪牛,2
噩夢式,2
接著開,2
反成,2
數據過,2
會員來,2
或大額,2
一絲覺,2
投資點數,2
著貨幣,2
對方鉅細靡,2
提貨金,2
訴過,2
某藝廊,2
韓文語,2
先將票,2
認明細,2
事後查帳,2
販售入,2
張承載,2
說表,2
某商場,2
最後我花,2
李佳琦,2
洗過,2
坤旭,2
塔圖,2
艾德幣商,2
翔宏幣商,2
將拉進,2
任務會,2
活動後會,2
深聊過,2
並又照,2
並協助銷,2
真持續,2
我導致,2
板崎,2
百合,2
匯項,2
稱之後購,2
買頁,2
竟陸續,2
郵件務必,2
進貨付,2
發文奇,2
少零頭,2
非額,2
天下第一,2
文代購,2
場販,2
生事,2
林心雅,2
冒險郎,2
家電器,2
圓桌,2
該步驟,2
仍屬,2
電信貸,2
前銀行,2
並到櫃,2
備給,2
在員警,2
假結婚,2
遭滯,2
財給,2
訊息紀,2
錄全,2
雙方維持,2
費用予,2
連媽媽,2
能代儲,2
閉鏡頭,2
豪華版,2
解約並,2
珠寶鑑,2
賞坊,2
號說,2
對方承諾驗證,2
受類,2
前後後共花,2
歡呼聲,2
為善,2
家興,2
幣米,2
名義出現,2
毫無依據,2
茶桶,2
柳晏怡,2
補護照,2
一般性,2
內三萬元,2
獎金連同,2
諸行動,2
與點,2
整股,2
波力,2
或門票,2
然後賣,2
補退,2
內部員工,2
咽不下,2
職之類,2
對方營,2
服務有,2
糧食,2
喜萬分,2
看幣別,2
說代辦,2
過那,2
再交貨,2
出資購,2
翻譯社,2
進去當,2
大連,2
臨櫃要,2
葉浪,2
減脂藥,2
而此,2
張遊戲,2
周盈,2
林曉涵,2
功用,2
辦公桌,2
六枚,2
對方交,2
錦盒,2
數卡繳,2
晴恩,2
機後才,2
玄學,2
住持,2
發後續,2
看光,2
內虛,2
秋惠,2
卡放至,2
先網,2
分上,2
出販賣,2
參拜,2
惟開,2
戀愛從頭,2
統聯,2
要卡,2
按點,2
旁人,2
結後對方,2
什麼代,2
十幾萬元給,2
發文以,2
隨及,2
坐著,2
著卡,2
某賣,2
保護套,2
某買家,2
劍俠,2
感牽著,2
實歸還,2
由線,2
雖有給,2
所列,2
三聯,2
代碼將,2
用熱情,2
一看之下,2
好運終,2
遭賣,2
投資好,2
快給,2
快乐,2
演唱会,2
寶掃描,2
進德路,2
太大風險,2
參加獎,2
料款,2
已達數,2
為韓,2
整以,2
繳納學校,2
過一,2
萬元獎,2
多批,2
婉儀,2
穩走,2
人生路,2
清詐,2
傳張,2
傳假連,2
沃爾瑪及,2
將抖,2
向家屬,2
故所,2
對方委,2
超商統,2
三點會,2
專員建議,2
設定並,2
公墓,2
送錢給,2
貼入,2
卡先,2
還明確,2
偉就,2
五箱,2
韓小編,2
擊後輸入,2
歐爾麥特,2
江碧華,2
聊以,2
山行,2
背囊,2
隨後問,2
現金向幣,2
繳內,2
至渠,2
原網址,2
依續,2
牆來,2
號念給,2
萬周轉,2
債權委,2
轉寄到,2
前後後就匯,2
來升級,2
決匯款,2
俊俊,2
語嫣,2
富利得,2
前後後存,2
發緊,2
跟不上,2
免手續費,2
遞延遲,2
特價訊息,2
衝鋒衣,2
害己,2
還很細,2
稱霈,2
時先,2
黏貼,2
元持續,2
請人,2
紅時,2
萬元後可,2
使該,2
粉絲約會,2
供點擊,2
應經,2
博大,2
凡以,2
萬元後對,2
買後賣家,2
財產損,2
號變,2
專釣,2
螢幕教,2
連那張,2
地學到,2
簽協議,2
超正經,2
共計九萬,2
該黃金,2
人視訊,2
送密,2
李泫,2
該團體,2
因久,2
稅務署,2
來交給,2
林琬清,2
賣回,2
店主,2
連簡訊驗,2
重金,2
意視,2
做配,2
區販售,2
單和款,2
藥還,2
淑慧,2
少帥,2
證據給,2
仔派,2
錢不斷,2
燒店,2
問向,2
會彩帶,2
大理石,2
結清罰,2
骷髏,2
這投資絕,2
傳系統,2
販售床,2
謝佩琳,2
無界,2
投資寶石,2
筆又匯,2
戶暱,2
停卡和後續,2
失元,2
露營用,2
利群,2
稱稱,2
職真詐,2
形象大使,2
期受,2
症狀,2
稱積,2
帳戶後發,2
現餘額,2
鴨代購,2
說定,2
監工,2
時不僅,2
故出,2
蛋寶物,2
以謙,2
然後將點,2
犯規定,2
更帶,2
梁小姐,2
總共累,2
積金額,2
梅嶺,2
語調,2
哪想,2
男孩子,2
搶劫,2
最柔,2
連報,2
光華商,2
喜愛和,2
無良詐,2
賣小說,2
李嘉欣,2
大特價,2
貨領,2
彩城,2
經給過,2
轉兩次,2
最後還轉,2
隨後關閉,2
方商議,2
小郁,2
並不記,2
老屋,2
幾萬過,2
付幾,2
時竟,2
對方代,2
慧雅,2
音教,2
閉導致,2
沒錢還,2
失三萬,2
稱米,2
奇才,2
電鍍,2
純黃金,2
福鑫珠,2
到任,2
房紀錄,2
正規代儲,2
清甜,2
總貨款,2
問並加,2
再見面,2
柏文,2
供選擇,2
枕邊,2
小菜,2
電本,2
機截,2
點選廣,2
鄭國隆,2
而後網,2
投黃金,2
資連結,2
內之連,2
結後進,2
騙集,2
寶實名,2
微積分,2
渠先,2
畢後點,2
擊入,2
筆電信,2
聊寓,2
尋潛,2
經紀業務,2
網用,2
神裝,2
還蓋,2
照承諾,2
樂購,2
終化,2
守著,2
需贈,2
千璽,2
寄東,2
認證致,2
學怎麼,2
沒試過,2
案人覺,2
先參,2
區放,2
補運費,2
富岡義勇,2
軟弱,2
料奇楠,2
掙扎時,2
其才,2
升為,2
專員聲音,2
某台,2
數卡購,2
程實,2
大奶,2
已經損,2
金越,2
對方代為,2
愛笑,2
劉詩雅,2
繳納約,2
給群,2
賴玟,2
芋貴,2
來種,2
帳買,2
成幣,2
總面額,2
帶金,2
靜璇,2
識別證,2
表及,2
韓君,2
賴婭,2
至員林,2
為菲菲,2
講定,2
驚決,2
任務小組,2
著媽媽,2
害媽媽,2
給我許,2
絲襪,2
通並,2
數卡有,2
地踏進,2
通約會,2
只怕,2
分送,2
叫黎,2
臉書裡,2
續家屬,2
異常導致,2
我任,2
尾龍,2
潮選,2
豐網路,2
電商旋轉,2
賣家行,2
方介紹加,2
及金紙,2
拱安宮,2
開工廠,2
數度,2
及帳,2
上話鋒,2
靈數,2
佳琦,2
偷看,2
然後轉帳,2
愛延續,2
法查,2
問薪資,2
金十萬元,2
調確,2
會處,2
登記並,2
隨後又出,2
講電話邊,2
語前,2
陶瓷杯,2
面無法,2
傳超,2
異顧,2
付費給,2
領學員,2
惟事後察覺,2
購資訊,2
必中牌,2
但外,2
過世時,2
元測,2
然後賣家,2
愛或,2
去照,2
要交錢,2
確認費,2
合約金,2
購買後以,2
無積,2
稱會教,2
出魚,2
王夢雅,2
還謝謝,2
戶才,2
獲利變,2
能試,2
機標,2
機賣,2
很誠信,2
理之人加,2
卡等級,2
我計算,2
發放後會,2
並未生,2
偏大,2
投資商,2
臉驗證,2
繳納資,2
滯納金及,2
理家裡,2
購購,2
貼款,2
呂美燕,2
及領,2
著幣,2
撤掉,2
最後我動,2
店刷,2
百思不解,2
大一,2
蛇轉,2
其議,2
價後決定,2
輕信聲,2
自賣,2
簡易合,2
時介紹,2
燕麥,2
加金,2
遭洗,2
流言,2
嵐問,2
內德錢,2
連絡台,2
證言,2
這幣種,2
風險會,2
回落,2
價格限時,2
宣傳語,2
優惠鞋,2
專家聲,2
服務號,2
顯示將,2
且僅,2
恬妮,2
還不起,2
蔡舒玲,2
溫迎,2
之古幣,2
隨後郵局,2
借錢付,2
利多消息,2
送黃金,2
關房,2
吳佳怡,2
車業務,2
農會查,2
詢明,2
南向,2
問資金,2
發表販售,2
快運,2
假寶雅網,2
電予,2
薪資證,2
蔡承恩,2
手藝人,2
孟蓁,2
林夕,2
承之人,2
壽豐,2
唐卡,2
但馬上,2
性交,2
絕退,2
奉獻金,2
阿君,2
先委,2
警員到,2
財產生,2
老把戲,2
約會配,2
金裝,2
這哪有,2
筆珠,2
戰無不勝,2
衝買氣,2
做後陸續,2
隨後我詢,2
分後悔,2
組關閉,2
出十萬元,2
還將個,2
貨確,2
加總竟,2
方買過,2
以寄件,2
的執,2
員絕,2
寄錢過,2
陪侍,2
不達標,2
元首,2
畢後發現,2
豪加,2
慕之恬,2
退之款,2
肯約,2
想典,2
當鋪員工,2
前後後十萬元,2
專員什麼,2
丟些,2
六館,2
內電器,2
包出,2
元詐,2
關訂,2
壓歲,2
有卡,2
低音,2
出異常,2
過報案,2
小濤,2
我多餘,2
遊子,2
局好,2
營區裡,2
補錢給,2
熊代幣,2
之貨品,2
服務條,2
氣被,2
世需,2
方之後對方,2
發日,2
價買入,2
政機,2
一則理,2
機設定,2
成無卡,2
裡既慶幸,2
遭女,2
金錢且,2
音變,2
價格給,2
小玩,2
制解鎖,2
中實,2
電話務必,2
服要,2
比現,2
幾天後見面,2
快充,2
無多餘,2
增價,2
王馨安,2
員小劉,2
並依小劉,2
我密碼,2
李曉曼,2
神韻,2
參與標,2
開窗,2
開始標,2
稱陳皓宇,2
應後又加,2
柏仁,2
沈威宇,2
隨後系,2
網路統,2
貨登錄,2
專員會加,2
至廣告,2
顯中,2
李民因,2
權限見面,2
邱建華,2
建商場,2
方點擊,2
其不疑,2
相關法,2
別人訂,2
秋紅,2
妥之後對方,2
補登個,2
親嘴,2
遂露,2
白費力氣,2
蔣均融,2
賀竹芬,2
詳聊代,2
工件,2
通違,2
規詐,2
忠華,2
處所見面,2
遲未見,2
制卡關,2
詢貨件,2
小甜點,2
將貨到,2
出貨方,2
費雪,2
元後以,2
蘇宇忠,2
當保釋,2
兩人約定,2
假匯,2
結後就,2
購買書籍,2
則廣告,2
元後因,2
資訊暱,2
總體,2
多場,2
其他配件,2
多詢問,2
新制,2
現系,2
私用,2
專員代號,2
裡詢,2
問相機,2
過訂,2
裡很慌亂,2
除塵,2
幾套,2
存錢過,2
被拉到,2
用融資,2
還清融,2
是簽,2
收五萬,2
米亞,2
韓國時,2
吻合,2
所帶,2
繼續害,2
組統,2
大響,2
小小花,2
終失敗,2
一確,2
賣共識,2
義誠,2
這六萬元,2
錢網,2
不計,2
其數,2
梧棲農會,2
然後申,2
去付,2
每買,2
每傳,2
筆入帳,2
業務謝,2
以貨,2
中逐漸,2
釣桿,2
下進,2
跨包,2
計算損,2
或名,2
里長,2
幸運星,2
稱陳耀榮,2
出票訊息,2
自稱電,2
允立,2
中買入,2
結以,2
購買二張,2
趕緊將,2
子超,2
文化教育,2
心受,2
之會款,2
徵司機,2
托買幣,2
裡會,2
台電視,2
手約定,2
保護人,2
兩萬多塊給,2
兩次點,2
解不開,2
玩樂園,2
貼文贈,2
取貨超,2
休閒服,2
因貨品,2
碳纖維,2
聞後便,2
發一,2
致遭,2
身世,2
鐘大胖,2
將三國,2
總幹事,2
能謹慎,2
對方後即,2
圖冷靜,2
送額,2
水草,2
他會分,2
進郵件裡,2
冷嘲,2
熱諷,2
變得慢,2
遺漏,2
完戶,2
實體驗證,2
夢霞,2
電子類,2
湯子賢,2
意珺,2
舞法,2
暖媽,2
莫半個,2
誠浩,2
依話術,2
有待,2
投單,2
覺渠,2
高為,2
前處理,2
餘額驗證,2
一輸,2
嘉慶,2
遞寄到,2
並刮,2
惟僅,2
告訴給,2
將日幣,2
二十多次,2
他後來還,2
付費紀錄,2
身費,2
動就點,2
客戶換,2
調資金,2
還反問,2
師見面,2
難想,2
單價格,2
時僅,2
激光,2
或後天,2
濾淨器,2
面錄,2
某外,2
菲比,2
證明用,2
記無法,2
出後對方,2
給會,2
大智若愚,2
親後事,2
連台,2
萬無一失,2
俗人,2
辣椒水,2
拉住,2
出金用,2
貨將,2
秀門票,2
義無反,2
之後傳來,2
往後在,2
並於談,2
建興店,2
失竊車,2
熊童裝,2
福總理,2
於親,2
萬送,2
音加,2
代交,2
商後再,2
課資訊,2
計畫性,2
來達成,2
尋協助,2
詹詩涵,2
貨網址,2
臟瞬間,2
幣轉帳,2
駕駛人,2
之檢察官,2
永安路,2
天理,2
清將,2
出四萬,2
韋憬,2
人員談,2
聯絡謝,2
離開時,2
小碩,2
民協助,2
德庄門市,2
高淑玲,2
查個,2
大隊員警,2
某錢,2
裡搜尋一個,2
而後發,2
方誠懇,2
極不尋常,2
每罐,2
發文欲贈,2
健豪,2
帶利歸,2
判決書,2
稱海關,2
金頭,2
杜員,2
漫趣,2
牙科,2
奢飾品,2
集運商,2
問銀行櫃,2
需檢視,2
華郵,2
不斷訴,2
憂鬱症,2
負荷並,2
領報酬,2
裡動,2
鋼構,2
筆贖金,2
虛寶轉給,2
飛馳,2
我無比,2
比崩潰,2
拋下,2
還拿家裡,2
店要,2
冷落,2
訊息且,2
公共利益,2
所見,2
用寄現,2
還不熟,2
真點,2
轉完後越,2
號綁定,2
消磁,2
方動,2
已寄件,2
無卡匯,2
結聯絡,2
朱婷,2
隨後賣,2
上花費,2
點擊暱,2
張東燦,2
仿貨,2
結線,2
愛顧問,2
發現幣,2
姿彤,2
權合約,2
豆漿,2
會見面,2
仍決,2
來款,2
須查,2
照著給,2
顆顆,2
我遂加,2
友約定,2
寶麗萊,2
空降,2
用菲律賓,2
資生堂,2
還遠端,2
關務,2
還在後面,2
轉交過,2
夢一場,2
成門市,2
簡訊會,2
報警後能,2
裡附帶,2
稱理,2
經中華,2
元手,2
機款,2
優惠便,2
販售開,2
大榮線,2
標榜限時,2
幾天後取,2
服務不會,2
補課,2
最後總共投,2
零一,2
十二元,2
還握,2
中達,2
沒早,2
點察覺,2
經站,2
完證件,2
對準,2
難料,2
法寶給,2
顯異常,2
慰勞,2
商領,2
郭雪,2
稱陳曉曉,2
轉與,2
洋芋片,2
所選,2
已賣,2
種品,2
然後裡面,2
入裡面,2
並擷,2
非其,2
異後報案,2
並商議,2
樂明,2
人持,2
交一萬,2
聯想,2
會動作,2
之後某,2
嚇我,2
軍事,2
愛樂,2
資格及,2
現額,2
往後務,2
共五萬元,2
去後照,2
球蟒,2
他位,2
侶關,2
語並,2
實有點,2
前會給,2
還沒寄來,2
支市,2
還打語,2
續線,2
上列,2
話後來,2
約幣,2
元後再轉,2
繼續加,2
講我,2
開心用,2
盛典,2
小然,2
張禮品,2
金錢轉,2
饅頭,2
歡貓,2
轉向民間,2
而後分,2
購票者,2
剩自責,2
而輕,2
詐近,2
林秀琴,2
出一則,2
口語,2
先拿貨,2
鑽台,2
價才,2
師一看,2
起眉頭,2
法驗證,2
送掉,2
排第,2
多賣,2
華榮,2
貸平,2
遞寄給,2
稱臨,2
玻璃杯,2
幣轉出,2
球棒,2
漫天,2
並隨機,2
天時間,2
候審,2
還即,2
已無卡,2
許澤豪,2
戰旗,2
禮物裡,2
小桃,2
詳成,2
致對方,2
隨後又依,2
及安裝,2
消基會,2
乃驚覺,2
關業者,2
卡無卡,2
面留,2
下放,2
萬變成,2
問車,2
名義貸,2
竟轉,2
日後若,2
動產去,2
越得寸,2
用剛,2
盜刷近,2
開當,2
董智森,2
林雅茜,2
韓石,2
正國,2
需分案,2
字塞滿,2
條金項,2
繞來,2
項持續,2
佳滿,2
資料後要,2
先拿給,2
錄遊戲,2
時查,2
隨後我察覺,2
珠寶專頁,2
卡始終,2
控車,2
樂章,2
花大約,2
橋下,2
我話術,2
徐明旭,2
細節後依,2
人號,2
既慌張,2
賣香奈兒,2
受挫,2
約會訊息,2
車雖然,2
領稅,2
賴志嘉,2
按將,2
兒後才,2
接住,2
不缺,2
縫隙裡,2
然後語,2
霸凌,2
這門號,2
俞秀端,2
講因,2
方傭金,2
西寄過,2
李彩琳,2
三袋,2
稱運費,2
曉敏,2
惠子,2
經斷,2
元上,2
背後幾乎,2
主動視,2
獲利以,2
網路接,2
稱電話,2
帳片,2
最後轉進,2
中買,2
卡截,2
圖傳,2
迪奧,2
建交,2
人員解,2
時手,2
處要,2
楊卓昌,2
前後輪,2
連結購,2
成員主動加,2
張麗娜,2
單一筆,2
法通,2
時頭頭,2
沒有存,2
柳婉晴,2
豐貿易,2
先實名,2
剛剛講,2
結後依其,2
隨後又不斷,2
家還,2
資金密碼,2
主見面,2
花二信,2
信電話,2
侵占罪,2
為關,2
台會,2
貓爬架,2
還順勢,2
大感,2
奶機,2
詞間,2
時協助,2
稱驗,2
續系統,2
可儲值,2
畢托,2
浩委,2
林景春,2
林培鈞,2
學鴻國際,2
使否,2
連結後開始,2
洪佳穎,2
組機,2
過三大,2
林智雄,2
筱惜,2
每堂,2
上及,2
交納,2
張善,2
蔡麗萍,2
總計花,2
伍佰高雄,2
含代,2
合宜,2
庚大學,2
端驗證,2
最後不讀,2
林律師,2
金額換,2
國小同,2
網欲,2
還質問,2
浪板,2
益智,2
填送,2
沒有額,2
外金錢,2
假才行,2
侯佳妮,2
運費用,2
張購,2
地求,2
經緊,2
當我欲將,2
還質疑,2
之團購,2
隨後是,2
浩禹,2
錢則,2
及會計,2
先匯過,2
猶豫該,2
初應,2
資訊詐,2
許多訊息,2
大賣,2
那部,2
換一點,2
數來付,2
壓榨,2
候林,2
好無助,2
珠寶和黃金,2
金運來,2
瑞興,2
或抖,2
號花,2
這裡面,2
高地,2
歇爾音響,2
肖楠,2
鞋業,2
但海關,2
林地,2
內開啟,2
方粉,2
之室,2
內設,2
安虛擬,2
獲利均,2
文可,2
介一個,2
財以,2
該人傳,2
蜜粉,2
現金額,2
莊文衫,2
德文,2
一則網,2
假業務,2
老股民,2
好興奮,2
過後覺,2
養精,2
蓄力,2
周峻豪,2
初有,2
要會,2
到給,2
峰峰,2
完後續,2
名義設計,2
半前,2
如傳,2
管會確,2
自動配,2
用愛築,2
違規還,2
還隨便,2
龍少,2
獲無號,2
現後驚覺,2
名刺,2
資金後對方,2
客福,2
貸款員,2
天均,2
僅先,2
作比,2
最後共轉,2
辦房,2
有小禮物,2
領兩,2
以後比,2
黯然,2
預設,2
許心媛,2
鯉躍龍門,2
日玩遊戲,2
衣架,2
故販售,2
圈選,2
蔡婉青,2
跟會,2
種跡,2
以母,2
稱明,2
因業務,2
購買房,2
邊買,2
東西邊,2
卡賣,2
小鄧,2
企銀帳,2
建維,2
現轉,2
初太過,2
雙方還,2
位假,2
藍貓,2
日無卡,2
續頁,2
無塵室,2
傳數,2
數據給,2
元素,2
號訂,2
數後再,2
帶至,2
拍賣文,2
吸收式,2
本書有,2
最後整體,2
將近數,2
附保單,2
某銀樓,2
對身,2
方不熟,2
某佳容,2
微露,2
擴大入,2
還照樣,2
賴雅兒,2
攤販車,2
南孚,2
傳應,2
鹼性,2
卷簾內,2
引閃器,2
內鈴防,2
盜遙,2
控器,2
郵寄訊息,2
經與幣,2
貨物銷,2
欺車手,2
賣象,2
新電鍋,2
這兩個網,2
各入,2
稱慧珊,2
叫小盧,2
得點,2
實下,2
張牌,2
玩此,2
金一成,2
為換,2
彥錚,2
現金然後到,2
開通時,2
打關鍵,2
以交給,2
小軒,2
幣打,2
調款,2
賣櫻桃,2
安小,2
出美,2
為裡面,2
經由向,2
意交貨,2
已誤,2
報表紀錄,2
集團行,2
林怡穎,2
秘書加,2
雁南飛,2
傳送斷,2
蔣有義,2
稱若個,2
稱馬斯克,2
發確,2
匯利潤給,2
中熱,2
匯過款,2
經解鎖,2
農民自售,2
竅加,2
幾萬換,2
送貨單,2
便簽,2
教學品,2
質實,2
幫人代,2
最後還將,2
張婉柔,2
購買元,2
酒促,2
林宛柔,2
研妹,2
孰料,2
郭志航,2
乾及,2
奔月,2
並未回,2
牧田充,2
全遊戲,2
張辰豐,2
俐玲,2
之贓款,2
雇傭金,2
能交換,2
鳳林鎮,2
天絲,2
被動過,2
未依,2
予連結,2
越糟,2
買輛,2
誠意費,2
足額,2
需一到,2
依說,2
助記詞,2
專員騙,2
運作並,2
愛爾蘭,2
最後合計,2
騙害,2
規範並,2
做採,2
光罩,2
學習並,2
最後選,2
問電商,2
並轉幣,2
年購,2
空箱,2
電視台,2
無勞保,2
條件還,2
楊某,2
潘某,2
連環技,2
進別,2
方付,2
吳亞倫,2
語氣變,2
半途,2
提銀行,2
正火,2
人承諾,2
想線,2
救兒子,2
收滿溢,2
給不出,2
皮代,2
蔓蔓,2
教渠,2
之人予,2
洪機師,2
收領,2
盗用,2
異前,2
楊詩怡,2
而後面,2
菜籃,2
專員持續,2
以販賣,2
賣書籍,2
福音,2
何當,2
區後昌路,2
右昌,2
當會員,2
到當,2
正猶豫時,2
貨便裡,2
商之,2
處進,2
繳團費,2
買馬桶,2
明訂,2
社賣,2
節手,2
並郵寄給,2
買國外,2
荷蘭國家,2
窗談論,2
價額,2
之後欲要,2
豪高雄,2
自遊,2
其點入,2
打籃球,2
會載,2
並依犯,2
年資,2
異報,2
存款人,2
其家屬,2
晨運,2
李晨豪,2
廟口,2
劉瑩瑩,2
好書,2
免費群,2
以代辦,2
月加,2
體並,2
對方驗,2
無虛擬,2
娃三歲,2
蔡振華,2
有禧,2
東西千萬,2
制洗,2
以軟體,2
不能不要,2
劉子銘,2
單後顯,2
匯幾十萬元,2
把現,2
越滾,2
有代辦,2
並特,2
傳真到,2
張雯麗,2
實有給,2
匯款後要,2
寶商,2
徵旅遊,2
並主動給,2
跟風,2
籌設,2
日後必須,2
一哥,2
制開,2
點回,2
很動搖,2
邊賺點,2
透過幣商,2
丙級,2
解毒,2
低潮期,2
離境,2
粉底,2
花花草草,2
晶光能,2
顯見,2
方虛,2
高院,2
中無意,2
出大約,2
欺現,2
日程,2
速報,2
二百三十,2
延後發放,2
因交貨,2
而定,2
多蠢,2
起司,2
還沒升級,2
統鎖定,2
之交,2
這一交,2
支撐,2
夜景,2
錯得,2
外付,2
別人設,2
聯絡名,2
先放新,2
回汽車,2
購買機,2
美夢瞬間,2
點擊求,2
云辰,2
故計,2
還竄,2
顆多,2
購楓,2
萬兩筆,2
購買會,2
項內,2
北歐,2
碼擷,2
沒補,2
包船,2
還人間,2
交點,2
告別式,2
同價值,2
德祥門市,2
質絕,2
先取,2
色差,2
購事業,2
生鮮,2
申請務,2
小川,2
請用,2
領虛擬,2
元後與,2
之員警,2
蕭姓,2
仙姑,2
姐創,2
綜合性,2
濱海灣線,2
分銷,2
搬到,2
牛乳,2
然後將款,2
自稱黃鈺,2
我忠貞,2
我金援,2
工業用,2
熱風,2
解凍後會,2
問那麼,2
待款,2
隨即換,2
但三張,2
期會費,2
林小玲,2
枕套,2
主業,2
號後即,2
稱陳秉坤,2
至購,2
願意視,2
盡興,2
詳情並,2
選單,2
聯絡進,2
溜滑梯,2
文財,2
存越,2
時代網,2
唯因,2
先謊,2
組網,2
變賣家產,2
匯手續費,2
簽合約並,2
釋金,2
報關稅,2
另謊,2
過後決定,2
專線後確,2
尋了,2
還差額,2
內處理,2
傳一賣,2
著緊,2
開始斷,2
高官,2
查紀錄,2
整袋,2
剩一張,2
進行長,2
完表,2
現買家,2
恩娜,2
卡驚覺,2
許偉豐,2
竣奕,2
掏金,2
李總監,2
隨後指導,2
購買代幣,2
專員諮詢,2
該卡號,2
某農會,2
稱不常,2
如手續費,2
蔡雅惠,2
畫給,2
連抖音,2
東曄建設,2
葉兆騰,2
主張,2
常在網,2
方寄件,2
單務必,2
但帳,2
號始,2
開同,2
過將,2
控無法,2
對方覺,2
遺產稅務,2
參加合,2
補足合,2
小艾琳,2
填表格,2
金作業,2
天後會將,2
鋼鋁,2
再交錢,2
吉緣,2
一拿去,2
分幾次將,2
過慌張,2
阻到,2
太不真實,2
我百無聊,2
開信,2
高階裝備,2
還時常,2
應盡量,2
著時間,2
還空,2
金錢過,2
到號,2
弄不好,2
還有款,2
正題,2
突襲,2
證奇,2
腦中終,2
開後顯示,2
並未主動,2
關諮詢,2
依建議,2
群聚,2
再透,2
十幾萬新,2
遭海,2
關查,2
之假連,2
聚合,2
將過程,2
轉告給,2
同賣家,2
淘寶台灣,2
付郵資,2
制要,2
一組驗證,2
費加,2
其裡面,2
方觀,2
寄走,2
讓後續,2
還要驗,2
包權限,2
騙門號,2
還別,2
小愛心,2
爭鮮,2
區鎮,2
總召給,2
之後保證,2
金連同,2
跳舞,2
面簽,2
條上,2
特徵跟,2
辦理會員卡,2
簽寫,2
城遊,2
之購,2
面授,2
往上升,2
心動照,2
補交修,2
開罰,2
再當,2
地點當,2
交分潤金,2
區自強,2
搜尋並加,2
銀為,2
蔡嘉雯,2
電商以,2
以後多加,2
輕繳,2
簡訊代碼,2
有門市,2
漁具,2
子義的,2
販賣床,2
內容用,2
店員關,2
換外幣,2
一百五十元,2
樂軒,2
方之電子,2
修玉,2
嘉義地區,2
恐受,2
嘉義人,2
問大樓,2
芳菲,2
先給付,2
匯款後截,2
性需求,2
網友代購,2
渠訊息,2
相機店,2
取始,2
水起,2
陸地區,2
需證明,2
私帳,2
圍牆,2
這邊還,2
運合約,2
或金,2
組人,2
當會員費,2
吉祥物,2
因開店,2
螺獅粉,2
並錄,2
行員始,2
追著,2
組後就,2
繳費購,2
紅利換,2
皮件,2
總共積,2
催過,2
小筠,2
就極,2
顯示款,2
貼文代,2
圖轉,2
其餘金額則,2
繳所謂,2
證進,2
以學習,2
地勤,2
電轉,2
其後經,2
處理門號,2
及津,2
因風險,2
事後無,2
決之遊戲,2
灣開,2
古銅幣,2
療傷,2
螺絲粉,2
張志祥,2
衣機,2
個共新,2
屯貨,2
疏漏,2
張代,2
場的票,2
並付費,2
趕下車,2
還洩漏,2
或民間,2
不涼,2
報修,2
騙型,2
差強,2
人意,2
見慣,2
定門號,2
領任務,2
職夢想,2
付報,2
騙還,2
出三萬元,2
借越,2
審慎評,2
福箱,2
許費用,2
電話後三碼,2
並無接,2
阻斷,2
因子,2
數盒,2
並皆以,2
聯絡剛,2
拆受,2
國際抖,2
前六碼,2
珠寶販售,2
金信,2
賣應,2
現存,2
酒精,2
鹿胎,2
十瓶,2
恫嚇,2
卡需,2
生技永續,2
惟約,2
師檢查,2
果果,2
宜城,2
萬之間,2
樂優,2
悠團購,2
操商,2
卡倫酒,2
游展,2
人匯款,2
多只,2
並群,2
由假,2
韶蕙,2
外來,2
通權,2
違規舉,2
出貨手,2
共三個,2
天圓,2
時驚覺,2
間分,2
以團,2
購為,2
或華麗,2
傳販售,2
包綁,2
一頭換,2
夏嘉翎,2
找話題,2
越少時,2
打工仔,2
運空,2
茹購,2
昔日,2
投資參,2
會須,2
張君雅,2
票始終,2
因名額,2
紅豆,2
會贏,2
繳手,2
證通,2
營業員約,2
抱著能,2
參數,2
累積次,2
診所裡,2
必要措施,2
碼交,2
財能,2
說黃金,2
惦記,2
問我用,2
確已,2
佛姻,2
連理店,2
隨後我給,2
蛋煲,2
萬企劃,2
打離婚,2
真愛火鍋,2
親自還,2
至勤,2
怡東,2
字幕,2
能開,2
答不出,2
數百通,2
號店,2
得款,2
一點給,2
寄帳,2
從大陸,2
連小額,2
耳東,2
和員警,2
從平靜,2
管子,2
圖證明,2
走大約,2
稱玲,2
花蓮富,2
成興門市,2
未履約,2
問細,2
節並,2
標金錢,2
時後將,2
邊買邊,2
捷足先登,2
縣苑,2
裡鎮,2
老旭,2
機帶,2
門牌,2
棄物,2
靜瑜,2
由始,2
某通訊行,2
契約供,2
可分潤,2
人員先,2
鎮魂錄,2
給我點擊,2
許丞睿,2
半空中,2
胡鬧,2
地牢,2
樓下將,2
並由銀行,2
何間,2
要視訊,2
榆檢察官,2
疑慮務必,2
繳交五萬元,2
對方察覺,2
與後果,2
請門號,2
照著信,2
還三不五時,2
王啟,2
奇楠,2
叫醒,2
機照,2
事後詐,2
中卡,2
稅給,2
蘇蘇,2
初才,2
以處,2
李曼晴,2
經營珠,2
但來源,2
出購,2
安裝費用,2
取貨日,2
承諾會給,2
林育,2
他都給,2
詢明細,2
金可領,2
私訊時,2
終未將,2
參加網,2
龍之谷,2
示範轉,2
廢止,2
然後分次,2
或照,2
財難,2
還掃描,2
資投資,2
通順利,2
好約定,2
貨幣過,2
單要繳,2
數萬元給,2
向代,2
代購業者,2
最長,2
承富,2
還硬拗,2
核對個,2
何物,2
以賣家,2
幸運之星,2
入金虛擬,2
管資格,2
將經過,2
遭進,2
清狀,2
大功率,2
寄貨物,2
顏無恥,2
網線,2
號解,2
凍並,2
之後填,2
因來,2
台無法,2
辦遠,2
坤宏,2
之後冷靜,2
過程務,2
貨運資訊,2
經看,2
接著下,2
還啟,2
方議定,2
請開,2
同年同月,2
介紹線,2
詢問確,2
劉哥,2
錢太少,2
沈郁涵,2
夠通過,2
嘉恩,2
南嶺,2
將相當,2
幾萬去,2
筆送,2
能出,2
無義,2
名義簽,2
沒營業,2
十六分,2
五一,2
二百,2
五六,2
十九分,2
六七,2
一萬至,2
六八,2
李怡婷,2
運車輛,2
買代購,2
周詩穎,2
講匯款,2
我後因,2
之後相,2
詢問後經,2
非訂購,2
肯借,2
但卡號,2
張柏豪,2
元後來,2
雪人,2
動就加,2
桌賣,2
有跡,2
分割,2
移出去,2
隨行杯,2
落伍,2
潤會,2
款到,2
一筆頭,2
收幣員,2
交貨款,2
兩次則,2
辦電話,2
覺怪,2
賣龍眼,2
走十萬,2
失十幾萬元,2
開金流,2
申請線,2
另至,2
內共計,2
紅單,2
稱販售,2
閉個,2
手機加,2
領獎並,2
豪電話,2
方申,2
街側,2
以話術遊,2
資格成,2
不僅訊息,2
有網,2
體險,2
油桶,2
匯運費過,2
隨後謊,2
需待,2
對方盜,2
掃對方,2
一陣子後談,2
事水產,2
很講,2
過戶費,2
認儲值,2
假裝轉,2
不放人,2
號買,2
擊後顯示,2
用活,2
東西爛,2
組藥品,2
同類,2
號查,2
還回匯,2
我統,2
並將手,2
組內容,2
差並,2
渠可,2
商漁人門市,2
因連絡,2
六腳,2
鄉蒜頭,2
被員警,2
屯路,2
補驗,2
獎金什麼,2
中匯,2
本銀行,2
小茜,2
但虛擬,2
既無助,2
成會首,2
假會首,2
完後即,2
吳曉燕,2
剛交錢,2
原石來,2
先用幣,2
給系統,2
低且,2
做將,2
還假稱,2
投資若聲,2
總共欠,2
組常,2
項親,2
驗證信,2
張志遠,2
事後可,2
載後該,2
共進,2
遭親友,2
我後接,2
核芯國度,2
及刷,2
假統,2
一抖,2
稱平,2
送泳鏡,2
愛無悔,2
國際台,2
中營業,2
二部,2
經詳,2
尾聲,2
我連過,2
可即,2
消費應,2
分數次,2
還會安撫,2
點信,2
交泰,2
推推,2
許佩婷,2
手繪,2
違停,2
液態,2
許發現,2
金則,2
之人訊息,2
政業務,2
恩瑩,2
薪轉證,2
富榮,2
金石,2
凌虐,2
龍寶建設,2
物會,2
經得標,2
故暫,2
匯共新,2
服務據點,2
做公證,2
加冰,2
裡好,2
先拿票,2
對方興,2
商說,2
徐來,2
芹菜,2
相關訂,2
購表單,2
日分許,2
行員撥,2
肉圓,2
區某間,2
經輸光,2
萬民賣,2
萬民所,2
推廣獎,2
理後來,2
求利,2
嫣然,2
交口,2
分查,2
財務詐,2
沒退給,2
中獎驗證,2
珠寶投資,2
希言,2
藥訊息,2
萬寶路,2
雙方改,2
我加進,2
那陣子剛,2
電信代,2
筆簡訊,2
出價值,2
記賬士,2
物來,2
技師亦坦,2
出黃金,2
經股,2
東檢視,2
並用類,2
似黃金,2
晶圓來,2
大學學長,2
還之款,2
前一,2
一百六十多,2
監聽,2
四罐,2
碳權,2
同梯,2
費差,2
再先,2
筆錢領,2
用大約,2
問之後才,2
靜茹,2
素妍,2
叫佩君,2
人協助,2
開團費,2
搜尋小額,2
日如約,2
均屬,2
相類,2
還很仔,2
牌組,2
柯老師,2
王慧茹,2
操為,2
領至,2
黨員,2
周光輝,2
飛機來,2
條碼繳,2
標法,2
究辦,2
文秀,2
演員小卡,2
紫晴,2
麻將組,2
燒毀,2
領免費,2
存無法,2
道家,2
啟外匯,2
他承諾會將,2
問報案,2
北門市,2
許顏傑,2
將這名,2
日大,2
芯館,2
元免,2
都能安,2
稱店,2
結業,2
欲出,2
清免,2
我苦,2
重驗,2
生理需求,2
警確,2
所遊,2
所給予,2
跟民間,2
特線,2
說辦,2
過產品,2
次用,2
進去後裡面,2
禮遇,2
鈕聯絡,2
還登入,2
顯示須,2
中獎名,2
夠過,2
以未開,2
覺察異常,2
連保單,2
代人,2
排表,2
單網址,2
最後報警,2
給通訊,2
職缺訊息,2
普濟,2
盜刷六筆,2
沐夕,2
炮卡及,2
可處理,2
肯尼,2
亞幣,2
聯絡詢,2
城遊戲,2
退幣,2
包裝盒,2
接連刷,2
他供,2
相通,2
某縣,2
稱權,2
發文贈,2
方傳賣,2
圖教,2
金錢代價,2
寫後系統,2
墜子,2
時地將,2
最後已經,2
貓訊息,2
小步,2
變成長,2
走八萬,2
不查證,2
作會,2
需滿,2
成活,2
動將,2
不太能,2
很勵,2
證中,2
對方側,2
起意,2
數數筆,2
眼科,2
竹崎之,2
皇德宮,2
所並,2
將兒子,2
被加,2
監管費,2
翻土,2
太孤單,2
得夠,2
單純用,2
地自責,2
光療,2
雪琪,2
扣點,2
參加後續,2
代搶門票,2
並開口,2
並當下,2
獎金轉,2
獎金數,2
字實,2
討論當,2
並拿去,2
叫佳怡,2
李忠興,2
謝汶芳,2
弄回,2
神準,2
取書籍,2
動產作,2
始系,2
由行,2
優惠計畫,2
湊團,2
當季,2
並記錄,2
宣傳時,2
東西後會,2
透卡,2
想贈,2
門口將,2
文是關,2
貔貅,2
恆耀門市,2
記點,2
內容物僅,2
分傳給,2
迷笑,2
負責業務,2
異方,2
數太多,2
創意繪,2
網欲購,2
白鞋,2
租來,2
來幣,2
經拆開,2
僅在,2
幣特,2
雖稱,2
福毓經理,2
童女,2
能求,2
加開,2
我點頭,2
變有,2
元先,2
繼續後面,2
之後回,2
之後進入,2
提領點,2
雖非,2
裝沒,2
裡很不,2
南陽,2
便系,2
忽而,2
福山,2
種的,2
來驗資,2
最後來,2
買玉飾,2
負責金,2
成威脅,2
假玉,2
蜜語現,2
貪念下,2
憤感,2
試停,2
兒子取,2
僅做,2
大仁路,2
送兒,2
因受,2
其經營,2
資理,2
需線,2
學雜費,2
遭匯出,2
毛儀,2
沒頭,2
急昏,2
給稱,2
信後至,2
匯款後續,2
繳資金,2
願交換,2
已屆,2
偶爾能,2
經接,2
求代為,2
遊客,2
掛職,2
外貿,2
找求,2
職兼職,2
語琪,2
鄭老師,2
行動載,2
結後在,2
處上,2
加賣家,2
金鑽,2
奪目,2
小卡要,2
元運,2
領手機,2
不誠意,2
尋幣,2
業界常態,2
資產來源,2
幫網,2
假友誼,2
成千,2
幸運名,2
待開,2
或會員,2
經簽,2
經通過,2
紙本帳,2
盜刷成,2
國通,2
以泰幣,2
白羊座,2
虛寶的訊息,2
埔子,2
香兒,2
騙子並,2
萌兔,2
先後下載,2
市調,2
扣費,2
將會員,2
裡嘗試,2
人觸,2
目驚心,2
兩次訊息,2
認送,2
終堅持,2
上處,2
處理售,2
太想親,2
著東,2
山王,2
數算,2
金之,2
方查證,2
負責代,2
但載,2
富凱,2
之獎,2
小紅書加,2
店費,2
遊費,2
宮崎魚子,2
天台,2
天幣,2
常玩,2
說取,2
敢不敢,2
貼連結,2
問約會,2
鼎中,2
語的,2
證發證,2
問愛金卡,2
發表貼,2
其後接,2
經郵,2
局確,2
電源供,2
資料予,2
選來歷,2
穩轉,2
事後經查,2
借金額,2
完之後發現,2
日後接,2
惟此,2
中行,2
搜尋國外,2
可收回,2
機派,2
報考,2
船長,2
將領,2
欣品,2
修配,2
現任,2
著分,2
最後討論,2
歷成,2
蔡瑋斌,2
方互,2
再發,2
放免,2
費相機,2
星茫,2
吳珍茵,2
經交談,2
叫祥,2
提給,2
過會員,2
意涵,2
今後的,2
已不見,2
連卡號,2
在氣,2
填一個,2
內之遊,2
抓著,2
裡那股,2
幹員,2
然後寄,2
腳下,2
灣海關,2
勞資,2
葉經理,2
货币,2
金鈺福珠,2
時給予,2
之郵,2
局帳,2
圓山,2
蜜雪兒,2
跑出去,2
美國來,2
問我關,2
未匯,2
我加暱,2
將之轉,2
應僅,2
額費用,2
證戶頭,2
核務,2
入金買,2
理訂,2
邀約絕,2
直售,2
欣心,2
店代購,2
問當,2
之後購,2
郵遞,2
先暫,2
光電永續,2
之郵件,2
交會員,2
隨時查,2
而後接,2
土銀及,2
那本書,2
見訊息,2
取水,2
及律,2
吳夢琪,2
回飯,2
分歧,2
總計入,2
雙北,2
下答,2
會員點,2
數快,2
一百五十五,2
該業務稱,2
明無法,2
連點,2
講有,2
資訊後便,2
推廣協會,2
買大約,2
他載,2
裡更,2
隨網,2
自登入,2
羞成,2
可乘,2
過後卻,2
打擊遠,2
遺失後應,2
批貨及,2
為須,2
證金證明,2
十位,2
通系統,2
人奪,2
觸動,2
洗車格,2
前款,2
舊手,2
資處理,2
只騙,2
文馬上,2
這畢,2
振作,2
失聯斷,2
進器,2
法入帳,2
帳戶案,2
局何,2
證通過,2
棉麻,2
靖雯,2
科技股,2
鐘錦錫,2
內驗證,2
進去後頁,2
謝宜珍,2
共六萬元,2
監護,2
南慶,2
啥事,2
附連,2
外以,2
忠訊國際,2
方資金,2
欲給,2
包已,2
理並,2
代購訊息,2
來養,2
資訊變,2
雙方核,2
並不罷,2
畢後該,2
有識,2
沒有經,2
已發,2
提供方便,2
嘉義區,2
因聽,2
商陸續,2
檢察事務官,2
原檢察官,2
店開,2
聲紋,2
怡茹,2
其成,2
本善,2
宇杰,2
愛為,2
碼至,2
王房,2
完之後要,2
單彈,2
群費及,2
空大,2
書城,2
鄭敏嬌,2
帳後訂,2
關於送,2
不屑,2
凌玥,2
頭疼,2
繼續換,2
因稱,2
碼連結,2
花紋,2
兒徵才,2
信息安全,2
中贏,2
這一說,2
氣球,2
相約會面,2
給我好,2
假戶,2
我拿取,2
投資光,2
李志偉,2
反鎖,2
還嚴肅,2
信確,2
日受,2
案人將,2
浪網,2
買雨傘,2
客運寄貨,2
故尋求,2
一則現,2
挑禮物,2
還保證匯,2
買二送,2
兼詐,2
他拉進,2
哪裡點,2
稱游,2
之後就將,2
應徵網,2
錢後即,2
雨軒,2
分鐘驗證,2
帶車,2
元不夠,2
欠費用,2
購結,2
賣書訊息,2
數想,2
失敗後還,2
圖個,2
徐智,2
還貨,2
對方點擊,2
苦海,2
氣瞬間,2
湯洋,2
三步,2
發呆,2
王欣妍,2
問提,2
領的後續,2
全無音,2
成金幣,2
見代儲,2
寶廣告,2
事務官,2
從櫃,2
使命感,2
越多錄,2
取率,2
收客戶,2
幣安黃金,2
周懷安,2
人靜,2
正義終,2
說會開,2
查營業,2
走將,2
近數,2
張張照,2
最後還拉進,2
視訊核,2
股是,2
故人,2
小澤在,2
並說繳,2
筆貸款,2
高雄媽,2
媽寶寶,2
之後就問,2
高額稅,2
張錦儀,2
並點取,2
認誠意,2
李思蓉,2
冷焊,2
制門票,2
稱客,2
項透,2
資爭議,2
關西,2
更會給,2
下誤,2
簽給,2
未續,2
再代購,2
忘得,2
酒友,2
錯電話,2
先去網,2
照張,2
中視頻,2
劉洋,2
許沛琳,2
官問,2
打工族,2
未發,2
解控,2
裝袋,2
地點查,2
幣商時,2
這位幣,2
幣可購,2
萬抖,2
方事後不斷,2
鎮鹿,2
詢存,2
並於蝦,2
錦錦錦,2
包購入,2
機鏡頭,2
隨後協助,2
捐舊,2
包歸,2
筱瑜,2
慢回,2
及兆豐,2
單填寫,2
網銀線,2
由司,2
會入,2
說情,2
莫測,2
乙銀行,2
礦計畫,2
聯盟群,2
獵才,2
始展,2
心防並,2
石產業,2
竟導致,2
風險並,2
過師生,2
師生,2
將謊,2
龐大金,2
刻起,2
並編造,2
點怪,2
點付,2
專員出,2
超篤定,2
結因,2
匯光,2
利門市,2
經能,2
出後網,2
擺設,2
托管,2
寄空,2
消耗品,2
球城,2
親詢,2
需由其,2
成員陸續,2
行當,2
芯琪,2
換完幣,2
內的幣,2
前委,2
服務寄給,2
顏面,2
五組人,2
結束後將,2
小卡共,2
帳戶付,2
某資融,2
要理,2
方所架,2
設之網,2
反對,2
付擔,2
通賣家,2
或見,2
費太高,2
交上去,2
前後後總共花,2
內談,2
吉星,2
溫柔話術,2
致信,2
現系統,2
證交所,2
取補,2
想教,2
介紹後便,2
網友個,2
多餘資金,2
台式,2
網路後才,2
排在,2
客區,2
每盒,2
銘門市,2
企銀轉,2
圓夢貸,2
很勤,2
某鎮,2
李國,2
卡整,2
寄件方,2
三萬二,2
總共六萬多塊,2
楊家豪,2
洋子,2
林瑜秀,2
錢冠宇,2
機活,2
卡友,2
電競椅,2
寶匯,2
寄超商,2
政治,2
額會,2
言之有理,2
人都嚇,2
不好惹,2
某寶物,2
未償還,2
急診,2
以稅,2
故答,2
回傳當,2
粗魯,2
禮當,2
經約定,2
理稱,2
須簽,2
力加,2
因剛,2
需之金額,2
號中,2
大長,2
差點化,2
我的國,2
盡責,2
當天驗,2
以代墊,2
超商光,2
隆門市,2
著承認,2
無礙,2
樂遊戲,2
共退,2
而犯,2
同張,2
融入,2
配寄到,2
點空,2
一組下,2
卡提,2
旋風,2
無路,2
徵資訊,2
連結後進,2
收關稅,2
提過類,2
表面光,2
完金額,2
自責感,2
之後情況,2
否則連,2
萊卡,2
稱輝,2
提共之,2
黑歷史,2
無法視,2
貼動漫,2
時撥,2
並填輸,2
作為擔,2
團體志工,2
最後決議,2
點訂,2
方就問,2
野獸國,2
拳皇,2
賣木頭,2
送辦,2
那個凱,2
陳剛,2
想賞,2
倒不如,2
晚用,2
通話驗證,2
天並,2
清費用,2
南校,2
潘佩苓,2
團結,2
會客,2
去華南,2
丁文,2
封條,2
改裝產品,2
割裂,2
瑞商線,2
碼序,2
號截,2
高傑,2
我才問,2
擔保並,2
經理陳志雄,2
袁大頭,2
稱媛媛,2
卡後拍,2
張詩婷,2
問廣告,2
虛實,2
交友不慎,2
自住,2
貸款方,2
聽著群,2
著查證,2
省麻煩,2
當我參,2
阿彪,2
最後賣家,2
說馬,2
上會給,2
麗紗,2
怎能不,2
各寄,2
移回,2
選交貨,2
獎後須,2
繳十萬元,2
及無法,2
透購,2
當下始,2
未歸,2
吞得,2
費則,2
刘洋,2
完會給,2
夏季,2
其貼,2
遊中,2
禮物加,2
上本來,2
內放,2
東芳,2
覺人,2
外有,2
人員擋,2
依副理,2
新粉,2
平時務必,2
先後透,2
親後才,2
調訂,2
騙陷,2
職並,2
補助給,2
李佳麗,2
星曜,2
明虛擬,2
區晉,2
變低,2
來代墊,2
但大約,2
動漫小卡,2
小任務,2
有望,2
花什麼,2
退匯,2
改設定,2
數據驗證,2
一組點,2
方人蠻,2
步青,2
許多話術,2
小卡時,2
因為擔,2
稱代辦,2
楊宇,2
因相關,2
拉游家,2
分再轉,2
方後才察覺,2
會及,2
下來給,2
萬兩次,2
而察覺,2
證盜,2
但四張,2
如不匯款,2
泰證券,2
唱舞,2
運送費,2
真共計,2
之電商,2
故郵局,2
變傳,2
點線,2
買易,2
由長,2
結後發現,2
院區,2
因電子,2
一邊照,2
運氣終,2
問母,2
親才,2
然後一點,2
拐進,2
證誠意,2
我會害,2
調轉,2
快解,2
蔡佳芬,2
工門市,2
繳補,2
簽名並,2
繼續驗證,2
名捷,2
以車輛,2
並切,2
辦合約,2
因興趣,2
免費換,2
紅利點數,2
一種幣,2
計轉,2
服務信,2
以較,2
開後一,2
批號,2
用強,2
五顆,2
還夠,2
方當面,2
上新聞,2
閒談,2
十三枚,2
我事後上,2
帶著滿,2
陪客,2
面後再還,2
免安裝,2
輕巧,2
無房產,2
機發現,2
開後即,2
刮樂遊,2
請民眾,2
打防,2
之人代購,2
聊時,2
徘徊,2
張輸入,2
之後不僅,2
稱心,2
切換,2
語威脅,2
能取,2
幣總計,2
官網查,2
任務連結,2
點選後連,2
魚小,2
畢皆須,2
氣惱,2
合計損,2
出發前,2
前後後好,2
經在,2
過員工,2
介紹來,2
學才藝,2
投小錢,2
結合壽司,2
買代碼,2
前後付,2
搬運工,2
誠徵作業員,2
佛教,2
小獅子,2
哇代購,2
確告訴,2
至廟,2
徐良洋,2
超商交,2
背後有位,2
蔡說,2
沒訊息,2
向陽花,2
幸運招,2
憑條,2
中花,2
冰機,2
慣來,2
自一,2
楊文鑫,2
筱雅,2
時常以,2
肆虐,2
糟蹋,2
最後我將,2
過少,2
元解決,2
先轉給,2
袁曉曉,2
老師代,2
林宣怡,2
內連刷,2
蘇嘉運,2
副官,2
我然,2
新合約,2
都換,2
超商想,2
員警查,2
姓業務,2
不是太好,2
報電話,2
進詐團,2
因不欲,2
很照,2
顧人,2
期間網,2
需測試,2
財才,2
過名,2
認出貨,2
關於相機,2
李嫣,2
繳完會,2
體驗員,2
美幣,2
未指定,2
口氣篤定,2
大星,2
著手裡,2
衝進,2
賣中,2
區認識,2
這一點點,2
服務點,2
氣時,2
賣場網,2
因付,2
領後驚,2
經點入,2
駐點,2
渠匯款,2
該領,2
異將,2
因洗,2
發新卡,2
證應,2
卡蜜,2
聖門市,2
新選擇,2
內訂,2
能約,2
近十萬,2
遊戲床,2
多篇,2
利無法,2
連鎖店,2
活動用,2
做理,2
帳手續,2
慘敗,2
許某,2
貨廣告,2
最後郵局,2
錯款,2
匯馬來,2
西亞幣給,2
失十萬元,2
具高,2
共計數,2
投資去,2
酥桃,2
名為子,2
名為景,2
我贈,2
機砸爛,2
天發現,2
木質,2
連長,2
胃痛,2
此張,2
地解,2
先從幣,2
講比較,2
照劇,2
鋪業,2
高雄橋,2
林雨,2
伯父,2
伯母,2
他後面,2
師執照,2
稱要給,2
故不斷,2
惟嗣,2
投資低,2
阿皓,2
先詐,2
團免,2
費廣告,2
組加,2
資料將,2
還有委,2
卡後沒有,2
掃款,2
財遭,2
書稱,2
建議並,2
疲憊時,2
心事重重,2
問債務,2
何志鵬,2
統費用,2
確保申,2
小陳將,2
許淑婷,2
聊價,2
蔣某,2
戶作,2
真笨,2
面後歸還,2
之個資,2
車資為,2
現需,2
愛公園,2
卡證明,2
投資金匯,2
強忍,2
點之,2
競速,2
搞懂,2
文本,2
胸保證,2
明新,2
劉宜婷,2
危害性,2
秘宗,2
巧妮,2
我會分,2
郭志,2
信後遂,2
食堂,2
湘庭,2
網做,2
白雲飛翔,2
築夢學坊,2
搏取,2
允菲,2
文博會,2
賺積分,2
最美,2
安婕,2
賣家怕,2
尋求代,2
無壓力,2
資訊購,2
碼確,2
夠有,2
購股,2
還更換,2
及聲,2
經學乖,2
給我獎,2
數解,2
方後便,2
專員資料,2
一上場,2
事後打給,2
人員替,2
醫美產業,2
徵線,2
去後人,2
充包,2
購買電,2
兒子並,2
坦率,2
縱著,2
一艘,2
店租,2
還指,2
公訴案,2
許家城,2
六折,2
大姊姊,2
飛飛飛,2
萬元健,2
傳宅,2
遊戲代購,2
經由親,2
寶石學院,2
發賞,2
金群,2
他興,2
投資動態,2
水表,2
樓管,2
清一筆,2
電話邊,2
關於門票,2
碰瓷,2
竿子,2
點擊後要,2
郵資到,2
勞保異動,2
地列,2
某樓,2
提詐,2
泉水,2
何遲,2
報經,2
阿禮,2
傳綠界,2
高壯,2
灰藍色,2
生計永續,2
還貨到,2
並標示,2
泰國人,2
考績,2
吳珮瑤,2
裡冒出,2
成路,2
沒發貨,2
胃癌,2
多學點,2
叫文,2
方風趣,2
稱律,2
還關閉,2
全卡,2
裡引導,2
需解鎖,2
百餘萬元,2
筆高達,2
服務幫,2
點數後將,2
並於透過,2
時即,2
即詐,2
加網,2
正起,2
救人如救,2
一高興,2
卻裝,2
多片,2
須凍結,2
唯對方,2
可額外,2
林駿輝,2
理金流,2
出三萬,2
每看,2
我望,2
面感覺,2
資產買,2
轉到後面,2
主治,2
可愛又,2
孤男寡女,2
有到,2
然後一樣,2
卡餘額,2
禮券時,2
索錢,2
繳齊,2
日傳給,2
哪檔,2
經驗教,2
爸用,2
我太想親,2
連你,2
立盟,2
傅佳馨,2
定成,2
錢維修,2
祭祀,2
超激白,2
拋光機,2
客樂得,2
為民眾,2
日花費,2
務必主動,2
描驗證,2
通緝名,2
故約,2
賣漢堡,2
劉品瑩,2
貼廣告,2
關於約,2
金額略,2
自介連結,2
博愛街,2
愈強,2
胡嫌,2
金須,2
遭檢警,2
或成,2
代百貨,2
服務連,2
行有,2
沛納海,2
盧米諾,2
周會,2
送名,2
立票,2
倉促,2
最後驗,2
應鏈,2
過於輕,2
對個,2
包輸入,2
想買手,2
便表達,2
下付,2
隨後選擇,2
樂蒂門市,2
貨運未,2
張進財,2
通且,2
稱陳祥薇,2
中須,2
及金飾,2
媽覺,2
過臉,2
幣鏈,2
心電商,2
許許,2
點金勝手,2
結資料,2
我明確,2
交貨承諾,2
心悸,2
張赫海,2
太麻里,2
還賣,2
家裡僅,2
轉下,2
周折,2
有評,2
價紀錄,2
並主動教,2
成遠,2
師群組,2
此金額,2
因外匯,2
投時,2
還兩次,2
萬擔,2
完確,2
衝動花,2
廣告後下,2
費申,2
金禧,2
結銀行,2
換另,2
差額會,2
誤鎖,2
問專員,2
掉後會,2
定線,2
它將,2
項是,2
背板,2
分取,2
侍寢,2
續遊戲,2
照著群,2
方代匯,2
先凍,2
結起,2
財經書籍,2
心藝,2
投資夢變,2
或超,2
數無法,2
之銷售,2
健保署,2
此產品,2
綠電,2
千錘百,2
設店,2
數後便,2
綠茶,2
奶綠,2
冰沙,2
再線,2
結果確,2
阿弟,2
慈蓮共善社,2
賣餐,2
肖像,2
發掘,2
專利計畫,2
揚言會,2
想報,2
包的訊息,2
照訊息裡,2
有手,2
組卡號,2
並返還,2
再代銷,2
名為吳,2
並於民國,2
濃區,2
納金額,2
文抽獎,2
小搏,2
禮尚,2
為屬,2
雅屏,2
控油,2
洗洗,2
三型,2
重組,2
來源並,2
壓縮機,2
進取,2
普及,2
現代人,2
凌亂,2
鑽進,2
小阿香,2
點費用,2
稅籍,2
心如墜,2
不相容,2
醫門市,2
張現,2
金卡給,2
問暖並,2
全利門市,2
用幣托,2
沈雨涵,2
辦理前,2
成供,2
細節後下,2
伊林,2
搜尋假,2
稱前,2
傳之訊息,2
商資訊,2
合惠,2
車當然,2
幣幾,2
信員工,2
採證,2
桶子,2
裡滑個,2
一個凱,2
莫須,2
兩人談,2
剛創,2
專家給,2
大約數,2
幫忙確,2
出今,2
龍華,2
遇假,2
通托運,2
大集,2
這樣點,2
電子業,2
業心,2
競技場,2
問走,2
購買樂團,2
感揮,2
詞解釋,2
因點,2
中傳訊息,2
拍賣行,2
時內會,2
李美芊,2
美芊富,2
之利,2
無群組,2
怡如,2
酒窖,2
專務,2
結裡面,2
過路,2
總共五筆,2
需時間,2
將單,2
萬元津,2
因家屬,2
叫安,2
還承諾給,2
廟方人員,2
撥放,2
貨物出,2
最後失敗,2
高興時,2
綁定過,2
費就,2
款還,2
許姓,2
前後後大約,2
經像,2
用面,2
上裝,2
漫立牌,2
還沒好,2
若定,2
小兮,2
然後也用,2
元付,2
總共八萬元,2
給永豐,2
打孔,2
降溫,2
四個偉,2
北地檢,2
而周,2
競標並,2
一扣,2
亂花,2
截圖且,2
小幫忙,2
日郵局,2
近似,2
以欲,2
串文下,2
開群,2
買當,2
祖上,2
貸並,2
融資金,2
錄影給,2
當你覺,2
給我購,2
具川頭,2
組請,2
我幣安錢,2
費禮品,2
有大陸,2
稱曉曉,2
開後卻,2
日後將,2
全壓,2
我辭,2
之人來,2
期想,2
紀較,2
故自動,2
金脈,2
完時,2
廣告現,2
單後去,2
機貸,2
幣計價,2
鄧紫棋,2
號照,2
需截圖,2
不辦,2
進出帳,2
項後來,2
局發現,2
認證委,2
銀器,2
一個還,2
精細到,2
他们,2
放完,2
發布出,2
可愛也,2
之源,2
現金七萬元,2
萬月繳,2
說戶,2
鋼化膜,2
資金門檻,2
許霈茹,2
阿綸,2
日終,2
關販賣,2
裝機,2
將四萬元,2
發放薪,2
賴怡婷,2
欲領,2
兩朵,2
誠徵兼職,2
為辰,2
西區館,2
前路,2
顯卡要,2
拋到,2
九霄,2
雲外,2
要傳,2
雙寶媽,2
李昆,2
照機構,2
最後訊息,2
指甲油,2
堤供,2
聯絡後給,2
小團圓,2
順從,2
殺肉,2
頭大,2
內寄到,2
吳彥,2
剩一顆,2
吳淑珺,2
機幫,2
經營遊,2
夾販售,2
全開,2
防曬,2
初發現,2
詢報案,2
財運福,2
財經頭腦,2
惠普,2
滋瑜,2
完情況,2
某牌,2
貨與,2
惟郵局,2
服務若,2
兼具,2
調需,2
結後轉,2
筆同樣,2
號於臉,2
衝動變,2
成永遠,2
三千八,2
之運費,2
用用,2
湯雅慧,2
群楓,2
葉葉,2
同學傳,2
因確,2
無反,2
抽寵物,2
筆回饋,2
胸貼,2
寄合約,2
取薪,2
白菜,2
寶寶協會,2
罕見,2
楊雲翔,2
外盤,2
領門檻,2
玉皇,2
回還,2
賀利,2
貸理財,2
點卡給,2
金所,2
電商網,2
報站,2
將票給,2
默謙,2
充電寶,2
寶集,2
十五年,2
當回饋,2
生肖,2
意境,2
盡有,2
全天候,2
收銀機,2
近千萬元,2
數還,2
身無,2
並情緒,2
出類,2
已構,2
載過,2
經紀費,2
薯條寵,2
蜻蜓,2
三句,2
能分,2
語氣教,2
張假,2
補救些,2
雖然帳,2
剛轉帳,2
沒驗,2
見見面,2
介到,2
內領,2
當虛擬,2
新系統,2
記上,2
號詢,2
似來電,2
完庭,2
該律,2
保力,2
還會害,2
愛而,2
卻永遠,2
沒腦子,2
你付,2
錢裡面,2
李政玟,2
戲連結,2
稱陳彥,2
蔚然,2
將人,2
無個,2
每份,2
台灣動,2
龐大須,2
需綁,2
提供援助,2
色相,2
事後沒,2
外發,2
碼裝,2
隨後分,2
額匯,2
更妙,2
片翼,2
管會鎖,2
元寄到,2
先忙,2
項匯入,2
萬元租,2
現金裝,2
價太高,2
發錢給,2
社團會員,2
鄧智涵,2
期作,2
並主動詢,2
創達人,2
還學費,2
網銀代碼,2
雅倩,2
雯曦,2
有團隊,2
蠻特別,2
卡核,2
事後說,2
熟睡中,2
定過,2
清掃,2
目睹,2
蔡琴雅,2
五包,2
通多幣,2
一壺,2
送購,2
雷音,2
留聯絡,2
對方人來,2
兩次線,2
海市,2
訂好,2
面對空,2
不謹慎,2
以後務必,2
一則貓,2
具出,2
銀行繳,2
裡難,2
給盜,2
勵馨,2
回卡,2
一醒,2
療育,2
普惠,2
這人蠻,2
進貨費,2
內滑抖,2
潘姓,2
將花蓮,2
領且,2
將化妝品,2
先致電,2
禮券給,2
周俊揚,2
訂且,2
內且,2
款虛擬,2
點處理,2
機選物,2
張韶玲,2
預購品,2
輕型,2
保險單,2
官稱,2
第三期,2
繳且,2
號中國信,2
另開,2
或動產,2
亂用,2
賣童裝,2
版抖,2
站置,2
行員講,2
繳違,2
鎖為,2
因會員,2
卡攜至,2
異想,2
放卡,2
收包,2
五四三,2
出販售,2
卡門,2
商門口,2
送達時,2
天限額,2
買條,2
價格算,2
任務連,2
創建電子,2
明若,2
會連累,2
會多查,2
攝上,2
遠銀受,2
我緣,2
阿達國際,2
債務有,2
僅出貨,2
分別面,2
人員職,2
缺回,2
薪資計,2
內關,2
人敏敏,2
假幫助,2
費後對方,2
弘建,2
車燈,2
犯毫,2
和後天,2
專員陳玉涵,2
當掩護,2
油後沒有,2
效仿,2
我震驚,2
底能,2
底匯,2
違約告,2
最後高,2
達七萬元,2
數卡務,2
經理管,2
義啊,2
熱血上,2
發主,2
和氣,2
搬光,2
頂多換,2
支新,2
機構裡,2
之後分紅,2
最後慘,2
游牧,2
經運作,2
個合會,2
品嚐,2
裡還留,2
連耳機,2
開外幣,2
玩伴,2
曾曉婷,2
元見面,2
今欲,2
尚在,2
妥後賣家,2
推演,2
高芮,2
劉岢晴,2
這店,2
伙給,2
一連刷,2
寄電話,2
汽車後照,2
我處,2
若談,2
不收費,2
幾十萬進,2
十幾萬過,2
認型號,2
還那麼,2
對方編,2
罷免,2
文超,2
別匯款,2
處理點,2
購嘛,2
回分潤,2
被員工,2
裡馬,2
上浮,2
現三個,2
全英文,2
還騷擾,2
三萬過,2
彩妝耶,2
戲幣換,2
摺親,2
概在,2
辦領,2
賣家二則,2
交機,2
機序號,2
之後好,2
裡很興奮,2
電話後馬,2
存物箱,2
騙售門票,2
公務時,2
並無大礙,2
紀錄並,2
對運勢,2
細告訴,2
交給網,2
包開,2
登網,2
剛拿回,2
紙片,2
東西清,2
一清,2
應驚覺,2
遊費用,2
不遜,2
互動數,2
區另,2
點多來,2
貨點,2
全權委,2
並沒有將,2
將寶物,2
付其款,2
總共陸,2
財政人員,2
勝任,2
一領,2
我懇,2
財話題,2
專線求,2
私訊名,2
以後線,2
商達,2
證跟銀行,2
高雄林園,2
拍定,2
白登清,2
內埔鄉,2
龍泉,2
莊家,2
封禁,2
偽造票,2
實明,2
再少,2
著刀,2
朱漢強,2
唐一菲,2
我裝,2
營運資金,2
當日會,2
犯給,2
遲來,2
泥潭,2
真該,2
帳騙,2
過理,2
並哄騙,2
完錢給,2
會員後對,2
自學校,2
內一個,2
資金紀錄,2
反斗,2
城求,2
化妝,2
決手遊,2
而後雙方,2
顯示訊息,2
加交貨,2
邊號,2
青春期,2
問本,2
方都僅,2
裡所,2
組個,2
家一,2
現在會,2
勒索案,2
師在,2
財商,2
褲有,2
手幫,2
進綠界,2
當佐證,2
謝紋芳,2
升級成,2
最後上,2
方幣商,2
解得開,2
包供,2
勝發,2
金尚,2
配員來,2
我鄰,2
大楣,2
願意出,2
某組,2
證郵件,2
專人代辦,2
領件,2
十片,2
然後就加,2
給防詐,2
換別,2
別款,2
最後跟,2
之後開,2
無卡提,2
欽檢察官,2
勞不錯,2
一扯,2
盪到,2
十週,2
聽後便,2
分是,2
許向,2
賴民向,2
賴民僅,2
及費用,2
並全額,2
號點,2
透過當,2
靜兒,2
卡貼,2
體款,2
便順,2
美少女,2
效圖,2
面來,2
戶政科,2
天羅地網,2
嬰仔,2
擋災,2
接駁,2
終於將,2
多裡,2
知足,2
常樂,2
達後發,2
脫衣,2
為黃子,2
一億元,2
付費訂,2
明輸入,2
民發現,2
帶同,2
次加,2
就此打住,2
購買費,2
補三萬元,2
機後六碼,2
大且,2
誤要,2
剛接觸,2
對方蠻,2
連親戚,2
背後序號,2
人統,2
滿來,2
劉大魏,2
亞培,2
美強生,2
惠氏,2
桂格,2
克寧,2
安怡,2
羊奶粉,2
豐力富,2
補體素,2
單買家,2
韓台,2
權限未,2
局外,2
騙後始,2
文書案,2
並於將,2
異狀始,2
獲桃園,2
之後其,2
多訊息,2
洛霖,2
儲值給,2
因查詢,2
面免費,2
團體並,2
日先以,2
觀察後發,2
進後便,2
東西耶,2
然後又約,2
問再,2
賭盤,2
存太多,2
拿錯,2
辦一辦,2
心血管,2
支號,2
著卡號,2
自老,2
東西想,2
雖然後續,2
價格換,2
最後總算,2
肯歸還,2
機親,2
投資方,2
意面,2
辦補助,2
原詐,2
時千萬別,2
幣全,2
查金,2
林佳穎,2
說接,2
獲金,2
特盲,2
五芒星,2
放回,2
暫用,2
報員警,2
該業者,2
辦費及,2
分紅利給,2
致該,2
伍獎,2
全家福,2
美人,2
訂金後才,2
入求,2
元後遲,2
給帳號,2
初用,2
團購長,2
多會講,2
繼電器,2
偉要,2
先匯點,2
分潤會,2
色控,2
進口貨,2
群裡會,2
請購,2
號麥,2
那人聲,2
真要,2
貨幣期,2
一路下,2
文當然,2
車就會,2
開黑,2
連醫藥費,2
他陸,2
內收個,2
財政部聲,2
找小物,2
組設,2
計感,2
各該,2
角蛙,2
店詐,2
自營部,2
各大禮,2
福禮券,2
張面,2
片遊,2
調先,2
證金三萬元,2
看當,2
李益,2
簽切,2
周心喬,2
群傳媒,2
郭芷晴,2
信譽度,2
電商系統,2
外接,2
因忘記,2
內線牌,2
可知,2
地板刷,2
裡挑,2
匯別,2
變相詐,2
前後後網,2
發詐,2
存錢進,2
蘇宇哲,2
幣之訊息,2
調利潤,2
皮內,2
皮聯絡,2
販售點,2
充資料,2
反合約,2
把鋒利,2
還會還,2
單來源,2
多一層,2
包想,2
他秀,2
不救窮,2
錢後再,2
叵測,2
著小試,2
風一樣,2
流血,2
一做,2
賴訊息,2
許芯嵐,2
新風,2
哀鳳,2
查轉,2
至實,2
體幣商,2
著稱,2
財產為,2
叢林,2
電話掛,2
還沒補,2
說訊息,2
從泰國,2
兌換給,2
孤獨風,2
稱黃金,2
育嬰,2
酬賓,2
前鋒,2
場後告訴,2
守護神,2
幾次貨,2
小車,2
賢以,2
以後只,2
洗頭,2
統訂,2
若蘭,2
遭人取,2
聯合當,2
潘婉婷,2
經諮詢後始,2
卡後對方,2
通過後會,2
借錢訊息務必,2
證因,2
吳在,2
臨罰款,2
萬元內,2
王八,2
葉家齊,2
庄店,2
紅利給,2
棄標,2
會員有,2
幫人代操,2
乾禮盒,2
莊偉傑,2
要義,2
幣誠,2
證電話,2
數訊息,2
總及,2
終於約,2
捉摸,2
能欣賞,2
組會員,2
濕氣重,2
除濕,2
文欲買,2
因將,2
他員工,2
跟驗證,2
氣幫,2
等限額,2
反光,2
遭詐片,2
隨後楊,2
開通會,2
然後我加,2
手共進,2
辦該,2
時頁,2
偉還,2
其點擊,2
畫購,2
並偽造,2
實累積,2
完之後就會,2
面經營,2
內觀,2
價漲,2
內數,2
全自動,2
之後在網,2
全年,2
滿熱心,2
低得,2
充員,2
放話,2
破爛,2
洗面奶,2
帳作業,2
第一通,2
防堵,2
局毀,2
拯救,2
多驗證,2
三副,2
萬處,2
傳訊欲購,2
提卡,2
城匯,2
問台,2
光華街,2
廖姓,2
稱要領,2
防火巷,2
平昌,2
額需,2
貸人員,2
雲豹,2
終無果,2
華要,2
花器,2
宣傳品,2
腦獸,2
參與試,2
異覺,2
因中國,2
商化,2
獲銀行訊息,2
這是種,2
石斑,2
換的,2
叫曉曉,2
你會連,2
懂區,2
我虧,2
輔英,2
大學校,2
大風險,2
很能,2
要延,2
創建好,2
地測試,2
連續領,2
東西亂,2
投會,2
還都,2
而後將,2
親友訊息,2
現金數,2
額金額,2
詩章,2
假鞋,2
仔仔,2
先後共,2
摺痕,2
大片,2
職名,2
丞葦,2
元擔,2
底時,2
簡訊聊,2
點選下,2
林建宏,2
時常傳,2
金道,2
李天澤,2
真愛幣,2
時業務,2
梅子,2
家醇,2
交裝備,2
前後換,2
日標,2
車輪,2
設虛擬,2
內自稱,2
因莊,2
涼感,2
賣虛,2
總算要,2
這補助,2
張卡來,2
訕訊息,2
該類,2
元下個,2
幣行,2
幣贏,2
年會,2
並又給,2
燒金紙,2
最後假,2
錢後來,2
證和郵局,2
三才,2
蘇卡達,2
領後購,2
額提,2
專員時,2
需湊,2
完服務費,2
組也將,2
會散,2
先補交,2
講過,2
照加,2
連標,2
還全,2
雜牌貨,2
還列,2
水槍,2
過天,2
紛絲團,2
此用,2
資訊越,2
兇神惡,2
著黃金,2
幣儲蓄,2
勞基法,2
通購,2
林新,2
沁芳,2
隨後報警,2
回比,2
資訊盜,2
機也成,2
商欲購,2
裡傳來,2
證異常,2
家屋,2
故接續,2
然後所謂,2
楊老師,2
顆轉,2
珠寶責任,2
邊會給,2
訓練營,2
求個,2
心酸,2
行轉,2
之後補,2
表誠意,2
人會來,2
得面,2
該氣,2
好難,2
超笨,2
強度,2
過虛,2
組騙,2
上信,2
這裡終,2
假戲,2
買貴,2
看走眼,2
兩天會,2
剝光,2
阿賜,2
掏寶,2
延後匯款,2
賣無人機,2
精靈樂章,2
經代墊,2
良田,2
善為,2
面說,2
張圖片,2
詢賣,2
國泰世華轉,2
以洽,2
稱今,2
旗開,2
得勝,2
並共,2
戀愛腦,2
日依約,2
以一筆,2
電特,2
喬恩,2
洽談後對方,2
互享,2
享說,2
寄六張,2
這次加,2
問一聲,2
當下匯,2
一命,2
真材,2
實料,2
假買方,2
收對,2
將這四,2
香奈爾,2
對方惡,2
故當時,2
當下詢,2
豐后,2
台中人,2
這驗證,2
哪有驗,2
說產品,2
詳來電,2
電因,2
文遭,2
遠銀,2
元津,2
當我滿,2
獲時,2
她邊,2
通話邊,2
實受,2
牆式,2
滑網,2
任務領,2
失加,2
改地點,2
出金領,2
過會後悔,2
奮勇,2
李小龍,2
禮品並,2
實入帳,2
解會,2
難為情,2
靜彤,2
卡錢,2
則建議,2
主都,2
最後一項,2
時終,2
稱姍姍,2
工群組,2
姨丈,2
惟系統,2
稱費用,2
人積,2
映像,2
市府,2
反覆思量,2
旅遊業者,2
著來,2
強盜,2
出遊費,2
獲利學員,2
跳下去,2
投大錢,2
轉完後心裡,2
淑彤,2
裡難過,2
媽媽育兒,2
之海,2
不慚,2
速查,2
如人間,2
然後入,2
零錢給,2
空詐,2
小雀躍,2
導去,2
還沒即,2
時入帳,2
帳再,2
將線,2
司法部,2
人員者,2
門口取,2
明才,2
好太多,2
總共準備,2
東西始,2
終沒來,2
開無法,2
信行,2
會約,2
帳後,2
時點擊,2
帳狀況,2
張仁甫,2
聽聞此,2
足貼,2
我興趣,2
林詩穎,2
故開,2
藏玖國際,2
林書婷,2
或代墊,2
著持續,2
週還,2
帳號務必,2
對方交貨,2
然後填,2
收銀行,2
炮費用,2
富泰,2
内容,2
磨砂膏,2
志遠,2
幣源,2
方凍結,2
四場,2
方指,2
報福門,2
債主談,2
緊急款,2
太慌亂,2
看線,2
嚇下,2
更新快,2
清潔器,2
非來,2
先多,2
假買家謝,2
進喊出,2
快變,2
會加罰,2
連繳,2
之林,2
周斌,2
新景,2
貨貨到,2
或遊,2
貨幣款,2
完會員,2
歡後透過,2
電話後才,2
各約,2
氣透過,2
上往,2
騙點,2
當籌碼,2
超生,2
由美國,2
然後李,2
轉完後會,2
扣起,2
加傭金,2
所點擊,2
電產品,2
品牌形象,2
善愛,2
有績,2
然後會給,2
坐墊,2
入會神,2
滾動並,2
之標息,2
雙人床,2
從獎,2
秘書暱,2
會員張,2
包由,2
信臉,2
物區,2
緩紀錄,2
區忠明,2
實際查,2
廣福,2
俊祥,2
或金額,2
誤扣,2
檢察機,2
隨後訊息,2
般越,2
最後我轉,2
各元,2
九尾,2
如不付,2
樂點,2
林士貴,2
茶行,2
日僅,2
風雲變色,2
高新,2
迎合,2
錄會,2
偽卡,2
備品,2
內心震,2
代筆,2
元之遊戲,2
發現連,2
日後會還,2
其諮詢,2
先面,2
選喜歡,2
順順,2
詢內容,2
投資傭,2
之貨款,2
熱氣球,2
數後察覺,2
朱民,2
群八組,2
冰絲,2
異主動,2
郵政卡,2
幣先,2
問查證,2
看賣,2
帳三筆,2
布魯箱,2
他才將,2
法繳,2
裕隆,2
結連到,2
幣等,2
補證明,2
商詢問,2
還很誠懇,2
寫什麼,2
依佳,2
解個,2
財務系統,2
傳訊表達,2
當小編,2
還附圖,2
勞內,2
間訂,2
破例,2
改給,2
放膽,2
輪數據,2
各餐,2
藍藍,2
幣安買,2
新沙,2
購買共計,2
傳斷,2
邊能,2
興趣當,2
訊匯,2
三洋,2
訂金應,2
裡親,2
看紀錄,2
預約表,2
光彩,2
主動開,2
餘額須,2
自親戚,2
房人,2
貨物卡,2
收手續費,2
千篇一律,2
理財通,2
張依淳,2
歐巴資,2
同時加,2
申購過,2
週二,2
總金額給,2
總共五張,2
經理洽,2
取申訴,2
幾百點,2
跟點,2
投資太穩,2
美日,2
文青氣息,2
繳交過,2
金嘛,2
金耶,2
創好,2
留收據,2
有疑點,2
離世,2
經理人,2
地感覺,2
順利過,2
發貨前,2
給原,2
不輸,2
接著分,2
李美娜,2
李洪,2
並隨後加,2
人溝,2
新櫃,2
一貫詐,2
女兒加,2
擊率,2
補存,2
中淡,2
重寄給,2
金貸,2
款諮詢,2
幾日後會,2
認識幣商,2
亞國際,2
五萬元整,2
結後將,2
連結後跳,2
生地,2
警員及,2
我調,2
劉毅,2
自渡,2
先後入,2
企鵝逗,2
陣戰,2
關於小額,2
工用,2
釣來,2
育國智選,2
簽委,2
賴姊,2
期時,2
療健者,2
療己,2
善傑,2
我歲,2
緯緯,2
用入,2
之狀態,2
搖號,2
越驗,2
大葉,2
小冰,2
裡很著,2
百口,2
莫辯,2
獲中,2
保輔助,2
代號給,2
經農會,2
戴起,2
辦委,2
徐金,2
幹什麼,2
博哥,2
約略,2
周傑,2
很無力,2
氣把,2
誤輸,2
入門門檻,2
何雅琪,2
傳自稱,2
張恩婷,2
事裝潢,2
人向,2
認再,2
劉律師,2
林嘉棟,2
在詢,2
寶玉,2
大忌,2
中全,2
哲翰內,2
繳交申,2
換裝置,2
無選擇,2
建邦,2
臉書密,2
貼且,2
義之,2
事後將,2
裝修款,2
商詢,2
非購,2
風能,2
動產普,2
賴被,2
奧丁,2
抓過,2
李玉珍,2
李彥霖,2
販毒案,2
現金大約,2
並承諾將,2
職責,2
應徵前,2
我員工,2
借電話,2
投資後帳,2
幣漲,2
出泰達幣,2
左派,2
阿寶,2
沒寄件,2
無限滿,2
發放津,2
愛無限,2
好話,2
地一聲,2
成員幫,2
幾百萬給,2
國際轉,2
繳納代,2
新法,2
稱不須,2
勞轉,2
範此類,2
李至,2
結千萬,2
已凍,2
誠品線,2
禮拜天,2
保養諮詢,2
網頁並,2
問前,2
批發來,2
驅動,2
阿晨,2
單代購,2
洗到,2
內部驗證,2
連查證,2
以後聯絡,2
亨利,2
補交五萬元,2
黑武士,2
號下單,2
東詐,2
反跌,2
票價還,2
證與存,2
遭行員察覺,2
瘋華,2
娛樂代儲,2
異即,2
端會,2
角地,2
音樂餐,2
最後後悔,2
火急,2
費賺,2
失太多,2
前後寄,2
單受,2
具威脅性,2
人員取,2
教學且,2
以檢察官,2
最後詢問,2
辦理費,2
捺印,2
貸款還,2
鄰居查證,2
程芯蕊,2
九期,2
艾凡尼貿易,2
計畫繽紛,2
業務員來電,2
權狀及,2
體重計,2
鹿路,2
店以,2
收台灣,2
當天購,2
傳匯,2
款紀,2
整箱,2
得福,2
小計,2
商多,2
實給,2
爾後有,2
關沛,2
你驗,2
末四碼,2
稱代操,2
結後與,2
豪之人,2
即加,2
成報,2
並計,2
之後再轉,2
成法,2
內賣,2
匯問題,2
區松,2
竹路,2
騙後已,2
大慶街,2
並未到,2
抽電腦,2
親發,2
林宥,2
沙漏,2
戶會,2
金達,2
我和林,2
豐寶門市,2
賣藥,2
的藥,2
蕭警員,2
搖下,2
車窗,2
臉書動態,2
林明成,2
並中斷,2
需核驗,2
控風險,2
店員向,2
其店,2
做入,2
法定,2
寫著免,2
費諮詢,2
但辦,2
忍個,2
超急,2
筆電販售,2
筆電有,2
照貼,2
沒半毛,2
金匯進,2
稱幫派,2
超迷,2
房產去,2
不論訊息,2
轉進幣,2
安再,2
財務作業,2
對方態,2
以要將,2
章璃,2
將金,2
方連續,2
協助換,2
自主,2
將合夥,2
講投,2
也動,2
事公開,2
腎病,2
因超,2
王維恩,2
張仁傑,2
高晟,2
王依亭,2
十幾萬塊,2
閻珺菡,2
軟體點,2
一千五百多,2
雅見面,2
結書給,2
跳來,2
一層確,2
賣卡牌,2
時順口,2
叫姍姍,2
課細節,2
教過,2
漁業,2
吳俊偉,2
麗君,2
上威脅,2
並最,2
通虛擬,2
數位幣,2
樣飾品,2
惟電話,2
以即,2
會員禮,2
還經營,2
萬級,2
聽頭,2
法國外,2
貿銀行,2
通國外,2
鄭景倫,2
假裝來,2
剩不多,2
會顯,2
補手續,2
商佳茂門市,2
蜂王乳,2
夢潔,2
受潮,2
群門市,2
美群路,2
轉讓費,2
錯訂,2
或連,2
說在網,2
試手氣,2
資金未,2
過車,2
逸升,2
尼龍,2
附一則,2
青桔,2
認向,2
連結均,2
做後因,2
需監管,2
購務,2
最後計算,2
裡匯,2
詠翔,2
店員覺,2
地及,2
區大學,2
私訊確,2
通中,2
稱關,2
卡哇,2
魚小紅書,2
淘寶人,2
八圈,2
假徵婚,2
假實名,2
姓李,2
李晓峰,2
天津路,2
日查詢,2
單貨到,2
少萍,2
賽馬,2
人員見面,2
賣家答,2
鄭俊傑,2
問還款,2
這業務,2
退返,2
郭進財,2
但直,2
職務有,2
隨後轉介,2
領航智,2
氣了,2
繳時,2
分透,2
價金新,2
手且,2
蔣語,2
資訊戰,2
劉志輝,2
這名幣,2
思妍,2
人洽,2
林凱傑,2
萬多給,2
連一絲,2
偵一隊,2
網紅詐,2
歐若拉,2
雨晴,2
超商照,2
出不去,2
還會傳,2
參加護膚,2
護理圈,2
語童,2
傳話,2
銘昌幣行,2
霍文良,2
張慧娟,2
三則,2
劉娜,2
還連帶,2
或輸入,2
某樂團,2
小贏,2
該卡為,2
從將,2
投資念頭,2
張卡給,2
萬元酬,2
守護家,2
以分,2
紅為,2
取產品,2
三萬三,2
暫時代,2
有港幣,2
還間,2
學哲,2
旅遊訊息,2
故持,2
且售價,2
武漢門市,2
五塊,2
點籍,2
帳共新,2
區美術北,2
商內,2
投資桃園,2
通數,2
不將款,2
老眼昏花,2
以刷,2
因當天,2
公益行,2
魚蝦,2
超新鮮,2
王氏,2
全配,2
出貨到,2
小錢換,2
及會,2
金寶成,2
北勢,2
未來性,2
開詐,2
知有,2
其儲值,2
徵小,2
假單,2
按成,2
然後又馬,2
問我媽,2
阿俊粉,2
教人當,2
當真,2
還被當,2
已離開,2
金才領,2
第一堂,2
領出款,2
沒寄票,2
辦法用,2
系統確,2
本演,2
漏看,2
才害,2
沒昏過,2
起手式,2
哲學課,2
標榜用,2
數試試,2
谷裡,2
頭金額,2
點擊後會,2
承諾款,2
卻問,2
模糊地,2
事不會,2
禮物時,2
沒派,2
雲海,2
實例,2
還得付,2
得親,2
需重,2
方會用,2
堯漢,2
蘇怡茹,2
緊急備,2
報應,2
來訊稱,2
語詐,2
周懿禮,2
須資金,2
宜蘭羅東,2
榮民,2
轉假,2
按詐,2
松安,2
獲利等語,2
項疑,2
愛之初,2
孕媽館,2
設賣,2
總重,2
事是,2
張慈,2
魚漢頓,2
販售長,2
至嘉義縣,2
平路,2
子路,2
金國花,2
分由其,2
弘哥,2
寶月,2
經電詢,2
人員覺,2
相像,2
熱愛玩線,2
斷訊,2
這群詐,2
裡進,2
一個彈,2
總共九筆,2
順利度,2
厚非,2
越緊,2
著裡,2
損失還,2
師資格,2
有繪圖,2
沒開始,2
這沒,2
資安驗證,2
出寄貨單,2
縣頭,2
陽明,2
校區,2
涼風扇,2
北國王,2
並依詐,2
一輔導,2
稱確,2
好會馬,2
幾天後感覺,2
單後會,2
二款,2
單純驗證,2
限動裡,2
接著會,2
他媽,2
行政部,2
華泰商業,2
進式,2
美國國,2
無法聯,2
廟方,2
領後才,2
用且,2
兩銀行,2
何有,2
花蓮來,2
脂肪,2
收資料,2
網銀系統,2
嘉威,2
萬元後再,2
能代辦,2
難保,2
票後再付,2
最後協議,2
蘇醫師,2
交地,2
元稱,2
及幣商,2
協議切,2
款加,2
機車給,2
光大,2
謝姓,2
酬謝,2
資前,2
人俱樂部,2
隊見,2
方信,2
前一個,2
勞保資料,2
屋費,2
組極速,2
隨後專員,2
問家屬,2
並負責,2
來陸,2
轉告,2
取貨後發,2
幫得,2
超誠懇,2
某大賣場,2
手織,2
高好,2
這訂,2
三四天,2
投資術,2
家過,2
包資訊,2
給來歷,2
前能,2
貸千萬,2
投資若,2
要點擊,2
富埒陶白,2
彈起,2
取手,2
該台,2
網銀金流,2
劉中興,2
劇本來,2
金臨,2
面次,2
照規定,2
逃費行,2
帶利給,2
信類,2
月經,2
麗卡國際,2
賣家林,2
賴經理,2
景泰,2
套兒,2
白活,2
清帳,2
派員向,2
劉欣雅,2
獵盤,2
清研,2
有贓款,2
之後若要,2
繳了款,2
錢程,2
教堂,2
駱志,2
無卡密碼,2
假個,2
因事後覺,2
張家琪,2
幣群組,2
離領,2
改運廣告,2
稅稅,2
我事後發覺,2
問我們,2
腫瘤,2
還說過,2
波妹,2
同樣給,2
小愛的,2
點數照,2
貸個,2
出金系,2
他前,2
元後打開,2
獲詐團,2
這畫面,2
號費,2
我連人,2
天經,2
地義的,2
騙後來,2
芯片,2
一筆入,2
林俊言,2
那番,2
王品,2
三人還,2
賽事表,2
還揚言,2
設立店,2
過十萬元,2
超準,2
勞退,2
故拜,2
賣大陸,2
當儲值,2
要重,2
詢為,2
互匯,2
方資,2
天領,2
商花費,2
師代操,2
劉芳,2
林路,2
貸之款,2
李芸兒,2
經許,2
義來,2
專業給,2
濕巾,2
雖然略,2
結書並,2
損失點,2
信群,2
前後總共損,2
讓幣,2
前後兩,2
現在終,2
能察覺,2
加郵局,2
因作業,2
傳送過,2
照轉,2
薪資入,2
玉容,2
發文內,2
南安,2
匯款後詢,2
今後我將,2
面其實,2
裝處理,2
組氛,2
流雲異彩,2
至地,2
百外,2
換抖,2
然後拍點,2
當我儲,2
導至,2
標後匯款,2
問賣家何,2
須代,2
承澤,2
車與,2
再踏進,2
並用言語,2
對鏡,2
所供,2
遭偽造,2
新街,2
欠別,2
興村,2
至民雄,2
豐川哥,2
布林,2
德清,2
讀過,2
主體,2
老師聲,2
楊紫棋,2
楊秀,2
我媽前,2
帳審核,2
儲大陸,2
車撞,2
至麥,2
通馬桶,2
親子育兒,2
單後選擇,2
並非購,2
銀及,2
聯絡連,2
五代,2
林珊婷,2
回升,2
裡樓,2
秋萍,2
李承甫,2
可婕,2
賣裡面,2
華南及,2
每一項,2
蔡淑芬,2
張慧琳,2
關稅費,2
領一個,2
計算出,2
收納師,2
兒戲,2
理將,2
會連絡,2
仔細檢,2
出學員,2
沒玩過,2
名義都會,2
極深,2
變得遙,2
中所稱,2
前排,2
離子夾,2
內櫃,2
惟實際,2
何未,2
天氣實,2
太熱,2
金流購,2
牌支,2
遊玩遊戲,2
遊戲代幣,2
礦產,2
慧心,2
會系統,2
前三筆,2
數十筆款,2
晃晃,2
總算快,2
皺眉頭,2
幾百幾千,2
張銘,2
項後續,2
劉曉麗,2
順利會,2
筆銀行,2
點半見面,2
入後頁,2
並收貨,2
女傳,2
男告訴,2
乳清,2
搞怪,2
販售代購,2
李雯,2
遭下,2
代查,2
那盞,2
帳戶作,2
法換,2
貼車,2
賴雅軒,2
柏成,2
包後再,2
果干,2
僅依賴,2
戲裡面,2
搜尋發覺,2
並於見,2
緩衝,2
看訂,2
幾天問,2
去留,2
完一筆,2
同地,2
須暫,2
人工智能,2
順益,2
留職,2
方斷,2
匯之款,2
專員共,2
貼文所,2
貨金額,2
壓機,2
筆儲值,2
元後失聯,2
幾筆還,2
護送,2
臉書開,2
有客,2
算誠懇,2
就會來,2
好兆頭,2
我犯,2
小玩意,2
實訂,2
接著張,2
洪某,2
追錢,2
之後又照,2
親自匯,2
財的,2
打電給,2
輸入後出,2
美國女,2
並爭,2
玩到,2
借錢度,2
起一種,2
方延遲,2
公開聲,2
內規,2
去諮詢,2
睡不醒,2
民城門市,2
港口,2
豐寄件,2
前得,2
鄒小芬,2
續會將,2
蕭世斌,2
王馨怡,2
李惠敏,2
張理財,2
面色,2
鋼牙,2
自幫派,2
三商,2
神佛,2
已得標,2
谷遊,2
競爭者,2
之不詳,2
並承諾當,2
問將,2
天到貨,2
林鈺雯,2
這枚,2
並非詐,2
陳數,2
留費,2
給介紹,2
換些,2
小喬,2
完寄件,2
小數,2
什麼貨,2
我差,2
怎麼講,2
還不完,2
吐出,2
地坑,2
當面還,2
那一,2
表嫂,2
友加,2
問淑貞,2
網逛,2
曾雨喬,2
且察覺,2
獲一筆,2
小股,2
規範書,2
頭內,2
刷購,2
並解決,2
刷後便,2
碼匯,2
點後怕,2
子集,2
二十五元,2
還會報,2
數上,2
傳證明,2
寫滿,2
蝶兒,2
領航學苑,2
設錯,2
補完,2
排行,2
組買,2
損會,2
蓋板,2
意整,2
會重,2
賠還,2
補做,2
在紅,2
財感,2
位年,2
抵達後對方,2
資問題,2
誤報,2
並順利將,2
大三元,2
包裝產品,2
利潤稅,2
亞麻籽,2
連起,2
吉祥,2
跑馬燈,2
親購,2
之塔位,2
母公司,2
玄寶文,2
創事業,2
繳大筆,2
保利,2
談一筆,2
簡述,2
大立門市,2
金對,2
勤投,2
次出,2
萬送給,2
缺料,2
投資團體,2
月將,2
萬元返,2
稱施,2
購買衛浴,2
親友易,2
要聘,2
手機安裝,2
研之人,2
人品,2
拓豐國際,2
多得很,2
鄭梓軒,2
紅霞,2
收泰達幣,2
實帳,2
中林,2
竹崎,2
資訊確,2
認書,2
假電話,2
局線,2
媽媽用,2
最後心,2
給轄區,2
確都,2
當時詢,2
張保單,2
銀行密,2
兩支手,2
數驗,2
日派,2
聖恩綠,2
商銀行,2
施用,2
問暖近,2
區華興,2
講話體,2
人員線,2
為利,2
乾哥哥,2
楊國華以,2
以海,2
聚凝,2
帶著手,2
給不詳,2
當面問,2
過超商,2
及下,2
古道,2
稱斌,2
念及,2
閉鎖,2
期六個,2
連結假,2
教友,2
數之序,2
筆紀錄,2
會盜,2
之事實,2
這頓,2
電信業務,2
裡轉帳,2
隨即詢,2
連別,2
很諷,2
須因,2
雨萌,2
電玩射擊,2
環保綠能,2
證金之類,2
個門市,2
並議定,2
轉服,2
詹蓓娣,2
然後雙方,2
溫婷,2
完送,2
之後需,2
氣分,2
明宏,2
貨沒到,2
銀受,2
妥售,2
張售,2
投資洗,2
裡交給,2
投資快,2
存個,2
養到,2
你代,2
著文,2
過後就會,2
機實,2
徵婚詐,2
先通話,2
原件,2
要交,2
因顯示,2
揚及,2
揚的,2
金歸,2
韓聰華,2
沒幫到,2
問說票,2
萬初,2
很會噓,2
進貨賣,2
有架勢,2
其收,2
你訂,2
美村,2
仕女,2
兩個門,2
某商,2
冷氣空,2
調家電,2
制冷,2
冰風機,2
獲利資,2
納入,2
打至,2
並無對,2
一牽扯,2
假貨還,2
粉絲心,2
方態,2
訊息噓,2
台後會,2
四週,2
連證據,2
心累,2
人遊,2
束後會,2
先後在網,2
成一場,2
林男稱,2
注相,2
分在華南,2
哪些地方,2
砂鍋,2
曠職,2
做長,2
稱絕,2
定點,2
輸入後系統,2
清清白白,2
越多人,2
永勝珠,2
賓果,2
故下載,2
進去確,2
金狀況,2
日當晚,2
經營代銷,2
貸名,2
結識名,2
還小額,2
智尚,2
有的則,2
協助接,2
劉老,2
營業員加,2
柏瑞,2
連影,2
買家款,2
由用,2
隱忍,2
體門市,2
稍後查詢,2
同學家長,2
單後我將,2
贏的,2
銘彥,2
大益鐘,2
納海手,2
郵寄之,2
戶且,2
萬幸,2
該機,2
凍住,2
郭成,2
確遭,2
宇濤,2
困窘,2
辦理補,2
有期徒刑,2
按賣家,2
萬可,2
期購,2
巡邏員警,2
網友子,2
想配,2
電子信,2
錯路,2
分參加,2
並未來,2
種善,2
喬依,2
王說,2
林慧玲,2
王臣,2
機膜,2
作生意,2
奇輔,2
結後出現,2
場詢,2
過程還,2
網路後端,2
包紅包,2
孩人,2
金南,2
數後回,2
之後獲,2
用兒子,2
淺色,2
太蹊蹺,2
有額外,2
代書事務,2
親戚間,2
更久,2
有營,2
東西交,2
晚個,2
總之當,2
田門市,2
救護員,2
發好,2
傳經理,2
名細,2
浩雄,2
並堅稱,2
欺人頭戶,2
手珠,2
管會外,2
狠準,2
美妝店,2
變超,2
拉票,2
文裡還,2
導覽圖,2
幫忙代刷,2
怎麼還,2
留點心,2
一張點,2
結教,2
幣商來,2
不放,2
明後覺,2
過風險,2
飛才,2
經空,2
宏富,2
嘉泰,2
還睡,2
規劃顧,2
莉茹,2
價至,2
幫成員,2
單即,2
像場,2
帳後馬,2
並未加,2
已經錄,2
機的訊息,2
采取,2
矮胖,2
翔宏,2
智投,2
填資料還,2
選擇將,2
案備查,2
對群,2
成什麼,2
銀聯銀行,2
由檢察,2
管保,2
詞要,2
清酒,2
各出資,2
金貨幣,2
事後幾天,2
李雨祥,2
直系,2
僅遭,2
啟文,2
結等,2
中協議,2
結始,2
親接,2
匯銀行,2
匯戶頭,2
艱困,2
取金幣,2
憨憨的,2
感覺帳,2
應極度,2
幾筆給,2
並隨後與,2
執業律師,2
找認,2
文杰,2
還被鎖,2
阿飛,2
沒太理,2
問代購,2
中盒,2
購物群,2
田地,2
了債,2
強資,2
安防,2
資做,2
保證給,2
正巧是,2
查無紀錄,2
淵的,2
時傳給,2
方人滿,2
闖下,2
最後告訴,2
連包裝,2
六件,2
地衝,2
無解,2
初在網,2
片一張,2
石禮物,2
停播,2
應得會,2
徵聘,2
連戶頭,2
若有情,2
定轉,2
遭檢察官,2
將所屬,2
節電,2
蘇澤峰,2
渦輪,2
風木,2
顆數,2
甲路,2
聯結點,2
東升,2
須辦理,2
資產及,2
流遊,2
起手,2
專屬號,2
午間,2
進場點,2
由檢方,2
該碼,2
收會員,2
認識江,2
資本圈,2
累加,2
傭金給,2
高級別,2
這計劃,2
問兆豐,2
同購,2
恐影響,2
賺幣,2
華哥,2
仍未將,2
絕回,2
充銷量,2
無開通,2
東蘭路,2
分幾期,2
類商業險,2
機台並,2
家室,2
及家裡,2
然後都,2
投資幫,2
廢鐵,2
萬九,2
專卻,2
鎖我,2
李可心,2
塑身,2
隨後和,2
周詩,2
沒往,2
磁條,2
折疊式,2
竟瞬間,2
幾度,2
當且,2
高價收,2
約麼,2
神山,2
是傷,2
車也,2
繳交風險,2
幣十萬,2
爭論,2
帖文,2
家里,2
品昕,2
隨後便將,2
我員,2
起來給,2
船釣,2
假警員稱,2
故系統,2
等會兒,2
都暈,2
盧育,2
張棟,2
在售,2
密賣家,2
許博遠,2
用黃金,2
看護費,2
全是場,2
場假,2
阿風,2
避難,2
想放棄,2
徒留,2
總共幾萬元,2
甜小妮,2
會員開,2
劉雅雯,2
聯絡且,2
截圖加,2
素貞,2
賣貨店,2
另約定,2
雪妍,2
寄件並,2
續須,2
享卷,2
王欣婷,2
雷先生,2
帳戶害,2
寄卡給,2
送華南,2
溫欣儀,2
宜睿券,2
騙共新,2
常做,2
穩交,2
醫院領,2
邱奕軒,2
記帳號,2
美濃區,2
須在,2
東哥,2
月止,2
淘寶賣,2
打微,2
機未,2
立銓,2
當獲,2
現還,2
勞體驗營,2
研發獎,2
一王,2
有換匯,2
並無意,2
橄欖油,2
額出,2
其大,2
經門,2
大功告成,2
某數,2
勾到,2
熱得,2
暫收,2
沒登入,2
繳遊,2
來計算,2
點以,2
前後後已經,2
成團,2
對方頁,2
處理罰,2
按月給,2
金參,2
剛發行,2
價格後便,2
稱貨,2
購物絕,2
詢評價,2
全體,2
資產領,2
領我,2
點數密,2
萬星幣,2
還需繳,2
因計劃,2
園老師,2
較忙,2
尚無金,2
俞沁,2
他弟,2
先證,2
內容全,2
鄰居幫,2
付及,2
經預,2
現金後交給,2
還挺順,2
刷費用,2
故導致,2
我主動密,2
油腔,2
滑調,2
沒回報,2
沒人能,2
友察覺,2
筆要,2
之後利潤會,2
還連密碼,2
的戲,2
由將,2
支費用,2
搶費用,2
之後便將,2
其噓,2
村民,2
完密,2
鄉大崙村,2
極機密,2
書上,2
若頻,2
張禮券,2
騙經,2
歷能,2
感來,2
購買後便,2
事後渠,2
之人謊,2
財務欣桐,2
樹苗為,2
其當,2
劉嘉萍,2
寶盈,2
鴿現,2
活著,2
翅膀,2
整本,2
萬週轉,2
推廣人,2
假經紀,2
整之,2
購足,2
向業者,2
寄貨並,2
資金領,2
進輝,2
劉美慧,2
辦法套,2
了不起,2
兩天後會,2
卡補助,2
爛攤子,2
將欲,2
進廣告裡,2
地學習,2
他誠懇,2
怎麼當,2
業務員來,2
對銀行,2
轉五萬元過,2
商富,2
回問,2
靠訊息,2
顧景軒,2
卓偉峰,2
騙存,2
因存,2
宜霈,2
娘家,2
賴嘉欣,2
富雨洋傘,2
吳怕,2
網暴,2
至泰達幣,2
理債,2
順利展,2
安給,2
萬元領,2
出後便,2
貝兒,2
稱求,2
職申,2
定當,2
納解,2
斷掉,2
兩萬五給,2
美工刀,2
周文程,2
內竟,2
親自教學,2
會聲,2
但利潤,2
失遊,2
監會,2
案人加,2
王睫,2
兼假,2
之詐術,2
故導,2
目網,2
若面,2
聯邦快,2
遞將,2
我萬分,2
故於網,2
群租裡,2
認識後開始,2
買後對,2
禮車,2
一幣商,2
完後傳,2
討電信,2
就裝,2
資產價值,2
記得還,2
偵字,2
那六萬元,2
心志,2
工的,2
機票給,2
沒離開,2
剛透過,2
高達百萬,2
包當,2
資和卡號,2
丟個,2
護校,2
林校,2
溫莎門,2
商豐,2
以當時,2
通報過,2
經神隱,2
顯療效,2
互掃,2
卡方能,2
楊正吉,2
攝影家,2
數去,2
數卡回,2
確實帳,2
致電稱,2
稱兆豐,2
觀察時,2
辨識碼,2
命名,2
特別問,2
處方藥,2
但護理師,2
花井,2
文有關,2
這跟廣告,2
俊寶投資,2
想小額,2
漢哲為,2
灣夾,2
鐘嚴麗,2
我慢,2
理財好,2
還不高,2
人員嘛,2
宿傘,2
取相,2
網之借,2
寫費,2
退費用,2
稱倩,2
臉書林,2
至珠,2
貨後稱,2
臨櫃關,2
懷並,2
奇之人要,2
販賣迪奧,2
要願,2
意返,2
以籌,2
親講,2
玩小遊戲,2
創建七個,2
玩小遊,2
戲後才,2
史義瑄,2
日飆,2
網包,2
競瑋,2
日後欲,2
張曉琪,2
最後又照,2
廉明,2
國豐門,2
濛濛,2
看牙醫,2
高素,2
社團制,2
我視訊確,2
認遊戲,2
經真,2
並拿現,2
千慧,2
七人,2
座車,2
資金若要,2
額外付,2
欠罰,2
名義當,2
帳表上,2
聯絡代購,2
帳表,2
激將法,2
投資訊息須,2
上細心,2
最詭異,2
裝潢業者,2
詢後對,2
公關費,2
初照,2
進經理,2
動後填上,2
商話,2
是魚,2
貨物稅,2
不太過,2
口供,2
清為止,2
一天到晚,2
報地點,2
已經關,2
慕梓妍,2
梭利,2
早教,2
心研,2
並到場,2
借人用,2
無數點,2
項後又分,2
作金,2
川川,2
智妍,2
安冠門市,2
取及,2
孤松,2
滑小紅書時,2
越後怕,2
開去,2
連蝦,2
貸一筆,2
進國,2
辦保單,2
取酬,2
遂意,2
及金錢,2
扣分,2
流水席,2
故因,2
將釣竿,2
分無卡存,2
業依規定,2
聽筒裡,2
行員時,2
隨後又至,2
給律師,2
種貓,2
並加賴,2
抽獎給,2
阿曼,2
他共轉,2
風裡,2
集路,2
引導視,2
內裡,2
職臨,2
納營利,2
算不錯,2
還我卡,2
幾十萬元現,2
動就照,2
邊講,2
任務還,2
甜到,2
完都會,2
七萬五,2
萬元償,2
仍能,2
寄遊戲,2
幾組代碼,2
林佳瑤,2
券贏,2
依經理,2
取禮物,2
遊戲訊息,2
並無匯款,2
方所教,2
舊家,2
賣營,2
納罰,2
韋聖,2
若轉,2
回訂,2
投資電,2
競產業,2
名民眾,2
下分別,2
弘淵,2
跟會員,2
劉曉愛,2
曾育,2
消費國別,2
他會來,2
料想,2
時常向,2
教程,2
人員想,2
林柏瀚,2
帳開,2
羊油,2
還多問,2
組取,2
初要,2
騙群,2
消費絕,2
局員工,2
難記,2
配資,2
泰世華銀,2
而後報,2
博愛門市,2
五街,2
柏華,2
小幫,2
臉書訊息密,2
寫要,2
單查詢,2
裡推薦,2
組傳,2
職文,2
銀卡,2
一萬四,2
豬豬,2
朋資本,2
儲值轉,2
分各有,2
電有,2
林晨文,2
警員加,2
辦存,2
我惡,2
自輸入,2
完入,2
旅遊產品,2
這五,2
發布動態,2
投資主,2
貨延誤,2
伊農,2
腰帶,2
整一下,2
會員升,2
已外,2
考證,2
臨走,2
可解鎖,2
賓士車,2
辦電表,2
如有疑,2
需清償,2
車去,2
引導轉,2
卡幾天,2
補刷存,2
任務卡,2
空頭戶,2
傑翔,2
常要,2
看存,2
傑瑞,2
因為畫,2
沈沈,2
取了貨,2
老松豐,2
領出並,2
萬日,2
可升級,2
計件,2
重跑,2
出三個,2
沒動,2
過幾秒,2
寶雅國際,2
怎麼查,2
換聯絡,2
還偶爾用,2
下匯,2
養起,2
元買門票,2
投資費,2
增益,2
閃退,2
傳證件給,2
許欲,2
事後從,2
面親,2
補付,2
寄正確,2
機當作,2
將手邊,2
雙帳,2
用廣告,2
渥且,2
很安靜,2
上載,2
介紹選,2
給害,2
問票數,2
氣又轉,2
備受,2
全帶,2
掃裡面,2
還把置,2
哪裡斷,2
門號還,2
對後返,2
筆電耶,2
金管處,2
中藥館,2
關於身,2
醫療院,2
補助還,2
日由人,2
兩本兒,2
典故,2
鄉土,2
民俗,2
清一,2
點陽春,2
辛不,2
幣六萬元給,2
不滯納,2
駕乘,2
整體長,2
幣三萬多塊,2
還先加,2
愛心朗,2
發什麼育,2
兒金,2
底想,2
菲老師,2
商假,2
元之性,2
惟事後將,2
問賣方,2
然後當天,2
特此通知,2
敬請,2
項後說,2
實蘊,2
子餐,2
月子餐,2
過濾亂入,2
有無奈,2
驟查詢,2
號別,2
音判斷,2
西行,2
保證貨,2
清會,2
進裡頭,2
瑞士法郎,2
發資訊給,2
予陳民,2
悟道,2
恩瑜,2
停著,2
之後獲利,2
優菌,2
生達化,2
心軟照,2
如夢似,2
參加代銷,2
牙周病,2
網銀檢查,2
公訴,2
自敘利亞,2
選箱,2
張雅琪,2
神槍,2
薯薯,2
上協助,2
哲翰國際,2
發文徵,2
號某間,2
卡達,2
單訊息,2
核實款,2
加了網,2
牆邊,2
文輝,2
車還,2
證至,2
供金,2
他代匯,2
阿里,2
明書及,2
盜版產品,2
呂柏宏,2
圖紙,2
貨幣照,2
機分,2
去戶,2
歪掉,2
林安禾,2
承諾事,2
沒求,2
我蠻,2
剛匯款,2
兩萬多顆,2
補大約,2
跆拳道,2
資金者,2
資訊回,2
暢且,2
有楓,2
此經驗,2
惟點數,2
沐寧,2
填些,2
還沒什麼,2
投資許,2
信箱地址,2
照顧費,2
問發生,2
時間還,2
獎資料,2
轉好後截,2
委婉,2
業給,2
林梓雄,2
楊哲,2
體遊,2
聯絡後約定,2
便質,2
並在當,2
廖民,2
其宣稱,2
金自動,2
搜尋及,2
尋關鍵,2
移虛擬,2
每會,2
金之廣告,2
金之網,2
放個,2
一算之下,2
投資諮詢,2
事後帳,2
然後聲,2
電接,2
設線,2
問借,2
當副業,2
謹慎評,2
賠之類,2
請幣商,2
懸起,2
氣太像,2
小圈圈,2
先講,2
北區雙,2
一顆顆,2
空掉,2
局層,2
點鈔機,2
橋段,2
意時,2
意換,2
經離婚,2
提親,2
參加後對,2
絕照,2
更常,2
調去,2
已著手,2
機變,2
證開,2
連話,2
跨國匯,2
兌費,2
桂林,2
資和,2
梁巧樂,2
到戶,2
張聖傳,2
已結,2
場後傳,2
及作業,2
以條碼,2
元大證,2
文元大,2
劉慧玲,2
晶華國際,2
編聯絡,2
投資的關,2
熱點,2
老師會親,2
活動信,2
領獎還,2
一邊查,2
稱謝,2
軒之人,2
號又匯,2
最後繳,2
去鐘,2
桿頭,2
叫勝,2
小六,2
現場給,2
至正,2
方寫,2
韭地,2
以國稅,2
寄門票,2
卡試試,2
紹友,2
以假網,2
隨後主動加,2
招租,2
還玩,2
移給,2
專人教,2
路郵局,2
帳號後裡面,2
財交給,2
更擔,2
心後續,2
價一萬,2
通軟,2
體點,2
處理善,2
壞到,2
確把,2
裡換,2
夠氣,2
處理代購,2
票務處,2
留位,2
連畫面,2
高單,2
幾百萬新,2
邊球,2
某家民營,2
到羅東,2
不細講,2
專享,2
證變,2
因刷,2
證明金,2
威感,2
賴芳瑜,2
逆天,2
改下載,2
創能星,2
這人會,2
吳若語,2
李建,2
洽談時,2
其申,2
詳來,2
嘉興,2
耀興,2
工費,2
記網址,2
以黃金,2
近幾年,2
代碼費,2
金流關,2
張飛,2
東岸,2
好訂,2
發信給,2
衝鋒,2
媽媽給,2
這保證,2
過刷,2
碼後並,2
人花,2
幾筆驗,2
幫助者,2
有內,2
再導入,2
報訊息,2
北區梅,2
便掛,2
證真實,2
問個資,2
嚇唬,2
內點數,2
會站,2
官後來,2
入後該,2
蛋頭,2
我共新,2
現金區,2
一萬點,2
烈焰,2
權杖,2
寶悅,2
假獎,2
蘇敏源,2
挺特別,2
並嘗,2
見此,2
中剛,2
現來,2
線索給,2
若為,2
需記錄,2
從林,2
之後始,2
鄭慧,2
李哈娜,2
箱時,2
掃銀行,2
裝不會並,2
分再匯,2
須賠償,2
楊恩來,2
美國陸,2
第一站,2
好要,2
比亞,2
遣返,2
幾月,2
新電信,2
如意卡,2
信詢,2
陳翊君,2
陰債,2
歡喜貸,2
美觀,2
購買代銷,2
結確,2
記是,2
燕燕,2
我和幣商,2
享貸,2
兩筆驗證,2
新加坡政府,2
七萬餘元,2
法律效力,2
辣妹,2
稱安,2
減刑,2
安仁里,2
李南韋,2
繳交擔,2
救災且,2
紙趣,2
新天幣,2
稱會代,2
惟發,2
購買後有,2
錄均,2
苗兩顆,2
矮生,2
草種子,2
將易,2
楊苡,2
洪鋒政,2
批流,2
內會給,2
確診,2
抗風險,2
賣黃檜,2
排開,2
開始訊息,2
營業員用,2
號費用,2
問可,2
介良,2
專員教,2
指地,2
李思逸,2
稱帳,2
偵隊,2
給我觀,2
雙會制,2
首領,2
好久好久,2
語言交換,2
能度,2
借放,2
這當然,2
沒上,2
某熱門,2
藝的,2
七萬元給,2
先開戶,2
裡又急,2
元調,2
整為,2
著額,2
選綠界,2
蹦蹦,2
熟起,2
孫威建,2
匯款還,2
王雪芸,2
南成,2
劉國梁,2
筆試,2
收學費,2
當投資金,2
個套,2
電子券,2
對動物,2
編號並,2
財務欣,2
吼來,2
戲群,2
發些,2
幣交給,2
繳交修,2
票群,2
全數換,2
空氣淨,2
明後始,2
資金馬,2
地選,2
空運來,2
阿蓮,2
日載,2
方持,2
聊裡面,2
碧琦,2
來後交給,2
詢後並,2
因貨,2
最後能,2
果燃數,2
碼館,2
還再給,2
會話,2
九左右,2
個慣,2
同步操作,2
正朝著,2
改密,2
有釋,2
機畫,2
英哩,2
用哩程,2
錢裡,2
管會查,2
辦新卡,2
至約定,2
之日,2
但太想,2
出想,2
調當,2
范同學,2
非正,2
緊將,2
元車,2
澤希,2
事副業,2
南行,2
網路性,2
網路個,2
市高鐵,2
幾天後覺,2
金棕金,2
季票,2
孫淑儀,2
私訊後轉,2
郵政想,2
郵政卡時,2
捐完,2
技術術語,2
球感,2
選物誌,2
賴秋玉,2
並一樣,2
最後防線,2
新聞連,2
財與,2
期間帳,2
許諾穩,2
能輕易,2
滿後悔,2
假面具,2
高風險訊號,2
雀躍的,2
周轉時,2
獵頭,2
臨羈,2
冷靜並,2
但念,2
以備後續,2
卡一筆,2
差且,2
推廣活,2
餐桌,2
新家具,2
單群,2
育文,2
自外,2
許多遊,2
項公開,2
老蘇,2
其作業,2
天武,2
一則幣,2
致個,2
雖無實際,2
生車,2
並議價,2
銘輝,2
小沫琳,2
貨幣存,2
帶存,2
申請點,2
該繳,2
剛醒,2
挖土,2
劉純章,2
然後截圖,2
問中華,2
想後續,2
下學習,2
數據並,2
市以,2
壁區,2
儲廣告,2
小筑,2
張系統,2
週轉用,2
必電話,2
親自臨,2
借裝潢,2
之舞門票,2
開始後續,2
代練代,2
打代儲,2
歡後續,2
現金後便,2
數卡入,2
樂錢,2
站長,2
即離,2
用愛包裝,2
面門檻,2
及教,2
以點擊,2
書廣告,2
報告並,2
重慶路,2
能約會,2
啞口,2
僅損,2
失該,2
並陳述,2
通膨那麼,2
一鳴,2
嘉義好,2
侯佩妤,2
金瑞福,2
其子,2
實驗證,2
友群,2
何嘉玲,2
艾德,2
鏡頭裡,2
孕媽媽,2
金撥款,2
警員前,2
會觸,2
誤領,2
透過兆豐,2
開貨運,2
樂金,2
價後再,2
純度,2
僅約,2
連房,2
貸金錢,2
更學會,2
一圓,2
張家,2
南勢,2
電桿,2
組後對,2
因幣,2
欠卡債,2
低等,2
做得好,2
噴了,2
方不出,2
問律,2
很想給,2
貸過款,2
幣訊息,2
沒馬,2
錢放進,2
鐘鈺瑩,2
歡後轉,2
商友,2
愛門市,2
冰桶,2
當學個,2
還人,2
下帳,2
號號,2
霧眉,2
花姐,2
結請,2
裡假,2
問多,2
阮姓,2
買塊,2
人綽號,2
幫時,2
邊點,2
快且,2
最後未,2
覺時,2
林邊,2
覺得機,2
需一,2
調到,2
計作帳,2
崗門市,2
黃歆嵐,2
台時,2
獎能,2
還鉅細靡,2
看門票,2
詢廣告,2
證連,2
販售文,2
所導致,2
時一樣,2
只願,2
然後跳,2
點交給,2
說處,2
一大笔,2
金额,2
报案,2
轻易,2
流時,2
台灣創,2
稱作業,2
開案,2
有合適,2
迎刃而解,2
靜玲,2
稱後來,2
節前,2
福包,2
油門,2
遞寄過,2
這在,2
發帖者,2
訊息溝,2
教學步,2
林金澤,2
事後取,2
連江縣,2
貸騙,2
收費員,2
問戶,2
講得實,2
多的幣,2
儲值代,2
充商,2
疑訊息,2
聯絡劉,2
徵護士,2
運終,2
帳還,2
蔡宗翰,2
林麗華,2
名義之惡,2
直流,2
酒行,2
龐大要,2
轉兩,2
還遞,2
帳後確,2
留點,2
有十幾筆,2
一覺,2
追損,2
共值,2
經家屬,2
此屬,2
貼文裡面,2
開通國際,2
報報,2
商願意,2
來源款,2
張家銘,2
賴炳庸,2
看短,2
五套,2
錢照,2
稅務上,2
回台後會,2
張書茹,2
國境,2
介壽路,2
張申然,2
雨白,2
深淵裡,2
刺著,2
最不該,2
會無緣,2
這一賣,2
既不回,2
也關,2
李樂豪,2
生家長,2
服飾類,2
乙遊,2
聯播網,2
邀約訊息,2
他交給,2
張駿泉,2
並傳訊給,2
工資料,2
轉由假,2
購出,2
聚金計畫,2
每家,2
十幾張,2
溝通會,2
幣士,2
名義領,2
啼笑皆非,2
楊子權,2
彥蓁,2
庫洛,2
供加,2
富拓,2
並檢視,2
內勤,2
林筱雅,2
換好,2
稱黃昌,2
化療,2
林奇芬,2
投資觀,2
前後至,2
取所謂,2
人陸,2
幾批,2
一萬七,2
作擔,2
儲點數,2
獲盛群,2
獲佳滿,2
蠻健談,2
辦門,2
付錢會,2
幾天後轉,2
斷貨,2
砸毀,2
非該,2
問其要,2
取集,2
合資開,2
好後才,2
本行,2
集團後來,2
拼接,2
累計損,2
台幣始,2
負責來,2
該份,2
參加別,2
皮代購,2
面部,2
組成員時,2
自介頁,2
無殼,2
尋殼網,2
應後對方,2
千秋,2
換一場,2
業務購,2
芯域,2
刷刷,2
配下單,2
洩風險,2
嚴辦,2
順豐詐,2
林文強,2
開廣告,2
張德瑞,2
借完,2
阿洋,2
藝語,2
將生,2
證寄給,2
悅瑤,2
並繳納,2
現階段,2
為寧,2
當我購,2
財進,2
知柔,2
臉書團體,2
吳蕙,2
經待業,2
賴茹萍,2
追討應,2
互動久,2
未來定,2
遺落,2
需先轉,2
著約,2
得票,2
利潤則,2
開口過,2
投資評,2
估報,2
已備,2
賣裡,2
繳交帳,2
防身,2
電擊器,2
項不會,2
銀維護,2
欺機房,2
張德順,2
以敬,2
收收,2
算順利,2
然後封鎖,2
刷洗,2
米蟲,2
變決定,2
匯訊息,2
載貨,2
張智強,2
吳東恩,2
成合約,2
交稅款,2
點搜網,2
林詩,2
轉而養,2
遭琪,2
林佑賢謊,2
字昊,2
宇昊,2
凱基證,2
林依媛,2
服務標,2
印能,2
詢出,2
或致,2
倘若,2
物為,2
之內,2
協助代練,2
來品,2
青尾,2
說林,2
過金,2
程涵,2
變詐財,2
老師親,2
聯絡廠,2
消防局,2
同學用,2
春不老,2
消費共新,2
再升級,2
入袋,2
科爾,2
元後轉入,2
尊神,2
創立個,2
乾燥,2
我後請,2
事後我詢,2
友始,2
商亞,2
自稱賴,2
輕易購,2
寶有,2
號小,2
委派,2
抓取,2
分貨到,2
產該,2
一餅,2
最高法院,2
失訂,2
發出訊息,2
好加,2
中康街,2
網址僅,2
當長,2
程益勳,2
參與後續,2
億珠,2
說此,2
吳郁,2
新卡時,2
其實處,2
處藏著,2
問帶領,2
漳興店,2
為強,2
一百二十多,2
金才算,2
網一看,2
包分,2
波斯,2
崇拜,2
故許,2
前親,2
某商業,2
還推薦給,2
幣其實,2
續始,2
時錢,2
給點數,2
去永豐,2
稅單,2
先後加,2
林雨婷,2
定地點,2
傑之人,2
新住,2
協助代繳,2
將簡訊驗,2
薏米,2
接觸並,2
貼換,2
盧姆貓,2
但安裝,2
同享,2
蒂熹,2
停卡時,2
投資大戶,2
回來過,2
帳戶關,2
不怪,2
騙現,2
冠群,2
希冀,2
廚藝,2
賓漢,2
蕭女,2
世鼎國際,2
遷移,2
日主動加,2
改購,2
資訊且,2
前後總共借,2
資料領,2
環一個,2
劉美君,2
遭起訴,2
內交貨,2
靈媒,2
部件,2
機運作,2
鳳山店,2
佳萍,2
在員林市,2
三階段,2
有利於,2
門口外,2
以後帶,2
先拉,2
找資料,2
腿部,2
無歸才,2
生長,2
陽陽,2
介紹代,2
已無資料,2
及團,2
隊會,2
擊後轉,2
華南銀,2
故轉接,2
雪貞,2
還元訂,2
其陸續,2
戶限額,2
包因,2
類的,2
購買後再,2
懼進,2
老梗,2
社團加,2
自願性,2
藍新及,2
這服務真,2
前後後總共投,2
書來,2
配員會,2
一上車,2
那手機,2
網路代銷,2
應召訊息,2
換算為,2
遇此,2
專業代練,2
應選用,2
沒寫,2
火爆,2
劉警員,2
總量,2
當道,2
分一杯羹,2
講白,2
匯系,2
統將,2
上半年,2
王億閎,2
著大筆,2
俊雄,2
神一查,2
偏向,2
挺實,2
天主,2
打視訊來,2
近八萬元,2
財務會,2
幣享,2
僑光,2
問房,2
言之有物,2
分次將,2
完備,2
親人詐,2
還簡單,2
警覺問,2
肯幫,2
然後又拉,2
自上門,2
卡名,2
面熱心,2
我營,2
搜尋通,2
此電話,2
賣標,2
闖禍,2
無聲音,2
謊話,2
小棧,2
議題,2
將資金入,2
金未,2
三雙,2
裡留,2
會不斷,2
杰之人,2
靜之人,2
妥後簽,2
然後幣,2
處見,2
時遇,2
獲利裡,2
某號,2
喬羽,2
大詐,2
色組,2
來龍,2
社福團體,2
筱愛醫美,2
須做,2
喝個,2
販售禁,2
匯款後用,2
取物,2
人核,2
因恐,2
交談後要,2
民驚覺,2
盡有社,2
清淨,2
正義能夠,2
以資金周,2
經還,2
函件,2
日將款,2
辨識訊息,2
康門市,2
入序,2
幣戀,2
福來,2
古坑,2
遭陸續,2
方代墊,2
寶貝婦,2
李萱,2
關出,2
點下連,2
結後為,2
取貨及,2
平平安安,2
面驗,2
況為,2
單據予,2
純銀項,2
郭建,2
其合資,2
先後轉給,2
珠寶賣家,2
卡內餘額,2
氣派,2
十幾筆款,2
最糟,2
行換,2
時說,2
怎知,2
機剛,2
會員介紹,2
關買,2
續時,2
人密,2
通商,2
專員的賴,2
完後搖搖頭,2
點選後對,2
資金交,2
方聊出,2
啟事,2
葳葳,2
假證明,2
自花蓮,2
該院,2
影為,2
某介紹,2
謝嫌,2
電關,2
法下載,2
他邊,2
泰國遊,2
但額度,2
輕食,2
大大降低,2
秋梅,2
日路,2
中買家,2
辦理換,2
妥訂,2
叫熙熙,2
現後馬,2
擦亮,2
加傲樂,2
帶害,2
很懷疑,2
地賣,2
文藝,2
一陣涼,2
蛋白粉,2
換機,2
包裝費用,2
投資金流,2
關絕,2
筆電賣,2
面外,2
購買海,2
電自,2
楊淑君,2
封存,2
數卡後將,2
毛感,2
勞給,2
由金,2
叫余,2
劉星雨,2
假性,2
小紅書購,2
元方能,2
筱如,2
想會,2
簡悅寧,2
張土,2
群訊息,2
鴿空,2
地證明,2
費解,2
當我核,2
閱網路,2
謝文忠,2
阿慧,2
約會群,2
累人,2
圖有,2
著費用,2
繳交國,2
經理察覺,2
完數,2
東西換點,2
員警來,2
費來驗證,2
簽藥,2
梁芷縈,2
匯業務,2
還見面,2
地訂,2
虞書欣,2
音有,2
說誤,2
大樹人,2
台除,2
與否,2
柏凱,2
斯斯文文,2
氣裡,2
貪戀,2
急單,2
金可出,2
郭子,2
認費用,2
噩夢來,2
真實的關,2
正常性,2
下以,2
組內暱,2
進車,2
前人,2
壽保單,2
卷券,2
元來驗證,2
掏寶的,2
快樂屋,2
繳錯,2
隨詐,2
敦南,2
記有,2
購買何,2
文收購,2
誤信求,2
欺導致,2
細上,2
倉管,2
好款,2
將女兒,2
叮叮,2
找律,2
通譯,2
獲家裡,2
只傳,2
沒幫忙,2
歐牌,2
健雅,2
西穩,2
著誠信,2
觀音區,2
扣給,2
進而竊取,2
大包,2
購票務必,2
舊夢,2
機車裡,2
啟德,2
電子專,2
願意加,2
性話題,2
捐獻給,2
寄自,2
並協助後續,2
軟體賴,2
將薪資,2
裡經,2
營事業,2
貓買,2
一陽台,2
群裡教,2
從幣商,2
某通,2
中大里,2
兩房,2
待事,2
事後稱,2
台銀帳,2
三世,2
人遇,2
自作,2
然後網址,2
位代號,2
夏令,2
然賣家,2
並著手,2
警員高,2
頭昏,2
腦脹,2
出大,2
沒發生,2
並將訂,2
可成,2
至家樂,2
隨後談,2
場向,2
原款,2
沃旭,2
各行,2
各業,2
百鼎,2
研華,2
點剛,2
油槍,2
閱合約,2
項貨到,2
廣志,2
耍賴,2
盧俊宏,2
這樣將,2
還算熟,2
簽誠信,2
健保給,2
說調,2
抽水,2
升艙,2
金津,2
閱過,2
從事珠,2
叫來,2
恆健,2
到伯華,2
前後兩筆,2
連多問,2
好崩潰,2
徐湘延,2
務所辦,2
卡和黃金,2
幸運卡,2
機不見,2
誠懇樣,2
問費,2
回傳核,2
滑電腦,2
勾選到,2
請黃民加,2
請黃民,2
品均兒,2
冠均,2
幣商幣,2
稱陳俊傑,2
想了又想,2
已入,2
品質爛,2
天王,2
實業社,2
領失敗,2
幾天後登入,2
結果票,2
要超,2
華姐,2
過大後續,2
賣金飾,2
稱和瑋,2
隨後又匯款,2
匯集,2
肉肉,2
談後對方,2
姜佳元,2
資料後點,2
假情,2
產還,2
還大,2
則認,2
鈴木,2
商務公關,2
瓶及,2
因提,2
超量,2
紅利時,2
其三,2
上票,2
數據紀,2
錄員,2
團保,2
開立個,2
另一方,2
送書訊息,2
徵員工,2
連不進,2
客戶切,2
利潤穩,2
稱觀,2
寄宿,2
唯恐,2
這邊訂,2
開講,2
塑膠味,2
欲收,2
引導將,2
幣後轉入,2
溫控,2
募券,2
還多給,2
包先,2
夠了,2
聲音還,2
有義氣,2
連喜歡,2
所領,2
李翊凡,2
然後自稱,2
給隊,2
販售華航,2
謹慎以,2
諾雅,2
方經營,2
有實,2
日後對方,2
進入後會,2
或產生,2
號線,2
明鏡,2
天祥,2
透過委,2
艾文,2
還浮,2
健民,2
這門票,2
轉傳該,2
台中區,2
洽公時,2
處理將,2
家取,2
至加,2
幼獅,2
空車,2
東會,2
兩百萬積蓄,2
然後暱,2
拼起,2
設賣場,2
真鍋,2
大車隊,2
美儷閣,2
著資,2
自正,2
盜錄,2
總利潤,2
一查證,2
打滿,2
中查詢,2
不休,2
卻險些,2
越空,2
路費,2
應至,2
萬元會員費,2
郵政來電,2
控人員,2
回傳序,2
筆啟,2
銘士,2
屯戶,2
真卡,2
王婉婷,2
何智,2
宏威,2
他言辭,2
對購,2
網銀以,2
一教,2
經行員關,2
腰酸背痛,2
詢問並,2
經銀行察覺,2
白宗翰,2
敬門市,2
秀珍,2
稱暱,2
貨運平,2
廖世華,2
店員並,2
隨後下線,2
這個理,2
女聲,2
過貨,2
狀況並,2
著訂,2
認看,2
叫昊,2
目出,2
若敏,2
林志杰,2
阮雯娟,2
過店,2
因女兒,2
皆須,2
對方截,2
假圖,2
飛天,2
小女警,2
搜尋欲購,2
嚴博成,2
千萬別學,2
有店,2
聊夢想,2
大合約,2
一開通,2
以規避,2
這次還,2
靠手,2
一字一句,2
與關,2
是踐,2
要十萬元,2
先租到,2
卡線,2
不良份子,2
連郵件,2
講邊,2
包股,2
說永豐,2
欺損,2
筆先,2
轉賣手,2
總感覺,2
別人誤,2
分協助,2
數配,2
西西粉,2
明細節,2
具規模,2
費率,2
代開,2
寶買,2
非所購,2
陳俊明,2
出威脅,2
因本,2
扣費合,2
服升級,2
稱聲,2
勳之人,2
然後就點,2
費費用,2
竹崎農會,2
中查,2
企銀來,2
稱陳瑩娜,2
彰寶門市,2
介壽,2
還金額給,2
對方群,2
故始,2
組後對方,2
性愛服務,2
獎金且,2
上門給,2
掃興,2
裝修合,2
照本宣科,2
裡頭會,2
供詞,2
外下載,2
合用,2
場場,2
心肌梗塞,2
如不喜歡,2
達後對方,2
結後不,2
參加此,2
開後有,2
去後出,2
去後發,2
別處,2
師並,2
職業代號,2
有見面,2
香怡,2
工銀亞洲,2
房有,2
病媽媽,2
郭姵君,2
帶學員,2
獲遠,2
夢欲,2
次到幣,2
地檢視,2
中學會,2
地有,2
銀購,2
過於頻,2
日後對,2
深受其害,2
還把密,2
與國,2
不淺,2
職調,2
法出,2
說利潤,2
人之常情,2
轉不太順,2
資訊驗,2
機寄來,2
借信貸,2
星煥,2
鍋賣局,2
融合,2
爾後對,2
丟置,2
續調,2
先後進,2
代儲金幣,2
拍健,2
經理後來,2
靠當,2
靖穎,2
聚財有,2
許惠雯,2
地拿著,2
拍賣會,2
儲匯業務,2
林懷均,2
講法,2
還互,2
表面淬火,2
獲利計,2
全寄給,2
貨需,2
掛售,2
中回,2
花蓮無法,2
速邁通,2
沒欠,2
官並,2
無罪,2
包進,2
王文卿,2
西蘭,2
重慶店,2
最後期,2
景義,2
組應,2
凱靜,2
卡遲,2
林美琳,2
銀準備,2
新展,2
證後發覺,2
何鑫,2
故無寄件,2
給物資,2
攝國,2
連線奶,2
賣省,2
房況,2
遮陽板,2
行竊,2
愛購網,2
李曜文,2
衝一點,2
大發,2
利市,2
帶母,2
紀宏,2
愛吃果,2
故約定,2
流年,2
著放著,2
總共貸款,2
車主資料,2
奪者,2
酬庸,2
買餐,2
統裡面,2
光路,2
號超,2
廖說,2
官吳,2
聚會時,2
警主動,2
前後總,2
此卡,2
內一,2
志當存,2
高遠,2
稱鐘,2
可去,2
牌費,2
故凍結,2
卡電話,2
獲利後想,2
要拉滿,2
分兩個,2
發風險,2
還主動發,2
兩千八,2
沒經驗,2
前後後共投,2
總經,2
試著照,2
多單,2
賣家蠻,2
某電收,2
用群,2
聯陽理,2
保等,2
還畫,2
收傳,2
權交給,2
角質,2
轉角處,2
連超,2
能刷,2
懶人代購,2
一倆,2
來輸入,2
小思,2
之價,2
音有點,2
幾十萬給,2
高涵茹,2
想點,2
節快,2
額比,2
遭多,2
還熱絡,2
總共現,2
楊于,2
數確,2
足湯,2
應此,2
並回顧,2
帳後即,2
票貼,2
面都,2
林玥茹,2
著訊息加,2
刺客,2
並移,2
號裡面,2
多枚,2
或承諾,2
始持,2
統馬上,2
便序,2
劉美嘉,2
林慧慧,2
站衝,2
吳佩姍,2
將觸,2
為桃園,2
劉家豪,2
國際期,2
寶雅員工,2
元後便,2
區的戶,2
地秀出,2
乃至,2
劉萬基,2
接辦,2
群加,2
其至幣,2
黑屏,2
先應,2
幾次試,2
些幣,2
繳吧,2
為國外,2
付門票,2
瑞輝珠,2
來聲,2
公審,2
誹謗,2
同學講,2
確保後續,2
鋼化,2
安迪張,2
貼文收,2
泰達幣換,2
網站將,2
設備費,2
財產證,2
沒站,2
號就,2
國際理財,2
裂縫,2
銀行聲,2
副食品,2
知送,2
張床,2
文學路,2
羽拍,2
做後輸入,2
空桶,2
自見,2
來以,2
區連號,2
由大樓,2
電式,2
稱會計,2
分詢,2
問永豐,2
簽立切,2
不會將,2
想門市,2
給聯邦,2
項聲,2
生產線,2
職治裝費,2
私訊進,2
取小額,2
看求,2
單馬上,2
款會,2
時代百貨,2
日先接,2
香港金融管理局,2
泰門市,2
柏強,2
受騙並,2
發現帳,2
用華麗話術,2
財元,2
點股,2
並拍序,2
日新北,2
市板,2
該門,2
正規副業,2
熊哥,2
寶要,2
戀愛感,2
及見面,2
對方輸,2
網銀未,2
服務要,2
內金幣,2
拍卡號,2
數將,2
土除,2
說卡,2
小王還,2
温姓,2
用地,2
順利參,2
大黑,2
找民間,2
估完,2
同該,2
筆遊戲,2
稱竹,2
目絕,2
高莉珉,2
購買代,2
號會還,2
兩萬六,2
來代操,2
匯一萬塊,2
下過,2
討什麼,2
這地點,2
想安穩,2
人也許,2
小女孩,2
神石,2
微嘉,2
辦粉,2
將星展,2
筆了,2
碼問,2
助公令,2
多產品給,2
自富,2
水處,2
理計畫,2
東華大學版,2
改觀,2
大楊,2
四平,2
歸位,2
元計價,2
開工前,2
發區,2
無牙,2
買樹苗,2
榮幸,2
張忠謀書籍,2
谷月涵,2
沒談成,2
一場色,2
還很詳,2
沒買車,2
著教,2
額才,2
利潤還,2
跳電,2
其遠端,2
聯絡前,2
現金為,2
異後撥,2
所加,2
以承擔,2
天起,2
會員系,2
小夢想,2
真故,2
對方資,2
萬元透,2
鳳科門市,2
稱周,2
八路,2
市竹圍,2
寄件將,2
熱騰騰,2
掰掰,2
金流轉,2
面貼,2
上實,2
子芮,2
之後中,2
劉萌,2
勸誡,2
李彩穎,2
可補,2
評論員,2
刷成,2
投資後還,2
是後面,2
詢問後續,2
對現,2
理個,2
能加強,2
輕有,2
波折,2
財事,2
有買過,2
報警查,2
投資局,2
翠夢閣,2
易貸,2
以後投資,2
現金加,2
及詢,2
局派,2
過大才,2
及細節,2
過境,2
彥祖,2
又後續,2
至將,2
經我們,2
最後再將,2
總共騙,2
轉不順,2
候傳,2
但後稱,2
萬之虛擬,2
萬虛擬,2
玉泉,2
宋華城,2
網訂購,2
圓緣,2
園兒,2
嘉義雙,2
增額,2
五瓶,2
下營,2
多萬元給,2
爾夫,2
教學書籍,2
獲要,2
韓瑤慈,2
商手,2
專員假,2
聯誼社,2
張檢察官,2
問徐,2
當場點,2
旗子,2
順豐宅配,2
課本書籍,2
脫離原,2
人脈廣,2
金格,2
周民,2
市政路,2
石路,2
單自繳,2
可補助,2
經離,2
須用,2
事白牌,2
稱可先,2
萬多塊給,2
進而導致,2
財機會,2
稱名,2
毀約,2
整條,2
剩地,2
球杆,2
蛇麼,2
王雷,2
資優生,2
試做,2
國姓,2
金額面,2
之後幾次,2
無聊點,2
對玉鐲,2
直立式,2
滑文,2
欺不出,2
某機,2
領出過,2
任務群,2
還會產,2
看著匯,2
忠洗,2
五樓,2
之人會,2
活動稱,2
務所詢,2
單產品,2
潤給,2
柯柯,2
服並,2
苛刻,2
代儲廣告,2
會通,2
仍接,2
碼費,2
薪金,2
陳俊彥,2
側錄性,2
日午,2
自白,2
嘉義民雄,2
木椅,2
並緊,2
現金風險,2
推廣人員,2
開通兆豐,2
上常見,2
購失敗,2
活得,2
具一組,2
彭亞麗,2
林裕晨林,2
組將,2
求得,2
其連結,2
人收,2
騰貿易,2
投資產,2
風門市,2
沈昱騰,2
包裡少,2
芷柔,2
資申辦,2
打遊,2
權的,2
內歸還,2
連結後要,2
已輸,2
由並,2
學點理,2
冷要,2
連續劇,2
地演,2
張豐,2
真廣,2
李文傑,2
米菲,2
車衣,2
彭彥,2
燕莉,2
林秉宏,2
買傳,2
謝路陽,2
實有誤,2
掏寶人,2
金貼,2
文出,2
紫萱,2
理手,2
問暖關,2
參予,2
還大膽,2
清稅,2
李耀東,2
綁訂,2
汶芳,2
圓頂,2
启明,2
虎哥,2
灣後,2
對方刷,2
卡後還,2
器官,2
之後上網,2
人員講,2
校板,2
變惡,2
抽櫃子,2
離詐,2
加中華,2
三鼎,2
鳥松分,2
集團開,2
資才,2
攜回,2
需賣家,2
連結後對,2
張越,2
一個賴,2
最後購,2
要事,2
各大電,2
閱紀錄,2
破繭,2
成蝶,2
轉換器,2
聽者,2
續雙,2
應徵訊息,2
計並,2
之泰國,2
健名,2
證證號,2
致郵局,2
帳四筆,2
因超商,2
拍匯款,2
換金幣,2
理財學院,2
哪段,2
路開,2
手機行,2
掃到,2
受惠,2
檢驗費,2
愛無邊界,2
飛翼,2
且現,2
獲用戶,2
統櫃,2
金使,2
為店,2
局裡面,2
最多能,2
加防範,2
內附,2
版圖,2
區竹,2
信向,2
君主,2
動密,2
預收,2
詐術給,2
面扣,2
我期,2
凱旋,2
利勃海爾,2
挖掘,2
以遠,2
教訓代價,2
加臉,2
公版上,2
文波,2
中彩金,2
海線,2
至家,2
之契約,2
錢須,2
催貨,2
換門號,2
政機關,2
款後致,2
家超,2
教學導師,2
點選後轉,2
上連,2
林榆穎,2
我拉至,2
傳電收,2
漫威,2
乳免,2
搖臂,2
外國籍,2
羽婕,2
越烈,2
數分鐘,2
十幾天過,2
問作業,2
著幫忙,2
將提,2
凌創心,2
試著要,2
碼錯誤,2
露給,2
依同樣,2
然後收,2
腰椎,2
矯正器,2
經高達,2
店員才,2
次交,2
電通,2
報有,2
中分,2
增懋營業員,2
優步,2
樓梯,2
稱借,2
給每,2
給我開,2
一扇,2
當會,2
關於訂,2
雅格,2
業務有,2
過順,2
稱童,2
萬元方能,2
等標,2
霖豐,2
入線,2
推主,2
方貨到,2
某女,2
近照,2
以後覺,2
會員碼,2
私訊後約定,2
凱克,2
收費時,2
蔡警員,2
掌心,2
各領,2
認會,2
先引導,2
李亞茹,2
現後續,2
觀利潤,2
以後儲值,2
至宏祥,2
計遭,2
墊給,2
然後買,2
著時,2
花蓮後山媽,2
其辦,2
附約,2
楊惠卿,2
因寄貨,2
裡簡,2
單介紹,2
之兒子,2
私加,2
文尋求,2
金解,2
記當,2
還觸,2
我刷存,2
放售,2
房錢,2
覺得過,2
認入場,2
預訂過,2
區好,2
皇龍,2
藍視頻,2
權限才,2
花开,2
富贵,2
丞萱,2
萬解,2
五十四年,2
宇交,2
黏著劑,2
郵政署,2
航子,2
號服務,2
學士後中醫,2
瞭解類,2
徐思怡,2
加冕,2
成王,2
欺者,2
留意到,2
部手機,2
出國人,2
之後賣方,2
行員會,2
點選後便,2
金蟒,2
實行詐,2
感論,2
林溫雅,2
遇網友,2
粉白,2
面異常,2
經我上,2
詢應,2
網綠界,2
弄懂,2
叫陳華,2
新玥,2
陰器,2
陽器,2
聚寶盆來,2
轉財運,2
富胖達,2
沒什麼後續,2
徐偉家,2
費沒有,2
證明作,2
應稱,2
吳若蘭,2
京鴻,2
向律,2
經綜合,2
退七萬,2
還預付,2
快輪,2
繁要,2
謝蕙禎,2
蕙禎,2
要洽,2
問油壓,2
雅伊,2
婉柔,2
中婉柔,2
剩餘虛擬,2
百分之十二,2
小夥伴,2
網銀透過,2
农行,2
平度,2
支行,2
根據林,2
輝來,2
並與王,2
輝通過,2
輝繼續,2
領處理,2
關銀行,2
須另,2
會性質,2
每拉,2
學員入,2
位當事,2
名義等,2
總共七人,2
金額皆屬,2
林義妹,2
所墊付,2
以紅包,2
拉學員入,2
拉人入,2
將耳機,2
想多問,2
答不上,2
申辦並,2
瓷磚,2
失地,2
連猶豫,2
解凍業務,2
刷退,2
回個,2
始悉,2
藤原,2
鎮找,2
漁夫,2
過後再,2
沒明,2
老師諮詢,2
項後一,2
平行,2
認識後來,2
費有,2
新卡來,2
圖表數,2
減債,2
字還,2
但幣,2
有大戶,2
上創,2
個驗,2
押物,2
總藥,2
走鐘,2
陽的,2
左側,2
僅說,2
點選賣,2
稱有訂,2
數處,2
幣四萬元整,2
妥票價,2
有露,2
影存,2
場所上,2
方不見,2
審件,2
書用,2
孟加拉,2
劉芷瑜,2
誠摯,2
並如實,2
分當,2
借力,2
不亂點,2
紅布林,2
古感,2
其女,2
詢親友,2
任務換,2
之花,2
病況,2
交通站,2
車接,2
帶班,2
時一模,2
嘉敏,2
票後會,2
原暱,2
林沐希,2
本店,2
夏景恆,2
回損,2
回來款,2
量測,2
將兩個,2
無法存,2
機跟現,2
沒扣,2
同校,2
常互動,2
這次訊息,2
琢磨,2
續主動,2
稱通訊,2
負責統,2
來判斷,2
衝銷售,2
幾十張,2
法創,2
剪接,2
國幣,2
並話術,2
項帶,2
方本,2
內繼續,2
隨機卡,2
個代練,2
終於回,2
扶貧,2
扛下,2
王靜雯,2
並談妥,2
貼文發,2
蔡靜柔,2
紅楊,2
林珊樺,2
洪紹齊,2
數千萬,2
採樣,2
挑出,2
酌收,2
藍昌,2
慧啟,2
介欽,2
已無人,2
插頭,2
所取,2
偉浩,2
職業關,2
時常無法,2
保卡到,2
還求,2
閱期,2
原裝威,2
鋼藥品,2
通天塔,2
剛做,2
因自稱,2
重光,2
老翁,2
登輝路,2
福壽山,2
出險,2
環顧,2
進去後點,2
竹寶門市,2
回充,2
淡念,2
波場幣,2
聯防,2
釘槍,2
假運輸,2
事覺,2
快氣,2
派通,2
寶為,2
該科長,2
證及委,2
蔡科員,2
龍隊,2
財群,2
有公開,2
打去問,2
繳三萬,2
江鈺謹,2
吳怡霈,2
經催討,2
做黃金,2
做幣,2
慘慘慘,2
微信代購,2
辦護照,2
職騙局,2
為彥,2
風雲錄,2
梁山伯,2
市嘉朴,2
正科長,2
皮想,2
獨行俠,2
吳安國,2
蒸籠,2
如網,2
沒換號,2
之抖音,2
兩檔,2
切開,2
石詐,2
紀還,2
不多想,2
交車並,2
卡墊付,2
過此,2
來素購,2
用閒,2
成爭,2
上協商,2
高雄林,2
萬才夠,2
可愛貓,2
禮獎,2
怪物,2
有處,2
中美路,2
幫忙還,2
持存,2
經離職,2
最後承諾,2
海生,2
吳依璇,2
緬甸鐘,2
詳細時,2
遭小額,2
博雅,2
年統,2
椅時,2
東西千萬別,2
雙卡門號,2
買彩金,2
郵局換,2
婚姻生活,2
塵埃,2
再融資,2
真空管,2
裡還蠻,2
行員見,2
繳納大筆,2
賢會員學習,2
租費,2
其協助,2
駕駛著,2
更嚴,2
幾周裡,2
可高價,2
詢求,2
潤為,2
目必須,2
支郵局,2
小模,2
選中為,2
發群組,2
帳號疑,2
兩萬新,2
葉蕙雯,2
以薪,2
小班制,2
日號,2
自平時,2
貴妃,2
阿吉,2
進虛,2
萬餘元予,2
志宏之人,2
將電,2
王紳,2
劉民稱,2
音中,2
他徒,2
馳速,2
太原,2
邀約務必,2
需達成,2
故開始,2
故為,2
任務點數,2
點換,2
始教,2
理洪莉薇,2
額及,2
照著畫,2
半張,2
錯門市,2
不求人,2
訂房網,2
之後楊,2
便榮,2
假買家並,2
交貨片,2
須帳,2
許哥,2
顧開慧,2
關路,2
訂金購,2
待匯,2
費方能,2
群組裡訊息,2
演給,2
然後隔,2
下一波,2
還很理,2
配對會,2
櫃子裡,2
還特別強,2
調裡面,2
質時,2
金量,2
免見面,2
檔要,2
領後交給,2
風評,2
張夢柔,2
徐梓珊,2
之後參加,2
一聯結,2
純情,2
榮耀國際服,2
時程,2
馮某,2
偷來,2
屬高,2
卡屬,2
我放好,2
集團取,2
而後會,2
良告訴,2
會晚,2
區簽署,2
新聞給,2
密雅,2
其邀,2
局及,2
對方斷,2
劉麗萍,2
元小額,2
當天要,2
網將,2
文賣手,2
丟網,2
面面,2
蘇家明,2
志祥,2
自遠通,2
跨區,2
不記名,2
卻導致,2
資訊上,2
臉書亂,2
流落,2
配費用,2
雖然慶幸,2
更衣室,2
有鎖,2
也繳,2
是律,2
立泰,2
民代,2
生產技術,2
天加,2
先墊個,2
官後續,2
張夢穎,2
運金,2
花朝月夕,2
還年,2
程會,2
騙型態,2
再並,2
平步,2
幫虎堂,2
以通,2
程穎,2
現金後再,2
問後確,2
傻蛋,2
訊息驗證,2
未處,2
明費用,2
魚尾獅,2
語言練習,2
安榮,2
文欲賣,2
然後進入,2
等等等等,2
補幾筆,2
龍起,2
太酷,2
現什麼,2
上均,2
網販賣,2
疼愛的,2
晚輩,2
連親情,2
瞬間將,2
鴻德,2
白花花,2
圖文看,2
並退貨,2
擊過,2
熊愛,2
還回饋,2
一百五十三,2
流帳,2
現須,2
券是,2
由宅,2
資金須,2
騙後前,2
銀鐲,2
未回,2
郵政共三張,2
來志強,2
大仁門市,2
風傳,2
信思,2
梅山,2
藍邦寧,2
邱建發,2
美食家,2
先不見,2
縮影,2
堂而皇之,2
你親,2
灣給,2
至線,2
我衝,2
這幾萬塊,2
點擊後填,2
太無聊,2
抽獎鍵,2
白銀會員,2
彩金期,2
再動用,2
貿易店,2
之後隨即,2
繳納三萬,2
林澤宇,2
例協定,2
出金得,2
曹智剛,2
標奧電子,2
遠記,2
叫陸,2
哲楷,2
機後三碼,2
證後四碼,2
諧永線,2
電腦版,2
能來,2
歡林俊傑,2
宗哥,2
驚悚片,2
王銘銘,2
四下,2
衝過,2
裡耍,2
暨大,2
認信,2
人委,2
爛帳,2
鑽石項,2
接代購,2
興仁,2
不借,2
起責任,2
燈塔施,2
至鳳山,2
各為,2
畢後將,2
洩密罪,2
了費,2
募股,2
賣運動,2
斬小三,2
警員接,2
豹店,2
這等,2
上國道,2
大賣家,2
送羅曼,2
小寵,2
童振東,2
粉絲後援會,2
該遊,2
推投資,2
還沒弄,2
被通,2
編好,2
還老實,2
碼費用,2
證後便,2
方替,2
時驗,2
一要,2
叫好,2
卡網路,2
單一麥芽,2
開通宅,2
我卡,2
韓智宇,2
節異色,2
證時間,2
花一點,2
外頭,2
操作者,2
群組後來,2
經嚴,2
老師學,2
說會進,2
駐哥,2
投案,2
已經標,2
故不詳,2
七筆款,2
決心來,2
惡意連,2
車飾,2
看貨,2
這五張,2
人員手,2
軟軟,2
曉瑗,2
之聯結,2
惟攔,2
內交給,2
上類,2
一來電,2
祈銘,2
善芝,2
王敬,2
將它,2
本所稱,2
翹班費,2
名義不斷,2
阿欣,2
是區,2
順門市,2
軟體會,2
購買後依,2
之車號,2
教學社,2
免費書,2
快空,2
作伴,2
超悶,2
人的關,2
能贏,2
給我選,2
環保網,2
需開啟,2
京站,2
會兒,2
損點,2
醇香,2
幸運日,2
筆和一,2
組香氛,2
我都給,2
快七萬,2
不離,2
碼後以,2
踢皮球,2
幣獲利,2
摩洛哥,2
兩人進,2
林小紋,2
涉略,2
幸佑,2
場後向,2
網止,2
勇豪,2
追愛,2
某篇,2
已經記,2
好物線,2
錢養,2
留訊息給,2
借現,2
徵上,2
拍要,2
女會,2
親車,2
廖欣宜,2
新民路,2
相思,2
光透煥妍,2
清源,2
破千萬,2
欣玥,2
因兆豐,2
會威脅,2
輔會,2
徵代購,2
立三,2
大保證,2
次金,2
拼字,2
型基金,2
穿白,2
更多訊息,2
以忘懷,2
次時,2
主升段,2
集群,2
可怡,2
次共轉,2
討論後懷疑,2
傻透,2
內討論,2
以有,2
王清海,2
匯滿,2
刻意模仿,2
貨轉帳,2
算常見,2
兩張給,2
這經,2
騙記,2
元均,2
安橋,2
將王,2
匯款後見,2
為電,2
不低,2
回獎,2
人之暱,2
悔悟,2
王玉婷,2
幣損失,2
張國忠,2
喬債務,2
引出,2
雅筑,2
投合,2
代金,2
因玩遊戲,2
金往,2
即連,2
這不尋常,2
不明朗,2
不申,2
太冷,2
先對,2
掏不出,2
存根,2
會員後會,2
工謊,2
工信,2
遭無視,2
留量,2
並行,2
萬當作,2
原金,2
誤碼,2
團用,2
還說後續,2
用者,2
九狐,2
幣托幣,2
送宅,2
老師理,2
並以言語,2
元後變,2
幣萊,2
傾城,2
孔急,2
專員之詐,2
並換算,2
阿劭,2
獎金何,2
時會入,2
機查,2
張卡照,2
七條,2
應徵就,2
完系統,2
更警,2
最後幾張,2
借車,2
已限額,2
廣告式,2
允熙,2
賡續,2
支隨身,2
市統,2
托運單,2
稱不會,2
申辦個,2
商甲,2
坐飛機,2
策略性,2
然後從幣,2
曼婕,2
起要,2
某虛,2
大逆轉,2
太多個,2
峻凱,2
證金六萬元,2
還於,2
補滿,2
吳旻潔,2
碼後將,2
寄港幣,2
語涵,2
體檢,2
湊來,2
淚換,2
認警,2
有秀出,2
主是,2
藥產品,2
目內容,2
誠信幣商,2
以講,2
萬文彥,2
兌售,2
最明顯,2
方不,2
號鎖,2
音連結,2
感影響,2
連收據,2
冰絲涼感,2
還有轉,2
国际,2
抵台灣,2
心寬,2
運廣,2
原稱,2
單後並,2
完給,2
吉伊小八,2
給我點,2
台幣且,2
女車,2
沒半小時,2
講東,2
講西,2
小單,2
散散心,2
賠省團,2
房賣屋,2
排優先,2
事後感,2
明細供,2
給業者,2
租場,2
監督委員會,2
有段,2
李惠利見,2
品豪,2
李小雯,2
畢後沒有,2
商嘉太門市,2
宜醬子,2
寶貝加,2
傲樂,2
結後出,2
可折,2
假裝約,2
編劇,2
癱掉,2
張婉瑜,2
粽子,2
所聲,2
名義邀,2
推特訊息,2
見群,2
沒設,2
我台,2
外側,2
群得,2
誘導購,2
帳轉,2
可加購,2
吳馨彤,2
浙江省,2
第三家,2
浙江,2
被動式,2
領兩個,2
發地,2
軍校,2
一概,2
塑型,2
單者,2
並極力,2
週日會,2
張偉德,2
秀美,2
會員能,2
上門市,2
辦紓困,2
幣安購,2
票須,2
張爸,2
欺意,2
消費前,2
送證書,2
詞遣,2
廉價耳機,2
費時間,2
驗證後錢會,2
交風險,2
並從訊息,2
代儲妮妮,2
代儲妮妮將,2
價遊戲,2
號共計,2
建志門市,2
銀陸續,2
當遊戲,2
帳號始,2
蘇金榮,2
賢員警,2
商新兆湘門,2
還自,2
毫無疑問,2
抖內,2
手緣,2
發錯,2
我欲確,2
郭民,2
店員來,2
之後有給,2
問臉,2
繳技術,2
標來,2
期前,2
人未,2
避不見,2
故已,2
民覺,2
貨但,2
絕來,2
推特暱,2
看並,2
認賣場,2
處理見,2
卡遊,2
辦將,2
錢費用,2
福科,2
變叫,2
買序,2
子金,2
前保桿,2
交貨並,2
最後又轉,2
賣聲,2
越轉,2
獲前,2
並作,2
訂作,2
隨後來電,2
軟體續,2
阿裕,2
人重,2
硅膠,2
專員者,2
認沒有,2
用凱,2
連人帶,2
項流動,2
可大,2
我學乖,2
至屏,2
陳俊森,2
嘉太門市,2
劉經辦,2
續犯,2
櫃及,2
投資飆,2
炯明,2
貓罐頭,2
劉佳怡,2
事後親友,2
明凱,2
我後始,2
西門市,2
榮譽,2
楊正鑫,2
群組會員,2
看林俊傑,2
尋門票,2
李宏毅,2
會員錢,2
劉諺,2
融給,2
謝仲杰,2
十信,2
分匯出,2
瀏覽中,2
銀暢通,2
計達,2
子凡,2
航天,2
失事,2
旅遊許,2
我買幣,2
員給,2
前後後繳,2
一條驗,2
喝點,2
加壓,2
領配息,2
書人,2
碼稱,2
最後又稱,2
場空歡,2
六間,2
千顆,2
回人,2
秀雯,2
共計八筆,2
滿版,2
錢彌補,2
崩鐵,2
發都,2
先買斷,2
進有,2
假公務,2
將富邦,2
揭開詐,2
內惟,2
出門會,2
美明路,2
范志,2
徐慶璋,2
開張,2
注膠,2
人員一,2
購買後匯款,2
按確,2
金送,2
同縣,2
皮創,2
假郵,2
前後因,2
出貨予,2
太晟門市,2
局網,2
領事局,2
大華,2
完三大,2
葉怡成,2
請育,2
嬰假,2
江玉燕,2
小奈,2
金太妍,2
孫靜雯,2
商下單,2
他線,2
有架,2
雖大,2
之後檢察官,2
傳自,2
並斷,2
叫悅,2
前後計,2
怕極,2
事離,2
戶主動,2
積福,2
逸領,2
法聯絡,2
日無意間,2
稅負,2
團中,2
明金,2
無明,2
美樂,2
少一塊,2
因看,2
拉皮,2
事後還,2
坐感,2
還歷,2
歷在目,2
圓夢行動,2
專員王,2
無暱,2
獲利馬,2
蠻來,2
寶寶粥,2
資及驗,2
推薦裡,2
徵求區,2
證與健,2
並更,2
問筆錄,2
山頂,2
方層,2
系統始,2
風潮,2
處理緊,2
捐款箱,2
過旋轉,2
傳騷擾,2
忠警員,2
什麼切,2
嘉昊,2
活動限時,2
數照,2
命令式,2
護個,2
車向,2
將資金出,2
這算,2
商蓮華門市,2
傳送網,2
吳總監,2
期貨代操,2
然後提,2
卡後因,2
異常經,2
我孫,2
還結,2
當時裡,2
供下載,2
成員購,2
詹立,2
理財書,2
李清妍,2
卡便,2
輸入資,2
群購,2
違約費,2
台東馬蘭,2
寶貝夢,2
鐘登輝,2
王妤,2
久已,2
徵齒,2
酒屋,2
幣挖,2
說領,2
得花,2
若繼續,2
之後小睿媽,2
將酬,2
趕緊照,2
詩媛,2
行員聯絡,2
錢國源,2
帳六筆,2
最後邀,2
投資損,2
定持,2
預計能,2
有多個,2
實際點,2
討喜,2
順心,2
境內,2
陽光下,2
業務部,2
隨後又問,2
統凍,2
選出,2
斗櫃,2
不察依,2
品娟,2
心綸,2
女並,2
林安雅,2
黎巴嫩,2
林雅馨,2
緬甸恒鑫,2
區競標,2
場所好,2
郵政存,2
啟航關,2
愛協會,2
營副業,2
並出價,2
先押,2
威脅言語,2
什麼後續,2
資什麼,2
這老師,2
我十萬元,2
醒醒,2
超危險,2
氣照,2
古早,2
磨損,2
時詐,2
宗教信仰,2
金錢予,2
解卡,2
零基,2
以言詞,2
詩肯,2
柚木,2
手速,2
經的關,2
經提,2
予虛擬,2
領網,2
正恭網,2
撥款予,2
林易傑,2
傳給給,2
豐速通,2
幣跟,2
然後先匯,2
知後我,2
東西掉,2
超帥氣,2
賞車,2
當天還,2
沒親,2
彈窗,2
轉問,2
人事主管,2
脫油機,2
很想換,2
證沒有,2
幼童,2
嘉盈,2
訊息後便,2
義要,2
不答,2
現場詢,2
資金供,2
交換方,2
金等語,2
杜蕙喬,2
含鏡頭,2
貸出,2
前先,2
刺刀,2
王某,2
打賴,2
玲姐,2
一卡,2
可登入,2
付款人,2
已因,2
儲訊息,2
指是,2
入後才,2
店及,2
大排,2
之記,2
留念,2
松南,2
處旁,2
雙日幣,2
幣特幣,2
晶洞,2
通後續,2
我事後認,2
銀行代為,2
通才,2
項當,2
老鳳翔,2
帳金錢,2
下存,2
裡或,2
卡和護照,2
結對方,2
換不回,2
險費,2
每一秒,2
保障性,2
叫程,2
沒到場,2
將三個,2
段落,2
非得,2
銷售業務,2
方車輛,2
日傳訊,2
川芎,2
花苗,2
卡才行,2
網銀照,2
綠界開,2
帳費,2
或黃金,2
弱女子,2
證資格,2
錦哲,2
不但如此,2
妥委,2
文信,2
投睿,2
半推半就,2
比開,2
理財書籍,2
義慫,2
幫虛擬,2
分親,2
誠路,2
墨魂,2
十期,2
佳奕學習,2
歇爾,2
名義將,2
岳父,2
價會,2
好點,2
以後貸款,2
德路,2
間夠,2
業務要,2
知竟,2
華聲,2
中匯款,2
蔡振民,2
驟然,2
造訪,2
愛護,2
東妮,2
感床,2
程及,2
淘寶購物,2
日籍,2
凡士林,2
全購,2
鐘均潔,2
許家明,2
三光,2
射手座,2
行討論,2
區子,2
貨賣場,2
出金小額,2
昏迷不醒,2
統過,2
且長,2
總婦,2
幼大樓,2
時回,2
先包,2
裝財力,2
教學及,2
會員密碼,2
成算,2
數字給,2
帳務有,2
能貨到,2
台主機,2
資當,2
超流暢,2
保桿,2
面開始,2
換匯訊息,2
張先,2
業通,2
連結網,2
習慣用,2
過家,2
包裝紙,2
連心,2
手機版,2
女性化,2
石數量,2
石能,2
經改,2
場噩夢,2
過代儲,2
困難且,2
無信,2
欣樂,2
四孔,2
真陸,2
什麼委,2
某小,2
戶頭給,2
字療,2
張沛雅,2
大洞,2
那聲,2
柴爾德,2
庭川,2
福建,2
卡裝箱,2
李惠蓉,2
愛指,2
遵員,2
幫電商,2
太強,2
因點擊,2
獎且,2
已無連結,2
文傳給,2
小陳信,2
李購,2
再帶,2
出金系統,2
愛心書,2
彌月,2
如承諾般,2
外因,2
周遊券,2
無權限,2
問退,2
現儲,2
內線當,2
然後林,2
這社團,2
受雇,2
同富,2
詢後未,2
太乾淨,2
遭一個,2
鄉住,2
大合唱,2
袁家勳,2
吳育,2
徵小說,2
商國,2
也詢,2
節分,2
收滯,2
夾到,2
主問,2
應徵細節,2
雯婷,2
賣家頭,2
集團供,2
多類,2
八段,2
換遊戲,2
安宮,2
部收據,2
之後小劉,2
社區協,2
檢視過,2
繳交伴,2
大箱,2
名義引,2
定手,2
時上網,2
翔翔,2
江任娘,2
誠收,2
梵夏,2
曾宏,2
購買詢,2
隨後填,2
女兒劉,2
校版,2
無待修,2
方標,2
挺仗,2
看後才,2
集集鎮,2
單黃金,2
如對方,2
換來換,2
金資,2
包月,2
性騷擾,2
蕭禾凱,2
雖美,2
且會將,2
人員核,2
劉文宣,2
稱可線,2
美鳳,2
稅務費,2
美登麗,2
假經,2
林俊輝,2
永保,2
衛仔,2
因持,2
博亞,2
有林,2
便訊息,2
廂型車,2
會理財,2
年後保證,2
會理,2
西華街,2
配通連,2
似產品,2
貨進行,2
用來換,2
超商分,2
或代碼,2
基本功能,2
來度,2
夠給,2
當先,2
對換,2
連課,2
假國泰,2
以贈,2
馮鍵,2
愛麗絲,2
推廣內容,2
號後四碼,2
應門,2
茯苓,2
分下單,2
我十萬,2
財產領,2
卡時間,2
望路,2
對方作,2
坐娃,2
期販售,2
卡成,2
已獲,2
之戶籍,2
張小玲,2
將外,2
回虧損,2
因經紀,2
其金額,2
包裝放,2
但簽,2
暹羅佛緣,2
票快,2
初見面,2
還有繳,2
一人來,2
很沉,2
銀扣,2
粉絲詐,2
通話過,2
保證會發,2
還沒看,2
那要,2
證查實,2
對方命,2
轉三筆,2
轉至長,2
櫃換款,2
電將,2
智旭,2
芭比,2
幾天後還,2
卡盒,2
票務證明,2
接紹,2
勿僅,2
前後向,2
認點數,2
原貼,2
對方賴暱,2
項鎖,2
主與,2
真後並,2
品研,2
應後並,2
結遠,2
並允諾會,2
將鴿子,2
可約會,2
缺席,2
曾管,2
現夢想,2
兇惡,2
數始,2
妥並,2
交見面,2
直快,2
暫時轉,2
閱並,2
小遊,2
賴俊權,2
詹耀武,2
正壓,2
匯款後傳,2
通電信,2
師張,2
登錄並,2
然後就問,2
之後李,2
筆一萬元,2
專說,2
楊宗偉,2
理財金,2
熱情加,2
總算覺,2
還貴,2
個熱,2
天後我,2
開運福袋,2
文賣些,2
東西補,2
看件,2
草堆,2
是鐘,2
之後鐘,2
領得,2
碎木機,2
付見,2
給你特別,2
的獎,2
已給,2
臉書限,2
有分,2
各存,2
購買現,2
貨手,2
至終,2
方涉,2
工資新,2
全國落,2
難神尊,2
方發覺,2
洗星城,2
怡岑,2
幣用,2
學習當,2
熊跑,2
假業務員,2
隊要,2
將其名,2
商新大,2
金向,2
由家長,2
慢性,2
書予,2
洗臉,2
寶兒,2
帳後才,2
錢會卡,2
內高額,2
絕路,2
警網,2
並損,2
結有,2
販售些,2
並審慎,2
行為極,2
總共掃,2
換支,2
細節現,2
權暫,2
老唱片,2
還寄給,2
原原本本,2
以裝潢,2
吵著,2
圖畫,2
隊方,2
草路,2
李承勝,2
下輕,2
索取到,2
網購者,2
葉約定,2
我難,2
大樓裡,2
處理來,2
車頂,2
計查帳,2
車店,2
完畢並,2
灣期貨,2
師長,2
匯款轉,2
陸續入,2
連檢查,2
至何,2
中銀國際,2
褪色,2
拿家裡,2
想買房,2
志福,2
滑訊息,2
費就能,2
苗族,2
初雪,2
交服務時,2
媽誤,2
回無法,2
烏地,2
額並,2
夏威夷,2
憲要,2
王永茂,2
劉進隆,2
天賦,2
元之後會,2
將我及,2
塔木德,2
林軍宇,2
提具,2
立偉,2
決系統,2
同銘,2
二店,2
成手續費,2
激進,2
投資國,2
水鬼,2
假貨且,2
掩埋,2
起標價,2
特別熱,2
一條生,2
財之道,2
需補單,2
進出貨,2
之後截,2
基企劃,2
同時須,2
包社團,2
客票,2
警員聯絡,2
涉國際,2
林翊如,2
綠界會員,2
進社團,2
炸物,2
連老,2
秒許,2
周億美,2
良才,2
證店,2
結算卡,2
皇門市,2
瑞丽,2
分渠,2
劉俊豪,2
真本事,2
始據,2
中階,2
然後專員,2
看報,2
值新,2
林偉翔,2
素釵,2
廉價飾品,2
哇飾品,2
廖宇威,2
萬周,2
風浪,2
商聯,2
草草,2
分飾,2
搞了半天,2
在幣商,2
炮卡才,2
可退回,2
協助代銷,2
有學員,2
牆面,2
訊息連,2
王權,2
問驗卡,2
繳錢給,2
首儲,2
至轄區,2
記書本,2
香湖,2
兩及,2
軟體確,2
並將票,2
更多紅利,2
投資寶雅,2
新武俠,2
問我賣,2
學會用,2
問劉,2
掏心,2
掏肺,2
吳組長,2
金和現,2
這週會,2
買不起,2
標無法,2
並於期,2
次入,2
日文版,2
完犯,2
幣商為,2
韻玲,2
以三筆,2
師意,2
獲利遠,2
上教,2
茶坊,2
其動機,2
定洋,2
進行言語,2
擺會員,2
所開立,2
的哥,2
負責該,2
筆存,2
以停,2
擔保物,2
第四期,2
患者,2
貨物代碼,2
憨厚,2
我機,2
需代墊,2
幾天帳,2
貼文還,2
投資產學,2
李民所,2
說裡頭,2
其求證,2
達均,2
真幸運,2
機會討,2
地產及,2
聳恿,2
傳聞,2
一峰,2
佰元,2
有牌,2
當媽媽,2
通一,2
心琳,2
投資金時,2
購買智冠,2
新台幣換,2
數費用,2
這名員工,2
軍門市,2
將軍區,2
大潭,2
資無法,2
記到,2
許嘉琪,2
並承諾穩,2
將性,2
大門市,2
蔡彥,2
前金區,2
手冊換,2
可儲,2
貝特,2
金損,2
開播,2
金福袋,2
石英,2
如潮,2
購車輛,2
及遊戲,2
收齊,2
隨著約定,2
求並,2
浮上,2
沒核實,2
稱陽,2
人不斷,2
由國際,2
謊言上,2
串接,2
參加手,2
修法,2
額外繳,2
吵得,2
並未以,2
石會,2
匯一萬元,2
達夢,2
李思慧,2
認會員,2
最後結,2
有得標,2
總共賠,2
次買幣,2
卡刷光,2
會員會,2
獲隱藏,2
訂金能,2
交並,2
過於輕易,2
紅綠品,2
能入,2
封裝,2
綠園,2
到岸,2
裡郵局,2
白白的,2
實際並,2
餘款給,2
傳語,2
附屬,2
張鑫,2
筆明細,2
還報給,2
林經辦,2
匯幾十萬,2
狐狸尾巴,2
萌寶優享,2
攤主,2
博益,2
其連絡,2
優惠還,2
競爭力,2
交十萬元,2
之後劉,2
融稱,2
下富邦,2
張佩佩,2
幣五萬元整,2
續穎兒,2
有掛,2
行安裝,2
我彌補,2
型式,2
該輛,2
收假,2
名義之郵件,2
而轉,2
獲私,2
手肘,2
楊益,2
維老師,2
里鴻資產,2
財智領,2
航社,2
接機,2
游戲,2
詢聯,2
隨後給予,2
兌換代幣,2
報安人,2
惟雙方,2
其想,2
良順,2
握著,2
監控手,2
程費,2
有費用,2
還頗,2
碼末,2
老馬講,2
鋰電,2
競標露,2
營用,2
方所張,2
幣金額,2
稍後到,2
約八點,2
穿不下,2
這最後一筆,2
文版,2
高國文,2
這的確,2
鳥哥,2
信息化,2
金一帆,2
我共向,2
試入,2
金董,2
解款,2
之戰,2
但話題,2
網友柏,2
氣問,2
當那個,2
衝了,2
地出,2
遭虛擬,2
取差,2
需綁定,2
將張,2
桃色,2
將星幣,2
現劉,2
著誇大,2
小妍,2
佶園,2
且代購,2
啞巴,2
給遊,2
仟意,2
投新視界,2
講台,2
配給,2
四維路,2
哪有驗證,2
最後誘,2
聊色,2
我事後查詢,2
大詢問,2
轉虛,2
滑出,2
閱費,2
中一場,2
著試試,2
分加,2
漢達,2
這三人,2
那氣氛,2
喚起,2
控信,2
洪庭瑋,2
萬加,2
加手續費,2
爛到,2
會覺,2
雁婷,2
再假,2
豬腳,2
林可欣,2
控靈,2
持卡,2
團後,2
獲利優,2
訊問,2
畫展,2
米蘭,2
專員撥,2
李文毅,2
行相,2
土權,2
還會產生,2
金米,2
明人,2
巧巧,2
螢幕裡,2
九分,2
善慧,2
法雨,2
並於雙,2
可幾個,2
永利,2
一縮,2
義大郵局,2
區嘉展,2
李國豪,2
私賴暱,2
傳許,2
及別,2
無療,2
效向,2
乳腺,2
紊亂,2
許個案,2
標連結,2
烤漆,2
備餐,2
正手,2
一核,2
順利騙,2
收銀員,2
戒慎,2
我贏,2
確保買,2
實際要,2
李敏,2
運快,2
洗車店,2
飯咪音,2
胡毓展,2
問林俊傑,2
覺得現,2
操錯,2
我聯邦,2
婉馨,2
開一看,2
配通線,2
以密碼,2
沒畫,2
還指責,2
已經放,2
連結傳,2
崇倫,2
問你為,2
安聯,2
太陽城,2
講要,2
獲利何,2
認什麼,2
然後把序,2
紅毛丹樹苗,2
八棵,2
虧空,2
無定,2
花蓮將,2
出遊費用,2
面大樓,2
商務包,2
帳後告訴,2
撥券,2
康佑,2
婉鈺,2
介紹後至,2
聯自營商,2
出裝置,2
只會設,2
進階為,2
掃給,2
我書,2
學分,2
位業務來電,2
證碼並,2
含驗,2
定案,2
我後發現,2
才郁,2
保雅,2
轟天,2
騎士團,2
並傳輸,2
法拍區,2
一林沐瑤,2
載裕德,2
儲金然後代為,2
許多來源,2
經請過,2
雙方商,2
當工頭,2
下家,2
票房,2
朱世昌,2
辦員工,2
聊一陣,2
創科,2
日遲,2
新聞後驚,2
阿東,2
子諺,2
寶典,2
湯總,2
汀州,2
還見過,2
幾張點,2
我連上,2
一張易,2
發貨訊息,2
沒錢給,2
選裡面,2
第二季,2
歌友,2
哈尼,2
發款,2
檢疫,2
三萬塊給,2
真下,2
圖解釋,2
張宇辰,2
友榮,2
屋簷,2
事匯,2
數大,2
證代辦,2
托福,2
人員報,2
稅才行,2
司徒,2
給帶,2
並未出,2
問處理,2
比銀行還,2
印鈔機,2
李男並,2
男有,2
碼有誤,2
日償還,2
新園,2
保證會給,2
郭老師,2
藥華藥,2
證的網,2
電其,2
歐洲代,2
撲克業,2
餘組,2
明店,2
目及,2
清東路,2
實際出,2
石穆,2
千禧哥,2
機械哥,2
一表單,2
寶傳,2
經國,2
親友會,2
遭人毆,2
擊後填,2
人訂,2
威樂,2
聊幾天,2
假費,2
一則育兒,2
給更多,2
沒油,2
共學,2
這次匯,2
張卡去,2
傳圖,2
並免費,2
投資林,2
說點數,2
照著訊息裡,2
完瞬間,2
徐喻涵,2
淘到,2
余亞特,2
專人親,2
前後匯入,2
經櫃,2
記其,2
李冠,2
惟後因,2
遭竊取,2
換換,2
稱金錢,2
王醫師,2
圓潭,2
吳永宏,2
寶網,2
藥商業務,2
因民眾,2
當送貨,2
商勝,2
東區育,2
樂街,2
總新,2
網路費,2
江神,2
眼霜,2
簽證代辦,2
高穩,2
東西運,2
質押物,2
惠發,2
群用,2
某某某,2
這做,2
大約會,2
購商,2
綁架勒,2
這進,2
壺的,2
苑益,2
藏富,2
筆線,2
中樹,2
仔腳,2
清資金,2
並止損,2
東西本,2
分家,2
何凱恩,2
鄧緹希,2
然款,2
合計匯,2
將財產交給,2
或票,2
所必須,2
紫光,2
螢光劑,2
貨內,2
通透,2
守衛室,2
只點,2
現一,2
轉作,2
林婧婕,2
人豪,2
還替,2
創賣場,2
林右明,2
昌門市,2
自匯,2
村上,2
林靖婕,2
然後王,2
六封,2
並無進行,2
楊家忠,2
天天向上,2
賣關,2
喊話,2
故趕,2
張仕偉,2
支電,2
碼共計,2
橙宇,2
並出貨,2
碧玉,2
吳政平,2
楊小楊,2
百貨見面,2
新生路,2
保腎,2
裡某,2
營利計畫,2
蔣公門市,2
由許,2
養護品,2
車作,2
十幾個,2
某宅,2
案列,2
並投,2
資金故,2
各繳,2
然後又換,2
地將款,2
端須,2
是婷,2
似經驗,2
中申,2
技術長,2
四級,2
風氫產能,2
並由電話,2
魔術師,2
終末,2
獎畫面,2
資產有,2
送門票,2
大訂,2
屋漏,2
偏逢連,2
夜雨,2
超商二竹門,2
竊車,2
分詐,2
中埔農會,2
生時,2
警力,2
乙丙,2
李署,2
富甲一方,2
知書聚,2
財軒,2
組序,2
還放上,2
林晏,2
楊詩琪,2
欣蕊,2
回至,2
宣導詐,2
幫助家裡,2
尚無財損,2
轉信貸,2
入後並,2
評價來,2
禮金作,2
玉慧,2
鑫幣,2
總泵,2
女兒並,2
為謝,2
美方,2
遭取,2
不由,2
資產遭,2
義哥,2
慧妤,2
費和運費,2
買大陸,2
並累,2
郵政儲金,2
每一單,2
當我刷,2
方位,2
總歸,2
越積,2
裡面訊息,2
因聲音,2
編稱,2
慘賠,2
一人以,2
則謊,2
賦能,2
完之後執,2
之後執,2
投資問,2
大三,2
分鐘會,2
理銀行,2
原承諾,2
及港幣,2
而後聽,2
庫幣,2
內聊,2
練好,2
真善,2
打聯絡,2
加分,2
林景達,2
性價,2
王翊存,2
以晴,2
並依造,2
樂居,2
悅居,2
節將,2
專利費,2
說區,2
約二至,2
事絕,2
亂晃,2
共七筆,2
訂場,2
資的,2
現金發,2
湊資金,2
計來,2
來後查詢,2
然後提領,2
日後聯絡,2
寶金,2
沒離,2
正熱,2
發布過,2
優惠訊息,2
著補助款,2
海寶王,2
將鑽石,2
銷產品,2
嘉義博愛店,2
匯款律,2
財產調,2
叫黃凱,2
問是,2
劉銘偉,2
幣對,2
對始,2
波瀾,2
有八筆,2
出關,2
渡己,2
購銷售,2
其開,2
商春陽門市,2
筆電及,2
丁柏暉,2
林芳,2
理對方,2
李鐘,2
珠台,2
職中,2
筆獲,2
惠民,2
尼拉,2
之員,2
劉佩欣,2
鄭雅婷,2
警詢,2
因期,2
以業績,2
醫學大學,2
所貼,2
私訊林,2
隨後一,2
載瑞,2
小庭,2
幫忙入,2
家樂福店,2
銀行始,2
期程,2
會後才,2
我後來將,2
一千二百,2
另付,2
綺莉,2
創業開,2
舊情,2
不错,2
心妍,2
線員,2
確能夠,2
淘寶賣場,2
高倍率,2
雜七雜,2
經營代,2
一稱,2
妥約定,2
加薩,2
收禮物,2
介紹名,2
鼎元,2
丁柏輝,2
基經會,2
名義詢,2
育兒坊,2
知其,2
進而至,2
張詩慧,2
我之案,2
經緩,2
處勞動,2
所遇,2
霖峰,2
題後即,2
依詐團,2
細共四張,2
細共三,2
應幫,2
楊路,2
北宸,2
支廣告,2
李鍵銘,2
商會將,2
官代為,2
所將,2
不取,2
標及,2
商南,2
元取,2
推開,2
數量過,2
為訂,2
手永豐,2
盛鑫,2
事後來,2
租戶,2
抹平,2
然後把車,2
將會產,2
以表達,2
間成,2
安和幣,2
缺並,2
帳戶後並,2
提領且,2
然後放進,2
方價值,2
常勝,2
小晚,2
城裡,2
蛟龍,2
祖黃金,2
符手,2
貨門市,2
沿途,2
綁定並,2
菲娜,2
辜者,2
主聯絡,2
全失聯,2
王佳欣,2
超慌張,2
總共虧,2
付餘款,2
崇山,2
立約,2
匯到幣,2
事千萬,2
蠻心動,2
改動,2
廖佳雯,2
帳裡,2
之餘有,2
品有,2
組拉進,2
灣見面,2
新工,2
給我多個,2
下華南,2
豐市,2
覺察,2
區高美路,2
說護照,2
還有面,2
陳俊威,2
欣霓,2
體產業,2
事外,2
手機給,2
出金太頻,2
懲處,2
問保險,2
方承諾要,2
第四年,2
遭攔,2
價前,2
遵其,2
賴著,2
之營養,2
給遠親,2
櫃現,2
超愛韓團,2
投資極,2
下還,2
成像,2
風險戶,2
致電金,2
沒缺,2
匯貿易,2
莎拉,2
修路,2
先初,2
關來電,2
數據變,2
可變現,2
攢來,2
龍詐,2
還財產,2
從戶,2
連懷疑,2
詳細個資,2
須付費,2
續付,2
俊豪,2
向金主,2
宇鎮,2
軒恩國際,2
辦理納,2
設施,2
購單,2
接着,2
投資鍋,2
行員詢,2
洽談關,2
盧佳翔,2
邱先生,2
禹恩,2
收小額,2
寶幸,2
容分,2
前戲,2
阿帝,2
買主,2
費欠費,2
單共計,2
世華銀行,2
政經理,2
婉歆,2
古己,2
號車,2
王佳儀,2
子沫,2
超商台,2
下載幣安,2
博觀,2
薄發,2
袁經理,2
許婉瑩,2
治病,2
要虛擬,2
出唱片,2
台幣代,2
樂貸,2
框稱,2
之後就照,2
基湖路,2
裡一軟,2
補買,2
多得多,2
許皓哲,2
大神,2
宏圖,2
繳費且,2
事後給,2
拒不回,2
發表要,2
靈異,2
到獎,2
傳收據給,2
整個後悔,2
資開,2
台籍,2
攤子,2
以順利,2
王科長,2
免付費,2
剩餘購,2
野人,2
將廠,2
面雙方,2
租賃予,2
取網,2
我在當,2
蘇丹,2
矇騙,2
鄭某,2
第四天,2
具保,2
車網,2
牽到,2
內大,2
包賣,2
資金多,2
侵吞,2
節電片,2
刪帳,2
幫林,2
答題,2
堆款,2
喜大禮,2
陳鈺涵,2
會大,2
吉野,2
正點,2
客運貨運,2
條件給,2
只講,2
毓秀,2
準備繳,2
油車,2
證拍,2
無疑慮,2
小春,2
桃園戶,2
假買家將,2
扣下,2
數字時,2
礦工費用,2
台北人,2
輕松,2
李鑫傑,2
雨喬,2
問賣家關,2
買類,2
證計畫,2
孫振強,2
之傳,2
人動過,2
志德,2
風之戀,2
西賣,2
問了問,2
務為,2
就簽,2
儲值線,2
高興終,2
確認給,2
員才,2
笨得,2
愛拚,2
金不沾鍋,2
購買個,2
緯棠,2
隨後進行,2
方念,2
謝晨彥,2
面剛,2
玩金額,2
親友謝,2
趕進,2
東石,2
金額嚇,2
希露,2
瓦未官,2
該家,2
分戶帳,2
開資金來,2
推廣並,2
文旭,2
回本加,2
頭答,2
超商透,2
項通過,2
他輸,2
黑貓會,2
路卡,2
做作,2
隨後拉,2
股會友,2
會接,2
需委,2
籃子,2
裡寄來,2
會員計畫,2
打市,2
了雙,2
變聲,2
頓悟,2
買足,2
殺到,2
念出,2
持新,2
很樂意,2
我命,2
閃電倒,2
凱軒,2
中華東路,2
學以,2
豐及,2
擊來,2
江慶財,2
玄機,2
投資小紅書,2
壓克力磚,2
林茲芸,2
東龍統,2
王雯欣,2
情盅,2
點確,2
把關,2
李傳來,2
李聯絡,2
因訊息,2
婉萱,2
四人,2
雅斯,2
至鼎碩,2
名代購,2
回應群,2
圖後傳給,2
高意,2
高女,2
為幣勝,2
發群,2
一條峰,2
起來質,2
資產資料,2
零四萬,2
根基,2
還自責,2
小家具,2
並記,2
享樂,2
樂高車,2
台東榮民,2
溫國信,2
群組後對方,2
包整,2
寶富,2
摩爾,2
想當,2
快門數,2
貨運費用,2
隨後過,2
主看,2
直購,2
西竟,2
水利,2
試能,2
買長,2
華文門市,2
照號,2
輔仁路,2
共新台,2
聊買,2
幣潮,2
大廈,2
配文,2
第一篇,2
河堤,2
單真,2
阿煜,2
票售,2
明細後才,2
錯成,2
共臨櫃,2
給陳龍龍,2
音幣會,2
方直,2
稱東,2
小溪,2
處有,2
隨後教,2
毛利,2
潤都,2
李成,2
歪斜,2
大飯店,2
鄭專員,2
別擋,2
碼量,2
匯旺,2
祖門市,2
及傳,2
來換取,2
禮儀師,2
聖手,2
張琦媛,2
之廠,2
盒內,2
利潤將,2
證相關,2
嘉華,2
潘家灝,2
轉介桃園,2
納會費,2
證和護照,2
我議,2
價變,2
號會匯,2
地內,2
並於電子,2
開始驗證,2
試領,2
講錢,2
立馬衝,2
想多學點,2
微獲利,2
鞋廣告,2
水蒸,2
受群,2
實據,2
回傳過,2
公證官,2
合夥要,2
一販賣,2
文截圖,2
產品予,2
名狀,2
入金並,2
這個團,2
最後拒,2
最後察覺,2
時語氣,2
繳稅給,2
現在通,2
背後越,2
隨後又引導,2
隱眼,2
回及,2
購買法,2
惠婷媽,2
渠驚覺,2
至連線,2
選詐,2
華郵政號,2
裝後,2
提高效率,2
濱海,2
豐偉,2
得後來,2
簡訊實,2
劉涵,2
許付,2
現承諾,2
方司,2
李國紳,2
彭巧筠,2
練功,2
第一家,2
啊友,2
進萬丈,2
去後還,2
藥單,2
村里,2
女兒當,2
劉若曦,2
二棧,2
發連,2
坐不住,2
外號,2
資金買進,2
仙股,2
而入,2
來店,2
阿緯,2
嘉偉,2
理財並,2
貼文給,2
結傳給,2
消費項,2
油壓個,2
詆毀,2
兇手,2
飛機杯,2
大浦,2
新的賴,2
並隨後發,2
宜稱,2
抽驚,2
李芷風,2
天師,2
法壇,2
居士,2
經誤,2
市場現,2
還限時,2
中彰,2
交換訊息,2
費吧,2
不守信用,2
討豪幣,2
中國外,2
銷權,2
卡後會,2
完後李,2
小夢屋,2
供民眾,2
已寄達,2
協請,2
過轉,2
這幾日會,2
夢搖,2
急須,2
然後將幣,2
文張,2
故自認,2
拿點,2
盡情,2
連絡後續,2
降為,2
攝收據,2
案詢,2
問後發覺,2
金贖人,2
屋為,2
自清為,2
艾匯,2
零卡幫,2
識股,2
稱泉元,2
匯驗,2
筆電時,2
運比較,2
運表單,2
其產品,2
王莉玲,2
並擬定,2
東育門市,2
盈月,2
流芳,2
說宏敏,2
林文惠,2
夜跑,2
潮趣,2
楊國偉,2
何俊仁,2
风轻云淡,2
大營門市,2
進退場,2
數後拍,2
蘇永騰,2
銘匠,2
方飯,2
獲大橋,2
投資談,2
真共匯款,2
高價位,2
以今,2
附檔,2
劃過,2
運了,2
著中,2
獎後要,2
代購款,2
連最親,2
明見,2
歷歷,2
將此訂,2
職服務,2
喝水,2
王德嘉,2
著抖,2
找遊,2
四連號,2
什麼票,2
手語,2
名義打,2
打太極,2
車改,2
三樓,2
內文有,2
時將會,2
點都,2
水餃,2
集集,2
何藥師,2
基憑證,2
實早,2
匯款察覺,2
張勝利,2
敏敏醬,2
從國泰,2
候後悔,2
只問,2
蝸居敏敏,2
人謝,2
韓國藝,2
怪電話,2
麻將樂園,2
投資農,2
金行,2
那個員工,2
全國蒜頭,2
上溝,2
換新車,2
安居,2
地點則,2
充款,2
規資料,2
成未來,2
全球通,2
廉價到,2
爽爽,2
次則,2
程馨,2
富佳富,2
火上,2
葉倢芸,2
良盛,2
選舉,2
領該,2
將期,2
做人情,2
結列,2
筆超,2
之後透,2
經控,2
保命,2
繳遺產稅,2
距今,2
張魚,2
中國雲南,2
回傳個,2
李舒怡,2
書瑜,2
清一清,2
修圖過,2
非本,2
名義遭,2
繳為,2
九如,2
閱讀器,2
友傳,2
產險,2
筆有,2
吴一強,2
李佩佩,2
化妝箱,2
辭去,2
合迪,2
如銀行,2
作主,2
代耳機,2
吳靜芳,2
將驗證,2
滑動頁,2
其遠,2
走廊,2
林雅茹,2
貨運有,2
關於機票,2
訪費用,2
電指導,2
貼文求,2
最後證明,2
撤櫃,2
跨出,2
遊樂場,2
剩餘金,2
一樣給,2
再教,2
無憂貸,2
最後借,2
面訊息,2
沙哈,2
稍後接,2
應進,2
比分,2
失價值,2
環寶家,2
我後將,2
花媽,2
林正華,2
雅門市,2
整新,2
溪坪,2
現金向,2
中美街,2
覺得門檻,2
必警覺,2
南門路,2
星卡,2
牌料,2
三成新,2
時換,2
余生,2
繳課,2
隨後按,2
卡入,2
鳥階段,2
獲利等級,2
再多加,2
午緣,2
其是,2
看系統,2
或現,2
林淑華,2
只購,2
數後驚覺,2
偉澤,2
去冬,2
山郵局,2
剩看,2
要睜大眼,2
比帳,2
標福袋,2
以後會後悔,2
李歐,2
谷海無涯,2
朱逸薰,2
感謝文,2
數遭,2
阿蘭,2
之人約定,2
中遲,2
卡準備,2
調節,2
逮個,2
開通國外,2
帳號領,2
問富邦,2
有群,2
運速運,2
尚晉,2
佳萱,2
做期,2
開具,2
合伯金庫,2
建议,2
需謹,2
可連本,2
涵蓋,2
群確,2
埃里克,2
幣代,2
最後他還,2
確保會員,2
活動覺,2
區貼,2
班上,2
著戴,2
項須,2
威尼斯人,2
雄稱,2
區和順路,2
開後為,2
同學確,2
新團隊,2
人話,2
不放棄,2
商告訴,2
某站,2
駐金,2
自元,2
搶房,2
這哪門子,2
還很客氣,2
總共收,2
稱晚,2
倫敦金,2
氣介紹,2
萬客,2
象棋,2
三萬至,2
溪頭,2
我待業,2
琳涵,2
間點,2
獲利想,2
並又有,2
滿穩,2
錢放著,2
接廣告,2
發發,2
入個,2
人主動密,2
還說加,2
決金流,2
稅和,2
華語,2
公安部,2
中獎並,2
盛門市,2
領袖,2
騙報,2
希臘,2
淚俱下,2
還不厭,2
兒女,2
李凌月,2
損失令,2
中埔,2
領中獎,2
飛飛,2
郭雨,2
假傳票,2
破狗屋,2
王夢雯,2
上雲霄,2
創和聯合,2
寶哥,2
助款,2
之時,2
因以,2
之醫院,2
徐珮郡,2
該員工,2
安捷,2
中陽門市,2
用力,2
濕透,2
自言,2
自語,2
終於說,2
實轉,2
比利,2
不僅花,2
賣家拉黑,2
文宏,2
區平,2
友達,2
關代碼,2
過它,2
滿順,2
關燁,2
漏報,2
李小寶,2
完後想,2
講購,2
圈內,2
完認,2
針對網,2
連結詐,2
接接,2
狂發,2
要個資,2
圖及,2
自欺欺人,2
幾天後將,2
名對方,2
會廣告,2
別還,2
因台灣,2
貨物且,2
家後續,2
區隆,2
隨後又陸續,2
推手,2
號的幣,2
育風,2
卓瀚,2
填匯款,2
單之後就,2
吳應龍,2
管局,2
星耀雲途,2
高達十萬,2
這種後果,2
現驚覺,2
伍萬元,2
貼文一,2
補報,2
換務斷,2
洪賜馨,2
一徵婚,2
塗城路,2
小紅書及,2
金後可,2
開團購,2
礦機給,2
六樣,2
然後我還,2
很怪,2
假隊,2
電話後要,2
並於詐,2
西卡,2
還沒摸,2
抽獎換,2
還會秀給,2
日富邦,2
店員刷,2
林卉敏,2
廖佳浩,2
轎子,2
這軟體,2
乖孩子,2
主導者,2
媽媽加,2
鬼才,2
繳水費,2
戲論壇,2
並歸還,2
可分紅,2
待客,2
冤種,2
值班室,2
金棕,2
終驗,2
犯嘀咕,2
聊幾句,2
我薪,2
先臨櫃,2
贓車,2
幣至幣,2
曉鈴,2
聊合報,2
稱華展,2
始至本,2
承運,2
訓練台,2
我共計轉,2
場地費,2
錢鎖,2
資訊欄,2
瓊布,2
意當,2
心結,2
林佑哲,2
還說司,2
風吹,2
寄卡過,2
文買,2
萬則,2
財老師,2
李雪,2
之屋,2
再多存,2
更多詐,2
組群組,2
五六次,2
蔡佳蓉,2
誘導加,2
送貨至,2
顯與購,2
超靈驗,2
象進,2
林德街,2
街巷,2
富科,2
鑫泰,2
詳連結,2
區臥龍,2
鳳林,2
我後便,2
天閒來,2
萬盛,2
幫開,2
看餘額,2
自兄長,2
完後認,2
且然,2
音效,2
金手續費,2
黑箱,2
內交,2
數據部,2
樂桃,2
發黑,2
界外,2
凍費用,2
許錢,2
會毀,2
推特網,2
發過程,2
管及,2
對方後續給,2
他十萬元,2
謝絕,2
須簽屬,2
數開,2
教學給,2
獨角戲,2
條黃金項,2
束縛,2
問句,2
資訊蠻,2
看劇,2
一開場,2
重且,2
某車行,2
放上去,2
揚言若,2
繳清稅,2
前攜帶,2
顆粒,2
保麗龍球,2
父師,2
之後訂,2
問長,2
祖先,2
遨遊,2
海期貨,2
證騙,2
孫立輝,2
方同,2
親吻,2
還有問,2
連假過,2
事導遊,2
之業務員,2
查理,2
葉冠妤,2
遺失且,2
扔然,2
發的文,2
阿忠以,2
人繳,2
人婉婉,2
婉婉所,2
出貨及,2
賣小鷹,2
鯊小妤,2
何醫師,2
邱姐,2
時感覺,2
當家,2
專確,2
區台,2
年合約,2
周末,2
認後發,2
博勳,2
怪不怪,2
曾委,2
繳納擔,2
傷得,2
真快,2
輕人換,2
停課,2
筆紅利,2
所開,2
合約款,2
邵華,2
之後申,2
她嚇,2
幫人穩,2
鋪聯,2
語欣盤勢,2
董某,2
劉紹,2
許子,2
洛漢,2
築夢領,2
帳後發現,2
終說,2
得模,2
阳光,2
玫華,2
聯誼配,2
牽紅線,2
景生,2
貨對方,2
時後再試,2
詳之詐,2
歐陽志遠,2
郵品,2
皮名,2
內空,2
氧水,2
事餐,2
資代辦,2
家興奮,2
隨者,2
國外給,2
金後至,2
人犯,2
數通,2
戶頭轉,2
郁郁,2
成約定,2
就業網,2
寫後該,2
皮套,2
先輸,2
全身而退,2
外網,2
豐商,2
卡必須,2
矩陣,2
王喜,2
卡取,2
區東橋,2
帳密作,2
家慈,2
渠信,2
給總監,2
方傳連,2
訪潛,2
結資金給,2
證個資,2
堆高,2
其性,2
繼續理,2
修廠,2
取貨員,2
背個,2
房東約,2
資一,2
雙方來,2
方廣告,2
冰種,2
擔心領,2
開後填,2
有二筆,2
異後致,2
照進,2
法安撫,2
隔閡,2
湘榆,2
行文,2
商務辦,2
徵換,2
華盛,2
夢魘般,2
菜商,2
地陳述,2
當與,2
大悟,2
所產生,2
合理化,2
勳金,2
仟禧珠,2
單分,2
碼詐,2
戚關,2
楊靈溪,2
李毓雯,2
蕭強,2
開永豐,2
將代購,2
分刷,2
速代,2
問租賃,2
敏兒,2
聯雷堂,2
完條碼,2
小酒,2
體不適,2
建賣,2
文以,2
營個,2
透明性,2
著可愛的,2
許願池,2
對方錢,2
單品,2
始祖,2
沒壓力,2
故先將,2
代寫,2
以貝殼幣,2
張貝殼幣,2
嘍尼尼,2
然後重頭,2
梨子,2
給負,2
將去,2
單請,2
因繳,2
電競裝,2
備庫,2
眼前利益,2
集團教,2
政德,2
生就,2
冠驊,2
但承諾會,2
上邊,2
紙時,2
潦倒,2
內會還,2
自個,2
過程講,2
連睡,2
隨後誘導,2
獎金快,2
這一萬元,2
何麗玲,2
當我才,2
因為剛,2
轉買,2
過後他,2
載後便,2
額獎,2
王俊仁,2
主私,2
碧勝,2
不明智,2
小佳妮,2
智富鑫家,2
邱小婭,2
地產有,2
轉交至,2
如不繳,2
該續,2
未抵,2
需輸,2
稱陳志強,2
次換,2
商永臻,2
小絮,2
安管,2
舊電視,2
珍寶,2
還擺出,2
稱維,2
將畢生,2
凶神,2
惡煞,2
肖想,2
發疼,2
無頭,2
張雅燕,2
性產,2
平川,2
於賴,2
檸檬上,2
終於開始,2
道德,2
沈玟,2
設計下,2
酷嫻兒,2
突顯,2
掠過,2
陳淑涵,2
並戴,2
設弱,2
並幾次,2
林星,2
著盜,2
傳給線,2
課課,2
鋒賓,2
故金額,2
面線,2
位民眾,2
許智傑,2
當我事,2
一则,2
欣慈,2
告诉,2
资金,2
开始,2
进行,2
活动,2
电子,2
随后,2
所谓,2
看些,2
證等個,2
署委,2
直球,2
影及,2
挖個,2
潘亞楠,2
上尉,2
滿分,2
公用,2
吳立仁,2
秉諺,2
秉諭,2
忘錄,2
老爹,2
過廣告,2
沒實現,2
公子,2
芯動,2
應後才,2
截並,2
投好,2
超嚇,2
經隱約,2
之人致,2
購買證,2
稱換幣,2
澄澄,2
我大學,2
吳政昌,2
吳錦書,2
學社,2
問後他,2
路痴,2
翔耀,2
問機票,2
劉郅,2
佳茂門市,2
國昌,2
先表誠意,2
過凱,2
台灣虎航,2
晓月,2
金矿,2
波蘭,2
進口商,2
博通,2
超夢,2
價格絕,2
遭渠,2
教學並,2
當後來,2
裝為,2
伪装成,2
遠超過,2
心驅,2
每筆款,2
終於能夠,2
誤陷,2
任務後會,2
我年紀,2
清秀,2
須先以,2
時家裡,2
項能夠,2
機價格,2
人變,2
資格會,2
萌趣,2
溫屋,2
好利來,2
小陸,2
上穩,2
實際名,2
片至,2
微珊,2
地匯給,2
悔得,2
最後現,2
勳章,2
制定,2
從兆豐,2
區透過,2
張正偉,2
亂入,2
集乳器,2
購買玉鐲,2
透彩,2
投大筆,2
缺錢繳,2
職業欄,2
詳細洽,2
免費物資,2
杜佩蓉,2
會連結,2
日之後對方,2
上花,2
濕氣,2
萬改,2
劉正國,2
許還能,2
跟江,2
超殺,2
頭比,2
財應,2
戰車輛,2
有多達,2
師陪,2
買取,2
超展,2
動費用,2
芋圓,2
熱情問,2
付得,2
犯洗,2
灣粉,2
回傳訊息,2
心杯,2
西港,2
買家應,2
東龍門市,2
購物台,2
生者,2
蕭旭,2
將親,2
詳細查,2
學學,2
鐘裡,2
關幫,2
藝文特區,2
大有區,2
給小黃,2
並關心,2
保卡去,2
元計算,2
事後親,2
科之人員,2
稱員警,2
簽借,2
貸契約,2
芯語,2
文拍,2
方東西,2
萬念,2
並始,2
改好,2
商討好,2
事業務,2
測距儀,2
上東,2
邱姓,2
曾試,2
並視訊,2
當日當,2
飯鍋,2
新門,2
並互留,2
股價會,2
手機用,2
估為,2
樂蘭,2
他牌,2
裡當時,2
輝給,2
東榮路,2
阿雄稱,2
方尚,2
信邦,2
錢產生,2
隨後跟,2
社區興,2
社街,2
社門市,2
還沒太,2
慘到,2
水情,2
不細,2
好戲,2
且門票,2
兌付,2
面暱,2
繳交貨款,2
點後,2
開通遠,2
洪元生,2
外拍,2
原廣告,2
名義用,2
借房,2
還臨櫃,2
搶下,2
談中,2
以其手,2
廖老,2
張尊榮,2
王文彬,2
李建輝,2
戶以,2
神農路,2
旁停,2
嘉伶伶伶伶,2
費實,2
社社團,2
壁癌,2
幾許,2
李嘉,2
盜號,2
林凱翔,2
投資供,2
邱詩南,2
記時間,2
手機線,2
來入,2
新雨,2
筆電快,2
組規定,2
先期,2
豐沛,2
項後就將,2
機相關,2
新鮮感,2
謝震豪,2
震豪,2
借錢過,2
要果,2
裡超級,2
最後分,2
電速,2
如金,2
台東市,2
獎品訊息,2
自稱陳數,2
臨刑責,2
根據網,2
著溫,2
題產生,2
切忌,2
相當熱,2
當承諾,2
機始,2
各以,2
劉漢生,2
這耳機,2
餐台,2
帳戶觸,2
出貨且,2
問帶,2
柯玉良,2
大憶,2
衝人,2
林福賢,2
心欲絕,2
畫冊,2
經親,2
感情生活,2
斗大,2
台灣人,2
簽立托運,2
芝芝貓,2
江哥,2
單完,2
上策,2
給電信,2
漢祥,2
裝無辜,2
圖騙,2
然後傳訊息,2
碧潭,2
高價珠,2
無效門票,2
確保中,2
象加,2
終是,2
無法面,2
入金越,2
最後幾個,2
機會進,2
俊毅,2
中星,2
筆便,2
分委,2
商合,2
卡後並,2
安立,2
時網,2
出銀行,2
制性,2
對方定,2
有持續,2
追夢人,2
其大學,2
搜尋英國,2
人約,2
鄭友仁,2
南灣七區,2
旅夢成,2
猝不及防,2
駿告訴,2
俞俐安,2
佩佩豬,2
深表同情,2
詩妤,2
宏基,2
小媚,2
小飛,2
姬物語,2
洪瑀,2
幣機器,2
之幣值,2
跌來,2
以後出,2
車在,2
貨就會,2
一役,2
小惡,2
吳錦華,2
小珍,2
雷一樣,2
腳冰涼,2
林紫欣,2
吳民擔,2
火符,2
木門,2
心時,2
賣家店,2
昆蟲館,2
給我為,2
裡很高興,2
失錢財,2
何男,2
以貨運,2
提議將,2
春子,2
漲勢,2
分利費用,2
第香里,2
最後變成,2
跑不掉,2
劉詩,2
購耳機,2
廳簽,2
為婉歆,2
商湧,2
雄心,2
刑大用,2
處份,2
之靈,2
財務術語,2
違規過,2
給同學,2
淘宝,2
韓涵,2
發明,2
千斤,2
工場,2
陽跟,2
進購物,2
測試過,2
車旅,2
股指,2
費抽獎,2
定制,2
麗秋,2
仍稱,2
自實,2
此時心,2
範疇,2
買家進,2
超收,2
隨後威脅,2
親友行,2
絕不貿然,2
方後雙,2
卡訊息,2
問產品,2
客戶訊息,2
別項,2
周紋,2
小紅臉,2
日又轉,2
經買家,2
太流暢,2
證三大,2
錢千萬,2
簡直慘,2
大興,2
更多入,2
柔語,2
會寄給,2
出金密碼,2
李點擊,2
遊玩該,2
今後應,2
李聽信,2
順利加,2
配人員來,2
林雨雯,2
林兒,2
當響,2
台港澳,2
上成,2
音問,2
永遠銘記,2
入場費,2
清才,2
本所報,2
稱其個,2
存折,2
休閒鞋,2
要存,2
祥瑋,2
冥郎,2
要犯,2
孫郁薇,2
概率,2
中電話,2
楊特助,2
李哲議,2
行網,2
分依詐團,2
共二筆,2
筆共轉,2
水槍機,2
其關,2
賴後,2
我性,2
阿駿,2
公屏,2
元販賣,2
盆景,2
彭民,2
收貨付,2
很欣賞,2
吳興俊,2
搞垮,2
周研希,2
老哥,2
嗡地,2
給小徐,2
證金予,2
繳納及,2
蠶食,2
嘍趕,2
有路,2
聖地,2
輕而易,2
舉地,2
隱藏版,2
還一點,2
市續,2
美妍,2
碰壁,2
一探,2
買越,2
牌友,2
而斷,2
棋棋,2
人共計,2
財務資源,2
電真,2
進而騙,2
音帳,2
摸牌,2
前後行,2
辦一組,2
門號剛,2
這組門號,2
請到,2
換幾萬元,2
方門市,2
菲看,2
潮學院,2
台幣代換,2
自會員,2
臉書進,2
勢幣,2
先不繼續,2
內處,2
鑫鑫,2
還幫到,2
張雅芬,2
還賠光,2
並穩,2
郵寄資料,2
方所詐,2
許星藝,2
稍後處理,2
裘步霆,2
蛇行,2
卡拿給,2
沒獎,2
問黑貓,2
剪掉,2
將手頭,2
銅線,2
進行網,2
石交給,2
禮物金,2
操著,2
廖楚翔,2
然再,2
位林,2
半價購,2
後則,2
但長,2
殺手,2
問吳,2
案人認,2
員語,2
超標,2
若談及,2
額頭,2
地填,2
運驗證,2
請核,2
貨幣幣種,2
前後繳,2
購買統,2
魏嘉瑩,2
銀一查,2
南方澳,2
李鳳娟,2
確多,2
她親,2
辦理線,2
點入後頁,2
導報,2
人林女,2
發當,2
遊玩遊,2
經驗來,2
隨後決,2
飆到,2
方此,2
深藍色,2
中不會,2
的圳興橋,2
還又,2
兒時,2
內寄達,2
事後追討,2
谷楓界,2
張十萬元,2
還擬,2
當接,2
並隨後將,2
洛克,2
海音城,2
淋到,2
語桐,2
改提議,2
楊淑萍,2
轉帳過,2
信後就,2
喜極,2
詢問款,2
張永遠,2
魏芯,2
誘人話語,2
給小曾,2
恨意,2
老師詢,2
職會,2
聯絡賴,2
寶信,2
總計損,2
工接,2
獲保險,2
轉金額,2
其員工,2
時相約,2
機後鏡頭,2
刮傷,2
我之國,2
氣喘,2
發牌,2
萬元開,2
審核單,2
取牌費,2
電叫,2
發牌費,2
普拿疼,2
正猶豫要,2
自寄件,2
娛樂遊戲,2
娛樂遊,2
林曉慧,2
信轉,2
卡拍,2
這次會,2
易飛,2
淡然,2
這一突,2
楊承晉,2
一結,2
束訊息,2
國泰世華辦,2
跟理專,2
名義慫,2
商銀及,2
土雞腳,2
吳力凱,2
批土,2
海鮮產品,2
托電子,2
正販售,2
貨幣個,2
問電話,2
師加,2
君薇,2
櫻桃樹,2
文璟,2
馮澤鑫,2
蕭程杰,2
之後怎麼,2
賴婉瑜,2
屏路,2
收貨物,2
櫃員察覺,2
曉妤,2
向名,2
先跑,2
意退,2
李同學,2
並至櫃,2
瑪特賣,2
認與,2
網錢,2
多層次,2
稱靈,2
犀金,2
楊宗富,2
葉面,2
賣家達,2
邱婉瑩,2
特魚,2
影開箱,2
周庭志,2
獨自承擔,2
始可出,2
力華,2
小卡交換,2
買區,2
著襲,2
圖詐,2
曲棍球,2
蔡明恒,2
下錄,2
確進帳,2
勞前,2
期貨穩,2
地觀望,2
過眼雲煙,2
衝更高,2
購買量,2
釣起,2
來的魚,2
偉文,2
中紅包,2
獎紅包,2
警員撥,2
給小呂,2
疑竇,2
方無回,2
查證個,2
尾會,2
治聊師,2
並徹底,2
自遊戲,2
李傅,2
設人員,2
稍後款,2
死去,2
護身,2
自殘,2
靈符,2
遞進,2
裝可憐,2
莊春蘭,2
獎網,2
楊雨旋,2
簡民,2
包後續,2
可下,2
思語,2
引申,2
中才,2
音國際,2
當客,2
蘇英傑,2
他代練,2
隨後匯入,2
小衛士,2
偉恩,2
世暘,2
書商,2
證券業,2
共號,2
祁月,2
攀談線,2
稱祁月,2
網友委,2
商轉給,2
香涵,2
以後就用,2
借稱,2
購買空,2
並詐取,2
之空,2
並將空,2
德平,2
張向陽,2
敬超,2
張异豪,2
鳳山大東,2
項後稱,2
台灣櫃,2
便飯,2
然後又匯,2
買家設,2
無聊刷,2
之土,2
不言而喻,2
工發現,2
外補助,2
趁熱,2
藥春藥,2
迷藥春藥,2
辨法,2
嘉義興昌站,2
雯不斷,2
承告訴,2
不租給,2
名手,2
欣旺國際,2
欠稅,2
數則訊息,2
麻辣,2
財富社,2
生一絲,2
新熱血,2
萬交,2
名義繼續,2
推銷訊息,2
徐淑萍,2
黑皮,2
太熱心,2
給小王,2
最後錢轉,2
登記費,2
從小到,2
撞擊,2
運給,2
未然,2
聽後不疑,2
地去幣,2
張希瑤,2
獎的,2
課題,2
並未換,2
熱愛賽,2
談條件,2
財閥,2
奧爾森,2
包藏,2
禍心,2
郵寄了,2
投資虧,2
全速,2
並未委,2
當錢款,2
包至,2
彩芸,2
稱誤,2
翻錄,2
卡郵寄到,2
萬分後悔,2
渠因,2
僥幸,2
菜苗,2
買家表達,2
墮入,2
叫琳琳,2
假來,2
楊明忠,2
衝銷,2
民謠,2
將機,2
票務有,2
新視,2
野看,2
沒教,2
前在網,2
智偉,2
三明治,2
甚多,2
購買品,2
牌樂妙,2
嚇倒,2
這局,2
輸得,2
思媛,2
李科長,2
始到,2
果有,2
普照,2
開熱,2
炒店,2
菜色,2
雙方到,2
已新,2
這無奈,2
點這個,2
向國外,2
牽引,2
然後張,2
受災戶,2
捕到,2
夠讓,2
信後便,2
柯姿岑,2
集訓營,2
廖萬城,2
楊美蓉,2
李玟,2
親友司,2
一雄,2
轉銀,2
莊志祥,2
抽獎號,2
施冠佑,2
點進網,2
方的關,2
蔣義楠,2
完後傳給,2
見線,2
因輕,2
靈體,2
因台,2
幣換算,2
切身,2
誘人訊息,2
剎那間,2
用市,2
地儲值,2
武術,2
碎片,2
荒誕,2
將心,2
燈閃爍,2
朱先生,2
認貨物,2
惠及,2
卡共五張,2
隆富幣,2
調貨到,2
辦理爭,2
稱約會,2
並作驗證,2
福財智匯,2
區工學路,2
青雲直,2
超商重,2
當護理師,2
遛狗,2
語嚇,2
外債,2
遭國,2
超頻,2
超優質,2
吳琛琪,2
財騙色,2
張經辦,2
知美,2
上點入,2
小寶媽,2
以款,2
百萬虛擬,2
西亞觀,2
光局,2
之後寄給,2
發頻,2
這一威脅,2
當透過,2
討不回,2
包受,2
寄養,2
參加茹茹,2
門市繳,2
因過度,2
然後人員會,2
了過,2
文巧媛,2
當今,2
很淡,2
未償,2
緊要,2
聖義的,2
采薇,2
資金鎖,2
楊雯凌,2
並側,2
拍證件,2
好的關,2
電暖氣,2
李書善,2
發禮物給,2
父女,2
脫口,2
爸要,2
坑光,2
沒減,2
萬當代,2
分各轉,2
帳戶存,2
用七筆,2
點銀行,2
沒先驗,2
沒號,2
洪士傑,2
藝慧,2
右歸丸,2
樹遊戲,2
敷衍搪塞,2
簡俊瑋,2
張源豐,2
核驗費,2
前後共投,2
曲面,2
三線,2
著除,2
雅致,2
李致剛,2
玉汝,2
還四處,2
草率地,2
裡緊,2
獄裡,2
痛苦不堪,2
觀察站,2
陰影般,2
醒般,2
進而詐,2
語像,2
將會永遠,2
著財務,2
南美洲,2
說鍵,2
為準,2
高額擔,2
億台幣,2
做詐,2
意願金,2
簽稅務,2
他欲購,2
錦蘭,2
將出,2
禦外,2
顯華,2
結住,2
這組代,2
亮哥,2
從療,2
無貸款,2
李勝峰,2
淑英,2
完就贏,2
邱振巽,2
費付,2
港區,2
頭魚,2
顯示還,2
其交貨,2
鄉民,2
遇疑,2
竹聯戰堂,2
方極力,2
阿邦,2
龍裕成,2
現幣托,2
稱其會,2
恩德,2
勾選要,2
方後即,2
出勤,2
渠舅媽,2
必會,2
認購價,2
有塔位,2
定購,2
分間,2
富國路,2
張語,2
貪欲,2
取大額,2
詢員,2
投資羅曼,2
拉塔,2
希特,2
級園,2
辨識詐,2
這顯示,2
盛安,2
對兒子,2
然皆未,2
機展,2
售維修,2
負責辦,2
華道,2
大媽,2
如蝦,2
倫特,2
宗仁,2
家門,2
給企業,2
還盜領,2
成衣,2
筆共價值,2
張偉銘,2
但細,2
分紅利,2
建東,2
貨下單,2
理財技術,2
諾典,2
繳費入,2
紅蟻,2
領英,2
商業版,2
便代號,2
搶紅包,2
品慈,2
推什麼,2
發球機,2
詞語現,2
已經空,2
震得,2
滿著,2
歡聲,2
笑語,2
熱心腸,2
震個,2
專業級,2
差十萬,2
財務數,2
職日領,2
台灣元富,2
中遇,2
鑑賞家,2
蔡文雯,2
抽空去,2
地別,2
會外,2
莉婷,2
數然,2
讓售,2
靈境,2
名不詳,2
薪時代,2
完資料過,2
住手,2
玉璽,2
慢一點,2
好當,2
愛撿,2
皺起,2
可下載,2
故分,2
財富匯,2
夾等,2
萬因,2
網銀銀行,2
優惠誠信代儲,2
曉鋼彈,2
宙斯,2
分後就,2
文均,2
高富帥,2
連帽帽,2
筆將,2
充點數,2
專家們,2
手握,2
芝雅,2
區興安路,2
敬而遠,2
匕首,2
矯正署,2
富華,2
賣成,2
圖解,2
地自稱,2
樹孝店,2
火種,2
方詩涵,2
林微,2
小愛老師,2
以讀,2
蓄化,2
對書籍,2
免費且,2
莉穎,2
獲利前,2
起出,2
將代墊款,2
尋到,2
方頭,2
日未,2
張偉謙,2
無借,2
元元,2
安欣,2
摧殘,2
熱愛車輛,2
購後保險,2
桿及,2
商黎安門市,2
還口頭,2
裝不上,2
出損,2
犯發,2
碼掃碼,2
向元,2
盡到,2
財產時,2
经理,2
周朝,2
然後輸,2
懶骨頭,2
通告,2
父親將,2
當凌絕,2
江程,2
細資料,2
獎金屬,2
人帥,2
大款,2
弘光,2
下白,2
詳有,2
這幾天後續,2
著身,2
劉欣穎,2
來安穩,2
搶貨,2
經歷後搖搖頭,2
男不疑,2
意承認,2
黃翊庭,2
分入,2
辯說,2
這很明,2
只急,2
出層,2
層詐,2
痛打,2
暢玩遊戲,2
柔順,2
地處,2
理著,2
越快,2
蘇葉榮,2
中空,2
轉回幣,2
愛做,2
還沒入,2
碼入,2
投資訣,2
頂端,2
應審慎,2
假購,2
故銀行,2
方討要,2
試別,2
竹資訊,2
打什麼,2
內後離,2
款時,2
筆未經,2
李芊婉,2
連祈助,2
續民眾,2
歐洲貸,2
戲店,2
標為,2
會事務,2
心愛,2
搖了,2
收購商,2
實獲,2
小源,2
分告訴,2
做公關,2
銀行須,2
高平,2
裡也要,2
期間將,2
甚久,2
交際,2
稱霸,2
關懷體,2
常會用,2
資金後再,2
第一瓶,2
價太多,2
申靜懿,2
優惠連結,2
東方隆,2
這兩天會,2
汽缸,2
布魚,2
專家加,2
圖豹,2
吵醒,2
方怕,2
愛大甲,2
對方帥氣,2
服務連結,2
存戶,2
阮實力,2
商到,2
過給,2
大破財,2
問聯邦,2
財富智,2
選聯盟,2
芬所,2
卻須,2
一時誤,2
客棧,2
康爾喜,2
上後離,2
服務會,2
男裝,2
洗積分,2
齊後再,2
世錢,2
歐仕,2
話並,2
品齊,2
電路板,2
審核並,2
事報,2
告給,2
先懷疑,2
砂石,2
日加碼,2
八四,2
宜蘭冬山,2
鍋見面,2
叫湯,2
還嫌,2
永樂路,2
但取,2
貨相關,2
執業,2
張欣茹,2
龍雲之人,2
還且,2
因之後要,2
對方照,2
將我約,2
以以,2
能過,2
林寶玲,2
何佳雯,2
毫猶豫,2
沒價值,2
藝貞,2
蔡俊彥,2
了魚,2
探險者,2
著往,2
傭金時,2
辦三個,2
另購,2
諺詐,2
石碑,2
李皓,2
點下訂,2
調過,2
施暴,2
內開始,2
從則,2
周皇仁,2
商溝通,2
獲利太少,2
造船,2
大尾,2
利奇,2
運是,2
戶詐,2
經理確,2
不太玩,2
元超,2
記得加,2
暢聊,2
筆共匯款,2
團發,2
海巡,2
方所留,2
健保卡作,2
之買,2
並觀察,2
集安,2
獨居,2
一則民間,2
郭雅婷,2
這正,2
包詐,2
余仁豪,2
小琳姐,2
張太妍,2
衝廣告,2
女稱,2
還公開,2
萬多飛,2
沈寶珍,2
樹哥,2
新的給,2
梅酒,2
龍股,2
譚專員,2
太苦,2
稅務費用,2
挑選禮物,2
先送貨,2
永遠別,2
吸鼻器,2
感到痛苦,2
並隨著,2
王錦風,2
林曉婷,2
將頭,2
沒住,2
他須,2
華褒,2
然後顯示,2
因無現,2
同學林品,2
並向本,2
上等級,2
許多民眾,2
儲簿,2
並離,2
方離,2
帳叫,2
許哲瑋,2
發該,2
會員點數,2
自雲林縣,2
高檢察官,2
裡面經,2
既慶幸,2
點困難,2
帶會員,2
玄以,2
遭自動,2
網站衝,2
遞連,2
寄驗,2
方大約,2
當畫面,2
元紙,2
顯得過,2
詢發,2
推椅,2
楊芷晴,2
領群,2
日桃園,2
單向,2
市中華路,2
微翔,2
一摸,2
能攔,2
贈物母,2
連號票,2
始試,2
李仁峰,2
同好社,2
那興奮,2
機到貨,2
地壓,2
但字裡,2
徵著,2
茹彤,2
成無盡,2
事將,2
台幣予,2
當提,2
中需,2
往來過,2
王晴,2
區哈爾濱,2
確實給,2
視訊確,2
萬元卡,2
宛渝,2
文求購,2
貓劍客,2
現林,2
灰白,2
輕便,2
視訊前,2
忠義堂,2
態度強,2
傳來略顯,2
一個午,2
然後後來,2
作門市,2
苦悶,2
人員聊,2
包賠,2
隆亨,2
購代銷,2
發賣,2
將贈,2
當公關,2
挑選禮品,2
集團席,2
負貸款,2
詢發現,2
貨被,2
為國際,2
著觀望,2
獲得豐,2
漸趨,2
要離,2
職司機,2
法產生,2
問獲利,2
關廟區,2
失物,2
漫畫店,2
我子,2
無審查,2
很受,2
至民國,2
天錢,2
二萬伍,2
跟暱,2
般擊,2
一絲線索,2
般纏,2
走訪,2
上漫,2
師斌,2
家澤,2
頓飯,2
領取業,2
精蟲,2
劉詩琳,2
為贓款,2
財運及,2
賣太妍,2
價資訊,2
之戀,2
商委,2
羽岑,2
鄰居吳,2
給中華,2
內營業員,2
李允欣,2
中山南路,2
日暱,2
區空,2
今向,2
富士通,2
未多想,2
一如既往,2
牆處,2
遊戲驗,2
大廠,2
幣經,2
張曉薇,2
這社,2
還多花,2
張麗華,2
語現,2
跳起,2
愛犬,2
辭太過,2
小德,2
傳圖給,2
確被,2
瑪莉,2
中墜入,2
行任,2
詩珈,2
塔羅之境,2
防範假,2
尤民,2
地產生,2
跟進,2
事後逐漸,2
報警來,2
將餐,2
張凱博,2
敢衝,2
誘惑給,2
采昕,2
威望,2
為陽陽,2
屏蔽掉,2
大眼,2
獎應,2
劉嘉琳,2
方未出,2
蕭媽,2
討借,2
行股,2
要外,2
私對方,2
並無餘額,2
之後雨,2
確保入場,2
為大陸,2
會員會費,2
天王星,2
金育,2
富門市,2
萌寶樂園,2
餐盤,2
投資後確,2
沒退還,2
送貨到,2
沒點過,2
拍圖,2
出爐,2
鋼管車,2
三只,2
張露,2
露營椅,2
等額,2
師將,2
之過,2
時進,2
加犯,2
現下,2
幫忙代領,2
瑞頤,2
主叫,2
我加友,2
及酬,2
已入帳,2
中統,2
花市,2
處事,2
失過,2
區維,2
如介紹,2
強棒,2
可任意,2
機小,2
局假,2
當該,2
畫來,2
對約會,2
形的網,2
漢良,2
紙落,2
師不斷,2
寒冰,2
苦水,2
意大利,2
比遊戲,2
飢渴,2
價格略,2
七街,2
產檢,2
聯絡民眾,2
將補助款,2
機況,2
照例,2
梓琪,2
果林,2
販售帽,2
要舉,2
面會時,2
會人,2
投資關,2
福運,2
蒼芎,2
張伯偉,2
熱愛者,2
悻悻然,2
名義陸續,2
缴納,2
進度條,2
其實層,2
小淋,2
時緊,2
時不經,2
悅子,2
台耀,2
方不像,2
抽大,2
更多來,2
之多個,2
遭惡,2
敗家群,2
認後告訴,2
由導致,2
並於超,2
購買物,2
我耐著,2
遠行,2
統統,2
此單,2
柏傑,2
帳解鎖,2
馨歡,2
蘇宥蓁,2
奇想,2
秋菊,2
移動屋,2
屋成,2
先睜大,2
節驚喜,2
絕無,2
數錢,2
故宮,2
購買熱,2
開放少數,2
小紅書會,2
驗證代碼,2
隨時諮詢,2
擺飾,2
通稱,2
給貓,2
組裡還,2
遲未入,2
保及,2
麗婷,2
時任,2
繳方,2
真轉,2
跳表,2
阿華還,2
十幾趟,2
筱妍,2
噗通,2
我花光,2
少有,2
被延,2
缺遊,2
麗敏,2
小折,2
地察覺,2
林大哥,2
詞像,2
閃現,2
還手機,2
我在遊,2
開通返,2
知後驚覺,2
范品,2
典仔,2
名義網購,2
假貨網,2
無多餘金額,2
崔然竣,2
其選購,2
美學診,2
各半,2
金融界,2
凱洋,2
腹肌,2
買賽,2
隨其,2
稱智付,2
區建興路,2
小道消息,2
轉這麼,2
並指,2
吳濤,2
當衝,2
高勝,2
率當,2
研習部,2
白水晶,2
問驚覺,2
三性,2
跨女,2
南門,2
將該車,2
嫌盧,2
許美琴,2
彭映,2
將與,2
征途,2
總轉,2
購買台,2
投資學員,2
我大兒子,2
概況,2
純銀,2
王建雄,2
一訂,2
並隨後進,2
著回,2
騙千萬別,2
夢馨,2
工資及,2
許慌亂,2
抽離,2
我語,2
網拍會計,2
比單,2
比市場,2
保租約,2
需跑,2
麥城,2
給宅配,2
站連,2
方先要,2
單後傳,2
這鬼話,2
豪宇,2
坑成,2
這平,2
沒轍,2
洛奇,2
擊網,2
廢車,2
數鈔,2
林莫南,2
術費用,2
續期,2
隨後楊女,2
將蔣,2
義南,2
遭婷,2
罪告訴,2
單微店,2
筆中,2
楊曉琳,2
我事後驚,2
幣因,2
單貨,2
品衝,2
最後成,2
楊芯雯,2
禮儀社,2
飛的魚,2
前後後共匯款,2
不僅令,2
項活動,2
項獎品,2
發錢,2
曼莉,2
之後贏,2
您轉,2
天陽,2
僅僅過,2
機趕,2
資料後並,2
檔卡牌,2
訴對方,2
運獲,2
著異國,2
風情,2
財投資,2
孤注,2
一擲,2
冰錐一樣,2
聽見,2
稱輸入,2
包餘額,2
記重,2
田順榮,2
台鐵,2
郭政佑,2
調頭寸,2
終於幫,2
坐椅,2
雨山,2
騙徒會,2
小請求,2
狂暴,2
獨領,2
風騷,2
鐵牛,2
金珠,2
寶等物,2
台加,2
細結,2
國豐,2
劉淑怡,2
鷹架,2
燃點,2
山雀,2
這一異,2
將大,2
為代客,2
尋車,2
定現,2
圖通過,2
鋼材,2
雞舍,2
改線,2
蔡漢中,2
億鼎,2
語塞,2
動滋券,2
半會兒,2
姿瑜,2
連渣,2
最後商議,2
那電話,2
邪門,2
這專員,2
張柏霖,2
伙加,2
這騙子,2
單凍,2
匯馬來幣,2
次元,2
販賣賽,2
郵政手,2
雅文要,2
給虛擬,2
理掛,2
張寶盛,2
姚森,2
飛航店,2
王齊麟,2
文華街,2
或平,2
愛在網,2
邊走邊,2
愛刷,2
上應,2
連家裡,2
網銀確,2
多大,2
不會犯,2
保對,2
萬變,2
怂恿,2
號就能,2
鄭淋木,2
那枚,2
信中稱,2
承諾開,2
有權,2
自高雄,2
務代,2
鋸齒,2
動動手,2
付處理,2
以若,2
通港幣,2
自粉,2
末年,2
無援,2
獎金待,2
主持公道,2
密關,2
我近,2
並不時,2
戚經營,2
沒標,2
最後一會,2
講步驟,2
施黃,2
英介紹,2
已經重,2
蘇林兴,2
然後登入,2
描該,2
有無現,2
幻化成,2
宏光,2
曬圖,2
費煩,2
羊奶,2
夏恩英語,2
這喜悅,2
前後共花費,2
筆地匯,2
獲利裡面,2
權轉,2
稅繳,2
獎頁,2
小浩,2
新如,2
小亮,2
畫裡,2
登不上,2
胺基酸,2
模及,2
香師,2
共與幣商,2
小陳依,2
投資均,2
卡導致,2
女兒吳,2
多發,2
並說給,2
網售,2
賺利,2
債務關,2
鄭喬貞,2
李可欣,2
會會款,2
悔並,2
銷售訊息,2
損貨物,2
手手機,2
則為,2
經傳過,2
埤頭分,2
訂購過,2
和理,2
騙購,2
李金來,2
當確,2
魏女,2
地線,2
領薪資,2
曉怡,2
裡暗,2
服務協定,2
噴出,2
心裡邊,2
手賤,2
大手,2
上場,2
創員工,2
大藥廠,2
視線裡,2
戶購,2
未即,2
警才,2
之詐團,2
沒解釋,2
則抽獎,2
將見,2
稱門號,2
師大,2
卡數,2
購得點,2
最後警覺,2
抽得,2
清境,2
臉書廠,2
取會,2
有率,2
取過,2
率取,2
補一單,2
選電,2
收貨為,2
之後期,2
意願且,2
將五,2
貴婦票,2
雙人票連,2
克拉克,2
拉克拉,2
欺人頭,2
為史,2
出剛,2
連學校,2
偉老師,2
輪椅,2
丰的,2
車迷來,2
多夢幻,2
買衛,2
賣衛,2
萬元應,2
存別,2
徐凱德,2
這機型,2
貨清庫,2
連那篇,2
而徹,2
底毀,2
師時,2
劉軒詩,2
楊政,2
給繳,2
確像極,2
我切膚,2
楊興羽,2
面尋找,2
小朱,2
朱玉婷,2
朝牌,2
裡的畫,2
面光,2
椅界,2
明寄卡,2
終於能給,2
誘惑會,2
林唯雅,2
還沒喘口氣,2
曹興誠贈,2
又悶,2
斯沃琪,2
轉線給,2
千萬洗,2
詩晴,2
因送,2
買十組,2
周信,2
鎏金,2
故舉,2
出所,2
假親戚,2
心態給,2
其拉黑,2
淘寶開店,2
素玲,2
繳費後資,2
故轉帳,2
網全台,2
連假時,2
市車行,2
內諮詢,2
文書及,2
車子還,2
將紙,2
水閥,2
沙金,2
滿贈,2
射票,2
發及,2
半度,2
微涼,2
貨快,2
戴亦茹,2
協議費,2
繳處,2
林怡欣,2
竟給,2
彭德踝,2
張雯雯,2
心裡始,2
做菜,2
許永遠,2
李對,2
晚班,2
聽後感覺,2
滿一個,2
人員始,2
貪圖票,2
參與後有,2
黑毛,2
網進行,2
保鮮盒,2
財富來,2
最後共計,2
東西剛,2
無下,2
網球場,2
何文斌,2
財主,2
保小芸,2
鄭紅艷,2
當下基,2
暫居,2
邱淑貞之個,2
夠開,2
通此,2
鑫魚,2
池門市,2
銀行平,2
土星,2
李晃興,2
闲鱼,2
胡桃,2
牛詐,2
一會期,2
區育賢路,2
活館,2
女益共築,2
對方承諾以,2
王慧萍,2
嘉理,2
郭冠緯,2
書店,2
元繼續,2
偉宏,2
中承諾會,2
解結,2
貨運人員來,2
金源,2
建路,2
商六工店,2
銳鑫,2
張民因,2
雙方後用,2
及怕,2
不給辰,2
儒傭,2
依駕照,2
其小紅書個,2
楊芯,2
八支,2
盜回,2
錢變,2
賀偉平,2
方拉黑,2
即購,2
代幣給,2
手腳慢,2
承銷,2
張容琦,2
捕光,2
投資後穩,2
熱愛電,2
觸控,2
萬元學費,2
歸宿,2
譴責,2
計著,2
承諾多,2
菲國,2
異圖,2
暖爐,2
徵一組,2
會守,2
客區域,2
隨即問,2
賣直,2
筆拍,2
立法,2
與惠雯,2
為劣,2
質品,2
方獎,2
利創幣,2
晨翔幣商,2
連結後以,2
服務換,2
送時,2
新青安,2
傳兌,2
截標,2
競標者,2
說大師,2
邱語彤,2
劉學淵加,2
自高處,2
下重,2
傷並,2
遺產有,2
水大師,2
遺產及,2
將捐給,2
裡又,2
劉宗憲,2
並先後透過,2
許俊安,2
王紹庭,2
眼藥水,2
張錫銘,2
爆蓮王,2
亞達伯拉,2
王成東,2
劉誠浩,2
一經,2
第一封,2
元致,2
定載,2
之後誘,2
導加碼,2
李佳鴻在,2
李佳鴻語,2
您還,2
虛假購,2
忍淚,2
精等,2
先駭入,2
宋民,2
隨著聊,2
賣家代購,2
儀發來,2
儀詢問,2
至裡頭,2
溜出,2
創鼎,2
更換成,2
簡訊識,2
認薪,2
貨運取,2
單耳機,2
機等,2
現金怕,2
楊婷慧,2
當我剛,2
群組為,2
確無法,2
以俗,2
顏品,2
八珍,2
對方的頭,2
客會,2
茶道,2
事現,2
徐沛欣,2
內部關,2
浮起,2
國豪給,2
標區,2
拉利車,2
叫賴文,2
及米,2
少匯,2
組區,2
幣乙太坊,2
超狂,2
現地賞,2
行黃金,2
當賣,2
雨琳,2
稱夢玲,2
稱富遊,2
認識費用,2
詞地,2
凱澤,2
三面,2
換東西,2
這才確,2
認卡,2
收售購,2
一此,2
股資,2
當網友,2
新昌,2
許多粉,2
林亦珊,2
蘭恩,2
分即,2
連結連,2
假中華電信,2
結後換取,2
共輸入,2
發劉,2
熊向,2
選約會,2
帳無法,2
需知,2
喬昊然,2
君張,2
驚喜變,2
總林,2
去員山,2
別誤,2
網賭,2
方先匯,2
砂金,2
諧樂,2
大典,2
流交貨,2
如人,2
保為,2
還聲明,2
通進,2
幣轉換,2
天之俊,2
隨後便給,2
寶錢,2
感覺機,2
李義川,2
峽太門市,2
王浩,2
還金流,2
名動,2
漸沉,2
雅欣給,2
迪拜,2
搖擺,2
玩一個,2
猛烈,2
將時間,2
倒退,2
煩意,2
並發布,2
行屍,2
就秀出,2
帳密予,2
價優惠,2
搶票機,2
開始線,2
俟後經,2
共留,2
餘篇,2
酬勞為,2
當我欲刷,2
萬亦遭,2
網家線,2
並僅,2
十一月份,2
以後發現,2
遭已,2
風險過,2
這跟當,2
損過,2
社團當,2
佳蓓,2
時晚,2
資洩,2
渠出,2
德勤,2
林哲薇,2
寶網路,2
隨後也用,2
夜鴉,2
便款,2
經由賣,2
項向,2
框中,2
代俱樂部,2
音樂拾,2
楊警員,2
門診,2
經發,2
茂昌,2
打費用,2
還相當,2
體脂計,2
拆帳,2
羈絆,2
裡這麼,2
碼是,2
證之後再,2
金與驗證,2
抽獎且,2
進戶頭,2
洪興,2
溫詩語,2
日商,2
世忠,2
獲利後便,2
外車,2
出金門檻,2
阿男,2
阿茹,2
鹿野,2
包繼續,2
假官網,2
並於取,2
越沉,2
一時失,2
那虛,2
無縹緲,2
徐雯敏,2
捐記,2
運手續,2
地存,2
以人頭,2
著犯,2
提內心,2
頭才,2
占線,2
忠聯,2
股匯,2
彭于,2
著大戶,2
確順利,2
緊拳頭,2
詳述給,2
該確,2
確保順利,2
方型,2
總入,2
裡到,2
衝單,2
飄逸,2
在幣安,2
泡菜,2
灣企銀及,2
回報過,2
上流,2
一百倍,2
法幫,2
機裡空,2
向小張,2
交班,2
名員工,2
張將,2
選價值,2
抑或,2
它點,2
邵尉,2
我幣托,2
不儲值,2
證後續,2
中經理,2
號外,2
明緯,2
位學生,2
僅留,2
批發團,2
方拿回,2
白掉,2
漆面,2
兜風,2
創盈,2
職能院,2
張翰,2
吳宜蓉,2
公平性,2
認證個,2
及福袋,2
無入帳,2
蔡瑜姍,2
之後許,2
區德民路,2
誠哥,2
張峰,2
小游游,2
吉宏門市,2
並印出,2
卡再,2
至櫃台,2
毀謗,2
確保貨源,2
卡匯款,2
金瑞黃金,2
狗幣,2
並承諾下,2
這人能,2
速聊,2
該人資,2
購書訊息,2
刮過,2
法住,2
鄭芸,2
胡家,2
我費,2
接著彈,2
文福,2
宏告訴,2
簡介看,2
村長,2
班後專程,2
鄰里關,2
刻骨仇恨,2
尚方寶劍,2
上終,2
油底,2
你驗證,2
愛搶,2
交給陳萍,2
身為員工,2
照著條,2
借張,2
還要負,2
林巧琳,2
先填個資,2
幾萬才,2
幸運紅包,2
辭給,2
那揮,2
有災,2
來鎮,2
而僅,2
盜刷並,2
柔美,2
投資學院,2
富貴長,2
餐加,2
編接,2
代碼還,2
並驚,2
該獎,2
遊戲頁,2
鋪發,2
虛虛,2
小彥,2
鞋標,2
差得多,2
區後驛,2
皮確,2
許佩玲,2
議以,2
願要夠,2
然後法鬥,2
通取,2
完資料後頁,2
然後台灣,2
再由司,2
向家輝,2
眼驗車,2
人把車,2
然後騎車,2
科路,2
車沒來,2
蕭玉芬,2
一邊點,2
熊寧澗,2
先誠信驗證,2
轉飛,2
價都,2
燃敗家,2
問我貸,2
大動作,2
經理個,2
屋金,2
幸運大輪盤,2
楊榮峰,2
緊幫,2
財不騙,2
之無法,2
區廣昌街,2
玩貓,2
錢助,2
協助廠,2
異求證,2
幫傳,2
特警,2
喜盲,2
福岡,2
林淑琪,2
汀洲,2
裝專業,2
點永遠,2
更火熱,2
視訊鏡,2
頭前,2
誘導視,2
衝動毀,2
待會,2
在遊,2
主刮,2
劉慧婷,2
劉玥,2
似水,2
至家裡,2
進行手,2
施專員,2
顛覆,2
紫龍晶,2
豐衣,2
足食,2
句句,2
著無聊,2
從桃園,2
惴惴不安,2
那六萬塊,2
把靈,2
白熊,2
來趟,2
雪景,2
空虛感,2
一棒,2
改善目前,2
對風險,2
這是筆,2
牙痛,2
那五萬,2
受怕,2
韓幣換,2
瘋子,2
上揮舞,2
付一萬元,2
桃城門市,2
故願意,2
則推,2
古月,2
馥鑫,2
旋律,2
映彤,2
計畫將,2
日王,2
王男便,2
惠婷,2
時間後群,2
對店,2
胡先森,2
蔡閔,2
局圓滿,2
異致電,2
資金償,2
之眼,2
融資供,2
金見面,2
報警諮詢,2
天裡,2
中科大,2
酷暑,2
照得,2
灌進,2
裡揮汗,2
獎金並,2
感謝訊息,2
戴惠仙,2
服務業者,2
壓箱,2
經隱,2
芷菱,2
老嫗,2
反利,2
林鑫瑤,2
還就行,2
給小玲,2
著日,2
開一,2
到後馬,2
歷著,2
職騙,2
地嘲諷,2
號櫃子,2
財務證,2
隨後親,2
張成,2
劉幕,2
銀戶頭,2
販售用,2
騙導致,2
現誠意,2
安杰,2
武吉,2
函授,2
許多中,2
牛轉,2
之軒,2
張陽,2
通期權,2
補交一點,2
需一個,2
李修,2
遊戲並,2
次卡,2
台灣展,2
軍事機,2
軍官護,2
品能,2
運輸的關,2
一貨品,2
名額會,2
那幫個,2
掛出,2
還頻頻,2
買家詐,2
教其,2
許怪,2
天色,2
買代簽,2
簽唱會,2
小呼安,2
以過,2
加方塊,2
香港站,2
艷遇,2
許能夠,2
恆生,2
梁經理,2
第八期,2
田采,2
方代碼,2
獨自一,2
也毀,2
願風,2
裁塵,2
一貧,2
裡豪車,2
航灣,2
蓄儲,2
迎風,2
陳姗蘭,2
般往,2
存些,2
滔天,2
還車款,2
笨手,2
笨腳,2
林婉瑩,2
回部隊,2
軍用,2
一行行,2
貼代購,2
珠寶購,2
結連結,2
鬼話,2
巴風,2
楊宥棋,2
血盆大口,2
王鳴琴,2
稱三個,2
熱愛改,2
裝機車,2
廣隆,2
玩過,2
票無法,2
事成後會,2
林國豪,2
豪禮,2
林民便,2
張俊彥,2
區貸款,2
助貧,2
仁正,2
警稱,2
問獎,2
事建築,2
叫辰儒,2
貨運太多,2
顯過,2
發家,2
會員們,2
資金鏈,2
其二,2
不會連,2
並贏,2
日有將,2
巨成,2
一雙超,2
投資論壇,2
並依經紀,2
因臉,2
溫哥,2
張佩怡,2
內假,2
已遠,2
來施壓,2
分在幣,2
對方虛擬,2
投送,2
福寶寶金,2
足跡,2
師代其,2
儀關,2
中欲向,2
因聯,2
結未,2
秉持,2
相不錯,2
科儀,2
務並,2
並於隔,2
當兒子,2
蔡秉,2
最後一單,2
李寶勳,2
裡笑靨,2
操持,2
貌美如花,2
補品,2
剛開幕,2
王金全,2
那四萬多塊,2
宜睿,2
張卡牌,2
毫無幫助,2
俊秀,2
阿發,2
坐上去,2
客貨運,2
離家鄉,2
飛鷹,2
莊茹,2
惠特,2
貨車裡,2
融鼎國際,2
遠鏡,2
請求加,2
日陸,2
慈明,2
振翰,2
那一萬,2
蔡老師,2
玲瓏,2
第五位,2
促銷訊息,2
價金飾,2
貪小失,2
提領後續,2
啊倫,2
年級,2
並尋找,2
其華南,2
徐擇擇,2
謝忠利,2
元後取貨,2
購買紀,2
浩瀚,2
中六獎,2
主所,2
秒左右,2
其到,2
繳納學費,2
劉欽,2
不僅樣,2
叫銘,2
周子裕,2
曾品,2
銀創,2
貨中,2
周健翔,2
股名,2
消用,2
吸盤,2
細清,2
更長,2
元價,2
詳供,2
變得異,2
常安,2
喝完,2
聯社,2
小路,2
高深,2
善言,2
拍了拍,2
許無奈,2
會員素質,2
賴卿音,2
統商,2
楊慧君,2
團友,2
火影,2
王時,2
之後也將,2
張清雲檢察官,2
唯後續,2
不願付,2
李屬芳,2
楊夢嬋,2
蔡瑜雯,2
討到,2
日選擇,2
手柄,2
孫曼曼,2
想體驗,2
接來,2
許利潤,2
爆滿,2
永恆法,2
師帽,2
富民路,2
曾朴,2
太好康,2
王珮玟,2
它來,2
倦怠,2
裡很常見,2
何家榮,2
領教,2
不費力,2
滾滾,2
專頁還,2
發燙,2
當最,2
吹彈,2
可破,2
轉瞬間,2
可少,2
火朝,2
大榮平,2
李正宏,2
王宇辰,2
問後說,2
萬元將,2
資額,2
視覺,2
張宗仁,2
投資鏵,2
將邀,2
鄭斌,2
財計劃,2
劉雅婷,2
張濤,2
牛金,2
優質標,2
萬裡行,2
谷歌,2
股贏,2
捕手,2
飆紅,2
出金繳,2
發泡,2
稱其能,2
對方承諾馬,2
投資後開始,2
榮哥,2
鄭琮,2
不見款,2
自王,2
先訂購,2
微商,2
起爭,2
于龍,2
廷貴,2
乾隆,2
日時給,2
右上方,2
然後掃描,2
動條碼,2
安權,2
失之交臂,2
吃獎,2
劃出,2
灑在,2
略微,2
福潤,2
跌跌撞撞,2
斐波,2
契門檻,2
她細,2
叫陳瑋婷,2
點點心,2
溫和理,2
補些,2
小聰明,2
艾菲爾鐵塔,2
圖是,2
那甜膩,2
包袱,2
獎後來,2
資料然,2
劉處理,2
持續續,2
葛振宇,2
瓊期貨,2
更絕,2
黎小莉,2
營地,2
慕斯潮,2
信後向,2
社發,2
喜客券,2
嘉燕,2
曾俊傑,2
單後匯款,2
給曾,2
婦款,2
貨後便,2
之後豹,2
事出,2
吳姝瑜,2
九資計,2
畫當,2
價錢實,2
可高,2
林男借,2
連申,2
期海,2
福建省,2
點便,2
稅金給,2
李憶楠,2
李憶,2
丁維龍,2
互徒,2
楊麗花,2
可之後再,2
崔秀彬,2
元皮,2
內公開,2
機騙,2
網圈,2
最帥,2
更高訂,2
音聊,2
如影隨形,2
截詐,2
極品,2
閱進入,2
高巧,2
全輸光,2
佳龍,2
劉千瑜,2
天門市,2
胎行,2
比吞,2
廊裡,2
一劑,2
強心針,2
萍水相逢,2
國發,2
一統,2
傅志,2
午睡,2
呆灣,2
彎彎繞,2
著體,2
橋車,2
劉俊明,2
核能,2
除值,2
帳號麗華,2
占卜者,2
單身且,2
方有點,2
受歡,2
隨後情況,2
擴大機,2
認發,2
專門代,2
我代訂,2
外資金,2
另用,2
有練過,2
李秉,2
將總價值,2
莫言,2
給葉,2
運動員,2
王峻凱,2
俊麟,2
普書,2
付付,2
獎代號,2
蔡代書,2
沿著,2
往嶺,2
包位,2
王雅,2
油卡,2
陳彥,2
元傑,2
盧毓崴,2
吳明翰,2
吳明輸,2
幫忙代換,2
篡改,2
領會排,2
高了點,2
序號後要,2
鉛畫,2
稅金以,2
現特來,2
資料後下,2
吳泳廷,2
內產品,2
人遊戲,2
指導能,2
陳淑麗,2
世界末日,2
若加碼,2
犒勞,2
小餐館,2
花甲,2
方點數,2
窗台上,2
閱著,2
夠我過,2
賴佳琪,2
紀念冊,2
每秒,2
方莉婷,2
將兩萬,2
我得花,2
徵求線,2
高三,2
許和義,2
勞入帳,2
我連向,2
地度過,2
金歲,2
被擊,2
學佩穎,2
替弱勢,2
我閒,2
給佩穎,2
費裡,2
之善,2
佩穎為,2
敵人奪,2
預告片,2
講解遊,2
願心,2
驚雷,2
劈碎,2
幾箱,2
私訊享,2
氣就給,2
購之類,2
司機出,2
照著謝,2
基好,2
交誼,2
賣業務員,2
張永業,2
會計費,2
識字,2
任人,2
花膠,2
墨涵,2
精研,2
乙頂,2
單位品,2
雙方後以,2
小呂說,2
小呂才,2
日才終,2
洗護,2
正規品,2
出一間,2
方葉佳,2
葉律彤,2
海頓,2
公認,2
周潤昌,2
家務事,2
王興榮,2
名內,2
張澤宇,2
大兵,2
唐財,2
陳俊裕,2
優素福,2
包運送,2
何鍇齊,2
芸菁,2
找租,2
郭靜怡,2
打起,2
務必及,2
高城,2
局部,2
文特別,2
證幾天,2
入觀,2
謝瑞珍,2
劉嘉婷,2
棋國際線,2
幼姬,2
張曉雯,2
學門市,2
撫養,2
效圖表,2
般燃燒,2
半段,2
福座納,2
果腹,2
登記時,2
采琳,2
年兢兢業業,2
人江志宏,2
剛好夠,2
還比市,2
張美娟,2
叫陳穎欣,2
伙口,2
多險,2
接待员,2
梦然,2
夢然,2
经纪人,2
袁姐,2
蔣雪,2
最後受傷,2
網格費,2
哪見,2
證利潤,2
今後幾年,2
啟仁,2
財智共贏,2
因由,2
上季,2
印後個,2
小安介紹,2
交新台,2
倍竿桿,2
愛死,2
書本費,2
大象,2
映照在,2
冰店,2
宗毅,2
某販賣,2
歲餐,2
無理會,2
稱子凌,2
再代為,2
專員勝翔,2
著誇張,2
稱予,2
價量,2
之省,2
機便,2
致電兆豐,2
筆爭議,2
招洋珠,2
區友,2
愛街,2
友愛門市,2
著慌亂,2
林盈蕊,2
成屋,2
心不在焉,2
萬遭,2
又彈,2
稱伯漢,2
稱宗岳,2
邵愷,2
我餘額,2
這條件,2
胡佳,2
業投資,2
動之餘,2
思勤,2
通說,2
最後底,2
仁美門市,2
六萬三,2
兩萬四,2
裡那顆,2
自驗證,2
高雄區,2
時光益,2
福祉,2
陸隆興,2
連陸,2
隆興,2
旅遊護照,2
他滿,2
黃雯慧,2
盈領,2
臥式,2
來裕誠路,2
插電後要,2
方電壓,2
電後就,2
網友陳琳婷,2
波納西亞,2
元後剩,2
節點費,2
林嘉莉,2
無法且,2
入資購,2
日想將,2
福耀富,2
人員張,2
浦里,2
衣子,2
螢幕鏡,2
爐子,2
社團行,2
參卡倫,2
大一間,2
從驗,2
補助後將,2
啟夢,2
光益眾,2
渠計畫,2
由渠,2
成股,2
數傳過,2
漢生,2
撲克項,2
豪約,2
大華門,2
市當,2
撲克事業,2
費拿東西,2
小勳,2
色大變,2
將最,2
機專業,2
立傑,2
記錄者,2
稱陳惠麗,2
顆新,2
原再,2
團並,2
一認,2
其去,2
子凌說,2
來三筆,2
另行安排,2
李瑤語,2
氣興奮,2
柔聲,2
交虛擬,2
鎮光,2
恆信,2
期貨網,2
期借,2
神舟,2
故商,2
原創,2
孫們,2
窗邊,2
這前,2
無聞,2
買不來,2
費捉襟,2
賀麗芬,2
李峰,2
龍貓,2
無畏者,2
轉費,2
交額外,2
補發票,2
賞網,2
圓夢國際,2
委請,2
林鹿,2
康寧,2
林宣宣,2
然後做,2
機捐贈,2
磨足器,2
王老,2
組富邦,2
魚代購,2
確保並,2
非顧,2
客關,2
齊三萬元將,2
外新,2
之代購,2
乙件,2
似無出,2
貨意願,2
吳吳名,2
好物集,2
站則,2
日行千里,2
手誤,2
開石,2
丰生技,2
區延,2
孫瑜文,2
金儲匯,2
大觀路,2
傾聽,2
天界,2
見機,2
實穿,2
隨後約定,2
最後兩筆,2
免費入,2
群小幫手,2
點時許,2
雲事業,2
灑進,2
人世,2
呼喚,2
熱愛攝,2
安樂區,2
單夠,2
清雉,2
閒魚款,2
這五萬多塊,2
時尋求,2
慘淡,2
貸方浩學,2
名進,2
龍躍,2
我縮,2
楊毅偉,2
軍福,2
電茶壺,2
確說,2
雞湯,2
幫許,2
最後幾雙,2
因機,2
台灣購,2
專員陳彥,2
陣容,2
現極,2
私訊主,2
遨遊學習,2
喜愛網購,2
孟穎,2
輝哥,2
林民本,2
林民共匯,2
顧份,2
張員先,2
張員向,2
張品,2
組詢,2
二支,2
我色,2
劉麗華,2
抽中十張,2
張忠林,2
小灰,2
老郵封,2
郵封,2
彭煜瀚,2
李龍舟,2
確保門票,2
佶聖,2
修款,2
當及,2
農林,2
震耳,2
多空,2
大浪,2
次元納克,2
人海中,2
之後貸款,2
價證券,2
名義威脅,2
單純以,2
因稅金,2
更以,2
建德,2
肚肚,2
偉仁,2
東陽,2
機會後便,2
安民,2
全機,2
達北,2
高理貨,2
版娘,2
中清店,2
區龍,2
開泰,2
宋雯,2
專門來,2
金驗,2
貸共新,2
項換,2
談風趣,2
調其,2
邵淵聖,2
玲夢想,2
啟航學堂,2
續個,2
立信,2
李明澤及,2
李明澤在,2
其處,2
大迫瑠花,2
海肯,2
適的,2
並不高,2
討論關,2
不懈,2
嗷嗷待哺,2
那四萬,2
修工,2
雙人房,2
張美麗,2
蜂王,2
濕凝露,2
王萱,2
喜滋滋,2
豬寶,2
開萬倍,2
女學生,2
灰濛濛,2
這根,2
完後幣,2
神兵,2
一具,2
原幫,2
花小妍,2
歆嵐,2
袖善,2
富態,2
子程,2
導其,2
人劉,2
當小陳,2
碩珉,2
武宗,2
斉弘美,2
話費,2
群內發,2
柱子,2
假偷,2
克當,2
李慧君,2
智德店,2
嘉實,2
玖富,2
一間屬,2
翠玉,2
閣源頭,2
上乘,2
盛國際,2
蔡婉真,2
寫訴,2
一庭,2
客制,2
方文創,2
李紅霞,2
樊雍哲,2
預約幣,2
高雅,2
公務陳玉萍,2
審理,2
沛吟,2
美佳,2
筱凌,2
成員聊,2
溫老師,2
米色,2
最喜歡,2
門票售,2
延續,2
有屬,2
服務行業,2
保證性,2
珉奎,2
該券,2
阻潛,2
上務,2
義竹門市,2
威達及,2
反訴,2
私文書,2
萬兩百,2
地榨,2
林詩婉,2
地關心,2
萬三,2
備至,2
友愛,2
通撲通,2
真得,2
著一點點,2
勞碌,2
點樂趣,2
畫框,2
游力,2
海景,2
郵政開,2
分錢給,2
中始,2
問後也,2
日年,2
萬寶來,2
處見面,2
意訂,2
貨幣稅,2
會化,2
還測,2
曾子堯,2
之口號,2
其對方,2
周錦程,2
繳公證費,2
所線,2
私訊報,2
細圖,2
事後報警,2
保貨源,2
幫處裡,2
不免有些,2
封鎖後才,2
剩後悔,2
綠紫魯,2
著港幣,2
泉音,2
衣無縫,2
正計畫,2
歐晴,2
測定,2
比身體,2
冥界,2
張筱依,2
蘇怡婷,2
吞食天地,2
需冷靜,2
盥洗,2
劉銘原,2
光偉,2
會介紹,2
富爾世官,2
透漏出,2
姚文志,2
萬元後便,2
江逸軒,2
閱訂,2
房率,2
假海運,2
所登記,2
某台灣,2
簡翊,2
尋寶的,2
並洽詢,2
萊銀行,2
有交給,2
超商先,2
傑揚,2
並翻,2
很想交,2
區福,2
那五筆,2
金幣換,2
機會會,2
慧丹,2
思維之心,2
他踐,2
斐濟幣,2
內償還,2
特徵都,2
群組觀,2
卓語,2
於醫,2
稱介紹,2
表是,2
江銘仁,2
如毅,2
楊俊偉,2
陰沉,2
專屬理,2
陳雯媛,2
莊如,2
聯並,2
心地善良,2
納額,2
李雨馨,2
不加價,2
開往,2
林美琪,2
速速,2
油站,2
娛樂換,2
千刀,2
萬剮,2
吳維維,2
難聞,2
着將,2
流淌,2
啪嗒,2
翻江倒海,2
伺機,2
承諾著,2
著謹慎,2
夏漢哲,2
蔡俊輝,2
內學習,2
萬元融,2
假對帳,2
如懷疑,2
匯款數,2
後後續,2
剛國,2
心術,2
壞運,2
灣探親,2
試時,2
幣商稱,2
雪儿,2
網內,2
樂分紅,2
大直,2
著騙,2
服務絕,2
小榆經理,2
林網,2
偶有,2
介紹牙齒,2
假下,2
單幫,2
還加給,2
元福袋,2
許雅清,2
報告裡,2
品紅,2
上昵,2
費問題,2
內不僅,2
隱密性,2
樂易,2
法在網,2
著豐,2
個剛,2
裡尋求,2
兼課,2
財術,2
對期,2
哭腔,2
戚才,2
遭員,2
宋昱研,2
故再給,2
面登,2
打資料,2
櫥裡,2
點選後即,2
開發商,2
林曉豐,2
經理林志,2
時序表,2
叱吒風,2
承諾輕,2
軍旅,2
胡雅涵,2
摸著,2
海濱門,2
市後方,2
出九筆款,2
經統,2
計共損,2
春江,2
王靜怡,2
不全是,2
旭萱,2
內右側,2
榕樹下,2
這行動,2
淨元良,2
水工,2
林靖芬,2
連細想,2
差的關,2
通識,2
阿檸,2
獲利後還,2
王濤,2
張月,2
卷共新,2
卷款,2
專員林梓瑤,2
梓瑤並,2
鎖碎事,2
節下,2
來的稅,2
當盈餘,2
人員護,2
半路,2
有派,2
人員去,2
當作護,2
剩房,2
出金後就會,2
貨運先,2
入後網,2
同系,2
幻裝備,2
中獎須,2
透資,2
算成,2
之後聯,2
旅遊景點,2
寶貝大聯盟,2
宜廷,2
育幼,2
絕後便將,2
請櫃,2
股後怕,2
勢者,2
絕不聯徵,2
強行,2
呆萌,2
韓一煒,2
號五樓,2
新疆,2
啟後續,2
模棱,2
兩可,2
鎮某民,2
正百無聊,2
這個雯雯,2
朱政榮,2
賣車訊息,2
謝詩琪,2
得慘,2
參與類,2
誕生,2
項實,2
張分別,2
領米,2
丁建華,2
明達,2
王國強,2
張家明,2
號當,2
經常能,2
林韶涵,2
楊思琪,2
張欣語,2
一十七,2
小玲兒,2
接得,2
紫宸,2
尊敬,2
楊正豪,2
能數,2
睡不着,2
李依純,2
神采奕奕,2
地談論,2
幾位數,2
體弱,2
薛亦宸,2
景氣,2
萬一仟元,2
徐嘉,2
大得多,2
雅静,2
幹勁,2
特助麗鏵,2
柴油,2
仁愛店,2
今年冬天,2
心冷到,2
彭柏璋,2
那近,2
層疊疊,2
掛念,2
韓小眠,2
以熱情,2
裡頭裝,2
戶頭予,2
超彈性,2
選址,2
萬儲值,2
完虛擬,2
轉換幣值,2
晚鈺,2
信虛假,2
蕭薇婷,2
為薇薇婷,2
號接,2
社廣告,2
遊資,2
鼎創,2
砂屋,2
地贏,2
王郁凱,2
搭公車,2
資料絕,2
范研寧,2
搜尋求,2
包住,2
面陸,2
李方茹,2
禮抽獎,2
林定岡,2
鴻利,2
惠芳,2
賴永信,2
劇組,2
將歸,2
張思涵,2
古堡,2
水缸,2
阮慧慈,2
隨後在網,2
心航,2
啟善,2
強制性,2
巫佳恬,2
柳芷筠,2
孫志良,2
駱秀娥,2
目穩,2
李芮琪,2
留犯,2
孔依艾,2
一陣子後成,2
網友戶,2
名小鴻,2
繼給予,2
日連民,2
義是,2
攝網,2
說代碼,2
事代幣,2
艾瑞克,2
賬後再,2
特價購,2
優惠活,2
張忠,2
劉宇豪,2
珍旺,2
一戶,2
蘇于,2
冠鴻,2
寓佑,2
終無法領,2
華元,2
股達,2
通訊及,2
在築間,2
林思婷,2
功不唐,2
旭光,2
一輩子積,2
周余珊,2
養老,2
牛軋,2
說類,2
緊神經,2
問津,2
部會,2
我兢兢業業當,2
廣告主,2
學員之間,2
林依欣,2
報飆,2
母親照,2
姚謝祺,2
紅利有,2
姚謝祺承諾,2
姚謝祺詢,2
求正職,2
計領,2
單寄件,2
李恬,2
郵政人員來電,2
申辦存,2
電金流,2
小孟仙,2
售輪,2
稱日後要,2
僅獲,2
現經,2
關小額,2
將全,2
權委由,2
師我,2
檔之電子,2
持合約,2
入金網,2
如欲入,2
他責怪,2
師傳,2
林及,2
簡婕軒,2
然後簡婕軒,2
戶交車,2
方到場,2
布萊克,2
阿嘟,2
並換取,2
值得一提的是,2
先致,2
憲之檢察官,2
我交新,2
稱陳澤允及,2
運換幣,2
需定,2
財證明,2
警處裡,2
正視此,2
網友且,2
幣商供,2
願想,2
會員後陳筠,2
電商須,2
差價將,2
獲利後先,2
回台灣會,2
城及,2
禮新楓,2
咖有,2
之楓幣,2
取貨取,2
回後將,2
裡紀,2
錄片,2
夠寄過,2
元故,2
朋之,2
機致,2
志彬,2
福勝課,2
服子涵,2
詳主動,2
尼亞,2
事海運,2
湖北,2
武漢人,2
貨或,2
敘利亞美,2
運送給,2
辦理國,2
吉捷,2
國際論,2
販賣蘭花,2
組告訴,2
我達,2
坤偉幫,2
若穎,2
萬元欲購,2
問營業員,2
給蘇女,2
問蘇,2
女何,2
灣才,2
那價格,2
劉淑華,2
家芸,2
當這樣,2
繁時,2
獎禮品,2
第二名,2
王慧,2
組安靜,2
萬大門市,2
之後門號,2
及砂,2
紙機,2
李麗芬訊息,2
台中馬岡,2
經濟系,2
所作,2
高雨微,2
蒼矽,2
貝森銀行,2
出無數,2
養生宅,2
江承彬,2
貨運到,2
蜥蜴,2
假購物,2
秀媚,2
投資小錢,2
聯絡林,2
勤學,2
好問,2
林詩怡,2
單稱,2
參加後接,2
小雜,2
楊健良,2
楊永豐,2
發上,2
連城路,2
尋目標,2
進蝦,2
著大學,2
萬一真,2
表看,2
史丹福,2
文冰,2
沈文程,2
因房,2
貸壓力,2
謝盈蕊,2
貸費用,2
時匯出,2
王俊豪,2
秘書志工,2
建叡,2
追上去,2
機後就,2
成負,2
左進,2
郝沛,2
賣鐘,2
乳石,2
志仰,2
皮黃肉,2
紅皮,2
紅肉,2
已經爛,2
枯死,2
維萊,2
聯結並,2
付該,2
應之後犯,2
載號,2
富成,2
新聞詐,2
進階服務,2
發現然,2
搜尋內容,2
現臻鼎,2
繳款後詢,2
職進度,2
曾沛婷,2
葉矢,2
允嘉泥作,2
行負,2
吳柔,2
新電線,2
驗屋,2
登輸個,2
登輸,2
電人員歡,2
呼聲,2
李安熙,2
時後轉,2
之後綽號,2
加分紅,2
天後返,2
說廠,2
商打,2
結後手,2
組故,2
組紀錄,2
點營業員,2
及淑華,2
嘉慧傳,2
統籌當,2
機設,2
定後點,2
九筒,2
槓龜,2
賭博活,2
假融資,2
將申辦,2
轉而以,2
框時,2
李紫晏,2
開一張,2
再多花,2
描進,2
德賢路,2
威爾鋼,2
骗局,2
教父,2
袁美琳,2
暫無金,2
翁禮祺,2
之舟,2
周婕,2
河濱,2
欣耀,2
吳尚,2
故匯,2
鐵騎,2
愛玲,2
獲利後出,2
鐵花路,2
保門票,2
應輕,2
李東,2
甲銀行,2
靈寶手,2
張海霖,2
李馨媛,2
貨幣分,2
鄉菜,2
公村,2
號附,2
林嘉倩,2
其位,2
延昶,2
乘雲勢,2
蘇思靜,2
辰星,2
並回傳,2
燈殼,2
名義推薦,2
名教,2
這人暱,2
這跟進,2
董增,2
島的,2
茹芸,2
單床,2
獲得些,2
徐思敏,2
胡曉莉,2
邱繼震,2
將兩萬元,2
觀色,2
八萬零一,2
陳婷君,2
下懷,2
君介紹,2
秀花,2
依戀,2
漢寧門市,2
強了,2
並幸,2
椿玲子,2
異常之類,2
鮑魚果,2
考慮過,2
簽屬蘭,2
會返,2
聯優選,2
修費,2
小玥,2
猴寶寶,2
郭湘媛,2
佩琪,2
育英,2
並無回,2
吳佳穎,2
我擇定,2
王勝文,2
林千雪,2
信前,2
夏靜梅,2
江彥,2
經慫,2
榮聖及,2
俊宏,2
但俊宏,2
該運輸,2
悠比,2
開勝,2
確已經,2
師開始,2
德求證,2
明示,2
假駭客,2
林文達,2
借對,2
打此,2
謝住,2
元之入,2
組禮品,2
精闢,2
嘗嘗,2
響亮,2
塑形,2
傅卉貞,2
零九萬,2
告訊息,2
那九萬多塊,2
蝶蝶兒,2
瞄準,2
職依規定,2
劉凱傑,2
無計,2
舞衣,2
敏君,2
需補款,2
心潮澎湃,2
祖克柏,2
獲准,2
並上門,2
妥協時,2
伊東律子,2
旋妮,2
大麥,2
李詩怡,2
將負,2
富威,2
將到帳,2
生感動,2
時警,2
並獲取,2
性上,2
關高,2
問陳婉瑜,2
正猶豫著,2
踏夢協作,2
群創,2
但嘉怡,2
中租輪,2
最後貸,2
次年,2
因為峰,2
資金在網,2
但峰,2
陳鑫輝,2
德生堂,2
升官,2
點半到關,2
並補充,2
每賣,2
阿晟,2
拼拼,2
寶寶做,2
王秀萍,2
剛開設,2
奧莉,2
王亭文,2
包和側,2
維新盛,2
證卷戶,2
劉維安,2
匯旅遊,2
鄭義,2
救助卡,2
點進後連結,2
稱佩佩,2
為翔哥,2
阮蕙,2
慈廣告,2
泰瑞狗,2
歐米,2
阿狗,2
大春野,2
劉佩玲,2
畫時,2
周曉莉,2
而款,2
項面,2
遭風險,2
保姆,2
大規模,2
九順,2
尚揚,2
購買渠,2
海裕門市,2
張貽程,2
國安郵局,2
顆至,2
廷佑,2
周賢子,2
有所改善,2
明川,2
李燕茹,2
仁智,2
小吃部,2
第三台,2
許佳珊,2
張雅惠,2
煙盒,2
其聊,2
方賣貨,2
山毅,2
李志強,2
游硯仲,2
當我持續,2
知慧,2
林惠茹,2
開之賣,2
網銀啟,2
金放著,2
西亞遊,2
玩要,2
幫渠匯,2
兌回,2
三萬元予,2
親未,2
初詢,2
切不可,2
空淨機,2
月末,2
可額,2
外參,2
該項,2
王紹敏,2
旁簽,2
達國際,2
人員介紹,2
通有,2
關清潔,2
拜客,2
最後餘新,2
元林,2
區撫,2
順街,2
送香腸,2
賺差,2
價計畫,2
事後游,2
然後帶領,2
全身像,2
力氣般,2
辛辣,2
這兩千塊,2
參加國,2
企宣,2
那協議,2
吳沛霈,2
遭私訊,2
方檢視,2
貸事項,2
裝員,2
板橋店,2
爸介紹,2
工許,2
家位,2
區南陽,2
假林祥,2
吳健文,2
投資動力,2
電流,2
秀女,2
天麗生,2
技陳,2
采心,2
足墊,2
熱儀,2
買後並,2
該售價,2
家破人亡,2
孟庭,2
合資客,2
稱當天,2
停職,2
楊曉莉,2
還沒散,2
淒慘,2
頭隱,2
天敏,2
吳岱融,2
修容液,2
完命,2
丁翊喻,2
妥後與,2
故交,2
搖著頭,2
嘶吼,2
人動心,2
存額,2
捏把冷汗,2
正想點,2
先多問,2
宏寅,2
個璋霖,2
潤且,2
區充,2
需傳,2
豪華大獎,2
廣告畫,2
此學會,2
非僅,2
因貪念,2
收錢後徹底,2
這一組,2
絕退還,2
工協店,2
走且,2
正勳,2
林芯語,2
掏寶天貓,2
頭裡面,2
賴秀鳳,2
李益辰,2
筆致,2
曾薇婷,2
還沒有給,2
還沒寄到,2
易勁亨,2
我用紙,2
盒將,2
櫃號,2
出實,2
吃不起,2
超支,2
不論關,2
經到帳,2
林沐晴,2
順昌電商,2
李婉兒,2
蔣佳勳,2
碼條碼,2
憲假,2
循環下,2
並在系,2
慧開始,2
慧建議,2
能幸,2
找資金,2
業務則,2
藍覺,2
裝小編,2
連相關,2
微博名,2
因忙,2
證投資穩,2
思佳,2
竹聯仁堂,2
印證,2
問聲,2
項不翼,2
貸神,2
資金神,2
建剛,2
區漢生,2
經歷後能,2
澤諾尼亞,2
李政宇,2
李依,2
或類,2
贖罪,2
彥榮,2
白鹿,2
莫翊榛,2
稚嫩,2
電熱,2
的雙,2
一百分,2
模狗樣,2
安潔,2
七十多年,2
我勤勤,2
著動漫,2
初冬,2
林怡慧,2
集團毀,2
納投資,2
減去,2
吳順發,2
資金累,2
移話題,2
須依其,2
吳諺愷,2
資產作,2
芝婷,2
參與夾,2
愛妃,2
事後就,2
觀影,2
我聯,2
印良品,2
商美邦,2
一組角,2
購買角,2
李月茹,2
還帳,2
幣商約定,2
創資通,2
用先,2
國慶,2
曾文能,2
樣式給,2
專員營業,2
上連結,2
不沾鍋,2
廉價且,2
侥幸,2
名为,2
承诺,2
毫不犹豫,2
电话,2
账户,2
贪图,2
回报,2
愚昧无知,2
急于,2
欣選好,2
身分证,2
一时,2
店员,2
答应,2
發熱衣,2
鄭浩民,2
李慧美,2
人員請,2
底薪,2
林惠婷,2
認識許,2
海灘,2
過濾器,2
時糊塗,2
福銳,2
蒜皮,2
連勝門市,2
聯華門市,2
斥責,2
就識,2
基本概念,2
社后,2
嘴臉,2
說事,2
多向,2
親人間,2
李志辰,2
專戶裡,2
當服務費,2
余建峰,2
劉瓊惠確,2
不報,2
柑橘,2
之後購過,2
著揮桿,2
自如,2
著牙省,2
簡直雀躍,2
環德,2
聽群,2
老師解,2
問那個琦琦說,2
之後一樣,2
信銓,2
控費用,2
粗枝,2
大葉慣,2
券衝,2
一百二,2
領死,2
新額,2
特徵忘記,2
對方離,2
按機,2
四五,2
一個號,2
聲明稿,2
發聯結,2
精覺,2
無波,2
串串,2
氣一變,2
統一去,2
為蓓爾黛美學診,2
職期,2
做操,2
顆苦膽,2
比業務業績,2
千百倍,2
指楊品,2
窮要,2
彈殼,2
打餅,2
拍賣平,2
外現,2
動愛的,2
救難,2
鄭明峰,2
承翰用,2
挑戰賽,2
八連勝,2
過程察覺,2
處理匯,2
港幣僅,2
細雨,2
皮毛,2
社交圈子,2
光澤飽滿,2
延程,2
濕漉漉,2
馮小鋼,2
商遊園,2
遊園,2
婚生子,2
許為,2
致電富邦,2
叫浩宸,2
浩宸,2
參與後覺,2
假鏈,2
結網址,2
古相機,2
拍美照,2
學期,2
爆紅,2
翻天覆地,2
初戀般,2
七瓶,2
解讀,2
知識通,2
工還,2
因強姦,2
邱冬成,2
抓狂,2
出量,2
許我,2
元材,2
佳穎技術,2
劉佳穎,2
參加產品,2
總聯合會,2
閉個資,2
福彩,2
萬之廣告,2
龍興街,2
小苒,2
韶廷,2
對方拒,2
金門家戶,2
配酒,2
華原,2
資金歸,2
裕展,2
勞保明細,2
筆都,2
婉倩,2
投資文宣,2
益坤,2
正智,2
卓易,2
思淇,2
劉芷芸,2
對方揚言,2
欣蘭,2
林煜,2
安富門市,2
搞活,2
林易泓,2
最後一格,2
吳珍,2
葉思岑,2
確如約,2
五二,2
柯克蘭衛,2
金碧,2
買家始,2
價貨款,2
張子蕾,2
申辦線,2
莊敬路,2
網跟,2
先想,2
吳家豪,2
渡部梨沙,2
子玲,2
夜之戀,2
全數款,2
張貞芳,2
名間,2
遊戲系,2
儲到,2
李金土,2
雙城,2
姿佑,2
若宸,2
稱匯,2
協議後能,2
並自動加,2
所需,2
行員進,2
多慮,2
染紅,2
花草,2
著人,2
價批,2
李思怡,2
業精,2
條簡訊,2
堂皇,2
謝佳盈,2
源宏,2
傭工,2
幻夢,2
兔女郎,2
還更多,2
悲從,2
性話語,2
林美伶,2
聖佛緣,2
還在念,2
熱愛手,2
吳珮彤,2
季玲,2
張筱婷,2
林寶金,2
獎金作,2
錫松,2
結清戶,2
張天駿,2
那數,2
沒產生,2
確保出,2
千奈莓,2
林欣妤,2
蜀芳,2
劉婉慧,2
王秋富,2
幣安虛擬,2
莊小婷,2
對方展現,2
葉世宏,2
人員絕,2
進德,2
我林,2
語慈,2
餐飲店,2
轉了些,2
罪案,2
林伊詩,2
選手,2
商檢字號,2
商檢號,2
計部,2
戴美純,2
付錢取,2
多金額,2
經邀,2
大相,2
徑庭,2
達麗建設,2
青松,2
則投資,2
高星宇,2
知秀,2
主告訴,2
冠緣,2
林秀麗,2
天海,2
專屬線,2
斗篷,2
莊顯榮,2
泳宜,2
海龍,2
回應過,2
街燈,2
這座,2
寒風裡,2
徐義捷,2
郭延,2
鴻渡,2
諺來,2
該委,2
結果委,2
諺向,2
廠先,2
現在委,2
分飛,2
花振國,2
林民購,2
包裝系,2
屬國際,2
萬協助,2
成員會面,2
袁華彥,2
作誘,2
對珠,2
騰飛珠,2
許多珠,2
假珠,2
涮鍋,2
他朝櫃,2
看櫃,2
很天,2
細回,2
周芸,2
方大頭,2
其委,2
寄貨至,2
保險始,2
持條碼,2
鄒佩伶,2
販新,2
之人後該,2
王任,2
王民中獎,2
禮福袋,2
高筱芸,2
高民開,2
高民點,2
認證後先加,2
高民詢問,2
高民加,2
高民遂照,2
總安門市,2
顧里,2
幅畫,2
熱帶,2
外野手,2
新球具,2
生來,2
國際張,2
張頭,2
獨自撫,2
養著,2
無邪,2
之付,2
康寧公園,2
親自幫,2
陸務農,2
公檢法,2
可名,2
資洩露,2
高等教育,2
抽中台,2
廚房裡,2
煎蛋,2
珍貴門票,2
推說票,2
佔線,2
清脆,2
母子之情,2
轉十萬到,2
著清貧,2
已經漲,2
儲金進,2
先後儲金,2
儲金以,2
文收,2
購傳,2
有後便,2
巧甄,2
隨內部,2
愛嘗試,2
郁開始,2
站上去,2
沒交罰,2
張清林,2
高上,2
劉杰,2
王佳豪,2
項到帳,2
李宇,2
賣業,2
語麻痺,2
貨回饋,2
林奕,2
其餘假,2
沁語,2
問戴筠,2
柔安,2
古耳機,2
費和額,2
當罰款,2
叫樂,2
天商,2
張錦輝,2
認識巧,2
貨貼,2
雖然代價,2
先填,2
鼓買,2
續共計,2
索馬里,2
亞擔,2
任人道,2
因索馬里,2
亞常,2
國小對面,2
雕體驗,2
四起,2
災情,2
分虛擬,2
隨後均,2
楊貞君,2
李宗煜,2
魚竿及,2
手遊內,2
分潤現,2
太多張,2
當泰達幣,2
合庫存,2
潘帥,2
微微一笑,2
郵寄一張,2
下落不明,2
辭越,2
飛哥,2
進行幣種,2
我交錢,2
得極,2
來會開,2
林嘉彤,2
必勝客,2
劉清華,2
陳莉珍,2
向陳莉珍,2
自稱寧,2
突向,2
需在加,2
財繼續,2
時常飛,2
往國外,2
賣訂,2
價金及,2
獲諺,2
女兒換,2
幾萬作,2
渠償還,2
中華華空,2
一禮物,2
號東寧郵,2
給葉恒君,2
驍龍,2
售價僅,2
楊賢及,2
樂業,2
樂業路,2
報取,2
貨門,2
市轄區,2
專供,2
認證標,2
七類,2
張瑜文,2
筵慶,2
是黃紀,2
多熱心,2
商承擔,2
電商後台,2
瑪利歐,2
聖獸,2
劍星,2
電光,2
幣這麼,2
環保罐,2
相互配合,2
動作始,2
沁瑞,2
手機驗證,2
號後傳,2
分將驗,2
帳單後才察覺,2
李裕弘,2
戲帽,2
因國定,2
接聽後未,2
紅運,2
開心豆,2
稱測試,2
交錢款,2
包後驚,2
光明大道,2
壽險來,2
機亮,2
點就還,2
毫無二致,2
機沒錢,2
緊急要,2
顯而易,2
匯學習,2
喜報,2
偶爾討論,2
柏廷,2
決心用,2
學員教,2
稱永益,2
邀一個,2
進出場,2
林恩婷,2
阻系,2
新捷,2
氣泡紙,2
披著光,2
民眾別,2
肥蟲,2
飛舞,2
來夠,2
著虛,2
劉彥,2
高學歷,2
拘役,2
宋子曦,2
感中,2
語氣加,2
愛華外,2
地熟絡,2
區樟樹,2
購東京,2
資轉帳,2
乾衣,2
心竺,2
漏嘴,2
重車,2
英蠍管,2
願收,2
分試,2
當日見,2
怡兒,2
稱待司,2
恳切,2
當蔡,2
幸芬,2
並後悔,2
專員即,2
隨群,2
愛詩格,2
書籍給,2
王俊銘,2
購物業務,2
楊宜蓁,2
蔡淑萍,2
動腦,2
知識淵博,2
列舉,2
阿城,2
方城,2
承諾和過,2
裡搜尋小額,2
咖爾頓,2
每介紹,2
分帶,2
搜尋代儲,2
想尋,2
項後會代為,2
代儲款,2
楚喬,2
標楚喬,2
這教會,2
戲行業,2
王景浩,2
這證實,2
林宏憲,2
林宏憲均,2
戲圖片,2
當時間,2
逐筆將,2
當最後一筆,2
以安撫,2
賬後會,2
辦給,2
端後才,2
因租賃,2
牽至,2
頂名,2
欺及毀,2
損罪,2
觀察並,2
派取,2
獲出,2
王翊憲,2
詳細詐,2
賣樹,2
過後的,2
楊家威,2
郭俊名,2
並先後分,2
林曉梅,2
搜尋泓景詐,2
學田路,2
美儀,2
珠宝行,2
石岡區,2
豐梅門市,2
被限時,2
聖偉,2
調由,2
佛羅里,2
四朵,2
飾演,2
三小時後數,2
林秋燕,2
號寄給,2
合買,2
熱油煙,2
那九萬八,2
還您,2
風吹日,2
正规,2
檢查員,2
周佩怡,2
吳臻,2
李梓涵,2
日新北市,2
傳一連結,2
至同,2
會遲,2
折元,2
人拿貨,2
臨櫃持,2
方屏,2
正義郵局,2
區農會持,2
並無購物,2
買黃檜,2
達摩,2
雕件,2
時私,2
心裡後悔,2
竹森介紹,2
幫羅,2
連兒子,2
機假,2
裝聯絡,2
時急,2
順利接,2
慧平時,2
故騙,2
慧確,2
懶得編,2
王忠義,2
收黃金,2
我千辛萬苦,2
貓爪,2
為怡客,2
李喬安,2
商衝業績,2
朱雅,2
區大仁街,2
仁灣門市,2
坑口,2
潘意展,2
農路,2
問報酬,2
文亦遭,2
假睫毛,2
貨且後續,2
林品品,2
發財哥,2
日陳維倫稱,2
愛心婉婷,2
寄連,2
共款,2
連絡後始,2
之票,2
幸能,2
並穩定,2
領飆,2
仲裁,2
豪傑,2
金透,2
問米蘭,2
中填寫,2
購物後不僅,2
經陳斌,2
共泰達幣,2
隨後陳斌,2
經文抄,2
寫朗讀,2
發派,2
獲利後做,2
細心解,2
換幣訊息,2
換完,2
之後達,2
老師點,2
送金流,2
問金流,2
事後也會,2
籌錢繳,2
方訂定,2
南屯門,2
說塞車,2
完貨後再,2
區拆,2
網確,2
認序號,2
雜訊,2
龍洋巷,2
號由,2
定民國,2
徐致,2
做會員,2
曾雅雯,2
下網,2
孟芸,2
時代坊,2
誠毅,2
幣故,2
帳戶動,2
價又比,2
李佳榮,2
提金無法,2
財務智匯,2
環保出,2
經歷會,2
給陳薇,2
雅確,2
電來電,2
教怎麼,2
廣告後有,2
過去並,2
隆德,2
轉王,2
建祥,2
演習,2
往一個,2
結匯款,2
泥牛入海,2
需在網,2
浪愛寵來,2
培春帶,2
終杳無音,2
緊鎖,2
霎時,2
培春,2
守護個,2
男包,2
雖高達,2
特質,2
王佳馨,2
九三年,2
磚少,2
少後對方,2
看賣家會,2
事後補,2
磚給,2
將經歷,2
強生,2
國民普,2
轉接方,2
認識後續,2
價格後要,2
馨穎,2
于愷,2
張興龍,2
拒不處理,2
小佩,2
松豪門市,2
將憑證,2
鄭羽迪,2
鐘我,2
杜品,2
童宥凱,2
並由林,2
網址連,2
盒金,2
奧力牌,2
葛根,2
傅約定,2
廠商鍋,2
對方皆用,2
盈智,2
幫用,2
養好,2
臉體,2
並遂,2
職意願,2
指導將,2
給黃,2
急訊息,2
國專員,2
客運寄件,2
嚴密,2
或能,2
薪進,2
招搖撞,2
還把群,2
尖音,2
商桃,2
元件,2
之後萱,2
協理會,2
始用幣,2
給約會,2
小雲實,2
體約會,2
如約會平,2
項之金額,2
親友過,2
這封訊息,2
並未處,2
僅傳訊會,2
林靜雅,2
會銀行,2
需撥款,2
將寄卡,2
境由,2
心轉,2
安買幣,2
將買,2
包虛擬,2
買電器,2
媽周亞瓊,2
社團櫃,2
物坊,2
點擊後分別,2
給涂,2
但涂,2
項為何,2
單名細,2
筆明,2
其協,2
全福,2
代實名,2
須維修,2
其維修,2
小浪,2
瑞國際,2
滿盆,2
楊木富,2
楊紹安,2
獎會員,2
鍋界,2
甚感,2
裡面僅,2
當周,2
曉妮,2
夾福袋,2
校舍,2
吳連,2
資金盤,2
方黃士綸,2
華少,2
無法取,2
張威鵬,2
一算計,2
上涨,2
承諾徹,2
人員黃元,2
佳瑤,2
扶傷,2
補五萬,2
三罐,2
險境,2
游子,2
聖母,2
物資補,2
悶痛,2
台發,2
秀玲,2
卻略,2
浴火重生,2
賴慧文,2
進站,2
橋盈,2
路及,2
所儲值,2
兩面給,2
帳後續,2
方承諾會將,2
狄潼,2
馮婉瑜,2
及噓,2
金貴,2
這兩三個,2
須私,2
買安達,2
歌鶯桃店,2
商林振山,2
修時,2
換兩個,2
林振山,2
阿宏用,2
問酒,2
周國輝,2
真中獎,2
顯得貨,2
當新穎,2
眾人,2
措到,2
稅金時,2
盛大,2
當這筆,2
分步,2
項僅,2
暫存費,2
暢想,2
沈溫州,2
得鉅額,2
大大增加,2
則推薦,2
芳如,2
林凱聞,2
圖謀,2
仲康,2
雲端票,2
張婧筠,2
麗王,2
光表,2
手嬰兒,2
點讀筆,2
攤貨,2
物空,2
挖寶的,2
家瑋,2
貨款轉,2
著臉,2
豪當時,2
旁應,2
林言芹,2
李浩熙,2
李光爍,2
上門取,2
並結束,2
將樂高,2
發訊息過,2
股掌之上,2
邱麗芬,2
楊泰中,2
社頂,2
豐功路,2
順盛,2
單綠能,2
會金額,2
國泰產險,2
環德智,2
劉雨晴,2
孫曼,2
張文華,2
汽車運,2
並介紹律師,2
張子雄,2
師約定,2
不會開,2
知繳,2
仿金,2
張智威,2
小鑫,2
林孟璇,2
帳要,2
沈品,2
鴻源,2
許庭禎,2
乙太,2
強尼戴普,2
伊隆馬斯克,2
並承諾事,2
吳展,2
困在,2
別太急,2
彭韻,2
鄒向榮,2
范中明,2
遠離網,2
覆核,2
大四,2
盧宗哲,2
最具,2
穩度過,2
宋先生,2
凱茹,2
王思涵,2
巡之人,2
學科,2
偉華,2
雅吟,2
溝通後才,2
事後失聯,2
物捐贈,2
廖許,2
謝婷怡,2
股顯,2
刷著,2
依霖,2
暗樁,2
專業解,2
新生南路,2
國中前,2
林國,2
賀辰,2
我愛貓,2
竹西百貨,2
洪銘賢,2
國慶路,2
偉綸,2
鍋裡,2
富喬,2
金一點,2
成康,2
郭鴻平,2
泡杯,2
是邦寧,2
阿真,2
借八萬塊,2
寧向來,2
阿寧平時,2
事業裡頭,2
換間,2
絞痛,2
帳經,2
確比,2
區午,2
一陣風,2
騙子還,2
我三萬塊,2
邁糊塗,2
環賣,2
美國大選,2
一筆帳,2
張臉,2
書截,2
一萬五耶,2
著結果,2
提不起,2
近三萬,2
豬一樣,2
退下,2
寰宇,2
威尼斯,2
帝安諾,2
新潮流,2
超火,2
猶豫用,2
只圖,2
偵部,2
夏筱穎,2
交還款,2
我評,2
挑選裝,2
原夢,2
元後後便,2
之後遊戲,2
記記,2
超商義安門市,2
織女,2
道行,2
因緣,2
還未斷,2
區間,2
商福鶯門市,2
鋪克,2
賣點數,2
軟體家,2
單匯給,2
經由鄰,2
張大任,2
李碩文,2
偌薇,2
當到,2
五岳,2
討車款,2
洗紅寶石,2
子用,2
活動還,2
方熱心,2
連忙匯,2
鄰居林,2
羽芝,2
曾齡,2
處表現,2
裡羨慕,2
上大,2
或多麼,2
舊城,2
佳旺,2
核心人物,2
海豚,2
仁賢,2
埤門市,2
集成,2
清債,2
了掛,2
關高額,2
五部,2
新媒,2
體黃萍,2
給我萊爾富,2
給跟,2
網過,2
加固,2
分在麥,2
訊息則,2
然後傭,2
親陳張,2
分賴,2
富仁門市,2
富榮街,2
我寄錯,2
寄成,2
惟羅翊瑋,2
給羅翊瑋,2
且羅翊瑋,2
給羅翊瑋的關,2
對羅翊瑋,2
找價格,2
高的給,2
借以,2
為記,2
帳員,2
北館,2
豐逸,2
澎縣,2
所廣告,2
實際地,2
簡訊話術,2
豐逸以,2
豐逸親,2
好會員,2
元二,2
元五,2
元八,2
元十,2
欺而列,2
惟至元,2
明細後確,2
商育,2
商建,2
楠門市,2
區中陽里,2
欺之款,2
購買人,2
參作,2
參市場,2
林翔,2
林翔翊,2
當林翔翊準備,2
一個點,2
鈞擇,2
合計款,2
項高達,2
跨度,2
本職,2
期合約,2
正規金流,2
區宥禎,2
少稅,2
金開支,2
滿潛,2
辭多麼,2
租進,2
需短,2
機寄了,2
平價家電,2
號在作,2
師胡芮,2
品蓁,2
我暱,2
稱品,2
張吉富,2
報檢警,2
陸曉寒,2
方之產品,2
號萊爾富,2
含量,2
圖時,2
聯絡黃安琪,2
自聯邦,2
前點,2
並養成,2
由大戶,2
必伴,2
金外,2
更熱,2
工才,2
上刷動態,2
付營,2
建款,2
興建,2
挪為己,2
區光華路,2
開放轉,2
統給,2
轉遞,2
點數後來,2
將持續,2
私時,2
假回報,2
隨專業,2
邱佳瑜,2
秋水,2
不惑,2
確答,2
葉雅欣,2
誘人承諾,2
牛群,2
該雙,2
施惠,2
可至萊爾富,2
重瑞,2
我預,2
之後案,2
親姊,2
林思伶,2
法明,2
台灣出,2
童真,2
票版上,2
君悅飯,2
裡照,2
顧孫子,2
成正比,2
松壽路,2
臉瞬間,2
悔席,2
每摸,2
部隊裡,2
有素,2
喪鐘,2
文閃閃,2
雙絨面,2
雙夢幻,2
馳騁,2
費而,2
中年男人,2
最後盜,2
大學夢,2
帶孫,2
貨嗎,2
成天,2
老弟,2
嘴上,2
真博覽會,2
勉強夠,2
老機械,2
飄紅技術,2
人的銅,2
臭味,2
一千万,2
加私訊,2
幣禾,2
那將,2
媽不在,2
愛玩特戰,2
滿級,2
衝分,2
阿龍要,2
更期許,2
會員俱樂部,2
折中,2
張曉玟,2
費省,2
簡訊鈴聲,2
拉扯,2
分和四點,2
這又能,2
馮佩杉,2
壹七購物,2
帶貨詐,2
兜著,2
張智文,2
一筒,2
和田玉,2
牌數,2
快連,2
民入,2
林曉瑤,2
廖爐心,2
理款,2
最後請,2
元向幣,2
沈佳怡,2
實費,2
嘘寒问暖,2
懷疑且,2
陸詩玲,2
詩告訴,2
李珍,2
維董,2
經專線,2
轉賣場,2
文龍,2
咨晴,2
佳慧用,2
寄玉珮給,2
玉珮價值,2
次姻,2
各詐,2
瑜萍,2
渠無法,2
泰暘,2
紫水晶,2
陸轉,2
由毅德,2
並於毅德,2
慈翌,2
許嘉珍,2
為福松,2
徐珮慈,2
交貨貨,2
我後驚覺,2
梁安琪,2
王小紅,2
之訊息給,2
需送,2
明憲所,2
明憲,2
電通訊錄,2
明憲詢問,2
上之連,2
月子,2
群組且,2
般滑進,2
陣仗,2
一唱一和,2
裝修付,2
還惦,2
記著,2
財轉給,2
我愛周,2
售價略,2
九月份,2
像蟲,2
甘露,2
惡魔奪,2
惠妹,2
郭清南,2
暖陽般,2
地因,2
半場,2
單身漢,2
配門市,2
卡後的,2
災難始,2
繳納電,2
埤捷,2
旁見面,2
競標後來,2
繳不起,2
苦撐,2
恆安門市,2
會能給,2
莊芷怡,2
誕禮物給,2
當公務員,2
竟一時,2
詞麻痺,2
商態度,2
之餘想,2
舟車,2
勞頓,2
壓金應,2
柳靜怡,2
三十八年,2
那是將,2
機械化,2
真誠態度,2
知庭,2
報表中,2
總共八萬塊,2
韓台代購,2
台日,2
購給,2
張佳,2
推建,2
貸申,2
資力,2
問元大,2
及斐濟幣,2
班廣告,2
人員羅,2
班求證,2
無免,2
傅員,2
撤除,2
需律,2
方彰,2
剛社團,2
誠徵會計,2
李桂鳳,2
財書並,2
該周,2
瑞老師,2
簡德忠,2
維齡,2
歷實,2
退避三舍,2
開聊,2
葉思吟,2
地計畫,2
連應援,2
鄭紫茵,2
動約,2
國泰街,2
份門票,2
開通步,2
連連響,2
支釣竿,2
小資金換,2
之後戶,2
正順門,2
許多訂,2
驗卡後便,2
降至,2
原味,2
隨後又加訂,2
單開始,2
大額訂,2
龍勢,2
網友熱,2
資高達,2
經多想,2
尊选,2
主表,2
達參,2
可通過,2
網友洽,2
采蘋財務,2
李雅軒,2
曉坤,2
他奪,2
王建壹,2
貓窩組,2
簡頌,2
從張,2
憤難平,2
星銘,2
關偉展,2
楓葉傳,2
自板,2
陸國華,2
狀態並,2
托運協,2
議驗證,2
組建議,2
是陳燁華,2
付費點,2
導致點,2
數餘額,2
居心不良,2
將統,2
鄭婉瑩,2
輝達,2
中股,2
還未散,2
嗅覺,2
振源,2
邦民貸,2
投資架,2
設商場,2
利潤數,2
華佑,2
歡樂氣氛,2
三十多年,2
慵懶,2
聽海,2
金沫沫,2
參加庫,2
張庫,2
駁回,2
心裡盤,2
先後跑,2
永立,2
莊給,2
虛假利潤,2
要民眾將,2
鼎燁,2
楊念慈,2
害其,2
一唱用,2
給兩人,2
謝承蓁,2
月號,2
其陷,2
林美杏,2
稱霆恩,2
數次且,2
密給予,2
研晞,2
以未繳,2
大小不等,2
閒魚代,2
持代碼,2
朝聘,2
屬於大額,2
華美國際珠,2
事臨,2
應立據,2
民始,2
寄台,2
時諮詢,2
承諾務,2
認識代辦,2
開遠,2
模要,2
瀏覽群,2
用五萬現,2
李毅帆,2
舞鶴村,2
新生北路,2
日及驗,2
附卷,2
異常過,2
續訊息,2
周麗娟,2
周麗娟求,2
固至,2
急難費,2
周玲玉,2
蘇俊翰,2
情勒,2
應果,2
會員合,2
顧忌,2
智選學堂,2
中數次,2
其標,2
任何借口,2
班用,2
檸檬圖,2
片作,2
規不允許,2
事後便,2
分共領,2
看盪,2
允諾會,2
販售羅志祥,2
買羅志祥,2
配假,2
阿祖,2
地點後接,2
方後驚,2
及備,2
乳營,2
林青,2
秦月,2
酒員,2
日又將,2
寄網,2
光及,2
交談後該,2
金油滴,2
建盞,2
張玟,2
賴幕天,2
次想,2
丞佐,2
彌陀南,2
高雄彌陀,2
福德爺,2
名義報,2
獎者須,2
信眾誤,2
財穩,2
審核末,2
至夏督門市,2
之後台,2
湯洛心,2
鄭維如,2
蔡慧怡,2
逐光,2
調入,2
前後取,2
祥要,2
商在線,2
預留金,2
蓉加,2
良之人,2
筆後面,2
此異,2
里程碑,2
楠陽路,2
朝仁路,2
服務費共計,2
站後點,2
舊書籍,2
其如先,2
柯民,2
海鮮店,2
商批,2
證在戶,2
紀過,2
其表達,2
送飆,2
股等訊息,2
應徵童,2
方愛金卡,2
博詢問,2
分孫,2
博約,2
古德曼,2
簽完後孫,2
博把,2
現孫,2
同資,2
和孫,2
博投資開,2
文和孫,2
劉宗,2
遭孫,2
應徵朗,2
讀員時,2
百業,2
因無法將,2
恐該,2
兩只,2
分金,2
入後為,2
元後參,2
雄兵,2
吳憲輝,2
玉珍,2
很無聊,2
摸肚肚,2
幣後按,2
劉兆翔,2
周梓婷,2
莊鳴,2
對方承諾門票,2
王紫琳,2
豪子,2
給豪豪,2
豪子豪,2
碼有,2
蔡男未,2
蔡男不疑,2
張益佳,2
鍾瑩,2
告稱,2
惟外匯,2
渠登入,2
張勝豪,2
郵寄渠,2
門市予,2
張振能,2
異常提,2
款紀錄,2
渠警覺,2
花似,2
融金,2
證代操,2
卡發薪,2
打許,2
藍慶賜,2
臨罰,2
緩金額,2
賴佳欣及,2
植高麗菜,2
芷蕾,2
機智委員會,2
控及,2
號於網,2
並較,2
其富邦,2
算元,2
點廣告後連,2
學思踐,2
銀站,2
桃園長,2
文閃,2
條狗,2
任借,2
還金並,2
予浩翔,2
續浩翔,2
並扣,2
許繳,2
商談時,2
跟浩翔,2
本面,2
還三萬,2
朱柔,2
伊布,2
二研,2
夜燈,2
百夫長,2
能安,2
敦化北路,2
女給,2
數字遊,2
吳銀杏,2
希奧,2
蕭俊明,2
哲均,2
帶雨,2
來彌補,2
五官,2
筱倩,2
美匯,2
寶氣,2
曾俊琳,2
隱私權,2
會叮嚀,2
張民買,2
林代為,2
張民陸續,2
張民覺,2
區建國路,2
異來電,2
當茶,2
曾靜雯,2
為曉婷,2
廣州恬,2
李柔,2
葉子督導,2
指導費,2
苦尽,2
講相關,2
單衝,2
湊點,2
梅薏婷,2
明峰,2
犯騙,2
親手匯,2
捕光物語,2
提多興奮,2
若受,2
經專員,2
語真摯,2
林金甲,2
調金額,2
時雨婷,2
以異性,2
林靜婉,2
但林靜婉,2
婉和,2
換到賴,2
手拉車,2
交貨後自動,2
業務範疇,2
操作技能,2
建議換,2
李婉,2
商崙,2
獲崙,2
雙福,2
轉運寶石館,2
專員雯雯,2
阻且,2
上唇,2
趕路,2
寫諒,2
解書,2
幣專,2
關遠端,2
並警覺,2
事務上,2
雅芸,2
還輕信,2
回应,2
細討論,2
澤宇,2
紀勝懷,2
攝郵局,2
财务管理,2
人登,2
然後放,2
受應,2
議將,2
寶寶保,2
項後確,2
實向,2
心太低,2
替罪羊,2
武至心,2
促銷華航,2
剩餘票數,2
因活動,2
景給,2
這一聲,2
中設,2
稱妮妮,2
額問,2
幣所購,2
許若琳,2
梁慶德,2
裝夢想,2
雲霞,2
成異彩,2
裝多人,2
能租給,2
片後始,2
恩有,2
著外,2
掛能,2
李承鴻,2
永慶,2
劉恆,2
解釋並,2
架不住,2
傳網址給,2
聶正清,2
他通,2
小樂,2
曉華未,2
曉華繼續,2
號滑,2
數據用,2
開數,2
據給,2
然後前,2
誘導曉華至,2
當曉華,2
曉華才,2
需審,2
核曉華,2
曉華將,2
夢筆,2
生花,2
瑞控,2
曉華見,2
特徵為,2
張齊宏,2
謝瑋哲,2
珊珊將,2
聯席,2
加會,2
小麗華,2
向會,2
請曉華,2
與曉華,2
當日曉華,2
曉華驚覺,2
曉華是,2
曉華依,2
曉華聯絡,2
當聯絡,2
曉華至幣,2
曉華事後驚覺,2
周怡婷,2
歡樂派,2
動作會,2
商栗,2
行員後確,2
劉婉婷,2
吳宇軒,2
換勞,2
清當,2
方陳振,2
接國,2
外翻,2
譯的,2
因翻譯,2
號健,2
分健,2
珠寶保證,2
珠寶行查,2
網匯,2
誤始,2
可淨利,2
保高額,2
吳韋達,2
於吳,2
沼氣,2
金額後來,2
詳細報,2
多加驗,2
繳因,2
我會同,2
圓夢全,2
給陳長,2
宏詢,2
問販,2
動傳訊息給,2
其則,2
則再將,2
假戶頭,2
小波,2
相差不多,2
徐導師,2
潤而掉,2
購物本,2
買後向,2
邊通,2
轉對方,2
時開珠,2
四獎,2
莫桑,2
結項,2
截圖剛,2
張月霞,2
拼色,2
商蓮花,2
貨後未,2
內獎,2
品僅,2
商路,2
網路楓,2
及代煉,2
狂狼,2
許臣博,2
分遊,2
巨擊,2
之人經,2
事後警覺,2
號客,2
聖誕拉霸,2
叫思穎,2
從事電,2
事體,2
力工,2
我共繳,2
飄到,2
面後能,2
緊想,2
冷靜終,2
叫陳偉順,2
工欠,2
張雯情,2
萬元頭,2
說頭,2
法加碼,2
內見面,2
今後在面,2
金和傭金,2
群獎,2
需贊助,2
遲不給,2
將碼,2
將共計近,2
簽收托,2
假代儲,2
精彩表演,2
劝说,2
向杏,2
一醫療,2
來的損,2
數販售,2
數僅,2
數轉移,2
最後威脅,2
抖幣會,2
潤融,2
資信,2
錢後遂,2
急著還,2
並又匯款,2
戰統,2
關鍵賽,2
這個價,2
用續,2
卡來養,2
地辦,2
財和時間,2
清晰度,2
販售星,2
穹鐵道,2
那獎牌,2
經肖想,2
出額,2
會員小額,2
號騎樓,2
請別,2
營運週,2
轉煩惱,2
宏佳,2
張備,2
戰戰兢兢地,2
進草叢,2
德明,2
宵夜,2
貝貝樂選,2
手電筒,2
內容後覺,2
可愛到,2
許家維,2
學員暱,2
當天給,2
蔡建保,2
財富共贏,2
英明,2
稱熱,2
以騙,2
取郵局,2
分泰達幣,2
日求,2
哪裡經,2
比存,2
化雨,2
得馬上,2
刑大查詢,2
電電信,2
呂鈺恩,2
急著付,2
周轉費,2
區的華南,2
以興櫃,2
杜金龍,2
大機構,2
有極,2
價格的確,2
發生重,2
彭光輝,2
佳辰,2
蔡毓琪,2
大大咧咧,2
一季,2
爸媽給,2
文閃耀著,2
杜怡梅,2
陳俊宇,2
雅初,2
支夢寐,2
人際圈,2
眼開,2
維富,2
方芯桐,2
芯榆,2
內頻,2
郭顯甫,2
雞爺,2
曉蕊,2
寒蟬,2
謝士,2
英贈,2
領到過,2
只籌到,2
楊思雅,2
財富金,2
吳慧琳,2
蕭紹延,2
保證轉,2
帳後錢會,2
證金過,2
千珊,2
轉當費,2
何典,2
一間當,2
有夾,2
機台始,2
再多點,2
愛心育,2
兒館,2
明領,2
獎步驟,2
中總能,2
事辦,2
來模,2
擬驗證,2
由兆豐,2
事後由,2
並無像,2
韓國代餐,2
彼岸,2
哲青,2
事越,2
傳動組,2
李佩緩,2
子陳紹安,2
工訪,2
無幾時,2
風衣,2
利生,2
吳俊諺,2
充值卡,2
吳宏朋,2
家菱,2
李琳雪,2
吳福來,2
奇門市,2
須將融,2
資後金額,2
子後續,2
范民不疑,2
今年年底,2
李薇喬,2
商銀申,2
唐詩琪,2
煙主機,2
弘仁,2
柔哩,2
金額後接,2
財發現,2
並於內,2
李錦穎,2
耀宗,2
阿枝,2
戴邦,2
聯徵分數,2
邱宸,2
如水,2
譚芷寧,2
國忠,2
延吉街,2
環島,2
雨果,2
對動漫,2
落淚,2
殺機,2
惠欣,2
道破,2
李國輝,2
徐曉峰,2
謝珊珊,2
普通股,2
外國語,2
文學系,2
學畢業,2
楊貞倪,2
學社會,2
學系,2
隨指導,2
朱沛彥,2
明華園,2
賠保證,2
煉金術,2
許民便,2
高姓,2
通上門,2
將三間,2
鐘後顯示,2
提有,2
投資後短,2
拖走,2
林永強,2
我樂壞,2
地理,2
白洋,2
沁琳,2
潘悠盈,2
劉美鈴,2
攸關,2
資金後設,2
威化,2
賴佩宣,2
並無銀行,2
給鍾秉辰,2
自鍾秉辰,2
應時,2
富婆,2
購買後將款,2
記者,2
實贏,2
李柏超,2
來統,2
交貨至,2
跟兆富,2
周怡君,2
因新聞播,2
這間兆富,2
光華所,2
平靜安穩,2
優產品,2
販售聲,2
優簽,2
名卡,2
幣然,2
欲來,2
項明,2
細怪,2
雅君,2
其客,2
柔聯絡,2
沒持續,2
尋一點,2
語音配,2
管它,2
人起,2
包後向幣,2
獲利後發,2
榮店,2
楊員購,2
遊費及,2
代用,2
八寶店,2
工藤會,2
狙擊槍,2
謹防此,2
先向幣商,2
弊購,2
給許員,2
處美國,2
財秘,2
欣燕,2
附明細,2
匯將匯,2
上僅,2
王珮蓉,2
以自稱,2
祥耀國際,2
日銓,2
寫著古,2
博股,2
國泰銀行轉,2
孫藝珍,2
李濤,2
而網,2
伊岑,2
莫凡妮,2
豐理,2
然後新,2
聊買生,2
稱覺,2
商底,2
數儲,2
地至,2
裡瀏覽抖,2
經搜尋有,2
關綠能,2
美亘,2
電洽詢,2
賣家粉,2
專發現,2
楊之人,2
楊弟,2
楊少宇,2
戀愛感覺,2
利給,2
並無用,2
補金額給,2
叫凱,2
連劉芷瑩,2
點親,2
儲存進,2
零嘴,2
群組費用,2
成歸,2
國華及,2
證物金,2
水圳,2
匯是,2
買幣並,2
還很健談,2
理時,2
彎爪,2
大馬士,2
革鋼,2
吳冠霖,2
該算常見,2
這之後卻,2
連發訊息,2
廖小宣,2
小宣說,2
宣發來,2
小宣,2
該算,2
林景茹,2
吃貨,2
繳費後並,2
嘉輝,2
該陳民所,2
楷君,2
龜鮮仁,2
有約定,2
時崩潰,2
雞頭,2
行產,2
貸單,2
一組宅,2
通司,2
機皆無來,2
人員轉,2
帳戶略過,2
秀泰,2
莊盈臻,2
包裝員,2
這場求,2
先考,2
生小孩,2
吳佳龍稱,2
清微,2
宏平門市,2
多得,2
文軒,2
幾天交,2
出來罷,2
林筱慧,2
楊書弘,2
取紅寶石,2
能談,2
靜小靜,2
阿一要,2
介紹裡面,2
元能,2
自博愛台灣,2
然後補助,2
群組拉,2
反饋給,2
項下單,2
頭想,2
經聘,2
外傭,2
下下,2
全球性,2
區羅斯福路,2
萬回報,2
準備償,2
將郵件,2
徐州,2
五色,2
費回,2
張若薇,2
共至線,2
玉典,2
我向證,2
高雄餐,2
雙方歹,2
穆夏,2
閒聊後便,2
葉北,2
針對店,2
一蝦,2
賣家帳,2
人員會給,2
過幾次後該,2
熊貓代寫,2
歌詞,2
男輸入,2
稱黃,2
男督導,2
將蔡民,2
會員後又給,2
轉運坊,2
之後捐,2
劉沛,2
貸向,2
康宇,2
應徵此,2
優先入,2
差價須,2
匯台幣,2
有紅單,2
內容略,2
分顯示,2
卡商,2
有量,2
成之當,2
成已,2
成將車,2
輕人用,2
古古怪怪,2
建蹈,2
納斯達克,2
千瘡,2
百孔,2
黏鼠,2
板般,2
真冬,2
雞娃,2
奉獻給,2
連下個,2
竊賊,2
那過,2
明鳳門市,2
南雅,2
新府,2
地下道,2
財了,2
寶寶房,2
大壽,2
裡還納悶,2
開間,2
場全台,2
年方,2
愛嘗鮮,2
新鮮貨,2
社會險,2
二連號,2
七角,2
中徹底,2
捷成,2
號和洲子,2
瞌睡,2
經美麗,2
粗啞,2
索然,2
小晴口,2
按響,2
能節,2
省家計,2
衣帽架,2
那個劉,2
提幫,2
津丞高,2
朝國際,2
提振士氣,2
歐嘉國際,2
七塊,2
抖擻地,2
透支,2
終於盼,2
沒破綻,2
費很緊,2
寬裕些,2
小孫子,2
用慣,2
劣質塑,2
霹靂般,2
蟲子,2
幣只,2
局號,2
灌滿,2
背後極,2
古羅麗塔,2
老粉,2
淒厲,2
看櫻花,2
几個,2
韋伶,2
林婉晴,2
鄭慶宗,2
寓恆,2
大陸能,2
新樂店,2
廠產品,2
其連接,2
楊小隊,2
費後實際,2
魏諾希,2
宗凱,2
紀宇,2
林七,2
一車,2
慘重代價,2
並先以,2
參與後匯入,2
現在身,2
路樹下,2
施羿君,2
創新客,2
那低,2
畢恭,2
畢敬地,2
房東來,2
志華,2
周婉鈺,2
周婉鈺還,2
記參加,2
改装,2
亞傑,2
淮澤幫,2
情發生,2
狗款,2
文後接,2
吳嘉芸,2
蘇民下,2
蘇民開,2
啟假,2
回撥詢,2
捷運中,2
余慧雯,2
厲要,2
我慘,2
地四處,2
許富德,2
前後共打,2
哲俊,2
佳士得,2
車租車,2
威銘軒,2
繳更多,2
證錢,2
目群,2
顧老師,2
專業言辭,2
負責代為,2
臉書協,2
超商北,2
勢子,2
非預,2
大鄉,2
條之,2
微信頭,2
隨後引,2
導小梅,2
銀行員問,2
自黃怡,2
當小芳,2
倒地,2
語與,2
性來,2
而小王,2
戒器,2
文瑾,2
搜尋中,2
展理財,2
郭柏,2
葉泓佐無薪,2
吳副理會,2
葉泓佐不僅,2
號移,2
惠境,2
顧原,2
並教導會員,2
照圖,2
幫會員,2
婉璇,2
金藏,2
寶圈,2
領先群,2
因離開,2
灣在,2
網紅聯絡,2
事後到,2
時察,2
集團梯,2
工之交貨,2
洪七公,2
朱門秀戶,2
欣瑤質,2
誠資本,2
但黃慧,2
吳順吉,2
小盧,2
王筱惠,2
寶佳國際,2
財物分,2
永堂幣,2
富發幣,2
積善,2
地懷疑,2
給你錢,2
或主動,2
玉階漢裝,2
由交貨,2
容略,2
出工,2
內容除,2
協調後始,2
予利門,2
為脅,2
當我戶頭,2
齊費用,2
亞軒,2
餵偉,2
營代購,2
一百零二,2
價格後用,2
新莊捷,2
河系,2
泰丰,2
大數,2
沈痛,2
專挑虛擬,2
李麗,2
結中,2
李囿,2
毫警覺,2
最愛高爾夫球,2
羨慕著,2
球技,2
看高,2
沒有業績,2
我的損,2
以抹滅,2
背後操,2
般燒,2
迷宮,2
裡確實,2
張智傑,2
順利無比,2
翁立友,2
國威里,2
國安里,2
現台,2
事後鄭,2
明修,2
楊茂春,2
仟元到,2
羅鈺堂,2
解釋給,2
可詢,2
點擊將,2
蓮慈門市,2
報財,2
傳後該,2
客又將,2
張文浩,2
南區興,2
號圖,2
將中將,2
做聯,2
就線,2
文義給,2
專員屬,2
之後所,2
及林俊嘉,2
該局,2
一盈,2
美蘭,2
之後共,2
原從,2
遊覽車,2
帶團解,2
付機,2
一筆機,2
裡直覺,2
氣損,2
現已經,2
張晉銓,2
明懷疑,2
互洗,2
購次,2
無透過,2
卡小額,2
資金廣告,2
無話術,2
詢加,2
逗留,2
自駕車,2
分鐘後離,2
資訊約,2
吳家嬅,2
並發放,2
附身,2
林建芳,2
出溫,2
換大獎,2
名隊,2
故新,2
並隨後在,2
中壢空,2
號站,2
張手機,2
對發,2
給高雄,2
當公證,2
並鄉,2
醫購,2
經私訊詢,2
文欣,2
過且,2
經匯出,2
買貝殼,2
卵石,2
豐吉店,2
惟廠,2
但廠,2
主宰,2
日在確,2
特臉,2
杏花,2
別人告,2
特特賣,2
單理,2
擊衝,2
之兆,2
稱陳逸凡,2
商攔,2
阻遭,2
混幫派,2
資金後保證,2
許曉,2
容留,2
訊息後加,2
佩彤,2
臣臣,2
秘書稱,2
先培養,2
阿賢站,2
宏忠,2
雖然分,2
優坐館,2
啊杰,2
振發,2
補交金額,2
熱血地,2
曉丹,2
生稱,2
參展,2
張薇,2
江子,2
組退,2
貼文後透過,2
豬圖示,2
語權,2
威而,2
全數轉,2
十三年,2
處理詢,2
蘇珮嘉,2
滿血絲,2
急聘,2
適合學生,2
問間,2
小約會,2
匯之新,2
準備付,2
著堆,2
積如山,2
獨處,2
瘫坐,2
關愛和,2
邁孤獨,2
時差,2
將卡牌,2
財務建議,2
獲得本,2
萬入帳,2
林志遠,2
及達利,2
將共,2
浴巾,2
幣卡,2
紅龍造,2
馮小龍,2
證這塊,2
補償款,2
厭世雯慧,2
王博安,2
程詩婷,2
中軟,2
大樹速貸,2
賓餐,2
吳俊凱,2
慕桂琳,2
我代銷靈,2
墊靈,2
位園區,2
還破滅,2
便興起,2
作業系,2
討債務,2
末班,2
宣導並,2
鐘義,2
玩勁,2
勁舞團,2
楊子賢,2
左顧右,2
可千萬,2
別步,2
溫葭慧,2
周方慰,2
得機,2
能驗票,2
歷告訴,2
極會,2
還隱隱,2
興奮將,2
資成,2
網購平,2
按日,2
只管,2
多納稅,2
連保護,2
不齒,2
商瑞興門市,2
法日,2
美齒,2
小紫瓶,2
小香護,2
照包,2
竹簾,2
損失元,2
我裝作,2
劉明陽,2
湯檢察官,2
小俊虛擬,2
小紅樹,2
劉志東,2
財教練,2
萌動,2
劉阿燦,2
獎常,2
光灑,2
逐漸轉,2
結結,2
獲利範例,2
線報,2
深表,2
凱友,2
感情用事,2
李丞宥,2
語辰,2
繁發,2
行詢,2
機車拉桿,2
張瑋軒,2
買家誤,2
並需將,2
並承諾要,2
國泰萬怡,2
更用,2
銀行持,2
還發訊息問,2
股王,2
數送,2
輕易安裝,2
林亦貞,2
林亦貞還,2
正裝,2
尋常金,2
楊立富,2
稱若能,2
證短,2
上承諾,2
語暫,2
他主張,2
獲利證,2
責與,2
虛假求,2
則標,2
手工操作,2
實卡及,2
統異常,2
早繳,2
職之路終,2
李物,2
吳幸,2
凍款,2
人員馬,2
斗苑,2
新苗,2
科學解,2
廉價品,2
古機車,2
對偉士,2
牌情,2
近三成,2
車一見,2
羽衣,2
繳費續,2
計步器,2
支筆,2
劉冠貝,2
江沛淳,2
不僅會將,2
幾周前,2
滿堂紅,2
誇得,2
無比險,2
幾天始,2
雖重,2
購差,2
曉莉,2
羽儀,2
自致,2
熱門且,2
那當,2
稱鴻文,2
惟鴻文,2
遺忘要,2
案人察覺,2
組合價,2
兩天後賣家,2
關廣告,2
宗為,2
機介紹,2
楊惠如,2
跟大戶,2
元至入,2
餘之款,2
起匯款,2
方後未,2
談吐之間,2
白月,2
我判斷,2
大番,2
腎及,2
其返,2
代銷者,2
貢品,2
烤爐,2
托約,2
七項,2
貨物費,2
終經,2
如金龍騰,2
問買幣,2
高雄福德,2
期貨代,2
频庭,2
多穩,2
稅金來,2
人公開,2
幾天後貨,2
他承認,2
禍聯,2
購買星,2
豐陽及,2
連絡並,2
塔達爾,2
覃琳,2
偽造宅,2
限額且,2
振興,2
換裝,2
耽美,2
三時,2
然並,2
我鈞,2
販售知,2
惟經代碼,2
過後皆無相關,2
毫無作,2
中熱心,2
需動動,2
返款給,2
員主動加,2
問試,2
晚間將,2
氣購,2
楊梓鈺,2
還融,2
務所行員,2
某標,2
物租賃,2
物共計,2
物金額,2
租賃標,2
償給,2
詢律師,2
次陸續,2
林雲慧,2
看見並,2
星構,2
許芳婷,2
全書,2
把兆豐,2
費可,2
李強國,2
郭武雄,2
如廣告,2
營業線,2
上員,2
筆進,2
高效能,2
林俊廷,2
灰熊職,2
缺網,2
母乳,2
葉志宏,2
先人,2
祖墳,2
永念庭,2
延後一個,2
代搶費,2
劉曉,2
著麼,2
面金新,2
變照,2
隨邊將,2
樂要,2
夜員工,2
簿裡,2
一棟屬,2
貪念化,2
更舒,2
金龍報,2
喜學習,2
金積,2
築夢技術,2
劉鈺琪,2
晚飯,2
筷子,2
聯合徵,2
這煩,2
穩如,2
總不太,2
內容言,2
腦全,2
痴心妄想,2
德鑫,2
褶皺,2
宋玟,2
說洋裝,2
著洋裝,2
路勤,2
為經,2
別上當,2
壹心,2
毀得體,2
趕作業,2
維瞬間,2
投資穎漢,2
到穎漢,2
購買庫,2
世其,2
偽造訊息,2
電高雄,2
王正皓,2
沈學,2
區康樂,2
純淨,2
補教界,2
相機實,2
裡佔,2
一席之地,2
練成,2
疲憊感,2
搏鬥,2
兒經紀,2
裡擦,2
一聲響,2
熙語,2
以甜膩,2
往上爬,2
財富擊潰,2
股長紅,2
張雪琴,2
將欣賞,2
綠得,2
亮得,2
那綠色,2
單機,2
謝瑩深,2
謝瑩,2
回歸秀,2
愛豆,2
紹爾,2
總統,2
紹爾護照,2
這護照,2
紹爾買,2
辜振甫,2
德惠,2
入不敷出,2
寡婦,2
阿哲循,2
廢卡,2
修皮,2
滴落,2
盼望已久,2
漢子,2
著湧,2
林太太,2
將您,2
會海報,2
卡夫卡,2
號那個,2
萬里行,2
不會察覺,2
及大頭,2
灣電話,2
廣告民間,2
名理專,2
若桐,2
講壇,2
小平,2
懷疑籲,2
稱林玥,2
瑤張,2
聖誕大禮,2
平攤,2
事後信,2
貸未,2
違規單,2
貸同,2
辦車,2
並撰,2
錢門檻,2
黑橘,2
收後就會轉,2
西大店,2
從懷,2
自嘆,2
藝術幣,2
席德進,2
潘恩,2
投資三萬,2
問偉德,2
椅作,2
額確,2
鎖資金,2
徵外務員,2
負責拿貨,2
來後攜帶,2
對方會問,2
做佩玲,2
石欣瑤,2
群群,2
師之顧,2
問林梓瑤,2
玉兔,2
林鑫玥,2
數控,2
當小明,2
小明悔,2
尋者,2
朱允民,2
三人輪,2
小明將,2
人員小美,2
小美是,2
會委,2
店交貨,2
分聽,2
稍後撥,2
補上後續,2
補交點,2
晚九點,2
流媒體,2
阿棟,2
李怡欣,2
將取票,2
艾利森,2
林佑瑄,2
對控,2
楊博任,2
實處,2
周芸慧,2
評控,2
貨寄銀行,2
吳忠勝,2
曹雨欣,2
稱祥輝,2
張建宏,2
江志宏,2
各種關,2
成竹在胸,2
人感,2
夢妍,2
工控,2
金海,2
能識,2
獲帳,2
時光傳,2
異無法,2
珍愛,2
微信號,2
雲手機,2
已透過,2
惟金錢,2
載泓策,2
活動外,2
服務騙,2
財有術,2
每尊,2
或靈性,2
卡風險,2
記廠,2
登記津,2
區南興路,2
改團,2
應冷靜應,2
小潘,2
潘先,2
當小潘,2
新花招,2
楊未,2
過多個,2
小詹依,2
詹察覺,2
碼不記,2
財富委,2
將財富,2
蔡信,2
燕窩加,2
稱類,2
叫料,2
並登,2
記個,2
維進,2
問活動,2
頭一樣,2
兒向來,2
新鎖,2
立學,2
吳文靜,2
吳金龍,2
張茜倩,2
沙母,2
個頭,2
元低,2
價賣給,2
不速之客,2
交戰,2
既神,2
款沙,2
發套,2
用平靜,2
心猿意,2
要麼給,2
這偽,2
最真,2
奮鬥換,2
老太婆,2
白藍,2
平蓉,2
笑盈盈,2
經擁,2
著險,2
上買入,2
寶貝貓,2
照顧貓,2
開拓,2
鏈出,2
然後推遲,2
真像,2
郭欣家,2
昏黃,2
襤褸,2
蓬亂,2
審核款,2
兒子念,2
給尤俊程,2
可愛得,2
這種療,2
系小物,2
隨之灰飛,2
之夏,2
學妹付,2
原石並,2
洛尼,2
張捷,2
消費標,2
許貴雅,2
品鍋坊,2
李馨,2
蘇淑如,2
吳燕,2
拉松,2
經融,2
賣家表現,2
鄭義恩,2
控盤,2
心並,2
游佳惠,2
電城,2
一塊亞,2
領巾,2
思塋,2
郭建宏,2
報價明,2
警民,2
晴介紹,2
激昂,2
修告訴,2
對策,2
財神貸,2
職時務必,2
行騎,2
最後卷,2
上程,2
最火熱,2
浩偉,2
許銘彥,2
招來,2
許婷雯,2
牽夢縈,2
張驄瀚,2
庭軒,2
生們,2
因維修,2
但潔西,2
氣準備,2
財富毀,2
此興趣,2
汪丞軒,2
取件門,2
市惠文,2
還浮現,2
投資夾,2
偶爾用,2
嗓子眼,2
迥然不同,2
往下流,2
日後務必,2
小卡來換,2
世巡,2
卡實,2
扭蛋盒,2
日日夜夜,2
用五萬,2
胡振葆,2
寶說,2
歡省,2
價電器,2
愛攝影,2
顧不上,2
沒發出,2
著學費,2
單然,2
別人求,2
求真,2
靴能,2
探險,2
情懷,2
補給部,2
實的,2
多路,2
過小,2
比詐,2
裝應,2
追憶,2
簡訊震醒,2
假錢,2
慈談起,2
慈是,2
前寄到,2
報始,2
安段育,2
朝網,2
王台秀,2
方虛假,2
環境照,2
生個,2
做飯,2
酒紅,2
色香,2
奈兒,2
之公開,2
放資金,2
棉條,2
八筆給,2
日後至,2
作金流,2
並方以,2
秋靜,2
入幣托,2
樂恆及,2
柒柒內,2
部班級,2
被劃,2
尚格,2
新酒,2
雀屏,2
假序號,2
許天華,2
財欣,2
林銳,2
高性能,2
事開運,2
張小發,2
云國際,2
李志銘,2
倉廣告,2
推責任,2
吳勝為,2
加連結,2
謝明峰,2
我想換,2
李漁陽,2
台新金控,2
邱沁宜,2
芳語,2
吳美家,2
五萬台幣,2
金錢流,2
陳炳昌,2
古鐘樓,2
尖福公園,2
林宜楓,2
平時林,2
宜楓,2
人緣,2
著車幣,2
等家,2
寶寶社會,2
售價為,2
莊麗梅,2
來紀念,2
找雲朵,2
顯得權,2
威且,2
細數,2
台灣籍,2
搶先購,2
點半及,2
熱愛成,2
謝金來,2
嫌黃昱翔,2
鎮大智,2
合泰門市,2
林孟瑤,2
投資份額,2
退付,2
投資德能,2
交換成,2
時蠢,2
伯維,2
將沙發,2
老賴詐,2
討債團,2
別人並,2
梵花,2
爆竹,2
借八萬元,2
會積極,2
女教師,2
能付,2
籃上,2
補著,2
裁縫師,2
之險,2
那突,2
數賣,2
人作證,2
並回頭,2
李詩倩,2
但詩,2
詩大,2
投資小試,2
相機情,2
驚悚,2
連找,2
分覺,2
數的驗,2
確地,2
說票價,2
般劇烈,2
家家酒,2
著換個,2
各兩張,2
區一江,2
然後人間,2
興奮劑,2
拿馬克杯,2
草率了事,2
毫無對策,2
吳鴻志,2
易子,2
姜妻,2
稱福,2
小馬哥,2
會特,2
清流,2
搶票費,2
楊怡婷,2
杰倫嘉年華,2
各種業,2
日拿取,2
王小壯,2
丞軒,2
暖暖車,2
這重,2
車行給,2
行均,2
由和潤,2
惟辦理,2
令其,2
事後車行,2
之後細,2
稱若給,2
國泰路,2
國泰店,2
完後會還,2
快車,2
張慧君,2
經無法查,2
得慢,2
蔡瑞嘉,2
蔡瑞嘉發,2
般湧來,2
元後可參,2
員確,2
認詳,2
細戶頭,2
轉提,2
將代,2
林雯琪,2
方太多,2
山脈,2
高達八萬,2
列王,2
紛爭,2
區龍米,2
寄卡後約,2
前帳,2
畫鶴,2
幣新,2
賣共新,2
開通權,2
獲得門票,2
貓快,2
寄貓,2
苗鑫門市,2
楊旭旭,2
稱涵,2
順利成,2
網的平,2
事得,2
謝蕙君,2
優先償,2
投資掉,2
以輕心,2
李壹安,2
惡名,2
昭彰,2
翔俊,2
潘紫彤,2
夜來,2
快商通,2
郁涵,2
連累成,2
國遠,2
范思懿,2
會聯手,2
問題務必,2
寒幕,2
廖玉齡,2
吳芳華,2
忠雄,2
丁素琴,2
貨門票,2
顏清祝,2
商延誤,2
批發業,2
鄭宇,2
神購,2
惟序號,2
因僅,2
富時代,2
搜尋驚,2
傅瑞麟,2
千寶等,2
市泓志,2
向永豐,2
林山,2
赫茲,2
景證券,2
聯聚,2
為陳國,2
弘奇,2
吳清松,2
載泓景,2
民同樂,2
騙後才,2
願意代,2
之後與暱,2
稱林鈺妮,2
為鈺妮,2
日芋,2
愛瘋,2
到邊,2
事性,2
高額點,2
義都,2
楊筱渝,2
仔細記,2
鄭玟,2
林依臻,2
誇大其辭,2
並增貸,2
全數將,2
囂張且,2
台新永續,2
期存股,2
給桃園,2
給華展,2
地提,2
個講,2
著貨品,2
乾爽,2
防護網,2
接著陸,2
機會壓,2
鄭宇神,2
熱愛投資,2
來嘗試,2
筆所謂,2
我聯合,2
橋門市,2
青埔店,2
多倫多來,2
訂一,2
張往,2
機票確,2
稱票數,2
帳後過,2
單結果,2
心奇,2
隨後匯,2
將我要,2
博行,2
睿智,2
筆未繳,2
面旁,2
信將疑,2
吉海門市,2
聚峰,2
特別體,2
極速動力,2
張木生,2
品薇,2
聯聚國際,2
酷騎,2
蔣名欣,2
鄭芷玲,2
賣家洪,2
但接,2
林雅惠,2
筆門號,2
組床,2
洗聯,2
徵分數,2
李妙,2
吳美珊,2
多軸,2
心覺,2
取當,2
社圖,2
毫無難度,2
我愛心,2
抽獎贏,2
因飯局,2
則需額,2
炒鍋,2
洪子喻,2
錢不僅,2
卡末,2
續念晨,2
建同,2
北耶誕城,2
轉木馬,2
抽不開身,2
徐韻茹,2
場後態度,2
徐韻茹確,2
認外觀,2
會該,2
文森,2
說詐,2
圖和區,2
域分,2
統一購,2
社員們,2
認進展,2
好發,2
廖梅嬌,2
高媛珈,2
江浩,2
行小額,2
自甲,2
松貿門,2
尼逆,2
視訊後成,2
本洲,2
創聯,2
玉品,2
紹錦,2
倪妮,2
電商業者,2
傷心過,2
周芷蘭,2
陸海,2
裡一時,2
宇翔,2
鬼島,2
詩魂,2
之出,2
納人員,2
張羲,2
網儲值,2
事永遠,2
票販,2
其裝潢,2
財資訊時,2
姜語,2
竊款,2
以償還,2
車討論,2
開商場,2
名線,2
微積貸,2
貞儀,2
點帶,2
事變,2
發訊息確,2
財經術語,2
豐新事,2
喬遷,2
顏清祝還,2
紫檀,2
實木霧面,2
學成路,2
經常談,2
集團裡,2
李筱婷,2
周湯豪,2
李浩逸,2
入夥,2
茶茶,2
筱清,2
文渝副理,2
及育,2
文經理,2
包幫忙代,2
通貨陸,2
需當事,2
號鎖定,2
將館,2
王國清,2
認識定,2
上刷動,2
著大獎,2
專員林志傑,2
余茜,2
絕將,2
廖本翔,2
車電,2
認購權,2
傘下,2
泳瑋,2
好家園,2
張怡琳,2
呆婉仁,2
王杰杰,2
金和店,2
林承緯,2
諭訂,2
購以,2
元門票,2
持華展,2
內實現,2
網銀步,2
手速慢,2
周杰倫票,2
永安市,2
場捷,2
簽字後交錢,2
多長點,2
還破壞,2
經歷後能夠,2
女警察,2
經圈存,2
連城,2
價票,2
費力,2
稱陳星,2
數卡詐,2
天刷,2
錢裡還,2
貨後要,2
連有過,2
廣告泛,2
包裡還,2
族龍躍,2
詢連結,2
職轉帳,2
有稱,2
描後進,2
臨限請,2
張黛林,2
溫幼,2
林政雄,2
提議面,2
需多繳,2
非一,2
設行動,2
財產資,2
金公證,2
民事案件,2
需籌措,2
獲貸,2
迷者,2
聽項,2
一場求,2
這比網,2
細講解,2
補辦並,2
會累,2
積點數,2
然後經,2
失失,2
進行驗資,2
湖捷,2
運見面,2
資訊後系統,2
王崇諺,2
卡及將,2
且換,2
處理妥,2
當後會,2
資標,2
群後發,2
鳳蓮介紹,2
鳳蓮才,2
並呼籲民眾,2
這裡並,2
沒有貓,2
具組,2
換布,2
台三樣,2
這三樣,2
獲利共計,2
金額合,2
林詩怡將,2
雅汶,2
凡年,2
相送,2
交貨辨,2
從照,2
中開視,2
要公,2
給手,2
絕露,2
何始終,2
李莎,2
某有,2
討論入,2
高鐵給,2
姐所,2
資訊現,2
物外,2
王珊,2
專家師,2
筆頭,2
定價當,2
會教學,2
筆金控,2
購買標,2
人小華,2
小華驚覺,2
應加強,2
小壞,2
乖將,2
這雙夢寐,2
立吉貸,2
小蔓,2
對方陳俊傑,2
劉詩寧,2
層特,2
改裝廠,2
瑞蓁,2
育辰,2
火星人,2
曉新,2
腳療,2
天賜珠,2
運珠,2
王均,2
面禮金,2
小進,2
阿瑩,2
項付,2
染霜華,2
特寵物,2
藍晏翔,2
涂心芳,2
林思怡,2
用連線,2
芮琪,2
商後錢,2
過幾天後銀行,2
暱為,2
勝宇傳,2
翁先生,2
詳細且,2
慕義,2
余樹旺,2
全托,2
張黃金,2
賣家失,2
區同,2
接類,2
似訂,2
專員約定,2
自參,2
繁到,2
億全,2
原號碼,2
胡詩華,2
匯款後拿貨,2
許昆,2
引薦給,2
高翰,2
主統,2
至團,2
再由團,2
購主將款,2
近幾月,2
調理包,2
之後活,2
動方要,2
王立偉,2
林慧,2
陳昱銓,2
問它,2
保證近,2
無破損,2
內貨幣,2
蒸氣幣,2
另上,2
趴熊,2
由當,2
須賠,2
買家凍,2
共九筆,2
之人張,2
團之人,2
意入,2
住友,2
用外,2
然後連,2
稍後嘗試,2
回訪,2
期幫人,2
熱情給,2
查類,2
爵夢,2
漳徐,2
將兩罐,2
壓保證,2
不壓,2
絲團暱,2
職人設,2
研所,2
輸出,2
外樓,2
無融資,2
金龍路,2
樓樓,2
潘嘉雯,2
知本,2
南昌,2
中醫調,2
骨之人,2
惟黃民均,2
實際受,2
渠幾天,2
致電銀,2
行後始,2
痴迷者,2
有巢氏,2
了馬幣,2
把穎兒,2
回穎兒,2
出穎兒,2
謝琇玲,2
氣中,2
林詩婷,2
覺得點,2
御賢,2
不收訂,2
毅偉,2
試用員,2
儲錢,2
以撥,2
筆後用,2
先和幣,2
完後猜加,2
可樂哥,2
魏杰,2
當貨,2
紫淇,2
關長,2
訂金合,2
前中,2
租迪和員工,2
能融,2
嘗試將,2
籌錢來,2
極佳且,2
需慎選,2
及冠,2
軍戰,2
稱獎品,2
襪子給,2
紐元,2
小勤,2
本序號,2
購買序號,2
聯絡華南,2
語真,2
廖弘諺,2
宣傳得,2
明驗,2
螺紋,2
棉料,2
張德欽,2
元四張,2
特曼,2
張涵,2
然後虛擬,2
燕萍,2
送環,2
保杯,2
做四個,2
任務截,2
想作,2
經給轉,2
之後派,2
和求,2
曾小敏,2
開水機,2
通後退還,2
這僅僅,2
準備確,2
案人給,2
及黃俊棋,2
今特至,2
寶只,2
賴也,2
轉進入,2
捐過款,2
機訊號,2
超商羅東,2
南門店,2
財源廣,2
簡立峰,2
面麻煩,2
王書語,2
巧韻,2
控為,2
手記,2
緒穎,2
梵雅小編,2
明叫,2
給領,2
豪媽,2
馮富偉,2
用鏡頭,2
獎餐,2
照銀行,2
暫性,2
愛鴿子,2
經賣給,2
得多加,2
廣告後續,2
由後台,2
違規費,2
用後皆無法,2
速賣網,2
群無法,2
簡佑旭,2
匯融,2
劉嘉瑞,2
幣商確,2
孟真,2
劉言,2
閥門,2
遠清,2
王秉鈞,2
林雯,2
包工,2
錦川,2
李美真,2
關山門市,2
御美皮膚,2
科研所,2
貓哥,2
子鵬,2
藝品求,2
買家吳,2
探到,2
接個案,2
處系,2
購買文,2
宣品,2
慘萬分,2
這好,2
真識貨,2
顛屁,2
顛地,2
过去,2
元寶票,2
細列舉,2
財產不會,2
有強,2
制力,2
看運氣,2
許運氣,2
資格轉,2
莎莎問,2
但莎莎,2
抽三陽,2
隨後主辦,2
獎戴森,2
太虧,2
並拍識別,2
伸用,2
出多張,2
大中,2
掐指一算,2
廣告彈,2
談價碼,2
火焚,2
等者,2
名義招,2
搖撞,2
唐大師,2
五行,2
活神仙,2
搜相,2
發寒到,2
原想,2
楊士層,2
交供,2
並執行,2
序幕,2
窗中,2
消解,2
失調,2
滿布,2
偶爾買,2
並承諾獎,2
國民門市,2
單飛,2
許銀行,2
很識貨,2
一萬個,2
等育兒,2
想信,2
碩士,2
身段,2
我後查詢,2
則亂,2
微信外,2
急欲,2
務經理,2
對方絕,2
心內,2
位居,2
紫布,2
經我表達,2
什么,2
结果,2
惟行員察覺,2
處理驗,2
當撥,2
氣在,2
證票務,2
調先到,2
游副理,2
經想,2
小智當,2
還當成,2
孤給,2
李柏滔,2
寶可夢有,2
依歸,2
彭湃,2
太謹慎,2
孤寶可夢,2
最後願望,2
沒有然,2
清風雅韻,2
阿芬,2
手袋,2
蒼嵐,2
上諮詢,2
警員繼續,2
公園將,2
服務看,2
負責確,2
認服務,2
車投資,2
車後轉,2
出國時,2
進入場,2
搜尋和詢問,2
東信,2
皓禹,2
僅透,2
這些過,2
報產,2
貸款將,2
寢室,2
柔玉,2
並漸,2
展毅,2
電虛,2
顧員工,2
幫助員工,2
協助員工,2
儼然,2
密友,2
還淪,2
需約,2
再重,2
小題,2
文志洗,2
將保單,2
署帶,2
及債,2
劉專員來,2
他門票,2
聯合輝,2
贊助票,2
名額票,2
選一張,2
天後開,2
李世民,2
世彰,2
心購,2
安檸,2
並先後至,2
海城,2
鄭成瀚,2
博平,2
稱業務部,2
高級電,2
搜尋論壇,1
著知,1
業創,1
完資料並,1
萬請,1
元備,1
機車掛,1
內衣褲,1
之後陳智豪,1
瘋狗,1
還連絡,1
發兒童,1
嫌則,1
買家驗證,1
劉慧,1
站門票,1
卡後會將,1
親之郵局,1
玄德宮,1
玄天,1
之電線桿,1
偉喬,1
流聯絡,1
總共七張,1
郭承昀,1
噴藥桶,1
灑肥桶,1
照合約付,1
萊杯,1
張志東,1
很恨,1
手掌心,1
楊新雨,1
簽合夥,1
證標案,1
某天前,1
包標案,1
失達七萬,1
名義作,1
辦手機,1
搜尋理,1
財代辦,1
主權益,1
以言,1
假債務,1
不動產詐,1
談銀行,1
警員黃子,1
恩及,1
劉俊良加,1
蔣經理,1
軍需,1
刷虛,1
必核,1
電給線,1
蔡弘翔,1
票務轉,1
遊戲壁,1
鄭溫語,1
售給,1
還錢北,1
稱智遠,1
蘇麗雯,1
寶成,1
一組六個,1
蛋殼裝,1
以萱,1
琴琴,1
帳元,1
艾蓁,1
林志聰,1
濃翠拿鐵,1
李鈺涵,1
啟動驗證,1
稱可贈,1
需由買方,1
四組門,1
號卡至,1
項亦無法,1
碧蓮,1
關於吹,1
說利潤會,1
轉成幣給,1
打榜要,1
假裝匯,1
和鍵,1
盤要,1
著認,1
常問,1
他常發,1
她衝,1
先在線,1
团週边,1
早点,1
盡速照,1
供會員,1
支付卡,1
位金及,1
粉絲數,1
動產證明,1
圓興,1
台海,1
還我七萬元,1
口面,1
之會頭,1
將缺,1
標太多,1
還不清,1
標三個,1
內一犯,1
阿呂加,1
盜刷達,1
吳曉涵,1
專員供,1
認識近,1
存置,1
超商後方,1
轉入驗,1
並保證驗,1
運作過,1
愛尚,1
劉宏明,1
差合約,1
縣見面,1
龍大,1
索展,1
涵涵給,1
許岩,1
王誠星,1
寄藥,1
精靈球,1
張宇廷,1
尋一個,1
寶瑋,1
購買訊息,1
金不見,1
專員購,1
親戚們,1
漸地,1
和護,1
碼也給,1
更多約會,1
願當,1
我在車,1
薪資戶頭,1
方用戶,1
登記過,1
童兆宇,1
璞玉,1
中过,1
項儲值,1
找日領,1
並定,1
貨運系,1
統下單,1
異未受,1
信後依,1
國際服,1
費總繳,1
員接,1
單且後續,1
郵寄超,1
商僅,1
需民眾,1
回訊息確,1
法後要,1
沒詐,1
柏毅,1
一夥詐,1
之後開店,1
開外,1
專業豐,1
最後那,1
幣兩百,1
普法,1
店員竟,1
這組號,1
百果,1
填訂,1
輕信照,1
簡訊後將,1
惟之後報,1
銀行別,1
始疑,1
號三樓,1
有供,1
動漫卡牌,1
想查證,1
往後投資,1
明步驟,1
權重,1
指導到,1
騙的網,1
遊戲圈,1
孕媽坊,1
這組助,1
創錢,1
西施犬,1
太療,1
圓滾,1
寵物護照,1
晴雨傘,1
那把傘,1
我僅知,1
小陳稱,1
付金錢,1
那娜,1
無數位,1
問小,1
因小,1
廖向,1
討當時,1
惟小,1
廖不願意,1
證搏取,1
還寄現,1
一百四十四,1
加爆,1
新業務員,1
用層,1
送文書,1
提三萬元,1
前後提領,1
職多,1
高價包,1
主同樣,1
該主播,1
中獎後檢附,1
天後獲,1
轉售納,1
改運法術,1
招財避,1
改運產品,1
又準,1
認入帳,1
明訊息,1
問虛擬,1
路科門市,1
方之後即,1
改登入,1
替剛,1
寶寶添購,1
謝可婷,1
寶寶準備,1
研聲,1
趙雯研,1
識破詐,1
獲釣魚,1
發現驗,1
簡訊幣,1
葉書,1
時越,1
小木桃,1
數供,1
雷蛇卡,1
傳卡號,1
取匯,1
張個,1
名義包,1
裝話術,1
價廣告,1
額成,1
幾筆代購,1
參與代購,1
沙發前,1
商外務,1
要在給,1
稱喬,1
是偉,1
細想後才,1
專員陳宇宏,1
領生態,1
單鍋具,1
額開始,1
給呂,1
方之間,1
被負,1
項版權,1
完寶物,1
當我媽,1
李嘉念,1
機傳給,1
金業員工,1
擔心員工,1
開著外,1
再外,1
送單,1
一才會,1
商把幣,1
術員,1
飛朋,1
沒強化,1
兩尺,1
專員陳冠傑,1
這盒,1
那退,1
智光,1
因暱,1
行說,1
異常往,1
票約,1
國三會,1
考筆記,1
法鬥犬,1
玩視訊,1
數卡罷,1
還附下,1
簽售本,1
友愛團隊,1
通情,1
達理,1
劉欣慈,1
處理手,1
機換機,1
幾封驗證,1
著念出,1
張琳琪,1
球給,1
志林,1
剩少數,1
最能,1
楊美芳,1
小箱子,1
這包裝,1
外務員帶,1
大小不一,1
臉識,1
別驗證,1
再訊問,1
先把款,1
開後加,1
廖智傑,1
販售玉鐲,1
圈口,1
幣十萬元給,1
短尾,1
植絨,1
梁珮蓮,1
款要,1
既匯,1
重元,1
人表達,1
當面付,1
張梅華,1
法常見,1
盧焯,1
費發放,1
不知下落,1
總近,1
地時,1
子昊來,1
常聊些,1
截圖當,1
將卡寄到,1
要車,1
檔位,1
因合約,1
稱恩,1
嘉義群,1
購保養品,1
連關心,1
會業務,1
我同,1
最後我信,1
蔡佳,1
扫碼,1
謝雨彤,1
問了櫃,1
錢黃金,1
條以,1
元名,1
女不疑,1
其高雄,1
稱國外,1
始可作業,1
共四則,1
驗證訊息且,1
心狠,1
每一毛,1
李淑,1
愛丁頓,1
灌醉,1
問昭廷,1
失一萬八,1
獎兒,1
童車,1
傳中,1
獎十萬,1
賣大閘,1
資更多,1
不僅針,1
研欣,1
錯給,1
謝雨,1
談天氣,1
托以,1
出八筆款,1
內十萬元,1
被打乱,1
一样,1
同样,1
三門,1
標榜全,1
買家實,1
最後還報,1
上買些,1
臉發,1
澄購,1
卡斯特,1
天作,1
予虛,1
無多餘款,1
原來訊息,1
國中學習,1
書送給,1
梧傳,1
運寄現,1
包得,1
會少,1
擔心害,1
紫琳師,1
父馬上,1
我功,1
電視的確,1
新電視,1
成中國信,1
共八萬,1
收據作,1
結算為,1
沒把驗,1
下共買,1
某類,1
著新鏡頭,1
知非,1
幣海幣商,1
了湯,1
用錢繳,1
多可憐,1
隨後幾分,1
十幾分,1
簡訊能,1
閉現,1
未輸,1
六到,1
從帳,1
一連盜,1
秋季旅行,1
會貨到,1
籃球訊息,1
車頭,1
又領,1
兌換點,1
機假裝,1
氣急,1
一萬新,1
說話斷,1
號太,1
某天群,1
被動搖,1
開視訊教,1
星皓,1
更賢,1
單利潤,1
終於學會,1
質約會配,1
不補費用,1
完展覽,1
小七線,1
友聲,1
方佳,1
包再,1
林遠,1
帳後因,1
局林柏欣,1
好找,1
充餘額,1
叫黃曉惠有,1
童膳,1
萌器,1
站後覺,1
無代,1
豪情逸致,1
照個,1
裁縫機,1
機免,1
菩堤,1
王國安便,1
勝貨幣,1
協助諮詢,1
網婆張,1
為曉曉之人,1
無虞後才,1
結轉,1
邊詢,1
結異常,1
將國泰及,1
商非,1
服務範圍,1
並傳陳姐,1
為陳姐,1
續陳姐,1
李晓婷,1
聯天,1
轉照,1
網友思,1
稱吉吉,1
制金,1
證致,1
渠輸入,1
迪朗奇,1
自動義式,1
問機台,1
明機台,1
討論後約定,1
機台後方標,1
財產標,1
年限,1
原會員,1
發貨車,1
整片,1
西過,1
國偉及,1
顯示陳彥,1
視角,1
麗國際,1
鎮門市,1
學短劇,1
採當天,1
現採,1
稱實名,1
雲溪能,1
內容傳,1
昨為,1
守護符,1
濟世大師,1
畢後將款,1
內填,1
聯徵額度,1
連同購,1
東西導致,1
找華南,1
其後查,1
尋手,1
布魯卡,1
努斯,1
寶石箱,1
資金下,1
申辦理,1
領枕頭,1
承諾返,1
戶後發現,1
假活動,1
詐術來,1
宋宜,1
林宜潤,1
通條款,1
隨後到場,1
慧佑,1
鄭學哲,1
車靴,1
過於依賴,1
及代墊,1
指印,1
筆電中,1
料子,1
通貨購,1
大要,1
組玥,1
賣劍靈,1
有篇,1
運費後對方,1
王威龍,1
魚邀,1
魚聲,1
魚轉入,1
語氣和頭,1
隨後話題,1
事貴,1
實出,1
現新,1
現不僅,1
釣竿免,1
訊息僅,1
詳之人發,1
愛就,1
林梓軒,1
鎖領,1
聽後要,1
且帳,1
問援,1
會後對,1
炮約,1
筆共六萬元,1
商填,1
洋基,1
魂熱血,1
小灰塵,1
一燃,1
越多越好,1
從超,1
來曉雨,1
調見面,1
需現,1
部廣告,1
並加取,1
進軟體,1
前後後去,1
姓孫,1
方主動教,1
時間屬,1
紅利期,1
誤觸網,1
法約會,1
專員約,1
包畫面,1
寶物詐,1
成特別,1
補約,1
愛轉售,1
時後訊息,1
漫開,1
貪急,1
去訊問,1
看連,1
轉連結,1
貸連,1
還有誤,1
損失給,1
項後用,1
態度始,1
終溫,1
柔誠懇,1
面後不會,1
與理,1
叫子,1
連我大學,1
很配,1
因為子,1
陸宇,1
無比氣餒,1
榮園,1
損失共二,1
詹快,1
到訪,1
嗣後致,1
發放及,1
百億貨運,1
奠儀,1
之送,1
須洽,1
售洲際,1
反共,1
陣營,1
安靖,1
雲倉,1
銅鑼公園,1
蕭為,1
賣後照,1
開時間,1
該員主動,1
協創,1
劉柏鈞,1
第一支,1
五五,1
第三支,1
李嫌,1
投資衝,1
電商業績,1
權限費,1
不清出,1
結金額並,1
投連結,1
為志強,1
中志強,1
惟未將,1
網友志強,1
簡載,1
失敗具,1
仙人,1
已楓,1
共換算,1
王資訊群,1
崇道,1
沙發售,1
運沙,1
發後就給,1
傭金為,1
錦蓉,1
費後返還,1
團電商,1
美君,1
經常報,1
總共報,1
專題,1
文現,1
著諮詢,1
人員陳雅婷,1
以尋,1
前後後和對,1
然後我購,1
販售證,1
個證,1
服務相,1
枕頸,1
面引導,1
這幾位,1
驗證會,1
正積,1
極在網,1
接連中,1
處理遊,1
代辦業者,1
進行身,1
用身,1
誘給,1
頂多聊,1
李筱筱,1
退個貨,1
叫佳琳,1
講感覺,1
李珈,1
套進,1
用錯,1
輔助品,1
獲利拿給,1
入金合,1
問靜宜,1
為雯雯,1
權限並,1
客流量,1
楊芸喬,1
買及,1
三人用,1
謝老師,1
價合約,1
跟轉,1
並在店,1
成員傳,1
開民間,1
當廚,1
照產業現,1
約金,1
請律,1
著修,1
彭家,1
數作驗證,1
技術面,1
單好準,1
實戰團,1
已經列,1
通聊,1
卡賽爾之門,1
玩久,1
神經病,1
價訂,1
閱等,1
並跟網,1
還蒙,1
幫助長,1
期協助,1
開來歷,1
友梁,1
事抖音,1
心凌,1
縣廟,1
回國時,1
瞭天,1
接現,1
出金訊息,1
時變,1
楊玉娟,1
組裡會,1
還很優惠,1
忠心,1
蕭深,1
竟在網,1
對方辰,1
禮拜給,1
卡補,1
將項,1
目轉入,1
許經理成,1
專員成,1
手冊給,1
補助驗證,1
張黑膠,1
筆共新台,1
賠機會,1
王彩燕,1
數據佐證,1
撥號,1
連系統,1
超商身,1
修門市,1
貨後隨即,1
可幫忙代,1
開代匯,1
從轉,1
筆後因,1
兩人親,1
自擔,1
商聯會,1
原阜揚,1
經理陳振華,1
職到,1
人伯,1
銀顯示,1
追討代,1
儲金額,1
寵物展,1
維安人員,1
記電話,1
資賣,1
整過,1
球團現,1
樹叢裡,1
放對方,1
要公開,1
玷辱,1
惠玉,1
仍匯,1
鐘後訊息,1
車票費,1
假系統,1
統現,1
問中華郵,1
黛黛,1
關寶可夢,1
寶可夢卡來,1
店交換,1
錯件,1
過那個,1
熨斗,1
出貨驗證,1
區聊,1
裡也起,1
斤重,1
最後幾筆,1
太少會,1
張黎,1
金比,1
氣專業,1
還捐,1
數贖身,1
失額,1
金睿店,1
始謝,1
有謝,1
谷詩,1
意售,1
意收,1
有國內,1
至見面,1
驚悚帶,1
特區連,1
會明,1
故循,1
銀掃描,1
救不回,1
完越,1
賺十幾元,1
掃無卡,1
還把訊息,1
購樂團,1
來貨,1
畫的,1
再畫,1
可愛又想,1
禮金及,1
這台裁,1
可代儲,1
葉爾琴,1
轉雙倍,1
點小緊,1
語體,1
更空,1
開居酒,1
懷疑會,1
重看,1
隨意加,1
新關,1
一組樂,1
著寄貨,1
著等會,1
貪求,1
看花,1
漂亮妹妹,1
投錯票,1
補一補,1
裡也怕,1
這麼講,1
寄些,1
將三,1
遞代碼,1
投資禮券,1
林美婷,1
專屬業務,1
獎資訊,1
將那組,1
費都付,1
能透,1
過監,1
察院,1
公務協助,1
擴大營,1
牌迷,1
牛價,1
這組夢幻,1
巨漢門市,1
王淑慧,1
人陳雅琪,1
現顯示,1
宜萱,1
需約炮,1
炮會員卡及,1
隨機性,1
填輸後便,1
販售始,1
金之權益,1
鵪鶉,1
結後需,1
網友始,1
電競鍵,1
仍嘗試,1
發放急,1
出計,1
選信,1
群祖內,1
稱娜,1
群組開,1
數卡達成,1
補登時,1
行員後才,1
城希,1
巨獻,1
檢閱,1
並優化,1
時側,1
問後欲,1
照順序,1
優惠等訊息,1
叫霖,1
資產足夠,1
財務後它,1
天女,1
找人代購,1
條峰,1
條島,1
幫忙運,1
李虹誼,1
丁聲,1
詢並且,1
晴歌,1
開通網,1
張睿恩,1
需與統,1
將軍分,1
米老鼠,1
水電貨品,1
專責水,1
電會計,1
保麗龍,1
假取,1
現金箱,1
訊息後續,1
許已,1
先質疑,1
運動後滑,1
貨沒有,1
地裡,1
呂男透過,1
做位,1
終於有件,1
呂男,1
可時,1
看手機,1
沒長,1
然後款,1
日向遊,1
裡兩個,1
書賣成,1
最後提領,1
經轄區,1
巡邏取,1
締違,1
規時,1
裡震,1
撥回,1
假若,1
手型,1
許都,1
同學時,1
中興里,1
場被,1
貼文後下,1
網紅孔,1
白相,1
網紅代購,1
電棒,1
詠旭門市,1
郭凱爾要,1
然後臨櫃,1
因中,1
萬存,1
企銀來電,1
墊通,1
中溫,1
項協助,1
卡後趕,1
寶山球場,1
喜愛與,1
轉介來,1
付全額,1
法務股,1
若不親,1
電公務,1
阿辛,1
風飛砂,1
不外借,1
辦清倉,1
貨資金,1
著買點,1
琪惠,1
具無法,1
哲購,1
承德路,1
前載,1
開門進,1
叫歆妍,1
辨認,1
最後還親,1
鎮前,1
某情,1
員能,1
問保養品,1
但永遠,1
兩天問,1
帶鋸機,1
搜尋泰,1
簽申,1
幣沒到,1
依托,1
並權,1
限登記,1
當儲,1
覺對方,1
付票,1
並送驗,1
買會員點數,1
專員倩怡,1
數之序號,1
唯對,1
失什麼,1
不僅卡,1
抵達菜,1
數後匯款,1
予遊,1
帳號後五碼,1
幾天後電信,1
地檢署劉,1
領結,1
人壽業務,1
保險並,1
做後數,1
遭嘗試,1
假保險,1
供作業,1
報中,1
說員,1
工太忙,1
購買項,1
現金比,1
少一點點,1
好談,1
緬甸真,1
問題品,1
筆略,1
刪群,1
誠徵旅遊,1
阻案,1
幣點,1
某動,1
什麼動,1
轉幾筆,1
林怡蓁,1
向律事,1
債務資,1
師行,1
詹明,1
拿積,1
作甜點,1
卡件,1
勾勾,1
好後親,1
自拿去,1
到後來連,1
寄會,1
幫電腦,1
叫陳凱,1
解帳,1
中主動問,1
之後會代墊,1
菱格紋,1
洪于,1
連絡線,1
文賣樂器,1
規範故,1
筆電貼,1
匯費過,1
郵局裡,1
選後發現,1
勝之人,1
國際產業,1
鵝子,1
王勝豐,1
阿豐,1
面數次,1
阿力,1
大鴻,1
留鋒,1
撥訂,1
心往,1
抽油,1
煙機,1
刀具,1
職補助,1
店員詢,1
項關鍵,1
會員比,1
紫羅蘭要,1
劉莉琳,1
頂多損,1
失個,1
做賣,1
幣性質,1
資金後網,1
多求,1
證匯率,1
賣表單,1
之後主動,1
展早,1
緬甸玉良緣,1
其業務,1
日現,1
並另購,1
竹筍,1
制後再匯,1
成對方,1
點開後照,1
梁智凱,1
入出,1
秋慧,1
秋慧貼,1
打氣,1
現金分,1
許多幣商,1
溫柔話語,1
還消費,1
還會問,1
代領藥,1
薪資要,1
銀去,1
換教訓,1
之後直,1
人心隔肚皮,1
性不差,1
資訊內,1
幾封訊息驗,1
則驗,1
進行載,1
帳密和驗,1
實透過,1
淘汰,1
及贏,1
而後遊戲,1
過中,1
一影視,1
劇大賣,1
信王,1
獎發票,1
完後手機,1
停卡始,1
許約,1
電影館,1
台中館,1
通話連,1
及押,1
對方後續還,1
徵副業,1
匯作業,1
寶下,1
筆護膚,1
誤等,1
還相關,1
資金後能,1
開票並,1
慎點,1
做歸檔,1
正遊,1
惟見,1
陪游,1
膽大黨,1
竟威脅,1
對樂天,1
完成率,1
因為線,1
榨乾時,1
承諾全,1
木作,1
領回報,1
但口氣,1
機沒帶,1
金六萬,1
出門照,1
回店,1
裡見,1
那買家,1
會的網,1
獲得融,1
認識安,1
瀏覽後向,1
可線,1
騙後遂,1
尺貨櫃,1
完後提連,1
方皆無回,1
真難,1
議員後才,1
服後轉,1
證見面,1
超商嘗試,1
並依說,1
明匯款,1
將現場,1
沙等,1
請絕,1
走共五萬元,1
證金皆屬,1
存錢並,1
叫寧寧,1
處理後歸還,1
轉票給,1
聯絡轄區,1
商業區,1
貨後內,1
資異常,1
張芷涵,1
眉梢,1
當我告,1
訴柏言,1
能學會,1
但凱哥,1
沈星,1
抽錢,1
深呼吸,1
經後續察覺,1
只蘭花,1
蘭花,1
勞績,1
台幣並,1
聶伶朱,1
荔曉,1
高高地,1
往坑裡,1
停卡以,1
預約諮詢,1
新計,1
畫要,1
還耐著,1
快樂上,1
給奪,1
志向,1
用教學,1
寶雅員林店,1
褲裡,1
王櫓傑,1
禮利潤金,1
轉捐給,1
展覽早,1
點進後加,1
買酪,1
酪梨詐,1
商討售,1
幣的售,1
獲現,1
金和合,1
金牛座,1
詢約炮,1
吳曉雅,1
證後九碼,1
動報案,1
共九萬,1
交貨後帳,1
姿羽,1
總共二萬,1
家裡變,1
神社,1
消費確,1
實異常,1
可愛又平價,1
童裝店,1
林男有,1
王建峰,1
戶政人員將,1
名義勸,1
幾日後接,1
之多組,1
卡和五條,1
受法,1
百鬼,1
百萬紀念,1
許珮汝,1
並無從,1
九現,1
換統,1
商寄杯,1
故臨櫃,1
遭成,1
劉進,1
財產如,1
投資大計,1
去陽信,1
然後又分,1
還獅子,1
存十萬,1
由羊爸,1
莫為,1
文宗,1
萬里通,1
續元,1
結之款,1
炮要,1
單依其,1
須連結,1
張璐瑤,1
同錢,1
購買後才,1
制金流,1
王若,1
其頁,1
與繳,1
吳俊俊以,1
總受,1
上犯,1
然犯,1
當訂購,1
使訂,1
連結後由,1
宇程,1
輸登,1
館展覽票,1
貼告,1
慧慧見面,1
社夢幻,1
社動,1
漫遊邊,1
稱栖栖,1
直發現,1
交換統,1
某種門,1
中換成,1
著脆,1
財經班,1
自示範,1
內加碼,1
惟中間,1
靈之,1
點擊渠,1
一組詐,1
共至,1
試問,1
認識久,1
張展覽門票,1
這樣屬,1
獲虛擬,1
先無卡,1
紛以,1
並未認,1
彭勝疇,1
阿世會,1
判決將,1
阿世分,1
我共築,1
販售蘭花,1
攪拌器,1
賠九萬多,1
純想,1
搜尋換,1
進入後發,1
不拿三萬元,1
商新後勁,1
槍枝要,1
幾封來,1
違反產品,1
醫學會,1
並在驗,1
女用戶,1
之後送,1
按鍵害,1
糊裡糊,1
塗照,1
繳交業,1
力費,1
以後回,1
業力費,1
金收,1
再多給,1
友古,1
尋機會,1
網紅于,1
覺知,1
銀行載,1
具設定,1
證頁,1
還又傳來,1
第三封,1
要代繳,1
接觸民眾,1
裡繼續,1
還很可愛,1
好換,1
儲金幣,1
錯要,1
自發票,1
銷售珠,1
人段,1
珊琪,1
方萱,1
嘉美,1
人書籍,1
加立,1
一點會,1
代跑,1
補還,1
描一,1
組二維碼,1
領獎驗證,1
褲買,1
徵保母,1
匯利,1
以淚,1
洗面,1
玄武,1
符術,1
玄靈,1
伏兵,1
助緣,1
愛戀,1
本靈,1
玄之又玄,1
點蓮花燈,1
黑符,1
草人法,1
催符,1
票別,1
請私,1
很愛在網,1
寄收,1
連結樣,1
竟少,1
區全,1
賣會員點數,1
明內容,1
聯絡此,1
寶裡,1
林小鳥,1
還瞬間,1
簡訊加,1
證明會,1
實驗性,1
了衝,1
頭貸款,1
沈祖恩,1
點跟人,1
銀業,1
部林,1
天群,1
安全部,1
門風控,1
叫陳峰,1
多步,1
千點數,1
將折,1
熊麻吉,1
先幫君,1
如度,1
稱飯,1
你媽,1
標後始,1
先動用,1
客戶誤,1
許鶴羽,1
取引,1
明意,1
衝送線,1
具事項,1
利客,1
卡補交,1
已少,1
永盛當,1
對方欲贈,1
會搖滾區,1
郭怡鳳,1
餐給,1
曖昧關,1
第四代,1
全聯門口,1
辦托運,1
那篇賣,1
三萬元換,1
鮮奶,1
石給,1
錢戶,1
數卡共損,1
其約,1
入假,1
圖後對,1
完照,1
送餅,1
寄餅,1
包裝六張,1
問那群,1
信點,1
現金後分,1
流動式,1
賣貨還,1
給套,1
維護信,1
某公園裡,1
很愛露營,1
組裡學,1
賣休,1
閒椅,1
中電子,1
幾萬日幣,1
票務交換,1
進遠程,1
授權給,1
腳器,1
估計共損,1
周美娜,1
超客氣,1
林雪娥,1
元多張,1
一張換,1
大拿鐵,1
換禮券,1
張全聯,1
給你禮券,1
券送給,1
這口,1
喝起,1
連心裡,1
其亦為,1
上約,1
至住,1
處給,1
卡號後該,1
入後均,1
何文良,1
只強,1
人傷,1
清素,1
周善悟,1
驗資金,1
隱晦,1
吃水,1
編仔,1
實際驗,1
應召員,1
出金示範,1
接著錄,1
裝介紹,1
先小額入,1
金試,1
時興奮,1
版型,1
多忙,1
防護強,1
旨在,1
餃試,1
做後以,1
組確,1
閉遊戲,1
清賣場,1
嫌何,1
琳諮詢,1
費連,1
同訂,1
金共匯款,1
問承攬,1
稱嘉昊,1
保登入,1
並隨附,1
奢華屋,1
私訊線,1
保育,1
小企銀,1
號有後轉,1
群組後見,1
購選物,1
酸辣粉,1
事務交給,1
問出貨,1
手新,1
壓縮袋,1
可愛又實,1
張惠玲,1
只想確,1
發米,1
款誤,1
處理錯,1
誤款,1
單試試,1
何首,1
烏精華,1
謝秀,1
張助,1
已依據,1
將同樣,1
過於輕率,1
員詐,1
相談要,1
兩造,1
稱監,1
控處,1
理系,1
語心,1
需喪葬費,1
供雙方,1
這幾小時,1
鄭歡歡,1
鄭女,1
證之號,1
違規金額,1
入識,1
做風險,1
中不疑,1
蔡郁昕,1
記電子,1
親告,1
別式,1
詹澤勝,1
幣掃碼,1
拍口紅,1
街頭巷,1
裴詒,1
帳號後持續,1
傳送後因,1
制連結,1
送神,1
認證代辦,1
開通後要,1
年額度,1
許曉曉,1
許曉曉向,1
描後跳,1
顯示頭,1
林底,1
傷別,1
人認,1
盧永科,1
王雨華,1
小買家,1
流動裡,1
想博,1
只會換,1
下一張,1
擦乾,1
投資協,1
果中,1
鳥門票,1
確有驗證,1
對大,1
氣整,1
天府,1
愛恆樂,1
活園,1
樹林頭,1
而發,1
證或輸入,1
內主動,1
酷遊,1
途車程,1
病得,1
跟家,1
屬拿車,1
車回,1
完病會,1
途來,1
還協助將,1
方人來,1
方人加,1
多懷疑,1
上透,1
軟體代,1
個系統,1
虛寶當然,1
還不翼,1
經爽,1
結輸,1
瘦下,1
群組森活,1
鄭葳仁,1
名為曉倩,1
時名,1
地墊,1
連佳奈,1
王銘洋,1
林靖語,1
人姍姍,1
開通會員卡用,1
鄧潔茹,1
條碼須,1
賴雪夢,1
問後才察覺,1
蔡廷德,1
因搶票,1
碼後隨即,1
回方,1
同學先,1
司機加,1
例並,1
需報案,1
人馨馨,1
陳倩雯,1
加強代,1
謝粉,1
最後八萬元,1
減肥奇,1
換我,1
杯大杯,1
重發,1
機還行,1
塊換,1
收貨系統,1
網四處,1
卷序號,1
欠手,1
應徵臨,1
但蘭,1
商欲用,1
應匯款,1
內容後為,1
證明佐證,1
元票價,1
並於銀行,1
袖白,1
藍色長,1
私訊小編,1
給小編,1
已升級,1
蔡恩,1
現三筆,1
博正門,1
填取,1
蘇惠蓁,1
小冠,1
服務業員工,1
出八萬元,1
法以,1
額持續,1
屋網,1
法向幣,1
楊俊明,1
口出,1
曼蒂稱,1
依曼蒂,1
手以,1
數共損,1
賣貨邊,1
元無卡,1
用十萬學,1
沒再照,1
日後陸續將,1
投資後對,1
號門票,1
含代匯,1
體驗代購,1
體驗後會匯,1
筆體驗,1
機敏,1
異常購,1
朝景,1
機為,1
嚇然,1
及幣店,1
方所創,1
付費配,1
稱旭,1
為陳旭陽,1
變成空,1
需含,1
級數,1
遭轉帳,1
劉佳蓉,1
及涵,1
銀的幣,1
開通過,1
稱太忙,1
沒空帶,1
撐場,1
冷場,1
滿積極,1
驗證性,1
轉帳後款,1
推動雲端,1
格萊,1
心店,1
白悅茹,1
聚寶遊,1
允以,1
贈禮系統,1
先贈禮,1
統代碼,1
想輸,1
尚無匯入,1
帶離,1
另一手,1
無入,1
力智業務部,1
林元章,1
真聰明,1
全崩,1
稅務資料,1
稅務細節,1
實來電,1
傳訊確,1
號刪,1
開視訊給,1
爐具,1
吳宸熙,1
卡交給網,1
胡迪,1
叫羅郡,1
失戀,1
人算,1
費異常,1
擠乳器,1
藥粉,1
還可選擇,1
需網,1
買後續,1
一玩,1
認條碼,1
未得,1
名頁,1
福澳,1
擊敗,1
會永遠,1
先後遭,1
一虛,1
負責大陸,1
卡供驗證,1
這名線,1
附通訊,1
將熱,1
箱後發,1
現熱,1
將數間,1
有國徽,1
誤輸入,1
散熱器,1
張賽,1
局統,1
必須證,1
禮券來,1
以多杯,1
將多杯,1
現金竟,1
詳細紀錄,1
撤資並,1
不僅票,1
名義不,1
繳納數,1
遭人押,1
關贈,1
貨便予,1
防後續,1
親友後驚,1
更珍貴,1
票去,1
還冒著,1
嘉俊見面,1
但嘉俊,1
聯絡嘉俊,1
幫學員,1
嚴選會員,1
我靜下,1
小願望,1
著紀錄,1
常玩遊戲,1
已行,1
外幣團,1
方會代,1
領外幣,1
外幣戶,1
某怡,1
某代,1
臉書戀,1
愛社團,1
名義套,1
現拿,1
儲值後能,1
小甜甜,1
內埔一處,1
電箱裡,1
著雲端,1
談好後要,1
重症,1
飄花雪晶,1
欄時,1
續姍,1
司點,1
卡經銷,1
免費供,1
費擺,1
填報,1
盧某,1
貨上,1
認了幣,1
將四筆款,1
從想領,1
成害,1
兩萬三,1
一萬八會,1
能換個,1
聖悅,1
會員需,1
與言語,1
卡開卡,1
系統重,1
啟費,1
再放棄,1
油漆工,1
當聘,1
僱保證,1
辦後對方,1
竟花,1
並從幣,1
營運電子,1
限時驗證,1
並經常購,1
主獎賞,1
房裡,1
目標後會,1
領大紅包,1
完後滿心,1
一算共損,1
卡大約,1
商蘭潭門,1
方後欲,1
簿本,1
機車稅,1
著語,1
音房,1
當活動,1
標後會,1
能拿獎,1
山媽,1
繳活動,1
優惠費,1
講興趣,1
李正義的,1
懶人露,1
森境,1
高藥,1
撰寫,1
張感,1
台下,1
我運用,1
掌聲,1
這也成,1
具須,1
所養,1
說則,1
電且,1
有後詢問,1
金流款,1
申訴並,1
渥酬,1
勞勸,1
台灣職,1
幾天後人,1
林庭毅,1
估價師,1
賣百獸,1
嘉穎,1
鐵換,1
連騙,1
台灣批,1
發大買,1
討匯款,1
李國正,1
向陳婉婷,1
姜姿瑩,1
有雲端,1
附惡意,1
不買會,1
連不,1
數字驗,1
沒預,1
兩封驗,1
關於雲端,1
盜刷購,1
認發票,1
還輕易,1
紋路,1
中構,1
思藍圖,1
方冒稱,1
自拍給,1
匯款後暱,1
力曼,1
天列,1
中儲值,1
義轉,1
事後偽稱,1
依女,1
社申,1
網內購,1
膚黑,1
身瘦,1
認所購,1
選加熱,1
銀根,1
那人給,1
筆小確,1
惡意頁,1
衣並,1
還打過,1
連結開,1
並把剛,1
做訊息,1
帳後有,1
筆日圓,1
出次,1
東光園,1
點擊後內,1
容要,1
含電話,1
短訊驗,1
往後接,1
強驗證,1
連小,1
約六點,1
藍金流,1
帥飛,1
調之後金額,1
獎期間,1
強調款,1
已領,1
核對款,1
財政部統,1
組新,1
蔡家,1
業集團,1
群貼,1
人歲,1
含運費共新,1
連結始,1
代銷售,1
組聊,1
投次,1
傳冷錢,1
歸戶驗證,1
合計八萬,1
疑問並,1
點多至,1
頭一急,1
幫來,1
其餘用,1
玲想,1
熱搶,1
投資型態,1
網友訊問,1
自稱連,1
雙方貼,1
順後續,1
帳貼,1
雯說,1
廣昌街,1
但裡頭,1
元拿序號,1
需家長,1
賣貨通,1
出金作業,1
某書房,1
遭竊刷,1
赴美,1
國消費,1
小妖精,1
張啟,1
凱莉幣,1
入會並,1
數據會,1
林義成,1
專營家電,1
遠傳心,1
具之銀行,1
容謊,1
帳號後照,1
追鈔票,1
韓團國,1
唱會,1
專圈,1
柯仁明,1
義和,1
張湘,1
需截,1
圖訂,1
明細內,1
成協定,1
為雯,1
渠會,1
高宇皓,1
找外,1
方無意,1
生須,1
喪事費用,1
千後以,1
台中網,1
職日,1
結日領,1
偽警員,1
物資賣,1
全國路,1
終於順利,1
警覺網,1
然後試,1
臨一個,1
經聊過,1
環綺國際,1
連台灣,1
別信奇,1
我視訊並,1
銅像,1
王美珠,1
貴賓卡,1
可升,1
升等,1
沒多貴,1
東賢,1
匯款後人,1
還誇稱,1
李弘,1
叫陳婷,1
不僅失,1
交談後邀,1
李思,1
稱至,1
可與網,1
張曉雨,1
並多給,1
匯五萬元當,1
思諾,1
開國外,1
好匯,1
轉三萬元過,1
群組裡問,1
媽祖頭,1
兩尊,1
觀世音,1
開天彌,1
卡好康,1
能和網,1
會員配,1
王彰,1
見並,1
面後才,1
之保單,1
阿里巴巴公司,1
海鳥票,1
金鳳要,1
資金覺,1
設薪轉,1
手金流,1
帳五筆,1
東區府,1
毛房,1
隊卡,1
幣逾,1
入金驗證,1
電聯絡,1
卡刷取,1
寶億,1
連會員卡,1
桃開始,1
緝行動,1
紀念杯,1
人婭,1
研約,1
廖柏恩,1
循廣告,1
文內訊息,1
可訂購,1
還所承諾,1
單費時,1
游伊萍,1
偉林,1
忠貞,1
將於當,1
供人購,1
惟顯示,1
用錢給,1
販賣安卓,1
傑專員,1
簽名後以,1
幾家驗,1
車應,1
幾間驗,1
給車行,1
回執,1
稱琪,1
可約定,1
報案始,1
推廣相關,1
內容前,1
並刮開,1
碼後截,1
結工,1
數類,1
似此種,1
徵友訊息,1
隨買,1
沃光輝,1
需講,1
詳細交談,1
往來關,1
和績,1
效截圖,1
辦理房,1
做連帶,1
真共損,1
二百多,1
師才,1
門票須,1
面畫面,1
備存,1
試用費,1
匯款後發,1
折成,1
面畫,1
面列,1
額驗證,1
愈大時,1
名義施,1
還辱,1
超商加,1
購買麥,1
心動購,1
代機車,1
小恬,1
百聯,1
香橙,1
費更換,1
討後對,1
升級當,1
工老,1
偵六隊,1
投資日,1
股為,1
認後應,1
買樂天,1
一億,1
業務費,1
音樂測,1
評人,1
全歸,1
沒幫人,1
卡能領,1
海平,1
淘寶代,1
場後協助,1
城章,1
跪下,1
熱外匯,1
許家豪,1
職匯,1
兌人員,1
蕭專員,1
奇拉珠,1
戒台,1
恬然,1
這價差,1
尾貨,1
驗鑽筆,1
一測,1
查詢網,1
加多個,1
故封鎖,1
走款,1
團專輯,1
親自載貨,1
貨賣給,1
田文,1
親友代為,1
作為購,1
其態度,1
真珠,1
日先出,1
貨三個,1
賣的貨,1
提共之戶頭,1
兼保母,1
因訴,1
執行費,1
前透過,1
高雄鳳,1
包可查,1
人員竟,1
緝獲,1
停車舉,1
妥後決定,1
小物給,1
詞怪,1
謝鎧,1
信貸業務,1
周麗萍,1
為范,1
強之,1
方范偉強,1
嫌范,1
結才察覺,1
開通會員後假,1
上達成,1
若事後才,1
胸針,1
做後帳,1
交錢會,1
資和盜,1
賣家後對方,1
雜卻,1
記一個,1
錢後就會,1
經王浩銘,1
何民不疑,1
夏夏姐,1
中華銀證,1
彼年,1
跨鏈,1
換大約,1
自面,1
仔票,1
鎖之類,1
給用戶,1
聯絡頁,1
專員聯手,1
這賺取,1
當連帶,1
包設,1
簽錢,1
小鈴,1
活躍起,1
象門票,1
中柱,1
並傳宅,1
獲警,1
越晚,1
韓國出,1
認庫存,1
吳名思,1
刮線,1
博衍,1
樹樹,1
裡的玉,1
聽點,1
袁國,1
呂允,1
仍音,1
明系統,1
機旁,1
開後越,1
圖後才,1
醫學名,1
效時,1
付兩千,1
猛健樂,1
免申,1
診所遲,1
過輕搖晃,1
診所架設,1
影證,1
耳機並,1
空型,1
參加樂透,1
需三萬,1
流傳著,1
會員嘗試,1
通貨幣種,1
經驗裡,1
這很荒謬,1
問換幣,1
認證享,1
這誘,1
對方訊,1
裡潛藏,1
當紅樂團,1
親耳,1
上會議,1
寄貨網,1
並跟幣,1
對芳詢,1
對芳稱,1
收四張,1
兩光,1
邊玩遊戲,1
正難,1
賠五萬,1
這緣,1
旗幟,1
狂想,1
萬星,1
色內容,1
目才,1
辦外幣,1
之後寄來,1
取資料,1
我代接,1
東西放,1
室給,1
問上線,1
清點貨,1
連調解,1
可錢匯,1
用邊,1
飛鏢,1
鏢具,1
示範申,1
邊照,1
做邊,1
伴遊鐘,1
已代,1
蘇靜,1
須通過,1
過開通,1
入後發,1
韓國熊,1
熟識後雙方,1
為羅木笙,1
民私,1
花磚,1
行宮,1
民匯,1
民向,1
感與,1
並不遠,1
連最後一筆,1
金以證,1
這時心,1
實際會,1
張惠敏,1
砥柱,1
卡拿來,1
書系,1
順利寄達,1
付修,1
票系統,1
或實,1
賣多益,1
販售玉,1
過他們,1
益陽劉,1
現金放致,1
續店,1
娘並,1
假新,1
規避查,1
幣轉往,1
數千萬元,1
必查驗,1
證廠,1
兩萬元會費,1
價要價,1
但少,1
結後聲,1
節後出貨,1
也始,1
終用,1
保獲利,1
尋債務,1
邀求繳,1
人員林忠傑,1
陸峰,1
職行共創,1
墨崴,1
數後對方,1
幣乙太幣,1
郭彥,1
高返,1
專員陳偉林,1
木木的,1
有三張,1
大板,1
勝記,1
催討票,1
坂本,1
卡黃軸,1
接驚覺,1
及美妝,1
內之虛,1
異常致,1
李盛宇,1
野營,1
雙肩包,1
敏敏購,1
發文住,1
南要,1
選文內,1
惟後續經,1
之後轉成,1
因恐懼,1
他畫,1
大餅給,1
接連到,1
男歌手,1
賠越,1
著飾品,1
將飾品,1
更真,1
難尋,1
某票證,1
認用戶,1
提儲值,1
只透,1
服務下,1
買熱門,1
對驗證,1
會釋,1
改後的,1
張球賽,1
懷疑裡面,1
一則孕,1
婦裝,1
內衣套,1
衣褲,1
腸胃,1
幸瞬間,1
課會,1
資沒有,1
一發出,1
發布類,1
眼見證,1
給羅,1
我買家,1
民已,1
提領面,1
會員成,1
打榜會,1
做核,1
一跳轉,1
額試試,1
網友千萬,1
蔡燕玲,1
王秋蘭成,1
吳珮菁,1
戰海報,1
劉淑惠,1
將抖音,1
花蓮門,1
資可,1
及維持,1
並無顯示,1
網銀後未,1
並私訊詐,1
隊大隊,1
韓煙品,1
周梓倩,1
島及,1
彩壽煙品,1
證後的,1
未產生,1
課程須,1
清退,1
元下單,1
兩天共匯,1
多照,1
立國,1
共六萬,1
最後警,1
劉志鵬,1
還拖著,1
張庭秀,1
包後轉成,1
裡跟裡面,1
聊有,1
張韋成,1
韋成,1
給票並,1
因為親,1
事後為,1
賣家遊,1
關版,1
原計畫,1
傳至樂,1
頭無法,1
領個貨,1
貨交給,1
縣竹塹,1
多汁,1
給出驗,1
工委,1
金可線,1
開診,1
承辦員,1
鏈鋸,1
人蕾潔,1
的熱,1
羊之後再,1
還懷著,1
退會員,1
有家樂福,1
優惠實,1
總共退,1
服務維護,1
明淮,1
打字速度,1
刀傘,1
寄不來,1
個傘,1
正規快,1
發放應,1
將托,1
米塔,1
契約費,1
用要,1
定前,1
張卡裝,1
乘車券,1
中華利大,1
票卡作業,1
陳傑,1
東西及,1
醫讀,1
組群,1
後吳,1
依慈惠,1
該人並,1
給小七賣,1
專員童,1
水龜,1
最後拍定,1
無價值,1
斑龜,1
傷勢關,1
金下,1
轉完後原,1
免費割,1
愛包,1
你害,1
運費會,1
開搶時,1
五層,1
鞋架,1
筆領,1
十四分,1
流口水,1
享限時,1
元年,1
健保卡過,1
豪情,1
雙行,1
睛睛,1
這兩哥,1
開卡點擊,1
元行動,1
及願意,1
別怕,1
停牌,1
沒安撫,1
人動用,1
這季,1
節剛,1
盛產,1
勝隊,1
楓界群,1
結晶換,1
結晶合計,1
臉書來源,1
處理家裡,1
獲樂天,1
張雯欣,1
最後透,1
簡訊應,1
認內容,1
因為誤,1
問數,1
據部,1
一陣子過,1
罐裝乳,1
雨之人,1
項照,1
除未,1
灣大賽,1
育樂,1
語音線,1
金要繳,1
寄然,1
視野網,1
粉蜜,1
薛姓,1
現金共超過,1
給鄰,1
居轉,1
但後續詢,1
實塑,1
預購票,1
確實入,1
帳四萬,1
時凍,1
多順利,1
誤成,1
營員劉,1
勝老師,1
前後申,1
局粉,1
專並,1
作詐,1
環保淨山,1
淨山,1
著限動,1
缺台,1
附盒裝,1
阿峰苓,1
帶上,1
名鐘,1
胖之人,1
私訊鐘,1
銘對,1
圖樂文,1
旅門口,1
麗寶百貨,1
通信用,1
鈺琳,1
登入後定,1
選風力,1
統一訂,1
還不讀,1
封中獎,1
發價購,1
大約共近,1
林官惠,1
六萬元外,1
連四張,1
卡和三張,1
候門票,1
心都動,1
狼群,1
原價蠻,1
戀愛課,1
還沒學會,1
先學到,1
某票,1
工資轉,1
回國外,1
續話題,1
資訊則,1
點選過,1
及暗,1
熊抱哥,1
抱哥,1
爸媽出,1
等家裡,1
醫紀錄,1
專員若,1
債的,1
藥時,1
外送員用,1
用薪,1
轉信,1
貸買幣,1
二麥克風,1
修修,1
出金紀,1
匯少許,1
親友別,1
心冷透,1
衝數,1
兒並,1
遇威脅,1
信電子,1
鄭男共計,1
注系統,1
項目並,1
管費用,1
真渠,1
數比,1
項拿給,1
開團主,1
主傳,1
賣台灣,1
內野票,1
人事管理,1
說幣商,1
靈芝長,1
五株,1
十萬零,1
實寄件,1
組禮券,1
連截圖,1
別人過,1
語可,1
商銀和匯,1
日向威,1
明車輛,1
帶著裝,1
葉罐,1
紅花款,1
聽別,1
信內還,1
統一店,1
關薪資,1
資金太大要,1
幾通詐,1
萬不見,1
上門問,1
或雷蛇,1
某財信,1
米主編,1
組票號,1
蕙心,1
幣跌價,1
繳費後錢,1
救災志工,1
假運費,1
威楷,1
對方若還,1
入鏡,1
運費來,1
當主題,1
西延遲,1
信一模,1
真能長,1
五件套,1
兇得,1
張合計,1
生氣並,1
入後先,1
選場,1
夏普除,1
沈穩,1
港安店,1
東西領,1
費投資,1
資金都轉,1
票卡系統,1
易承,1
貓咪送,1
養訊息,1
測錄,1
億金屬,1
電客戶,1
買家陳傑,1
區向,1
但誤,1
蔡嘉絨,1
義設局,1
電視時,1
核發款,1
碼毫,1
不知足,1
我斷然,1
消聲,1
一縷,1
青煙般,1
機連續,1
全裝,1
緊回,1
但車,1
乖地,1
未代購,1
愛純則,1
騙術實,1
思宇,1
派業務來,1
換幣款,1
加羅,1
可愛又免費,1
其兆豐,1
消費共計,1
建伯,1
賴鈺涵,1
欲繳,1
原購票,1
名仕,1
夠麻吉,1
孟雲稱,1
續該,1
李伊娜,1
我後向,1
遲至現,1
認交換,1
旅宿類,1
訂代購,1
方小幫手,1
對方限,1
類狀況,1
元假,1
因易付,1
雖然照,1
團資訊,1
按約期,1
場驗,1
事後求償,1
投資靠,1
連票價,1
替詐,1
國樂,1
演奏者,1
費兩萬元,1
演完,1
通會計,1
賣貨櫃,1
開小攤,1
連號位,1
佛具店,1
問後就匯,1
張麗雅,1
並有關,1
換十幾萬,1
資金和線,1
徐若瑄,1
鎖匙,1
買七張,1
資向,1
網銀協助,1
裡玩傳,1
玩仙,1
之俠,1
以一比,1
代儲點,1
機補幣,1
扶詢,1
臉書視,1
佳妤,1
走會員制,1
密圈,1
李彤,1
高階權,1
被言語,1
林秋明,1
丹尼斯,1
徐禹,1
肯匯,1
吉祥天,1
蔡俊,1
屋價格,1
清款,1
號確,1
兌詐,1
吳俊銘,1
裡報案,1
券社團,1
樂團門票,1
繳電話,1
費外,1
面後點,1
稱麗芬,1
興昌,1
良辰,1
接著約定,1
約付,1
診所開,1
往後購,1
物前,1
已經少,1
洗出,1
負責水,1
電地,1
由前,1
水電配,1
電和配,1
機電,1
往例,1
會員人數,1
經積,1
先扣稅,1
對餐,1
升等驗證,1
機的驗,1
林農會,1
找球,1
我置,1
倒吸,1
許多真,1
名義所架,1
二次元,1
以略,1
訊息欄,1
看著來,1
不約定,1
熱門賽,1
喜若狂,1
方性,1
經收,1
給銀行確,1
完罰,1
方談價,1
找什麼,1
還是問,1
芯怡,1
賴賴,1
車和,1
結果裡,1
進語音,1
願及,1
之雷蛇,1
然後蔡,1
相關長,1
講長,1
綠能並,1
包然,1
好現,1
今然後約,1
地底,1
後幣,1
傳少,1
數泰達幣,1
額次數,1
聯絡幣商,1
導電話,1
沒給票,1
取貨觸,1
貨並將,1
拍下後向,1
股認,1
購金新,1
計帶,1
陽買票,1
付交,1
按轉,1
之業主,1
周三,1
商賣幣,1
三組統,1
繳費後續,1
數修,1
但態,1
違規右,1
禁行,1
富岡,1
儲值後盜,1
日訂,1
而約定,1
終於有票,1
票影,1
競鍵,1
美意,1
風國際,1
明後他,1
推特內,1
環球門票,1
進入後系,1
高雄門,1
苦得,1
買書本,1
某貨幣,1
地買幣,1
地點親,1
來會首,1
確也,1
現漲,1
停狀態,1
雖變化,1
做後損,1
結行動,1
證傳過,1
負責報,1
金夢,1
販售蕾潔,1
蠻快,1
入學,1
多爭,1
取一點,1
服務涵,1
選校,1
文書潤飾,1
服務到,1
偶爾會發,1
想爭取,1
一紙,1
空文,1
不會查,1
本卡,1
櫃內,1
簽授權,1
徐鳳嬪,1
小燈,1
櫃覺,1
當我產生,1
林秀珍,1
那篇免,1
單才剛,1
跳不過,1
九四,1
女興高,1
女要,1
說錄,1
電動理,1
幾天覺,1
電視觀,1
用電視,1
很愛買,1
晚轉,1
一儲,1
儲一筆,1
粉晶,1
時也務,1
則認證,1
剛搜尋沒,1
引導性,1
一則熱,1
值得注意,1
轉交處理,1
過電子,1
陳瑩瑩,1
元圳,1
赤牙套,1
縣查,1
雅馬哈,1
含箱,1
卡習慣,1
並不擁,1
還含,1
恆督教,1
做後寄到,1
領五,1
審核後告訴,1
友後驚覺,1
酒到貨,1
婉清,1
拍之詐,1
稱向,1
交來,1
費買,1
運費須,1
須證明,1
稱昭廷,1
昭廷,1
假安達,1
看大頭,1
即價值,1
美股標,1
空該,1
但後須,1
方詳,1
談約會,1
還始,1
劉嘉韻,1
鄭錫安,1
隨系統,1
失銀行,1
吳上仁,1
給我預,1
將我給,1
謝歆予,1
誠匯,1
兌要,1
購買後將點,1
彭家奇,1
古茗,1
解凍始,1
鋸開,1
寶寶差點,1
毅鈞,1
籌保證,1
紅柿,1
美鑫,1
金店,1
卡地,1
亞圍,1
女戒,1
經檢驗確,1
張余辰,1
不限型號,1
回遲,1
消極應,1
千憶,1
裡便,1
五串,1
想外,1
提權,1
時群組,1
並於郵局,1
內入續,1
假賣家給,1
時頻,1
遭組,1
帳號資,1
意願經,1
推廣產業,1
師協助線,1
郵寄五張,1
瀏覽訊息並,1
強扣,1
鰻魚,1
證後將,1
公狗,1
稍後到場,1
信將,1
嬰廣告,1
噸桶,1
我之手,1
載予,1
聯紀錄,1
何將,1
渠兆豐,1
其薪資,1
卡顯示,1
良稱,1
走馬幣,1
群組裡統,1
一登記,1
著代購,1
特赦,1
附掛,1
通話線,1
辨理,1
通綠色,1
愛不深,1
利之旅,1
人菲菲,1
審視個,1
核對帳,1
連結照,1
别輕信,1
最後慌張,1
六碼,1
木棉花,1
川上,1
富江,1
二驚,1
選集,1
邊認識,1
邊學習,1
把貓,1
這也算,1
活妍奇,1
加宏,1
送市,1
熊吊飾,1
義賣,1
匯五萬元證,1
賣別,1
吐露,1
歲會,1
聽免,1
費音樂,1
認能夠,1
卡輸入,1
因匯入,1
帳故,1
另賣,1
林美暉,1
而後持續,1
寄信人,1
祖雙,1
簡訊序號,1
帳號後以,1
彭金榮,1
門市則,1
此番,1
務才,1
職員群,1
新計畫,1
示範給,1
照經理,1
範讓,1
經理時,1
額不夠,1
當我算,1
回訊想,1
貨運行,1
因發貨,1
運費後便,1
於國,1
女兒償,1
結清證,1
明約,1
結賣,1
單後賣,1
認等,1
浩銘,1
圖後網,1
西亞籍,1
供存,1
封起,1
繳作業,1
網購物,1
網售物,1
黑特,1
雙涼鞋,1
放無卡,1
領走款,1
手作動物,1
太萌,1
處理取,1
貨驗證,1
金九,1
進桃園,1
我放進,1
高梓涵,1
合升級,1
兩天後連,1
共快,1
手確,1
會員照,1
坐計程,1
回六萬元,1
付六萬六,1
葉淑婷,1
卡說,1
愛搬磚,1
瓦底,1
礦區,1
號井,1
洗礦層,1
出貴,1
並無誠意,1
還加購,1
儀琳,1
繳五萬元,1
收據確,1
接語,1
禪意,1
訂金大約,1
票用,1
排假,1
報今彩,1
那標題,1
舞鶴,1
食肉,1
逸德,1
靠群,1
確漲,1
跌勢,1
出貨後會,1
房仲看,1
會檢查,1
發酸,1
看著畫,1
初合約,1
對方後將,1
而代匯,1
琴給,1
裡很開心,1
鎖費,1
地連續,1
充滿震,1
連卡帶,1
著後悔,1
代價學會,1
假皮,1
織圍,1
許妤,1
我織,1
王孔政,1
禹榮,1
想學太鼓,1
太鼓,1
專回,1
奕翔,1
蔡秉鈞,1
萬後再,1
導致驗資,1
王玲,1
專員陳慧,1
之後金額,1
有威,1
嚴地,1
會與幣,1
電女兒,1
獵場,1
投資愈,1
東真實,1
必馬上,1
再然後還,1
包過,1
杯贈,1
賴政娟,1
串講,1
往轉,1
干城,1
筆之金,1
買區域,1
出電影,1
卡三萬元,1
依規代,1
條路邊,1
李瑋,1
見學,1
前才,1
王宸,1
有三人,1
並在後方,1
無群,1
惟後須,1
僅退還,1
號明,1
先證實,1
線人,1
並轉發,1
載店,1
如手,1
全聯全,1
將其款,1
提領並,1
臉書江,1
建廷,1
發光款,1
版欲購,1
競標後下訂,1
貨運宅,1
西亞遊戲,1
組韓國,1
量票,1
今致,1
獲恆春,1
人三張,1
日向羅民介紹,1
胡秀琴,1
向羅民稱,1
後羅民,1
元拿給,1
慕依,1
舞怒,1
賣家經,1
已斷,1
日排,1
嘉義泰國,1
問並確,1
稱北馬思懿,1
農任,1
擊置,1
買共六筆,1
十月十日,1
匯二萬元,1
先度,1
炸雞店,1
外送員到,1
繳交見,1
面權,1
限金,1
常假,1
幸孕媽,1
何中獎,1
以基,1
衝動進,1
會員動作,1
隨它,1
還後來,1
開卡時,1
最後它,1
楊婷,1
稱抖,1
先達,1
介紹轉,1
及確,1
理會離,1
徐亞研,1
網址後將,1
加台,1
車人員,1
魚訊息給,1
買現,1
金禮卷,1
一萬訂,1
溪流,1
源流,1
本流,1
進行交,1
阿妍,1
劉秀玲,1
粉絲小物,1
發文送,1
關代銷,1
徐書桃,1
張智冠遊,1
張不老,1
松足湯,1
為大頭,1
終聲,1
教師節,1
來報,1
林世勳,1
做後依舊,1
梓怡,1
賣防彈,1
雨琦,1
鐘曉婷,1
匯錢會,1
李婉清,1
摩莎行動,1
已經解,1
凍時,1
剛消費,1
小蘇妹,1
阿沛,1
帳借,1
白愁,1
對統,1
被匯,1
媒體平,1
專員陳怡,1
越出,1
常辦,1
專業信,1
關稅並,1
清貼,1
出有關,1
三十件,1
買禮券,1
頭少,1
看連結,1
蠢人,1
學買,1
氣砸進,1
地放進,1
然後數,1
不帶點,1
白吃白喝,1
眼去,1
加總是,1
先私訊,1
怨氣,1
確實匯,1
這個素,1
將服務移,1
簡訊號,1
種緣分,1
把轉,1
詢代碼,1
代碼並,1
行社,1
來溫,1
點無卡,1
按出,1
裝鎮定,1
幾元給,1
領貨會,1
稱晨,1
換卡得,1
信其實,1
語氣怪,1
房麗華,1
張文福,1
哈爾,1
張民當時,1
還之,1
所定,1
鄭佳玲,1
子義媽媽,1
以關,1
若主動,1
打榜會員,1
換飼料,1
證券承辦,1
為元,1
阿喆稱,1
貨獲利,1
獲利後一人,1
七賢路,1
宜購,1
玉在,1
然之,1
男加,1
屋子,1
多大筆,1
需馬上,1
事後持續,1
談熱絡,1
想穩,1
名義互動,1
之後話題,1
小少婦,1
走關,1
郵局網,1
提雄,1
券來,1
券一張,1
碼裡,1
推特以,1
帳戶業者,1
升級親,1
過世時候,1
球路,1
大井泵浦,1
環球廠,1
旁草叢,1
只顯,1
示訊息,1
雖小,1
著機會,1
廂型,1
太珍貴,1
太大轉,1
幾次照,1
那時網,1
網友程,1
制才行,1
語氣問,1
制凍結,1
回五到,1
期事業,1
日先親,1
你確,1
著餘額,1
氣騙,1
只以,1
總計將,1
選區域,1
超仔細,1
代墊件,1
載去,1
門一戶,1
補交資產,1
可依,1
並示範,1
面新,1
結果玲,1
導買家,1
價格能,1
關於購,1
載後無法,1
詳之人購,1
認證後即,1
轉了給,1
人配,1
敲門入,1
開門聲,1
蔡政諺,1
報表全,1
開視訊辦,1
淋雨,1
黑扣,1
麥克筆,1
官給,1
填電話,1
配寄來,1
時幫忙,1
賣張,1
以通過,1
人告訴,1
點貼,1
賴叫,1
送花,1
蓮救災,1
金錢共新,1
債券額,1
活動緣,1
之後幾分鐘,1
名義謊,1
維也納,1
躍與,1
警鐘終,1
稍後檢查,1
許勝安,1
開後進,1
沒亂,1
反將,1
或匯,1
鐘後銀行,1
筆電特,1
價訊息,1
面費訂,1
阿育,1
詢問訂,1
千謙,1
葉謙告訴,1
少應,1
著電視,1
不察掉,1
面外觀,1
連結查,1
雛菊手,1
吳葦,1
協助償,1
所承擔,1
欣叫,1
先陸續,1
身時,1
現金辦,1
總共叫,1
及卜子,1
宜跑,1
須聯絡,1
並於開,1
工日,1
裝病,1
人櫻,1
結後台,1
筆紀,1
林依婷,1
叫陳潔,1
其安裝,1
然後順利,1
炮還,1
介紹啪友,1
交票給,1
人員通,1
卡會員卡,1
瑞沁雅,1
匯批,1
領差價,1
八萬買,1
啟蒙,1
瑩給,1
之後辦,1
沒電話,1
會賣,1
人失聯,1
假約會給,1
雖怪,1
上線楓,1
社網,1
觀測,1
排便,1
過渡期,1
還沒調,1
整好,1
推到,1
戶幣,1
麥幣,1
张浩越,1
廣告藥,1
一灌,1
詳細廠,1
詢身體,1
事後院,1
名義稱還,1
調度員,1
一平,1
貓特戰,1
經虛寒,1
餅乾壽司,1
項移,1
上欲委,1
買戀,1
無處理,1
發財金,1
燕欲購,1
對永豐,1
認證來,1
確代碼,1
電影禮,1
品蕾潔,1
原稿,1
著會員,1
談越,1
講寵物,1
連上線,1
純換點,1
賴男,1
孫男,1
可報,1
玲聲,1
財憑證,1
男客,1
他態,1
著到,1
當警員,1
權利時,1
硬碰硬,1
賣紅皮,1
場網,1
從團,1
還提著,1
黑黑的,1
氣那種,1
辦律,1
最後和,1
還說後來,1
順地,1
不會痛,1
方後稱,1
加叉核,1
連監理,1
氣錢,1
不會裝,1
沒幹,1
招小,1
洽賴,1
李焦,1
無人員,1
丟著,1
萬塞滿,1
我後不後悔,1
個育,1
嬰媽媽,1
一個育兒,1
寶寶開心,1
對育兒,1
訂金約,1
總共五個,1
瑞涵,1
深耕,1
傷卻揮,1
勒令,1
當天領,1
獅甲門市,1
問偉志,1
追寧,1
壯碩,1
我事後無法,1
兩小時後會,1
說開,1
用信,1
單率,1
無票,1
失四萬,1
填下,1
會確,1
認金額入,1
結額度,1
稱宏,1
瑞揚,1
沒貨會,1
國泰世華證券,1
圖表說,1
方均訊息,1
新鮮酪,1
鮮果,1
可送,1
他敢給,1
茹素,1
楊弘易,1
匯幾十萬元給,1
昂購物,1
某處層,1
炮派,1
出貨系,1
供核,1
全聯購,1
福瑞樓,1
衣和護,1
目鏡,1
網銀創,1
山里,1
別加,1
創行銷,1
親自教,1
投一萬元,1
算話,1
共七萬,1
問昌,1
心匯,1
大樓車,1
幣草紙,1
賣維,1
照著用,1
文就能,1
布魯托,1
工主動,1
回鍋,1
九顆,1
遭車,1
程網,1
肩帶,1
經軍中,1
中租車,1
貸好,1
稱針,1
上視訊,1
收購驗,1
文其,1
我融資,1
知下,1
並說服,1
配將,1
龍行,1
畫具,1
邦定,1
初轉,1
快電商,1
上重,1
韓團手,1
繳交訴,1
幾次加,1
方之後不斷,1
觀摩,1
截圖秀,1
樞紐,1
物櫃前,1
樞紐門口,1
某設,1
備售,1
賣電表,1
還開放,1
繪卡,1
搜尋結,1
果裡,1
送主機,1
方布,1
非原,1
對序,1
賣家溝,1
非單,1
一個案,1
務必驗證,1
可愛又沒有,1
積約,1
想買書,1
方常以,1
賽吸,1
鐵燈,1
想免,1
匯錯帳,1
背後還,1
學員練習,1
買五送,1
過幾天宅,1
雖然件,1
數沒錯,1
曾鴻傑,1
正申,1
員不斷,1
動後照,1
怡蓁還,1
擔費用,1
幾次後網,1
自黑貓,1
詹萍茹,1
瓦羅蘭,1
搜尋泰國,1
還近,1
廠商款,1
楚媽,1
閱數,1
賣卷軸,1
釣想,1
軍職,1
金後還,1
內知,1
天無法,1
語逐漸,1
越遠,1
開放虛擬,1
思錢,1
費較,1
突被,1
正經歷,1
屬偵查,1
貸款免,1
社及,1
林博凡,1
王憶溫,1
王奕文,1
詢輝,1
立國際,1
張欣馨,1
動漫卡,1
李睿洋稱,1
談後詢問,1
鏈鉅人,1
購買後亦有,1
茂盛,1
因察,1
誤將款,1
證非,1
上謊,1
需授,1
權開,1
繳費罰,1
方表物,1
由林峰,1
進廣告並,1
楊凌萱,1
館教練,1
內算,1
條所,1
財構,1
但往,1
竟寫,1
輝輝,1
帳資料,1
交律,1
貸真,1
資賣給,1
中金錢,1
冠聖市,1
調小編,1
廠商結,1
單後回,1
竟領,1
某平,1
兩座靈,1
學徒來,1
訓並,1
完必須,1
訓費用,1
我連本,1
內百萬元,1
稅並,1
海關署,1
稅和車,1
數百張,1
檢開庭,1
到庭,1
經法,1
名義從,1
購買後用,1
王咯,1
明發,1
預購者,1
頻繁詢,1
異不照,1
完細,1
節後轉,1
稱貨到,1
賣家何,1
太多還,1
吳昕宜,1
吳小龍,1
之後比,1
沒貨運,1
聯絡薇,1
寄手機,1
書本裡,1
組和代,1
操人員,1
用健,1
假東西,1
資產給,1
還債給,1
掏錢給,1
背後騙,1
賀可欣,1
前後煞,1
統卡,1
好輕信,1
元辦,1
挺好玩,1
累積成,1
或換取,1
提議線,1
刷條,1
擔心匯,1
張禮物,1
觀光局,1
鐘確,1
上通,1
邱正宏有,1
聲明並,1
小品,1
張含,1
那算,1
還沒拿回,1
藍總小編,1
楊柏仁,1
楊柏仁以,1
人員辨識,1
誠希,1
林玉珍,1
資料過,1
林雅姍,1
新冠,1
尚看,1
稱林瑜暄,1
之海報,1
島周邊,1
叫陳姵馨,1
簽兩,1
股東變,1
育安,1
忻媛,1
恩煒,1
幣我,1
天想,1
套資料,1
經查後才,1
現疑點,1
爸團媽,1
帳少,1
投資放貸,1
擔保協助,1
經虛,1
貧寒,1
融耀,1
匯補助,1
駕駛並,1
大陸養,1
並生產,1
餅廣告,1
權限而導致,1
制權限,1
小財神,1
出四萬多顆,1
人實,1
太熱情,1
資金幫,1
笑嘻嘻,1
啟實名,1
地拿去,1
鄭心怡,1
財神購,1
危料,1
緬料,1
冠良,1
經我諮詢,1
接台,1
認現,1
從幣安領,1
南西,1
肯恩,1
場演場,1
張龍八,1
無機車,1
未備,1
好體,1
宜說,1
談約炮,1
魔鏡,1
洛擎,1
協商以,1
因原,1
碼之後只,1
張翊瑄,1
組及給,1
因虧,1
損較,1
當時當,1
葉寶,1
度以,1
商宏明,1
冷氣廠,1
約安裝,1
折除,1
舊型,1
窗型,1
裝修緣,1
男均,1
林瑛,1
男並,1
名林瑛,1
從頁,1
控電腦,1
盒月餅,1
少額款,1
忙會,1
禮券應,1
有大遠,1
禮券務,1
須資,1
金公開,1
經女兒,1
珠兒,1
加用,1
熙怡,1
熙夕,1
購買後將序,1
故有位,1
推廣部,1
王麟,1
電帳,1
並視訊作,1
事後依,1
環保袋,1
計充幣,1
萬五,1
愛同型,1
聯手遊,1
獲幣,1
愛變成,1
叫侯,1
轉帳稅,1
他額,1
外會給,1
並補辦,1
施詐並,1
進富購,1
單電子,1
網銀說,1
制線,1
符來求,1
之後妮,1
雨蝶,1
買後贈,1
包退,1
損失購,1
辦理資,1
隨後的確,1
過個帳,1
新義,1
芹姊供,1
台步,1
詢問後來,1
分後離,1
且名,1
以共計,1
攀談詢,1
處哩,1
人美兮,1
貸員工,1
沒啟,1
陳妍麗,1
吳國緯,1
隨後就用,1
中台,1
著徵,1
初滑,1
詭詐,1
封帳,1
單人確,1
並交錢,1
永霖,1
要記,1
代其,1
當中該,1
軟體轉,1
勘卡,1
經頭,1
獲一訂,1
機後便,1
單登記,1
地後聯絡,1
單之會員,1
然後又教,1
然後我後來,1
關於後續,1
煉油廠,1
還摸,1
時互稱,1
果當天,1
棺材店,1
料耗,1
已代為,1
機開始,1
有幣商,1
千餘萬元,1
打幾件,1
之後態,1
越無力,1
查無報,1
名資料,1
成滿,1
我公開,1
其團隊,1
專員後來還,1
遊戲票,1
要門票,1
數日後依約,1
細思,1
也須,1
只會成,1
需成,1
丁香,1
消保法,1
誘人購,1
清相,1
關責任,1
並討回,1
做理財,1
計算表,1
宮開基,1
福德正神,1
幫人報,1
計系統,1
桌熱門,1
限購數,1
出三樣,1
主席,1
開價蠻,1
親友問,1
總計繳,1
保險會,1
分分合合,1
天給,1
柚主動,1
依虛擬,1
背後三碼,1
不給予,1
信寄給,1
會員應,1
季雙,1
日票,1
比及,1
數次後欲,1
法度,1
刑大陳文正,1
林文詳,1
隨匯款,1
隨有,1
李澤豪,1
都受了,1
夢想坊,1
給我序號,1
問卡牌,1
予所謂,1
裡退,1
徐亞恩,1
教招,1
王清遠,1
防範後續,1
那玉看,1
然後心,1
錢多到,1
這社會還,1
相當細,1
關於外觀,1
貨應,1
虛寶拿,1
以僅,1
帳餘額,1
組後被,1
領金錢,1
售前,1
樓車,1
日收,1
畢後款,1
選廣告並,1
乾杯,1
享福,1
魏王,1
卡後刮,1
亞欣,1
姜先森,1
李心琳,1
問飽飽時,1
元不會,1
還未將,1
親友用,1
教意,1
義的路,1
逆境,1
心態面,1
掃地機,1
就會交,1
價資產,1
有拾,1
威脅且,1
觸個,1
認溝通,1
現具,1
額可達,1
買露,1
預購電,1
絕版海報,1
換比較,1
開海報,1
還回給,1
還冠上,1
搜尋那篇,1
整篇,1
單七到,1
初太輕,1
項加,1
數禮品,1
覺得外,1
送員之間,1
無假貨,1
貓剛,1
一個價,1
正貨團,1
購藍方,1
想誠心,1
提更多時,1
最後兩個,1
權與,1
權之,1
最後一匯,1
依計畫,1
這筆額,1
下簽,1
事後家,1
創業本,1
發文想換,1
問變,1
被辜,1
負時,1
賀梓軒,1
賀梓,1
軒給,1
變得少,1
電商穩,1
會員者,1
每講,1
補系,1
統款,1
商商,1
任務越,1
儲值後續,1
及雯雯,1
照合約,1
還想給,1
查給,1
對方健,1
談且,1
某方,1
先贖回,1
深愛的,1
超勁,1
換匯詐,1
帳戶致,1
異常之往,1
偉說,1
交得,1
變成後悔,1
給我自,1
春社,1
對方徒,1
依時,1
還跟賣,1
貴金,1
屬務必,1
櫃員調,1
高額獎,1
出納員來,1
藥能夠,1
墊支,1
蘇雅,1
容能,1
合正興,1
錢予,1
今始,1
萬元後當面,1
惟事後僅,1
裝樣子,1
賣側,1
針織物,1
動便點,1
將高額,1
討論後意識,1
文晟,1
當鋪員,1
梁宇辰,1
獎勵屬,1
美國律師,1
蔬食,1
連結轉,1
勁致,1
議價後達成,1
訛詐,1
經主動,1
依顯示,1
統詢,1
王朱莉,1
宜樂樂,1
周熙媛,1
吳藝芳,1
將兩間,1
稱鼎豐,1
人員補,1
點選訊息,1
集團拉進,1
師和獨家,1
女服,1
務員,1
元裝箱,1
彭玫瑜,1
叫宇峰,1
卡何,1
魚寶,1
描後連,1
林志穎,1
沈啟,1
三門市,1
一智慶門市,1
統一迎,1
並承諾解,1
凍後會,1
輕顧,1
客來,1
從右側,1
中面,1
單純聊,1
畫海報,1
確定後會,1
信後照,1
補齊費用,1
許靜欣,1
林翰翔,1
文賣票,1
樂玩,1
運費購,1
最後今,1
環海假,1
關於動漫,1
較費,1
點販賣,1
如開,1
中國大師,1
以後讓,1
帳簿並,1
鄭思彤,1
假裝問,1
山豬哥,1
影版,1
資卡,1
賄絡,1
機匯,1
之後做,1
王顯剛,1
人敢,1
大搖大,1
擺騙,1
虛寶被,1
笑話,1
滑點,1
輪禮物,1
著刷,1
給明確,1
用刷,1
快八萬塊,1
包裝來,1
領書學,1
匯到給,1
因難,1
聞後心,1
加會員,1
接替,1
愛一場,1
賣四驅車,1
很久關,1
換台車,1
便興高,1
用報,1
當作頭,1
意交車,1
寄什麼,1
認清詐,1
沒收訂,1
占用,1
給求,1
心買個,1
改運遭,1
只線,1
包密,1
能把幣,1
那三筆轉,1
產生後續,1
內容處,1
匯外幣,1
稱菲菲,1
青鳥,1
幾元到,1
帳會馬,1
申請育,1
開了門,1
專員江,1
雞爐,1
爐外,1
時加購,1
工作桌,1
並催繳,1
事後我決,1
聽聞認,1
付郵費,1
文賣酪,1
金額代碼,1
號瑞華堂,1
向戶,1
誤將驗,1
人點入,1
進太多,1
以洗,1
下外,1
柏翰成,1
驟點取,1
譽國際,1
較易,1
鄭淑美,1
網友拉攏,1
從平,1
貨發貨,1
始訂,1
文愛心,1
原戶,1
但踏實,1
竟藏著,1
單郵件,1
穿員到,1
大局,1
寶可夢聯名,1
帳參,1
語恩,1
雖緊,1
熟齡,1
預測單,1
萬持續,1
國世華,1
航運費,1
賣家張,1
王在,1
王向,1
經理劉,1
戶出,1
連賣酪,1
資格時,1
買海報,1
眉目,1
經營醫,1
美事,1
調卡內,1
會夢想,1
當確定,1
成後悔,1
正認,1
再抖,1
經於網,1
工資款,1
違規為,1
卡一點,1
地買給,1
還開價,1
碼領,1
一點貨,1
家電代購,1
方限時,1
電代購,1
電賣家,1
一個專,1
達十萬,1
太多個資,1
珠寶社團,1
互動性,1
大器,1
便拉著,1
方不時,1
商大秀門市,1
網密碼,1
密道,1
小絨,1
換言,1
因盜,1
然後設定,1
季當天,1
主糾人,1
乃木坂,1
裡就動搖,1
西藥房,1
焚毀,1
並拿至,1
電信商,1
決定訂,1
墾丁花,1
現小麓,1
達冠,1
擊後是,1
無刷,1
商后,1
科店,1
投資滅,1
拿滅,1
但後來何,1
各為數,1
大數額,1
貪速,1
利常會,1
首要,1
裡收,1
小唐,1
踏得,1
買家密,1
費跟工,1
蔡曉慧,1
假的網,1
氣憤和後悔,1
連租個,1
楊科長,1
建國接,1
仁愛聯邦,1
旁邊還,1
李靜文,1
榆檢察長,1
還拿一張,1
發文願,1
提通給,1
額不一,1
蔡雲峰,1
並填輸個,1
財務受,1
機遇,1
補八萬元,1
張芳慈,1
作檢測,1
電若談,1
會員過,1
濾來源,1
充人氣,1
惠珠,1
主跟輸入,1
阿哲教,1
浩給,1
納風險,1
筆泰達幣給,1
盜刷八筆,1
隨後發展,1
員後才,1
王大贏,1
自禾,1
空運費,1
金無卡,1
賣鍋,1
寶數位,1
施欣妤,1
筍交換,1
盆多肉,1
禍時,1
隨後搜尋該,1
危險詐,1
群組導師,1
寫後透過,1
將預付,1
常營,1
或人脈,1
停會,1
符連同,1
張花,1
賣洗,1
詩雯,1
伊一,1
使將,1
先列,1
八堵,1
還拿健,1
逃不掉,1
項後會加,1
本轄當,1
台灣遊,1
小時後才,1
賣秋刀魚,1
轉交定,1
昂網路,1
叫陳瑋銘,1
連結統,1
經由線,1
吉娜,1
劉珮瑄,1
畢後分,1
詞未,1
轉完後人,1
沒空理,1
認識訊息,1
幣供,1
供確,1
只留,1
邊牧,1
損保費,1
陳鈺承,1
當下用,1
金承福,1
清發,1
女廁,1
廁所及,1
無給予,1
接著選,1
鑫福,1
詹惟文,1
處所及,1
就述,1
環城,1
卡後無法,1
取貨後會,1
且致,1
元該,1
將虛寶給,1
天工,1
某社會,1
電影膠,1
卡迷來,1
作樣問,1
介紹進,1
到後台,1
很聳動,1
填門市,1
事後如,1
查問,1
瞞過,1
該員要,1
其衝,1
該員衝,1
啪啪,1
惋兒,1
核桃,1
黑芝麻,1
拆貨,1
實際訂,1
日依舊,1
故深覺,1
武昌,1
政士辦,1
視訊換,1
輕人到,1
從小物,1
元買聲,1
寶電動,1
牙機,1
電腦散,1
熱器,1
順豐系,1
統建,1
艾克瑟,1
聯驚覺,1
手寵物,1
金額量,1
大怕,1
稍後對方,1
片由統,1
一齊,1
領鉅款,1
趕在,1
資訊費用,1
裡和車,1
推廣傳統,1
推廣農民,1
災民,1
最後逐漸,1
機關網,1
帳解,1
真令人,1
示餘額,1
關於賣,1
一國外,1
去後裡面,1
瑪及驗,1
分寄,1
黑貓平,1
有泰銖換,1
匯泰銖,1
故清歡,1
數二筆,1
先不斷,1
師壯,1
壯媽,1
精修,1
節優惠,1
民幣,1
含腳架,1
氣轉出,1
肯進,1
未蓋章,1
往後不斷,1
驚惶,1
成員言談,1
達十萬元,1
具正,1
六萬餘元,1
林雅靜,1
許繼續,1
再小額,1
相關當,1
售餘額,1
增禮,1
貸代為,1
稱紀錄,1
蔬菜水果,1
水產買,1
為菲國,1
但進,1
群後對方,1
毫無準,1
確度,1
裡販售點,1
還誘惑,1
台贈,1
賣用,1
若無本筆,1
回傳否,1
第三性,1
外花,1
失百來,1
幣能換,1
進貨稅,1
金高,1
還沒貨,1
巨無霸,1
牛三寶,1
熟食,1
包超級,1
籌十萬元款,1
應詐,1
我質問,1
案後即,1
創項,1
承諾作,1
女兒則,1
市區念書,1
確定屬,1
日禮物給,1
最後始終,1
宴會,1
幫一幫,1
拿大筆,1
筆三萬元,1
女請,1
張文書,1
填畢,1
遭壞,1
經落,1
金墜,1
金鎖片,1
現後便,1
成員取,1
網住,1
之後陳文強,1
氣與,1
過六萬,1
萬元門檻,1
教訓過,1
女同事,1
還沒清,1
中凡,1
喜愛的動,1
漫紀念,1
我略,1
綻源,1
展哥,1
先後兩次將,1
業務買,1
但業務,1
疑業務,1
包免,1
文者並,1
現金持續,1
組裝時,1
從延遲,1
順便諮詢,1
銷他,1
正療程,1
臉型,1
醫師並,1
誤導並,1
打訂,1
購買束,1
計費,1
總車,1
住所地,1
並由經,1
由經,1
原清標,1
婉迪,1
詐團後續,1
結倉,1
他戶,1
依相約,1
英日語,1
翁黎妘,1
那入,1
更換並,1
化糞池,1
稱樓,1
紗窗,1
石綿瓦,1
討鉅額,1
許彗欣,1
驟是,1
驟則,1
稱欲作,1
為宏圖,1
方同時,1
紅柚,1
問貼,1
購買鏈,1
人海報,1
買聲,1
沛恩,1
手續並,1
蔡保章,1
名義會,1
隱密且,1
具欺,1
騙性,1
面對額,1
門匙,1
變相要,1
領沒,1
欣霈,1
辦理永豐,1
戶成,1
墊要,1
網銀看,1
堅強面,1
經驗記,1
批茶壺,1
宇宸,1
買馬卡龍,1
游店,1
林宇祥,1
標賽,1
董鈺,1
並在加,1
兩天繳,1
檸檬果,1
飲購,1
付作業,1
稍後郵局,1
搖搖椅,1
裝住,1
內安,1
卡和台,1
找櫃,1
金流凍,1
盛德,1
未互動,1
李勝明,1
之言詞,1
並待,1
課員至,1
票選網,1
須墊,1
陸團,1
結戶頭,1
業務並,1
電至凱,1
熱度,1
音樂要,1
若繳,1
名義續,1
屯區戶,1
並指責,1
遭詐取,1
健彰,1
並從事,1
中藥草,1
由馬來,1
取貨事,1
洪珮庭,1
將佛具,1
桃園給,1
通款,1
給這名,1
貸辦,1
貸額度,1
上建,1
組學齡,1
攀爬,1
這協會,1
葉巧欣,1
查薪,1
千葳,1
用塑,1
膠袋,1
保護膜,1
傭金及,1
檜木圓桌,1
雯倩,1
替網,1
一筆還,1
過那筆,1
答應用,1
首後來,1
一個換,1
祛斑,1
還言語,1
舊將,1
個伴,1
聊一個,1
運降,1
廚餘機,1
這一匯,1
催辦,1
耳機殼,1
下課,1
依貨到,1
我向幣商,1
隨後同樣,1
劉翔,1
及頭,1
便予,1
方後至,1
筆賣,1
決裡,1
梁宇浩,1
騙裡面,1
證和某,1
某總監,1
首富,1
歷經,1
美國匯,1
續費還,1
中之間,1
萬元的貨,1
內自薦,1
購物後即,1
人員陸續,1
林場,1
旅遊及,1
文水,1
鳥兒,1
應相,1
關產品,1
灣見,1
日侯,1
文宣小,1
發文滿,1
問發薪,1
很惱,1
前右葉,1
這片,1
聊保養品,1
幣投資給,1
戴黑,1
發幾筆,1
電子店,1
領後匯,1
認資金流,1
單後要,1
切結,1
名義宣傳,1
中金飾,1
會列,1
明准,1
幣會匯,1
經由客,1
認三張,1
將郵政,1
給予驗,1
防疫,1
將穩,1
還不段,1
一千二,1
請會計,1
短工,1
伶之人,1
小物袋,1
並先開,1
通戀,1
因約,1
金三筆,1
皮拉,1
提斯,1
個頁,1
丟更多,1
賣寶可夢,1
多高,1
購買後一個,1
做會出,1
寶物作,1
商幫忙,1
以兆豐,1
填寄貨單,1
九萬元過,1
寶寶吊飾,1
出連結,1
因處,1
理虛擬,1
幣虛擬,1
三萬多塊給,1
薪資裡,1
線索查,1
預約並,1
照著來,1
裡閃過,1
氣憤遠,1
不會花,1
嘉彤,1
點保證,1
蔡秉宏,1
古董店,1
當時照,1
王品姍,1
陪母,1
去華銀行,1
涼寫,1
集時,1
證或個,1
資傳給,1
金錢驗證,1
失六萬元,1
實馬來,1
郁婷,1
善育,1
時光靜,1
李允風,1
芯之人,1
解釋後始,1
報仇,1
專員層,1
因天,1
災受,1
災戶,1
啟種,1
貨對,1
發文創,1
莊明輝,1
吳小麗,1
發起訊息,1
可替,1
是玖富,1
在玖富,1
貨便鎖,1
耳畔,1
名義簽署,1
恍神,1
起有,1
我連卡,1
筆外,1
火起,1
凍卡,1
金額記,1
那吊飾,1
滿可愛的,1
實裡面,1
可愛吊飾,1
該察覺,1
爸給,1
跟後悔,1
給我存,1
新版,1
無卡驗,1
酪梨送給,1
寄酪,1
補一個,1
授權驗證,1
想買楓,1
只品,1
連品質,1
帶著購,1
員查詢,1
連字體,1
繳費驗證,1
返豆給,1
林意義,1
董芬玲,1
方美日,1
診費,1
單車館,1
並四處,1
賣懷,1
賣熱,1
買馬克杯,1
某員警,1
某檢察官,1
樂敦,1
及授,1
查無相關,1
接連照,1
賣蠟,1
筆小新,1
筆提領,1
儲值量,1
現匯,1
出資款,1
購物紀,1
錄受,1
購物後若,1
社交生活,1
現金才將,1
買車票,1
某百貨門口,1
方全,1
這週過,1
異色,1
職缺給,1
欺有關,1
當作薪,1
劉祥秀,1
談車子,1
陪我玩,1
作報,1
爆多,1
號就會,1
差價穩,1
市遊,1
救式,1
因積分,1
林信雄,1
攝薪資,1
圈會,1
深層,1
方藥品,1
轉票序,1
當季酪,1
竟一,1
填張,1
小額驗,1
填一張,1
華鼎,1
發報酬,1
賣尾燈,1
第八年,1
全無參,1
運冷氣,1
專員寄還,1
惟社團,1
當时,1
二聖,1
順機,1
車托,1
運以,1
聯客,1
運桃園,1
發後發現,1
何珊珊,1
中邊,1
說邊,1
天陸續,1
軟體予,1
麗文愛吃魚,1
日幣商,1
簡訊常,1
證類,1
池裡,1
認識當,1
蠻互動,1
幣鈞,1
談興趣,1
東幣,1
點擊後由,1
業商業,1
擊訊息,1
以筆,1
課等費用,1
課學費,1
將提告,1
語威嚇,1
送紅包,1
機個資,1
碳纖維空,1
濾蓋,1
號和個資,1
新聞社,1
由員工,1
否則領,1
隨後誘,1
連不上網,1
那實,1
太曠日,1
廢時,1
口頭答,1
請進,1
豁免,1
鄰居才,1
去後網,1
說會線,1
再移,1
拍訂,1
通訊局,1
刑大隊員,1
貨運慢,1
給騙過,1
假轉帳,1
二順位,1
閉過,1
車主證件,1
內交車,1
買家開,1
無奈金,1
親的訊息,1
賣家留,1
失敗頁,1
可查證,1
聊幾個,1
女覺,1
將離,1
夠與,1
報牌廣,1
告故,1
櫛瓜,1
屋無法,1
房東達,1
股東取,1
彈球,1
單供,1
討以,1
吳言,1
接三單,1
關心後才察覺,1
電腦店,1
隨後約,1
內取,1
貨後離,1
張阿嬌,1
居間,1
兩年裡,1
柔澐,1
張載,1
付後續,1
信合社,1
機隨機,1
林心萍,1
幾萬台幣,1
面取,1
碟給,1
實木白,1
橡木,1
賣內衣,1
小卡贈,1
銘峰,1
對代領,1
現欲贈,1
耳釘,1
質飾品,1
驚且,1
寄點,1
進林內,1
伊級,1
然後什麼,1
夠警覺,1
職代銷,1
驗機,1
先驗機,1
進行驗機,1
吳惠珍,1
僅單,1
無虧損,1
控鎖定,1
合計共計,1
禾聯,1
秋敏,1
幾十萬買,1
還先後匯,1
異常紀,1
家母,1
親手術,1
這層關,1
電實體,1
作業員替,1
一數,1
遲早,1
但客,1
否則點,1
元的損,1
列櫃,1
大陸驗,1
先分別,1
額歸,1
投資少額,1
購買金,1
膏一條,1
實際退,1
西周,1
遊券,1
關西樂享,1
周遊卷,1
日卷,1
價的車,1
最後訂,1
江俊達,1
給楊,1
對會員,1
燈海,1
票遲,1
最後連票,1
稱永豐,1
領電腦,1
指導來,1
之大,1
靈修,1
開通線,1
區買,1
收費遠,1
包廂裡,1
詳加陳述,1
然後同樣,1
徽音,1
屯雨傘,1
及誤,1
導下,1
服達,1
行話術,1
無販售,1
過轉帳,1
深灰色,1
很醜,1
手放進,1
連數,1
沒數,1
還毫,1
攝證明,1
銀時,1
許已經,1
釣資料,1
徵求禮,1
儀師,1
連後面,1
楊莉華,1
著不斷,1
恆說,1
並非單,1
或放棄,1
職務關,1
出金和結,1
算作,1
實有長,1
資訊裝,1
裡寄給,1
攔檢,1
共謀,1
他承諾見,1
遞運送,1
愛聽,1
裡連續,1
經授,1
過手機,1
空奪,1
金數額,1
顯示幣,1
時太緊,1
查到類,1
想換車,1
倪代為,1
倪幫忙,1
交貨後便,1
順利代購,1
價後還,1
天禾,1
亞太區,1
尿沙及,1
浴沙,1
慧文,1
慧文將,1
語課程,1
越語,1
時且,1
服到,1
看見名,1
為陳育君,1
群需,1
名為彤彤,1
隨後阿宗,1
江財叔,1
葉語,1
禮包後來,1
正信,1
權限作,1
錢後聲,1
先由其,1
友譽,1
區喊價,1
方後談,1
辦車輛,1
載後還,1
一聊後約,1
開會員卡,1
振庭,1
女師傅,1
空悟,1
九慈,1
首腦,1
張蕭,1
思詩,1
店代碼,1
結假,1
洗地,1
之後冒稱,1
需將個,1
張泰國,1
整頭款,1
整並,1
錢後向,1
認無損,1
幣安內部,1
金融版,1
張證,1
肥胖症,1
稱後果,1
時臉,1
天妙宮,1
宮主,1
開釋,1
土方,1
真自,1
窗商,1
箱後發現,1
幾筆轉,1
之後就換,1
貸求,1
熬過,1
錯付給,1
粒粒,1
裡別,1
多會演,1
先後無,1
贈手,1
貨幣擬,1
惟下,1
房產資訊,1
西未,1
樂總共贏,1
賺入,1
繳交一成,1
嘉義地,1
經檢察官,1
本日來,1
領比,1
趟數,1
前後投進,1
投資本給,1
藥寄來,1
神料,1
佛祖,1
宗師,1
零零散散,1
價值還,1
存錢筒,1
傳訊購,1
變線,1
資訊小棧,1
點就通,1
不遠處,1
時內會還,1
陳瀅瀅,1
台灣後要,1
項害,1
卡以協,1
認錯,1
遭解,1
能住,1
殘局,1
強調還,1
方營,1
裡種,1
植幾棵果,1
果園,1
上回,1
願視,1
行實名,1
局報案,1
投一壘,1
約七點,1
劉琴琴,1
著安裝,1
暢快,1
幾百萬來,1
但畫,1
先聯絡線,1
且關,1
明安撫,1
販售馬桶,1
欄輸,1
杯套,1
賣家周,1
經加周,1
並且繳,1
存貨後依其,1
關門且,1
克朗,1
費感覺,1
帶大陸腔,1
聚會裡,1
直拖到,1
零零星星,1
巴天,1
兼市場,1
這頭銜,1
經營會,1
陈楚生,1
苏醒,1
王栎鑫,1
张遠,1
铮亮,1
陆虎,1
之後參,1
有代墊,1
找訂,1
隨後就給,1
服務員要,1
號找,1
資格費用,1
相要,1
將解,1
靈受,1
詢國,1
節瓜,1
然後我後續,1
應援飾品,1
選後畫面,1
報表時,1
知上當,1
通入帳,1
幸孕,1
統一安,1
賣西堤,1
關類,1
謝詩媛,1
關露營,1
鄧依珊,1
前後共約,1
繳解鎖費,1
專介,1
故均,1
締約,1
先後開,1
立數,1
並無足額,1
貨後收,1
確屬,1
謄本且,1
悠遊學習,1
氣功,1
吳秋玉要,1
柯宏宜,1
現結帳,1
因抖,1
選聯絡線,1
閱覽明,1
徐玟,1
詢處理,1
稱其賣,1
虛寶賣場,1
音幣給,1
數後續,1
認識後雙方,1
其誠意,1
稱可將,1
民訊息,1
便動心,1
其餘要,1
儲值衝,1
因準備,1
裡準備,1
單層,1
拆聖,1
方質疑,1
此賣,1
假聯絡,1
將行動,1
沒放,1
坐實,1
填賣,1
做後將驗,1
元批,1
豐銀行予,1
商資金,1
進行援,1
交行,1
突請,1
帳後把,1
訂錯,1
幣請,1
敘利亞人,1
國員工,1
灣軍方,1
邱雄彬,1
卡獲,1
我後自稱,1
資格並,1
結點入,1
劉康照,1
想脫,1
離該,1
點唱會,1
總共匯給,1
方四筆,1
經營報,1
關行,1
服詢問,1
宏勝,1
誠品,1
藝蘊沄,1
並於朗,1
辦取,1
支新門號,1
不習慣,1
入後輸,1
入訂,1
點賣,1
林思靜用,1
入影,1
完稱,1
利鴻國際,1
過生,1
蔡博全,1
因債,1
森翠,1
下播後會,1
林浚熙,1
臉器,1
連瑀,1
元建檔,1
林思靜,1
妥後馬,1
小雲機,1
鎖在,1
張淑琴,1
圈資訊,1
楊子傑,1
資金借,1
間民間,1
債務未,1
並對業者,1
隨意簽,1
我持續給,1
應訊,1
轉那麼,1
加分潤,1
一蹶不振,1
冒風險,1
專頁裡,1
方比,1
能備案,1
新技術,1
款絕,1
方不厭,1
終於快,1
文銷售,1
可達標,1
湯果,1
清華門市,1
繳費後至,1
間職,1
文徵蝦,1
皮門市,1
一財政部,1
因業務往,1
之後將會,1
師後決定,1
驅魔,1
府詢,1
稱雲辭,1
光先,1
將七萬,1
將破產,1
介紹關,1
信代操,1
需寵物,1
起在網,1
計近,1
以小,1
因並,1
卡皆屬,1
運康,1
稱佑翔,1
並於致,1
調此,1
之後轉換,1
會介紹給,1
網銀裡轉,1
制規定,1
裡更覺,1
節奏裡,1
七萬飛,1
剩警覺,1
裡輕,1
釣竿想,1
背後多,1
蔡維明,1
州州,1
來虛寒,1
寫罰,1
琴要,1
婉一,1
周宇,1
政忠,1
總共與幣,1
將當,1
信點擊,1
萬元律,1
財產去,1
嘉禮大榮,1
短靴,1
專賣商,1
因本筆,1
卡資訊後才,1
最後畫面,1
營利稅,1
越到,1
屬買,1
品廠,1
商介紹,1
當講師,1
領十萬元,1
元忠,1
人陳元忠,1
海峽,1
緩刑,1
巧芬,1
核對存,1
為款,1
鴨子,1
或還,1
裡徹底,1
認回,1
圖和語,1
輕易交,1
鸚鵡籠,1
雜又憤,1
阿庭庭,1
新遠門市,1
欺告,1
訴並,1
藥會,1
方約過,1
電商要,1
誤後續,1
許小豪,1
自蘇蕊,1
網路後台,1
異常數,1
唐突,1
周龍,1
尋找類,1
李溪,1
瑞溪嘉,1
李溪嘉給,1
李溪嘉還,1
商客,1
地馬上,1
看頁,1
設鐵板,1
付代辦,1
沒錢續,1
方續,1
金計算,1
連我手,1
稱放,1
親自證,1
代料,1
卡共二張,1
能多學點,1
連黃金,1
代還,1
郭常,1
賣面鏡,1
見習,1
王遊戲,1
里昂,1
提領鍵,1
各卡號,1
開後網,1
穩健理財,1
愈付,1
卯足,1
並寄錢給,1
大愛無限光,1
時所,1
華一取,1
帳戶掛,1
不件,1
卡裡僅,1
無法列,1
筆怪,1
換進,1
星城遊,1
漢方,1
金丹,1
以療程,1
根治,1
因繼續,1
龐大而,1
並無顯,1
聽後心,1
農會換,1
喜愛該,1
產之名,1
分保,1
財務小馬,1
付延,1
遲費,1
辦理會員並,1
稱夢婷,1
結管,1
草叢後離,1
人達成,1
虛寶裝備,1
中切,1
著價差,1
間詢,1
龐大時,1
進過,1
剛剛給,1
冷靜確,1
防護欄,1
他僅,1
古董商,1
以電匯,1
菲林,1
鄭義騰,1
王國安要,1
結遂,1
過遂,1
為業,1
問韓團,1
問後加,1
繳交儲值,1
談論關,1
朋士德,1
王澤軒,1
日後投資,1
洪晨耀,1
任務中,1
消費性,1
專不,1
投同樣,1
蔡馨雅,1
張瑞恒,1
睿婕,1
心藝共鳴,1
創益,1
鎮立,1
築起,1
庸金,1
力嘉,1
底氣,1
得玉有,1
必答,1
附保證,1
貨運報,1
關單,1
業者還,1
一場連,1
時人,1
分準,1
勤富亦領,1
膠片,1
飛翼聯,1
爆刃,1
別人千萬別,1
李曉峰,1
機退,1
越無法,1
限動發,1
會員線,1
統未,1
英蠍排,1
購匯款,1
單廠,1
微寰,1
東勝,1
神州,1
我棄,1
業連結,1
加貼,1
吸燈,1
找代書代辦,1
外給予,1
雯雯子,1
電講,1
投資主動,1
需大筆,1
充電座,1
計的確,1
實帶,1
交貨來,1
只口頭,1
經不,1
人類,1
只經過,1
並採,1
幾天後貨運,1
多儲,1
高階回饋,1
收購價,1
帶款,1
變成揮,1
隨後錢,1
琳購,1
一假頁,1
虎掌,1
該米,1
寶線,1
給米,1
幣退,1
稱福鑫珠,1
標黃金手,1
反應後福鑫珠,1
遭福鑫珠,1
對方調,1
中未,1
買博杯,1
博杯,1
東西超,1
假買家林,1
好品,1
蜜棗,1
明昌幣行,1
單一陣子,1
付費群,1
枕絨,1
國經理,1
崛星門市,1
山鳳山,1
以斷,1
腳等言語,1
經營部,1
似代購,1
地一沉,1
組先,1
王麗雅,1
地馬,1
內容物實,1
便址並,1
中欲,1
職欲,1
賴佳元,1
名賴佳元,1
稱話術,1
刪除費,1
綠寶閣,1
毀款,1
日之後對,1
證券林,1
不菜,1
元後會,1
日營業,1
獲利當,1
偉獲利,1
紅新,1
因煩,1
惱金錢,1
跟洋蔥,1
數卡證,1
明聯,1
蘿莎花藝,1
試一個,1
告後連,1
之不實,1
有本,1
健隆,1
文良,1
流狀況,1
金融性,1
案屬,1
建琪,1
資金皆會,1
文郁,1
陸偲莎,1
私訊後才,1
正出,1
雙方個資,1
該統,1
討價格,1
然發現,1
寶額度費,1
遞前,1
畢後跳,1
搭羅晶語,1
窺見,1
渠中,1
隨後又參,1
渠開啟,1
尋泰國,1
遭刷元,1
書展,1
點擊後以,1
士網,1
腦震盪,1
證和三張,1
臉照,1
適要,1
推薦並,1
之新會員要,1
纏用,1
無奈約定,1
對方除,1
還踢,1
某天手,1
前就還,1
補請,1
此號,1
打王,1
職代練,1
升階後會還,1
升裝,1
最珍貴,1
旅遊小編,1
志願,1
空著,1
一橫匯,1
短篇,1
讓民眾,1
門票確,1
全哥,1
濃縮成,1
經動搖,1
認識結,1
學校裡,1
洗版,1
感一湧,1
價金三萬,1
燈掛件,1
獲得心,1
數卡輸,1
寶相關,1
中公園,1
手腕,1
感報案,1
今後務,1
假買家詢,1
異該,1
中三街,1
東明,1
有易,1
西到,1
安小編,1
番薯,1
時看,1
取鉅額,1
購買桌,1
介所謂,1
買雙,1
幾回,1
最後我發,1
商對,1
驟幾乎,1
包裡點,1
書款,1
和馬克杯,1
會玩線,1
十萬元現,1
簡短訊息,1
賞布羅利,1
完價格,1
用交換,1
許就會,1
一種護,1
裡始終,1
牧師,1
幸終,1
裡轟然,1
現金後遭,1
充滿後怕,1
數後拍給,1
私詢問,1
高費用,1
規賣貨,1
幫人代辦,1
聲驚醒,1
未見過,1
李銘達,1
承諾錢,1
千晴門市,1
照當,1
然後層,1
設計要,1
彩繪杯,1
耶穌,1
虛寶物,1
沒轉移,1
付費後能,1
兌換代儲,1
匯儲值,1
社團費,1
腥羶,1
辦會,1
失八萬,1
下約會,1
以數據,1
擊後覺,1
未界,1
無假稱,1
子赫,1
須先加,1
蔡仲閔,1
徐翊鳳,1
末尾,1
龍眼苗,1
資販,1
很洋派,1
為佳文,1
研思社,1
將資金親,1
保送,1
北海,1
元大特,1
濃拿鐵,1
徵一個,1
失一,1
私訊美,1
信陸續,1
已賣予,1
困補助款,1
將簽帳,1
職資料,1
繳交風,1
管會後始,1
騙後透過,1
紙箱裝,1
可樂媽,1
繳進口,1
數後進入,1
李曉惠,1
媽媽照,1
筆位,1
或友誼,1
局委,1
因驚慌,1
將後悔,1
團購商,1
最後依舊,1
車資金,1
載門票,1
送者,1
醫美療,1
程體驗,1
我太急,1
對方員,1
事後後悔,1
比一時,1
不太夠,1
部門駁,1
剛好點,1
算醒,1
花三萬元,1
項作驗證,1
處理實,1
請元,1
淘寶市,1
場營,1
運部門,1
可登錄,1
點選到,1
張後始,1
劉家瑜,1
竟害,1
將轉介,1
填數,1
買礦,1
粉絲應,1
援品,1
入後便,1
鈺淳,1
職燒,1
潮選舉,1
通視訊,1
菜器,1
權向,1
特助漢,1
購投資,1
用駭客,1
來系,1
以星展,1
惟下載,1
完後發覺,1
金後便,1
萬元免,1
風險級,1
還很懂,1
入金錢,1
跳去,1
掏給,1
最後顯示,1
時生,1
某電視,1
現年,1
投資安,1
華資本,1
還追問,1
寶先轉,1
床組,1
然銀行,1
郵政無卡,1
組卡密碼,1
取回去,1
保溫臻品,1
分十筆,1
佳琦馬,1
既損,1
萬買點,1
數卡換,1
一個吳,1
試著放,1
天讓,1
師幫,1
這幾天裡,1
著雨傘,1
電子訊息,1
事後再詢,1
週繳,1
方輪番,1
汽車側,1
萬元令,1
候訂,1
大群裡,1
壓得頭,1
最後陸,1
理進,1
灌輸能,1
先換成,1
一人給,1
前後後不,1
沒登,1
記紀錄,1
筆小錢,1
貨系,1
統寄給,1
出將,1
順著連,1
國斌,1
一組代,1
還邊,1
沒贏,1
痘痘,1
連專利,1
所終,1
聲妹,1
虎爪,1
正閒暇,1
楊慧玲,1
宇伊,1
李礎,1
為幣值,1
邊玩邊,1
發分紅,1
並開卡,1
浴廣告,1
問預,1
傳威脅,1
數數,1
未作,1
依賣,1
方三筆款,1
薄霧,1
心資,1
張安撫椅,1
釣竿贈,1
花五萬元,1
金隆,1
包忘,1
藥妝,1
校版上,1
將六萬,1
昂集,1
專員陳國斌,1
試金,1
犯用,1
經真實,1
簽保證,1
冰壩杯,1
剛下,1
認真存,1
假裝談,1
而後購,1
徵求志工,1
執行裡面,1
推廣保稅,1
倉國際,1
蓄購,1
艷稱,1
決定代,1
還及,1
機連動,1
開雙,1
傳信,1
通訊系,1
統討論,1
心紀,1
組尋找,1
舊債,1
總共五萬元給,1
幾天連,1
數賣家,1
調真詐,1
內看,1
攝台灣,1
素料行,1
林世傑,1
誘導然,1
卡生,1
領拉到,1
購成,1
出來後到,1
抽中免,1
捐獻物資,1
為秉豐,1
配天門,1
領共損,1
寫劃,1
撥單,1
本來並,1
蔡松運,1
僅餘,1
裝欲購,1
念響,1
是媛,1
網玩,1
抽禮券,1
饋金才,1
有圈,1
認證給,1
用團購,1
進額,1
方不聞,1
文後即,1
入後即,1
電擊槍,1
上陸續,1
海聖,1
補寄電動,1
重塗,1
文及,1
批價,1
鋪師,1
類批售,1
先體驗,1
灣旅遊,1
幣泰,1
澳博,1
點斷,1
乾弟,1
連絡犯,1
匯開,1
洪薇芳,1
環海,1
卡正,1
次來,1
資金太,1
所收購,1
林義守,1
販售麥,1
吳熙,1
之後互動,1
吳奇聯,1
款後才,1
機後再將,1
項後當天,1
股出,1
掛價,1
能工巧匠,1
經常開,1
王曉明,1
圖文資料,1
緊止,1
損處理,1
投資除,1
面等,1
暮雪之語,1
萬里區,1
國泰世華信,1
國際碼,1
某租車,1
辦租,1
李振東,1
給連,1
誇買,1
菲貼,1
況不對,1
並承諾刷過,1
細後發現,1
遭家屬,1
蔡雅軒,1
慧妍,1
購買意,1
願後以,1
提領後始,1
同品,1
質同,1
渠實名,1
照假,1
超佛,1
棒壘,1
購證給,1
行員致,1
審表給,1
廣視,1
角美,1
太蓮,1
故總共是,1
已無頁,1
現額度,1
紫宸殿,1
並填資料,1
亂愛總集團,1
未婚夫,1
換心臟,1
高辰恩,1
傳承,1
蘇嘉琪,1
利廣,1
有古幣,1
認識裡面,1
米娜,1
老樣子,1
講黃金,1
假耳機,1
面無妨,1
用特別,1
方哄得,1
無論繳,1
調群,1
組成員會,1
一買進,1
踴躍購,1
鏈鋸海報,1
龍記,1
三萬瓶,1
筆後續,1
清個,1
子麻,1
元後跳進,1
萬美,1
對方祥稱,1
方三間,1
編號將,1
認沒,1
相逼,1
而慌亂,1
脫烘機,1
翻漲,1
經下線,1
張卡長,1
因毫,1
投資訊息絕,1
將這慘,1
經驗化,1
將泰達,1
互助社,1
運費始,1
之後佳琪將,1
銷貨存,1
其後我們,1
須開通,1
加匯,1
南村,1
繳七萬元,1
加紅利,1
完之後顯示,1
理經,1
好後回,1
明細太少,1
鐘貸款,1
噴漆機,1
賣安撫椅,1
大義的,1
隨機且,1
人則,1
貨幣外,1
瀏覽有,1
關懷孕,1
艾數碼,1
聯絡忠,1
實粉,1
輩過,1
年給,1
來念書,1
心當,1
下碎,1
用愛情,1
不會怕,1
國安級,1
著證明,1
縣崙,1
村大有,1
先現,1
之後當天,1
販售樂器,1
單純念頭,1
假見證,1
先安裝,1
入金才,1
上鏈,1
楊琳,1
想買麥,1
投資露,1
該露,1
組裡確,1
實學到,1
已經快,1
芯瑞,1
來區,1
分會員,1
並再匯,1
專線後才,1
湯姆熊,1
將在幣,1
楊志明,1
正文,1
家電商購,1
交貨及,1
移動後無法,1
插電,1
並無檢查,1
家電商,1
換貨予,1
現地代購,1
金開,1
運麻將,1
眾行,1
給股務,1
將資金以,1
購買書本,1
問贈,1
樂萱,1
昂日貨,1
李紫涵,1
入金買幣,1
某代購,1
萬元竟,1
考駕照,1
稱母,1
資致,1
遭開罰,1
單無力,1
李建華,1
服務系統,1
主動拉入,1
妥後網,1
林正,1
還轉來,1
單後同樣,1
球員版,1
木棒,1
白開水,1
指導員先,1
販售花,1
胸肉,1
因貨運,1
十月份,1
隨著出,1
一興奮,1
隨機碼,1
給家屬,1
點運費,1
前後後被,1
進異,1
稱解,1
凍須,1
快度過,1
擊訂,1
中發言,1
李品葳,1
愛奇藝,1
沫沫,1
平溪,1
夏沐卉,1
小霜,1
賭王,1
潼菀晗,1
某檢調,1
報廢車,1
調獎,1
數十個,1
遊而,1
開價七萬元,1
軟先匯,1
服務廠,1
他錄,1
不斷編,1
遭錄影,1
假裝以,1
現金買入,1
七八十,1
設計室,1
元後有,1
萬裡路,1
兩輪,1
恩要,1
尾段,1
幣下,1
因致,1
早點證,1
信虛,1
盜刷英,1
地點詢,1
一就還,1
玉打來,1
鄭鴻銘,1
包亦無法,1
之後其加,1
取抖幣,1
鼎上,1
方作業,1
入會後對,1
炮卡後始,1
進大約,1
七八成,1
挺勵,1
之後培訓,1
發訂,1
單工號,1
理財計,1
畫書,1
偏好,1
遍布,1
會原,1
匯雙倍,1
自謊,1
絕版書,1
內喪,1
失判,1
斷力,1
取動,1
某型號,1
房管,1
單寄貨,1
總共四張,1
書體,1
積差,1
不脫,1
失去理性,1
國家詐,1
福興,1
三不離,1
週後交車,1
台彩員工,1
賣代,1
儲幣,1
好康來,1
碼界,1
金額驗,1
下廠,1
洽談大,1
之後廠,1
桃太郎,1
有償,1
答應會還,1
唐冰瑤,1
取版,1
權費用,1
音樂網,1
該金條,1
辦花,1
中郵政,1
花蓮愛鳥,1
蔡佳茵,1
投資頭頭,1
臨外,1
資長,1
抽資,1
集資小額,1
畫好,1
週轉來,1
戰役裡,1
劃醒,1
來編,1
述給,1
地淹,1
裡正用,1
超商處,1
親自申,1
幣貸款,1
潤進帳,1
還的債,1
夜玥,1
因價格合,1
保證領,1
總共返,1
繳交六萬,1
踏踏,1
拿捏,1
當投資標,1
帳戶換,1
謝定容,1
張巧琳,1
緊縮,1
買家轉,1
埤分,1
整當,1
大陸外,1
卡可月領,1
因合庫,1
認識順,1
遭順,1
向順,1
協助繳,1
接獲順,1
運還,1
之活,1
動進,1
善健,1
高階外,1
泌體,1
原液,1
綠階階級,1
威峰,1
作轉,1
唐納德,1
回來後還,1
旺利,1
慧雯還,1
尋有關,1
依然如故,1
武星,1
批發俊祥,1
鮑魚貝,1
果肉,1
張淑玲,1
失後發現,1
山邊,1
榮和路,1
王友國,1
夏振欽,1
這實際,1
美溪門市,1
受獎,1
甜醬,1
前後後總共購,1
真點入,1
最後人還,1
變加,1
開局,1
配對遊,1
憤而將,1
書之事,1
蔡秉松,1
救難金,1
供虛擬,1
所連,1
張委員,1
資訊申,1
資金前,1
完稅額,1
擁生,1
油料,1
遭駭入,1
傭金尾數,1
提工,1
優惠訊息給,1
過答標,1
組平時,1
緣夢,1
撈幣,1
鄧衣,1
建有,1
此系統,1
購買序,1
朱惠珍,1
以強,1
當稅,1
康已,1
詩云,1
慧緣,1
如來,1
蟾蜍,1
招財符,1
中大樂,1
實際算,1
吖婷,1
管制中心,1
傳愛活動,1
領額,1
李思曼,1
用利,1
優惠代碼,1
轉一萬多,1
四人小組,1
丟去,1
賣數位,1
傳送後該,1
卡牌給,1
將所該,1
買後才,1
便供,1
資料始,1
跟馨馨,1
禮物後能,1
證無卡,1
專員陳述,1
郵寄編號,1
正熱門,1
最多補,1
帳密碼,1
車品,1
纖維汽車,1
碳纖維下,1
儲出,1
易使用,1
缺錢致,1
買動畫,1
一凱,1
以抖,1
豪買,1
轉儲值,1
寶可夢買,1
到訂,1
鈴之人,1
鈴加,1
伴遊要,1
九萬六,1
帳號級,1
碼後加,1
紅傳來,1
結後頁,1
詢罰,1
發禮券,1
換滅,1
宮之廟,1
廟公,1
宮裡,1
入體驗,1
關於詐,1
那人要,1
地點驗證,1
熱感,1
應紙,1
成新急,1
閒聊後感覺,1
友諮詢,1
湮滅,1
教相關,1
以事業,1
郭家希,1
將畢,1
生積,1
蓄交給,1
以詢問,1
還會贈,1
她後來將,1
進軍美國,1
募資案,1
小罰款,1
有閒,1
給我出,1
方用類,1
購一,1
清罰,1
內留,1
金一萬,1
水電承裝業者,1
備貨單,1
清運動,1
我加別,1
顯想,1
還發布,1
李欣宜,1
將共五張,1
恐已,1
林素馨,1
芷暄,1
韓承睿,1
有泰達幣,1
內教,1
育兒津,1
巧馨,1
文投,1
資事務,1
投資此,1
存票,1
浪浪小編,1
白則,1
總管,1
證明待,1
故私訊期,1
故傳賣,1
現金會,1
惟時間,1
行廣告,1
負責施,1
作鐵皮,1
地點場,1
勘後向,1
開工款,1
僅將家裡,1
未施作,1
會橋,1
中撒出,1
故求,1
故依線,1
屬知曉,1
藍格,1
工務部門,1
無訊息,1
投資緣,1
王祖名,1
張雙方談,1
李品,1
李芸茵,1
宇宏向,1
挑選配,1
該介紹,1
歸剛,1
林經達,1
為黃琪媛,1
藝求,1
貨所,1
因為訊號,1
正不會,1
寄時,1
狼人,1
節競標,1
順利標,1
叫穎茹,1
風城門市,1
販售款,1
幣戰,1
並和群,1
員聊,1
顆差,1
日新辦,1
傳查詢,1
換算後金額,1
貨已經,1
大早,1
裡習,1
結金流,1
起訂,1
金後杳無音,1
創頁,1
獲房,1
東以,1
開序,1
張刮,1
信贈,1
進而點擊,1
因銀行將,1
徵求員工,1
更多卡,1
隨後封,1
鎖並,1
日幣驗,1
離開並,1
過酬,1
給孫女,1
金超,1
幾十萬才,1
成快,1
想離,1
開軍隊,1
說費,1
並監管,1
戰狼,1
細截,1
單沒有,1
入門級,1
高階秘術,1
先向店,1
既覺,1
還麻煩,1
著質疑,1
問網路,1
因無開通,1
詹清忠,1
焊機,1
課程售,1
課業務,1
區西雲路,1
就熱,1
偉馬,1
蘇昊凌,1
唐崧,1
國銀行,1
體後聊,1
時後開,1
紀念堂,1
返國後會,1
出土,1
陳昱維,1
心附,1
還大得,1
方在訊息,1
廖專員,1
另要,1
先私,1
稱父,1
親腦,1
身後事,1
處理父,1
注銷,1
隨後蔡,1
外匯款,1
預先設,1
進貨批,1
發用,1
還有帳,1
芙來,1
獲神,1
代標代購,1
開富邦,1
新坡幣,1
得慶幸,1
重陽節,1
裡值,1
帳怎麼,1
並未達,1
小布點,1
很熱衷,1
聲越,1
回看,1
為類,1
嘉琪爸,1
做化療,1
外務員約,1
上噴,1
奪門,1
拳打,1
噴到,1
僵持,1
假釋,1
顧答,1
碼圖樣,1
專屬驗證,1
卡後就會,1
假買家詐,1
慶祝粉,1
絲破,1
不像樣,1
原車,1
主報,1
案為,1
體驗批,1
發禮品,1
裡常見,1
名義訊息,1
商承諾會,1
杜家,1
義祥,1
守規矩,1
車商業務,1
業務後來,1
兩三筆,1
需填,1
內所購,1
元所購,1
罰滯,1
投顧部,1
還原金,1
隨後發訊息,1
林夢茹,1
制勝,1
和款,1
考慮後果,1
具時,1
之傷,1
並挑選,1
圖和驗,1
丁丁,1
某個機,1
廖慶龍,1
經理能,1
這兩者,1
南電話,1
正言,1
專員須,1
百億貨,1
運高雄,1
伊莉莎白,1
組後群,1
科員,1
因大額,1
錄畫面,1
債主押,1
中供,1
問酬,1
勞何,1
冥冥中,1
資金遲,1
得重,1
謊局,1
來體,1
已人間,1
念舊,1
傳訊想,1
連刷七筆,1
共計七萬,1
每跑,1
證與個,1
辦勞保,1
保孝街,1
機截圖,1
幣蜂,1
雪商,1
阿泰爾,1
阿威威,1
威少,1
林健文,1
官民,1
國內作,1
許多場,1
將其轉,1
框說,1
恩銳,1
張文玲,1
測字,1
隨後寄給,1
徵婚紗,1
賣場業,1
清事,1
經冷靜,1
文字交,1
且強,1
調限時,1
買六罐,1
母犬,1
扣大約,1
統一人,1
見黃玟,1
曾小婷,1
需培養,1
妥後並,1
汙染,1
鄭宗,1
仍未結,1
交軟體,1
手作貓,1
重任,1
訊息密,1
張護照,1
禮去,1
編織貓,1
洽談後續,1
問車子,1
欺新聞訊息,1
將運費用,1
我造,1
完後賣家,1
宜恩,1
楊藍藍,1
專員黃麗,1
三峽取,1
貨運想,1
週四才,1
接不詳,1
中低,1
收及,1
卡變,1
行員查詢,1
設計會,1
喊出,1
接獲幣,1
沒煩惱,1
賣柯達,1
一談話,1
實先,1
很偉大,1
又編,1
方在編,1
鐘敏敏,1
李豐,1
金裕,1
老季,1
預兆,1
這不應,1
認後便,1
刺中,1
劉夢黎,1
夢黎睿瑩,1
碼照,1
張玉華,1
收店,1
再天,1
收遊,1
叫陳雨瓷,1
賣書給,1
精寄給,1
薪蕾,1
買家拉進,1
取不回,1
經我加,1
隨後經紀,1
館懷協,1
如會員,1
之家屬,1
將依規定,1
依協會,1
時持票,1
致實際,1
隨後顯,1
示出,1
罰金為,1
繳費區,1
小視,1
該視窗,1
態度轉,1
擊後發現,1
虛實名,1
祿祿,1
抵至,1
顯破損,1
方又換,1
遊戲和網,1
舊物並,1
衣裝袋,1
六木頭,1
投資配,1
辦換,1
換卡時,1
金魚,1
草吶,1
吶吶,1
還嚇,1
進一層,1
文宇,1
最後演,1
三萬點數,1
解約換,1
曉曉和陳彥,1
拖裡,1
標的則,1
張志勝給,1
哪個幣,1
那個標,1
還承諾會還,1
開等語,1
經理林茹,1
遞賣場,1
江欣茹稱,1
方後面,1
一陣子後交換,1
照換取,1
完手術,1
延後還款,1
包之貼,1
之人談,1
進貨方能,1
寄電腦,1
單後接,1
獲賣,1
稱陳雅琳,1
其資訊,1
因陳雅琳,1
為媽,1
媽牌,1
富邦線,1
認證詐,1
裡很自責,1
貝殼幣點,1
換耳機,1
我買貴,1
盒惟要,1
致電後銀行,1
江婉婷,1
假裝當,1
賣家取,1
雲轉,1
攝三張,1
組申,1
樣批,1
四箱,1
就求,1
方之後他,1
林益,1
先後共匯,1
經依,1
娛樂網,1
轉光時,1
交個稅,1
東西務,1
契作,1
金戶,1
仇恨,1
回不回,1
王城瑋,1
說五顆,1
一經紀,1
劉健中,1
林哲安,1
台灣點,1
歌王,1
掃臉,1
無板規,1
資金買,1
請媽媽,1
昂網,1
資後再,1
另計,1
點代辦,1
並未補,1
登山包,1
滾大,1
包備,1
包補滿,1
著位,1
七樓,1
張蓋,1
房之路,1
無付費,1
最耐撞,1
電話後六碼,1
法補,1
身茶,1
掉秤,1
超商漢,1
優惠承諾,1
找樂,1
高迷,1
出真實,1
飾來,1
假系,1
資產未,1
層算計,1
慶幸終,1
一開視,1
劉瑋婷,1
組為持,1
以恆,1
將我拉到,1
內容內,1
至龍井統,1
因欲遷,1
郵政欲,1
個視,1
回店後會,1
說始,1
手機轉,1
林麗,1
或竊取,1
代書要,1
跟代書,1
售書,1
順豐張,1
再派,1
錢昱伶及,1
有行,1
劇情裡,1
成港幣,1
某活,1
動門票,1
連超商,1
你額,1
貓樣,1
免錢,1
缺課,1
經常無故,1
憑口頭,1
盜刷十筆,1
那麻,1
當你以,1
聊會,1
還緊,1
照鏡子,1
現實裡,1
留好評,1
評前,1
發線,1
燒進,1
卑微,1
太惡毒,1
著淚,1
破鏡,1
重圓,1
很靈,1
確出,1
大的災,1
祭改,1
山好,1
稻草人,1
咒語,1
的紙,1
熄燈,1
別人會,1
一絲想,1
昂下,1
當時畫,1
想花個,1
關要,1
取之金額,1
龐大金流,1
康和證券員,1
蕭協理,1
蔡明宏,1
主出,1
該約會,1
賣杯,1
遭害,1
景軒,1
蔡玉蘭,1
李鈺婷,1
之品,1
項供,1
黑松,1
帕瑪森起,1
司味,1
匯市場,1
協助詢,1
見戀,1
博野,1
便林,1
取無卡,1
面傳,1
付蹺,1
班費,1
為志傑,1
負責訂,1
何訊息,1
因到,1
韓國購,1
有大陸腔,1
送藏壽司,1
任務及,1
寶郵局,1
王哲立,1
曾子建,1
貨後匯,1
幣讓,1
瑞典,1
補發證,1
美綾筆,1
男裝包,1
帳號害,1
女業務,1
車主聯,1
幣安裡,1
所交,1
某營區,1
小桌,1
遊等,1
鐘後讓,1
名可,1
芳草,1
決定詢,1
小星星,1
方金額,1
標示僅,1
走五萬,1
三萬及,1
房檢查,1
手賣,1
淡彩表現,1
未達共識,1
人約會,1
顆晶瑩,1
停車區,1
寫車,1
就表現,1
成愛情,1
條訊息驗,1
喊標,1
水鞋,1
服務金流,1
送電,1
個療,1
過書,1
酪梨當然,1
剩一點,1
張全,1
之大陸,1
號報,1
上見求,1
故未察覺,1
車團,1
保車位,1
然無,1
並非個,1
規定須,1
因抗議,1
團員承諾,1
林州,1
宏的態,1
換我出,1
數卡寄給,1
成幫詐,1
情婦,1
比手勢,1
想長,1
後檢,1
寶雅百貨,1
靜將,1
尋詢問,1
可之後對方,1
月餅,1
詞顯,1
欲在網,1
整個局,1
成利潤給,1
地並,1
房產向,1
經由原,1
往後將,1
別介紹,1
非本場,1
選下單,1
李昊恩,1
貼文轉,1
剛發出,1
有圖,1
毫無猶豫,1
手持式,1
整個網,1
相談後以,1
日後見面,1
名義又,1
金之後經,1
親子關,1
紙費,1
母紅包,1
鐘就轉,1
這篇縮,1
短到,1
週四,1
劉忠,1
圖票,1
票上,1
圖票號,1
跟劉,1
理會員卡,1
約束,1
蘇聯,1
人造,1
長島,1
冰茶,1
認之後才,1
初音聯,1
耳飾,1
買耳飾,1
頭一陣,1
森三個,1
以承攬,1
股理,1
財借,1
本息,1
財罪,1
經由調,1
查局,1
靖天,1
觸屏,1
商建泰門市,1
吳玉,1
演密,1
三還,1
最愛租,1
販售維,1
還出門,1
鄉榮,1
典路,1
方的帳,1
夢見,1
一訊息,1
會寄寶寶試,1
萬昕,1
掛賣給,1
將銷售,1
加信,1
失損,1
來存,1
中旁,1
刷現,1
說鬼滅,1
丟投,1
實付,1
稅問題,1
財產與證,1
冷靜掛,1
換匯代,1
購代儲,1
談金錢,1
小璐亂,1
認證門市,1
因金管,1
入驗證,1
全交,1
搜尋融資,1
幣能,1
著禮物,1
訂正,1
懷抱孕,1
婦護理,1
繳了費,1
尋億,1
巴托,1
吉依,1
柔靜,1
異慈,1
之鏈,1
事後買家,1
訛索,1
尋憶,1
經登入,1
分接續,1
面不讀,1
萬元共匯,1
義享,1
尚廣場,1
還會變,1
業務員購,1
當消費,1
連結訊息,1
出命盤,1
問泰國,1
對方簽,1
法才,1
假手他人,1
投資成,1
蔣萬福,1
方承諾穩,1
計下,1
姓業務員,1
機辦,1
一紅一,1
黑共,1
簽妥,1
認廠,1
碼來加,1
雖然轉,1
超商平,1
然後預,1
簡訊後照,1
沈春華,1
親自約,1
擴廠,1
柏睿,1
局員警,1
中區戶,1
續陳振國,1
銘昌,1
攝律,1
周梅芳,1
著想換,1
王霖豐,1
床具,1
鉤針,1
宴姍,1
方後續給,1
會降,1
著一條,1
優惠數量,1
張美照,1
遲約,1
致害,1
看後台,1
師各種,1
林青容,1
傑憲簽,1
名球,1
為佳滿,1
張博軒,1
滅小卡,1
柯念慈,1
誠信金,1
鎮魂,1
竇從良,1
貼文後以,1
祖壓,1
轎金,1
點選後向,1
詢實名,1
試實,1
充帳,1
未察有,1
堂教練,1
沒人主動,1
名義之稱,1
費領養,1
小動物接,1
假送,1
卡升級,1
選主,1
張宴姍,1
已無成員,1
出遙,1
詹詩,1
涵欲購,1
臭臭,1
蔡玉嬌,1
放員工,1
社團點,1
團名,1
截要,1
順勢點,1
用常見,1
價金後付,1
進入後出,1
還趁,1
鈣片,1
王弈,1
荏業務員,1
可放貸,1
共鳴體,1
這驗,1
最後一邊,1
徵選志工,1
本求,1
清所謂,1
用小動,1
作來,1
真實感,1
帶魚,1
園門,1
一百四十九,1
公務單,1
之後活動,1
並不滿足,1
我點網,1
某壽司,1
稍後詢,1
證後六碼,1
認而,1
討論幣值,1
遭異動,1
一登進,1
清提,1
縣元長,1
鄉元,1
全聯福路,1
喪葬塔位,1
村中門市,1
小錢給,1
滲進,1
進節,1
氣壓,1
鐘後又打,1
威脅絕,1
承輝,1
蔡琴,1
綠界系,1
統不會,1
多放,1
悔當,1
付名,1
天牧說,1
回應成,1
資安處,1
國良,1
俞檢察官,1
補查,1
社員工,1
他三間,1
朝天椒,1
他隸屬,1
端來,1
欣儀,1
欣儀後來,1
美沃奇,1
每案,1
編還,1
將音,1
寶寶手冊,1
一個獎,1
並將後面,1
攝傳給,1
輪軸已,1
不太情,1
車輛掛,1
上吊,1
餘數,1
認後為,1
今欲購,1
並選項,1
家俱,1
會查稅,1
購買櫛瓜,1
手的當,1
高藥品,1
網借,1
現後主動,1
流覽,1
遊靜潔,1
玉山行,1
古馳,1
吳承,1
車線,1
包夢,1
喜能,1
假賣家暱,1
記何,1
電信類,1
短影,1
介隨身,1
二合,1
武嶺,1
然轉帳,1
這時察覺,1
稱可作,1
質檢,1
補交延,1
遲金,1
創業戶,1
顆虛,1
給壓力,1
臉書訊息加,1
管處,1
刑大視,1
尋他給,1
官黃振倫,1
萬同樣,1
刑大說,1
可談,1
邊講邊,1
前置程序,1
天響,1
去後港,1
信紙,1
波一波,1
筆錢後當,1
腦子整,1
遍響,1
反打,1
對方漫,1
趨吉避,1
等獎,1
起來理,1
單兩次,1
拳擊,1
抱著寧,1
夜長,1
數念頭,1
直視,1
劉嵩,1
換代幣,1
許智陽,1
稱瑾,1
張少宇,1
搜尋人名,1
陳禧薇,1
專員貼,1
之人問,1
光集團,1
入會款,1
獲上,1
網銀繼續,1
靜宜姐,1
出後人,1
說贈,1
送塔羅牌,1
購票並,1
我代刷,1
謝織,1
張雨琦,1
出國前,1
發錯訊息,1
發工,1
樓蘭,1
此非,1
廖律師,1
林玉芬,1
江專員,1
因運費,1
認證後線,1
服務機,1
關名,1
義之電子,1
台山,1
葉勁戰,1
放東西,1
名賣,1
車人,1
貨車載,1
點按鈕,1
說擔,1
蘇晴,1
簽約費,1
那業務早,1
宜婷,1
團波,1
一陣子後換,1
周子涵,1
廖梅,1
彰銀行,1
玉銀行,1
還講成,1
竟誤,1
櫃組,1
含燈,1
具燈,1
運去,1
予不詳,1
高志,1
鹿晗,1
網繳,1
隨意輸,1
石銷售,1
機和家電,1
張清霜,1
能觀,1
贈送樂,1
高賽車,1
方抖,1
音貼,1
完到,1
之訊息加,1
屋資格,1
區約,1
先轉訂,1
理後台,1
詢稱,1
會稱,1
完會費,1
組頭,1
獲才,1
轉沒有,1
著不為,1
李語,1
鎖閉,1
何一時,1
機會展,1
開新的關,1
已感,1
搜尋職,1
財產上,1
返例,1
紙盒裡,1
事後合庫,1
明細則,1
罐罐裝,1
盒塊,1
計協助,1
抓緝車,1
費運至,1
花六萬元,1
認已經,1
某水產店,1
點開後看,1
借六萬元,1
國際減,1
體行業,1
丟推薦,1
面老師,1
共一萬元,1
初經營,1
江浩宇,1
將鈔票,1
回檢驗,1
單後在,1
家後對,1
引下,1
徐家,1
偉介紹,1
傳換,1
國泰世華人壽,1
名為羅文婷,1
欣快,1
樂黃金,1
寶莉,1
倍利潤,1
美妝日記,1
茹蘊,1
烤肉串,1
台子,1
車後照,1
鏡並,1
牌後系統,1
獲利騙,1
超商見,1
購堂,1
適向,1
教練稱,1
課要,1
課程給,1
欲交貨,1
再密,1
楊國華及,1
郵件帳,1
林宇晨,1
需示,1
田星,1
稱林伯勳,1
打門號,1
可金錢,1
吳劍傑,1
購買護,1
身符,1
補助須,1
成點,1
學向,1
由不詳,1
欄加,1
境管,1
之後想掛,1
一塊衝,1
金流能,1
帶顏,1
欣瑜,1
稱屬,1
可達數,1
郭宜琪,1
調代,1
購屬,1
抽價格,1
贈送球,1
最後中,1
自類,1
免服,1
極趙子,1
依潔,1
之人位,1
社團後便,1
案前,1
恩之人,1
兩粒,1
一收費,1
當備,1
當購,1
來後滿頭,1
梁偉銘,1
態度丕變,1
許當,1
不誠懇,1
再陷,1
韓元換,1
於電,1
人會用,1
皮客,1
來會連,1
之害,1
人畜,1
付場,1
這什麼爛,1
壓人,1
強東,1
套近,1
氣不氣,1
毫無底,1
挑弱勢,1
生哥,1
關珠,1
寶和黃金,1
灣珠,1
塔羅館,1
尺冷,1
凍櫃,1
並不曉得,1
卡之後便,1
只門號,1
星金,1
樂十萬元,1
賣家謊,1
稱交貨,1
徐子玉,1
續廠,1
租別,1
永銀行,1
隨後拿去,1
百滋國際,1
花蓮軍營,1
名為志,1
園藝果,1
買果,1
內不活,1
果樹詐,1
桌板,1
香杉,1
假肖楠,1
澤一,1
攝到,1
服務訊息,1
稱美琪,1
姜大,1
進行民間,1
築夢未來,1
善業共榮,1
股份有限,1
獲絕,1
內餘款,1
舊員,1
工匯,1
限額僅,1
同學以,1
天官,1
張主動加,1
難釋,1
最後溝,1
火柴盒,1
小汽車,1
戶鎖,1
魚後賣,1
單騙,1
買化妝,1
筆罰款,1
完卡後發,1
免費動漫,1
稅與,1
該客,1
擴增,1
拍訊息,1
方中信,1
偵八隊員警,1
因鳳山,1
回鉅額,1
稱一張,1
卡能夠,1
闕瑞靚,1
四通,1
然後詢問,1
筆後便,1
筆後的款,1
台幣幣值,1
過濾並,1
莊某,1
調高到,1
還嚴,1
李向陽,1
吃法,1
劉承謙,1
卡馬上,1
元薪,1
跨越,1
啟豪,1
發徵才,1
時日後熟識,1
搶該,1
搶限時,1
中央局,1
新村,1
草悟店,1
跨領,1
當時心,1
認識曉,1
經雙方加,1
故心動,1
向莉安,1
幼欣,1
用客,1
檢警機,1
關後才,1
越多類,1
單延,1
生產出,1
後許,1
蘭格,1
筆後驚覺,1
我罰,1
對幣商,1
聲中,1
熊本,1
爆閃,1
繩炳刀,1
漸層,1
陈洋,1
網來,1
社經理,1
劉知珉,1
聯名簽,1
資金得,1
因額誤,1
信的門,1
洗個,1
之彰,1
唯遲,1
巧晉,1
安一談,1
妥客,1
變裝潢,1
元客,1
變金,1
少華,1
因實名,1
換價值,1
地之門口,1
並須繳,1
著約會,1
幫其轉,1
辦戶頭,1
預約入,1
額未,1
部上,1
故退,1
網滑抖,1
戴上去,1
看東,1
點進頁,1
絕讓,1
從捷,1
江婉,1
填資料並,1
江婉馬,1
動漫展,1
代排,1
點當,1
孵化,1
之後由偉倫,1
仁偉,1
盈餘結,1
義寄來,1
滿意會,1
投資表,1
別犯,1
但寶貴,1
館見面,1
湯凱哥,1
康資訊,1
集團亂,1
三筆則,1
秋瑩,1
油畫界,1
演奏家,1
發正確,1
張貼網,1
咖停業,1
截圖誤,1
信渠,1
小數點,1
賣方來,1
貨後辦,1
優禾,1
扣樂,1
扣牌,1
入套,1
凱斌,1
知難,1
退縮,1
裡塞,1
苗紜,1
牛牛,1
事後種,1
至孫,1
日與孫,1
年領,1
親名,1
義臨櫃,1
並因詐,1
專員全,1
別屬,1
採的,1
或門,1
幣托虛擬,1
遭嚴,1
重威脅,1
泡友,1
貴金飾,1
明謙,1
點擊後創,1
建會員,1
並打賞,1
工若要,1
上來歷,1
關心問,1
警檢釣魚,1
社查,1
八曜,1
共提,1
雖隱,1
裡極度,1
頭達,1
無奈實,1
有會員傳,1
銷售業績,1
校對,1
單罰,1
認識犯,1
活動項,1
目且,1
現金共至,1
裝潢統,1
包業者,1
設計名,1
嘖嘖電,1
商平,1
聊運彩,1
我國家,1
詐騙將,1
面賣家,1
異常後問,1
消脂,1
廣東人,1
節食,1
莎莎之人,1
月量,1
完產品,1
整僅,1
百萬元元,1
第十次,1
筆電包,1
東西後有,1
筆共數,1
十萬至,1
數明,1
細之密碼,1
發放人員,1
多替,1
還一萬元,1
老師平,1
顏金宇,1
礦事業,1
日晃堂,1
元寶拍,1
寶投資,1
尋對象,1
轉寄由,1
並可獲,1
賣電線,1
呂佩億,1
張少宸,1
並按時,1
借大額,1
連結紀錄,1
逐玉,1
凍及,1
胡楚靚,1
資近,1
依本,1
轉交遊戲,1
愛心訊息,1
巴丹,1
巨點潮,1
玩俱樂部,1
尼卡魯夫,1
惟詢,1
淘淘,1
露背,1
彭麗涵,1
員後驚覺,1
煞七,1
完一,1
單代儲,1
費之,1
號之網,1
周文凱,1
無面,1
費參,1
阿華主動,1
驗身,1
販售據,1
銀換,1
入遊戲,1
比遊,1
還虛,1
購一個,1
是數,1
週末終,1
墊廣告,1
再誠懇,1
鳳林衛生,1
整體加,1
先後轉款,1
版權款,1
純萊賽爾,1
爽滑,1
超親膚,1
值高,1
滑順,1
織是,1
織法,1
鐘民以,1
組內點,1
推薦當,1
交各種,1
客式,1
我慶祝,1
單釣魚,1
一個魚,1
代儲大約,1
還有表,1
上抖音,1
需資料過,1
不騎,1
結後網,1
法談,1
貨後依,1
這和許,1
百件,1
葉昌達,1
單而,1
理罰,1
改建,1
排出,1
懷孕要,1
內資料,1
輸入後還,1
麗艷,1
續匿稱,1
祖虎爺,1
李賢歡,1
聯絡統,1
明到,1
悔極,1
踩得,1
裡發悶,1
無奈到,1
石等級,1
心又氣,1
滿憤,1
吳莉娜,1
主動驗,1
對方常以,1
語關心,1
自責交雜,1
僅關心,1
勉力,1
手足之情,1
帳戶後要,1
縱使,1
電視能,1
將有後果,1
一雙要,1
丟舊,1
張錢,1
購物過,1
許虛擬,1
因洩漏,1
遭懲,1
含強,1
並與業務員,1
共訂,1
只含,1
結後依網,1
元後截,1
平信,1
某書院,1
機遠端,1
裡分,1
並不會動,1
舊電腦,1
林靜思,1
最後無卡,1
取光,1
情式,1
逼出,1
高資產,1
宣霈,1
銷剛剛,1
開一則,1
計得密,1
透風,1
圖表有,1
走特別,1
林威廷,1
靈雲老師,1
吳雨,1
不良分子,1
手機後來,1
購生,1
內容後對,1
待面,1
該樂高,1
選填寫,1
完錢會,1
納獎,1
著球賽,1
裡不時,1
難防,1
人員爭論,1
資料裡,1
到務必,1
山嵐,1
要七萬多塊,1
俊輝,1
找人匯,1
白拿錢,1
專接,1
卡詩,1
台電營業,1
用電變,1
成營業,1
轉借,1
阿惠,1
並釋,1
李專員視,1
體驗訊息,1
一約炮,1
威盛,1
擊後自動,1
自拍桿,1
謝月,1
卡傳代,1
之後阿豹,1
如過,1
騙須,1
檢核待,1
原欲約,1
美琪稱,1
柯尼賽,1
實民制,1
號後加,1
項屬,1
明細佐證,1
張外,1
拆漫畫,1
蔣筱野,1
數之金額,1
任務即,1
幣佤,1
叫僅,1
嘉義大學,1
買哥,1
鼎鶴國際,1
立圖,1
彭晏佐,1
總次數,1
財來財,1
配店,1
內安郵局,1
並將個,1
竊喜覺,1
劉柯晴,1
阿澤來,1
多大額,1
筆準備,1
誤當成,1
藍昌路,1
想花點,1
孔後面,1
消光,1
摔碎,1
免費給,1
褲及,1
卻查,1
反應區,1
大陸且,1
團必須,1
還沒晃,1
總共要繳,1
韓冬,1
幣思性,1
賣遙,1
繳交五萬元作,1
群協議,1
連承諾,1
找墾,1
丁恆春半島,1
別起,1
笙主動,1
小物訊息,1
高銀,1
人員連絡,1
分點入,1
費電腦,1
文對象,1
真向,1
兌虛擬,1
導致驗證,1
這雖是,1
優惠而產生,1
轉而要,1
詞誠懇,1
收電信,1
缺現,1
金者,1
假鳳凰,1
團沒有,1
洋行,1
內容載,1
筆馬桶,1
小猴,1
孔馨怡,1
壓轎金,1
法術來,1
詞聳動,1
時辰會,1
處所將,1
卡機,1
美楊,1
傳檔案,1
我共上,1
有點擊,1
出門後要,1
端聯絡,1
續前,1
軟體後給,1
艾瑞小,1
王仙,1
之後利潤,1
之綠界,1
役別,1
進貨並,1
警後發覺,1
詢問線,1
及富遊,1
盈聚,1
黑色素,1
投屏,1
電話還,1
姓劉,1
給解,1
認洗,1
現金八萬,1
三萬一,1
范宛秋,1
中前,1
金袋,1
經連同,1
珠寶副業,1
之人應,1
徵財務,1
李青洁,1
表定,1
筠昕,1
人員驗證,1
緣變,1
帕扎,1
金仔頭,1
戒僅,1
放反,1
組情,1
使詐,1
實貸,1
卻陸,1
歪歐,1
打五場,1
好共要,1
連約定,1
送小卡,1
小卡放進,1
予交貨,1
證碼領,1
引導辦,1
買售,1
幣商予,1
燦家,1
百健,1
卡和番,1
農會帳,1
采穎,1
售即,1
要循,1
筆轉給,1
還沒攬,1
前後後下,1
將電子票,1
生殖器官,1
玩壞,1
網銀不熟,1
紅利活,1
動門檻,1
送漫畫,1
薪資補,1
連家,1
失百萬元,1
場收,1
左右手,1
豆芽菜,1
洋昱昌,1
地政戶,1
轉這個,1
秀慧,1
處理靈,1
辦紀錄,1
人員繼續,1
問運費,1
之後更進,1
新名,1
問宮廟,1
共計二萬,1
因為查,1
來遊,1
重述,1
租購,1
開回,1
因輪胎,1
資金顯,1
服務系,1
統人員,1
文後覺,1
兩次還,1
領獎訊息,1
阿政,1
保單價,1
明先,1
調會首,1
服後下,1
數高,1
張珊珊,1
回才行,1
叫陳淑娟,1
鐘為,1
還會代為,1
及來歷,1
會員未,1
誘設局,1
金錢耗,1
盡才,1
卡難,1
通作業,1
時無效,1
性不錯,1
點債,1
找出路,1
把債,1
想還,1
以輕,1
寫區,1
連連聯絡,1
親自測,1
點和步,1
用安撫,1
開飲料,1
威斯,1
基的,1
球卡迷,1
質疑林,1
張球員卡,1
地去領,1
經常給,1
萬贖回,1
還收過,1
網路諮詢,1
叫盧,1
鋪貨,1
買美股,1
現金萬元,1
遞無法,1
學制,1
登打會員,1
沒附,1
愛穿,1
數據點,1
負責收,1
證及繳,1
剛在,1
調解室,1
委蛇,1
調解委員,1
元後犯,1
國壽,1
邀請並,1
叫加,1
舒達及,1
轉我,1
完大約,1
僵持不下,1
講理,1
隨意揮,1
差訊息,1
鏈電子,1
鏈錢,1
鏈詐,1
點五,1
加總三萬,1
走二萬,1
代墊訂,1
欲代墊代購,1
名貴手,1
數字療,1
心師,1
加顧問,1
信已,1
半總務,1
供群,1
組成員觀,1
點四,1
東麟洛鄉,1
旁交,1
三萬元並,1
經實,1
裡大約,1
四萬元轉,1
心雨,1
發愣,1
乾到,1
出字,1
太怕,1
手輸入,1
過金紙,1
官廟,1
刮樂交給,1
良善,1
給你答,1
了腦,1
回存,1
怡藝,1
照過,1
放三萬塊,1
這寶貴,1
發文寫,1
太大且,1
太極拳,1
擔任擔,1
以紙,1
余之犯,1
販賣酪,1
想吃點,1
價錢車,1
錢後對,1
小陳購,1
確保貨物,1
運費後發現,1
辦理會員費用,1
職廣告並,1
稱依,1
交派,1
依薇,1
幣商云辰,1
被裡面,1
楚霖,1
網諮詢,1
莊思雅,1
蕭佑安,1
合身,1
終徒,1
衣裳,1
林斯允,1
將需,1
加貨運,1
稱佳里,1
認戶頭,1
營代客,1
送會,1
報價並,1
剛出監,1
臥室,1
最後跑,1
楊紫瑜,1
辦證費,1
手一滑點,1
楊詩敏,1
看什麼,1
和潤線,1
並取車,1
圖後主動加,1
大倫巷,1
孔裡,1
基督徒,1
辦聯邦,1
情加,1
拆入,1
白鐵櫃,1
先得繳,1
分把點,1
因想分,1
擔家計,1
沒人賣,1
待系統,1
成夢魘,1
秀昌門市,1
幸運加碼,1
鳴專員,1
拉起,1
賺約會,1
歐奈,1
金典,1
還保證品,1
幻珠,1
寶夢,1
還匯進,1
自辦理,1
就會害,1
買月餅,1
統計共損,1
帶妝頭,1
新會員會,1
或會員制,1
用密碼,1
流經,1
講義趕,1
岡山治喪,1
總之人,1
以人,1
人員後發現,1
體給,1
開不允許,1
紅報袋,1
手拿黃色,1
之年,1
結束後會將,1
之隱秘,1
姐告訴,1
攝短,1
沁文,1
叫黎樂,1
元賣場,1
蒲餅,1
低脂,1
服查證,1
烘箱,1
啟動實,1
謝佳,1
筆瑪吉,1
目表給,1
過訊息詢,1
出貨要,1
轉帳數,1
前後讓,1
范毓庭,1
名義標,1
基數,1
會喪失,1
異常後上,1
推文見,1
菜奇,1
研行,1
下載現,1
須驚覺,1
日補足,1
稱嘉軒,1
宏益,1
網友玉,1
芮泳,1
蔡沂,1
周佳怡,1
要會員費,1
李少,1
給威脅,1
點信裡,1
花十萬塊,1
文財傳,1
斯塔克,1
輸給,1
吳勇浩,1
南優賢,1
李鴻城,1
好姊妹,1
釣竿組,1
木汽車,1
那步,1
反現,1
多傭,1
網傭金,1
齊金額,1
匯款後購,1
張帳,1
機場員,1
工來電,1
哲在,1
想買動,1
接續入,1
有樂高,1
價後對方,1
連獲利,1
數字確,1
實往,1
區跟著,1
大清,1
查無用,1
做裝潢,1
面熟,1
警是,1
並於商議,1
異後驚覺,1
批客,1
顯非,1
事後退,1
蔡伊婷,1
登之國,1
保愛,1
民銀行,1
貸加,1
範過,1
人多應,1
最後自稱,1
其駕駛,1
客前,1
接聯絡,1
可委,1
遺產下,1
慶祝母,1
白拿好康,1
外當,1
油水,1
太多警,1
對方主導,1
引來後續,1
明文禁止,1
邁入,1
戀愛的關,1
愛情當,1
開卡費,1
官陳彥,1
我日,1
宜伶,1
吳宜,1
姚夢婷,1
吳永慶,1
教導裡面,1
商照,1
選後對方,1
張玉婷,1
因溝,1
宇盛,1
敏耳環,1
繳關,1
連結成,1
丟等,1
一目,1
十影,1
張昕瑤,1
張錦城,1
林郁仁,1
老劉,1
著耳機,1
金四,1
曾揚嶺,1
萬梓欣,1
純銀工坊,1
芬蘭,1
群必須,1
事後我並,1
今宜貸,1
好期,1
專元,1
保能夠,1
網友拉入,1
到裡面,1
管興門市,1
前後共計給,1
萌愛寵物,1
日檢查,1
之交便,1
貨線,1
出金共損,1
幾天後查詢,1
我鉅額,1
電必須,1
證與護照,1
碼來驗,1
行銷長,1
卡走進,1
寄漫,1
來套,1
阿添,1
好後會分,1
法簽,1
總經理葉,1
價契約,1
梵珠,1
純金飾品,1
踐踏別,1
胖丁,1
意識永遠,1
描二維,1
大陸版,1
或帳,1
旗魚,1
漁貨寄給,1
電話術,1
過購物,1
飲產業,1
轉賣後能,1
雞尾酒,1
結話術,1
成全,1
國電子,1
稱詩,1
費周,1
發文上,1
經由系統,1
丟等語,1
金付給,1
更早,1
天東,1
林盛,1
週能,1
林莉萍,1
嗶延長,1
線曜石,1
店員要,1
速龍,1
推饒,1
照作,1
服務後續,1
發還給,1
送球,1
我業務員,1
找大漲,1
買幣會,1
丟更,1
面話題,1
這也能,1
一時還,1
拒繳,1
取稅點,1
跟助,1
組好給,1
冷靜後發現,1
晋康珠,1
聽主播,1
裡下單,1
連私,1
還將房,1
地產向,1
意進,1
轉運中,1
前後後共轉,1
求快,1
科技展,1
顯示續,1
那個續,1
也罷,1
劃撥,1
點已,1
連鑑定,1
龍裝,1
低價虛,1
拍學生,1
可愛的鍵,1
桌要,1
桌狀況,1
妥後說,1
順利掛,1
沒掛,1
語音訊息給,1
再見,1
發現轉,1
虹荔店,1
金順門市,1
須處,1
資後匯,1
大膽密,1
晴嵐,1
我寄現,1
大研,1
張才,1
證券業務,1
就會動,1
社會性,1
至機,1
遭實際,1
請求將,1
新卡並,1
人依,1
歡後王,1
因為川,1
普關稅,1
叫苦,1
連天,1
官裁,1
決書,1
玻飛到,1
電銀行確,1
認上,1
情始,1
接所謂,1
以星宇,1
名義舉,1
總計數,1
只會針,1
拼盤,1
更多動作,1
可欣傳,1
辦事務,1
物百匯,1
用代銷,1
淘寶欲購,1
稱印,1
罐裝酒,1
統辨別,1
標號,1
美生門市,1
熱扇,1
連手續,1
其江,1
信江,1
額匯入,1
遂問,1
爾後打,1
或宅配,1
那人進,1
特店,1
單會出,1
優貸,1
互認,1
圍裡,1
好緣分,1
認後對方,1
之後詳,1
中會將,1
來申,1
家裡貓,1
不吾聊,1
繳交車,1
人員面,1
金旗,1
眼珠,1
銅鋅金,1
得緊,1
討償,1
還代購,1
日個,1
人無卡,1
轉壽司,1
李佳彤,1
明能,1
政路,1
以其名,1
橋朔,1
餐車試,1
稱要衝,1
計及,1
文暱,1
又強,1
配息何,1
解單,1
補足利潤,1
延後配息,1
成員約,1
繳交會員,1
金後登入,1
遭虐,1
及代辦,1
下十萬元,1
炮金額,1
檢詐,1
開愈,1
裡從,1
時間後還,1
我藥品,1
心兒子,1
上鎖且,1
見裡面,1
人員透,1
時款,1
裡浮,1
便後輸入,1
許始,1
買家見,1
湘綾,1
資金升級,1
開後由,1
資換幣,1
預借現,1
佳薇,1
同額度,1
然後遭,1
源泉,1
比電子,1
照金額,1
家運興旺,1
則轉帳,1
稱佑哲,1
炒肉,1
將版權,1
書寄到,1
則來,1
就業訊息,1
應徵齒,1
並肩,1
萬供,1
要並,1
建築開,1
之母親,1
點都德,1
妥後視,1
薛嘉玲,1
騎豬,1
獲邦,1
傳黃金,1
勸導後才,1
其後透過,1
將消費,1
磚瓦,1
泌尿,1
連結後一樣,1
玩美,1
發生付,1
肖战,1
出貨證,1
經由幣,1
定單,1
主賣,1
緬甸玉鐲,1
楊俊期,1
還常視,1
白百白,1
大營業員,1
寫求,1
發來許,1
關圖片,1
裡累積,1
成利潤,1
閃閃珠,1
金輕易,1
彥論,1
少人,1
縫裡,1
渡輪,1
老道,1
旅費帳,1
富貴閣,1
黑警,1
廳盤,1
郭男告訴,1
起關,1
林鈺欣,1
吳名洋,1
需至櫃,1
沒接觸,1
給我租,1
寶代為,1
給對岸,1
一謊,1
轉的幣,1
百萬等級,1
這小錢,1
連保,1
金控理,1
關致,1
領損,1
訊息後私,1
因盲,1
因訂貨,1
阿魚,1
當代價,1
之內線,1
回時間,1
勤工,1
手經,1
初誤,1
費稅額,1
影傳給,1
張放至,1
顆魚線,1
單之內容,1
出刷抖,1
松下,1
永成,1
藥沒,1
進層,1
上弦,1
供貨延遲,1
張華,1
徐偉峰,1
記賬,1
機投資,1
成用,1
徐翊芳,1
李芯怡,1
西亞商,1
某大樓裡,1
當預,1
補清,1
賣三個,1
貨並且,1
先新辦,1
不撥款,1
屋訊息,1
獎金稅給,1
帳不過,1
座位表,1
獲嘉義,1
群發文,1
家拉至,1
馮政銓,1
東西上,1
儲儲,1
事後母,1
親檢查,1
序號驗證,1
日醫院,1
術房,1
外家屬,1
遇一不詳,1
同院,1
主刀,1
院護理師,1
故可代購,1
止痛,1
及氣,1
墊護,1
送民眾,1
溫雅,1
內新,1
禍行動,1
烘衣機,1
李曉燕,1
推廣化妝品,1
數卡多張,1
框繼續,1
信後對,1
自動用,1
證金須,1
快七萬元,1
某補助,1
鬧得,1
員瑛,1
貨差價,1
單後來,1
之後匯入,1
王秘書,1
合作意向,1
影存證,1
靈動,1
因為帳,1
許景期,1
某組織,1
碼拍,1
筆醫療,1
筆錢當,1
獲利五萬,1
繳過,1
懷疑點,1
但後來詢,1
收養訊息,1
中約會,1
通信地址,1
並可撥,1
成一個,1
現家裡,1
冷氣線,1
基板,1
假維修,1
共數筆,1
司空,1
我光,1
不僅匯,1
著體諒,1
掙扎過,1
跌宕,1
費一筆,1
時髦,1
已歸檔,1
這有關,1
打視,1
機會表達,1
裡很亂,1
已經能,1
財勿,1
卡先將,1
收事項,1
共入帳,1
客後座,1
回證件,1
證一張,1
蔡依思,1
下數次,1
以補足,1
趁人,1
繳交四萬元,1
一張動,1
借十幾萬元,1
中輕信,1
關於所謂,1
名貴,1
超所費,1
繳交少,1
措資金,1
先償,1
還鉅額,1
文之,1
以德服人,1
碳脂,1
排陽毒,1
腸清素,1
乳糖,1
活性,1
輕暢,1
控脂,1
特膳,1
特餐,1
碳固體,1
花蓮網,1
名于,1
戒子給,1
組易付,1
及門,1
卡總價,1
網銀傳來,1
聊詳,1
貪一個,1
鍋底,1
寶所,1
位司機,1
一鑽戒,1
稱鏡,1
辦卡有,1
服務費給,1
援燈,1
開通系,1
統後即,1
收貨門,1
市及,1
搭船,1
加餐,1
介紹力,1
九萬零八,1
諺代為,1
八瓶,1
假貨圖,1
鳳東門,1
所謂獎,1
緊便,1
遠傳及,1
等門市,1
稱價,1
差會,1
持報,1
人之委,1
部小浩,1
創木,1
惟查驗,1
宜欲購,1
念珠,1
園塔位,1
嚴岳,1
洪政龍,1
阿中,1
戲場,1
匯轉帳,1
蔡宏杰,1
員通過,1
需出,1
正規代,1
博玄,1
可找,1
連順豐,1
鎮茄塘路,1
矮樹上,1
比虛擬,1
酒卡,1
游爸,1
靜水,1
從多肉,1
串得,1
葛破,1
隱者,1
稱書婷,1
部線,1
渠親戚,1
攜帶現,1
額超過,1
胡文靜,1
限並,1
進行實,1
內網,1
標示過,1
賣紀念幣,1
王舒婷,1
萬金淚,1
洪警員來電,1
美勢,1
急時,1
經送過,1
小正門,1
紹虛擬,1
銀而,1
明購票,1
名義洗,1
搜尋收,1
應徵他,1
參訪,1
方皆將,1
定該,1
隨後不斷,1
智冠卡,1
鳳山戶,1
選一條,1
當獎品,1
回國後就還,1
龍天拳,1
跟婷,1
寶相約,1
認為點,1
嘉義處理,1
派大星,1
李玥,1
張文博,1
周韻茹,1
單渠,1
拒不見面,1
稱買幣,1
以客,1
匯款後犯,1
方不給,1
為璃,1
我聞言,1
已暫,1
停該,1
人東,1
區總經理,1
豪成,1
現金面,1
可核,1
宗瑋海,1
鮮直,1
進貨金額,1
偶爾傳,1
色燕麥,1
手作豆,1
稱黃志偉,1
之後陳韶蕙,1
運司,1
然後順,1
開通後台,1
下後續,1
小月兒,1
警隊,1
學姊介紹,1
越玩,1
越輸,1
美國萊卡,1
數字幣,1
亙古,1
卡連續,1
意難,1
開始辱,1
小額轉,1
款則,1
地踏,1
會麻痺,1
外相,1
金運回,1
穩健且,1
給我極,1
桿的,1
新球桿,1
價和代,1
經轉帳,1
還洩露,1
金協議,1
辦電信,1
大學聲,1
佩妮,1
委員會線,1
專員林俊浩,1
伯毅,1
數前,1
潘靜柔,1
戶後以,1
包租婆,1
上子,1
方來加,1
推廣風力,1
發電綠能,1
商特助,1
項和玲子,1
攝點數,1
而元,1
內廣播,1
李賀,1
局劉,1
阿勇傳,1
過現,1
來員警,1
慈用訊息,1
但光匯,1
墨山貓,1
先使,1
顧問關,1
偉辰,1
其解,1
將記錄,1
報表裡面,1
利率差,1
古牌,1
幫孫女,1
裡愈,1
每一萬,1
整後續,1
顏民夥同,1
鐵屑,1
時行,1
童然,1
金合計,1
大順門,1
韓國下,1
李紫,1
然後土,1
來後驚覺,1
異馬上,1
銘鎧,1
筆普重,1
獲識,1
錢愈,1
還先後透過,1
東西全,1
裡推,1
某外國,1
精進,1
最後投,1
美白修,1
這罐,1
送免,1
費彩帶,1
任務裡,1
天後給,1
中級,1
自駕,1
冰島,1
自駕遊,1
交旅費,1
還心裡,1
過山,1
車般,1
往後更要,1
願理會,1
我會來,1
介紹代儲,1
協助代儲,1
叫婷兒,1
內補齊,1
過四萬,1
隨之沉,1
熱門線,1
實際損,1
投資金裡,1
單純當,1
領學習,1
一場面,1
資說,1
語禮貌,1
前清,1
稱柯,1
當天載,1
公界,1
亞無法,1
商勝門市,1
結後來,1
及過,1
動點,1
李嘗嘗,1
為芳,1
燈商,1
提共連結,1
假氣氛,1
再設,1
下門檻,1
著入,1
轉而向,1
放心使用,1
結薪資,1
認地點,1
方傅,1
網友溫,1
溫怡婷,1
並原,1
挑選心,1
儀異性,1
色調,1
權狀來,1
調會用,1
緊拉著,1
返佣,1
賣練功,1
意學,1
最後交給,1
提領幣,1
方層層,1
北房,1
撥電至,1
暫解,1
知債主,1
追討時,1
差額成,1
時展,1
短成,1
降頭術,1
定且,1
便心,1
生購,1
毫無相,1
關紀錄,1
壓縮成,1
假酒,1
如嘉,1
續本,1
似受,1
購代購,1
股智選,1
人菲,1
最後答,1
支麥,1
坐進,1
清細節,1
因車輛,1
貼文不詳,1
騎機,1
各申辦,1
裡很想,1
列有,1
確信並,1
何皓文及,1
將其台,1
戰神賽,1
費始,1
遭父,1
期間察覺,1
人分,1
推薦理,1
師予,1
申辦信,1
葉仲昱,1
可由律,1
師見證,1
予黃,1
搭手,1
機申辦,1
專員禹,1
林彎,1
中引導,1
龔岩宜,1
劉嘉惠,1
選後即,1
案定,1
內延遲,1
會辦,1
急得問,1
業務供,1
老洪,1
手冷氣,1
允後並,1
將該帳,1
分享者,1
中陸,1
碼後就將,1
網友琳琳,1
印帳,1
費元,1
瞬间,1
林曉依,1
朕語,1
賣家變,1
包竟,1
節有,1
社員暱,1
富游代,1
節後對,1
代儲人員,1
家陽,1
承諾願,1
渠償,1
並爭取,1
總之類,1
研發金,1
會員卡裡,1
務長,1
現無台灣境,1
玉林,1
天後即,1
卡等點,1
組金額,1
舊機,1
我承諾會,1
順利交機,1
領錢繳,1
結外,1
運費元,1
其後卻,1
之輪,1
丫私,1
裡嚇,1
當臥底,1
再編,1
三輪,1
大牌,1
這很賺,1
戶裡還,1
加約,1
兩組序號,1
賓利,1
專人進,1
裁切,1
島購,1
進才,1
吳帥,1
轉換幣別,1
差約,1
台灣飛,1
自動產生,1
順利求,1
若切,1
好料,1
偶爾詢,1
費兌換,1
決誤,1
漢松,1
見積,1
木粉,1
積木車,1
競標價,1
最後我元,1
積木遊戲,1
衝浪店,1
總帶,1
還小有,1
確實常見,1
萬借給,1
最困,1
對林育,1
沒幾次,1
稍後出貨,1
商麥,1
我氣極,1
話過,1
大顯,1
我玩傳,1
客任務,1
詞看,1
倉儲系,1
過兩天會,1
場有,1
之後將幣,1
先經理,1
是擔,1
金和點,1
權限升級,1
萬龍幣,1
巧口,1
還拍存,1
價十幾萬,1
貨當然,1
金調,1
共管,1
總體算,1
辦幾支,1
包中彈,1
應贈,1
這篇文,1
從系統,1
沮喪到,1
確快,1
到續,1
自前,1
引狼入室,1
還規劃,1
吱吱,1
也當,1
情誼代購,1
真愛降,1
資和手,1
機識,1
確保大額,1
社團裡點,1
我交現,1
傳同樣,1
裡演戲,1
最後東西,1
鄭羽涵,1
張臨,1
停罰,1
賣絲襪,1
肯出,1
人假裝,1
驗明,1
送箱,1
出貨口,1
偷拐,1
之異性,1
經運彩店,1
訂金共計,1
求飛,1
換飛,1
平飛,1
資訊平,1
柔婕,1
中詳,1
房一廳,1
採購期,1
屢次詢,1
問業者,1
回應此,1
出貨至,1
他哥,1
歌火車,1
元後到,1
高玲珠,1
惠芬,1
動漫書,1
帶大筆,1
偵二隊員警,1
放飛夢想,1
氣就花,1
機陸續,1
國維,1
將開設,1
其機票,1
天兔,1
方擷,1
稱半小,1
遠東百貨,1
抹布,1
匯款後網,1
吳瑀,1
箱才,1
粒粒皆辛苦,1
款及,1
事後我還,1
稱保護,1
元賄,1
會票代,1
不允,1
許代,1
甚視,1
推流,1
王男以,1
這階段,1
個會員,1
佳翔,1
參與遊,1
給學弟,1
週沒,1
祥瑞,1
履帶式,1
商寄錯,1
過百萬元,1
竟厚,1
重擊般,1
钟莉艳,1
裡雖漸漸,1
中壇,1
元帥,1
高雄鼎,1
金無極,1
紫天,1
玉元宮,1
紫金,1
寶殿,1
及認,1
存善念,1
整訂,1
一唱嚇,1
地不見,1
信誠資產,1
名創,1
著熱門,1
搶業者,1
很起,1
恆之,1
網給,1
結查詢,1
前後後總共匯款,1
創立會員,1
轉有關,1
擔費,1
方後詢問,1
男之銀行,1
盆及,1
光收,1
納計畫,1
小維拉,1
毛球屋,1
推車並,1
足量,1
之銀樓,1
惟自稱,1
現志晃前,1
獲車隊,1
小北百貨購,1
號小北,1
百貨購,1
處理要,1
投資作,1
車音響,1
車和相關,1
服務務,1
張滿額,1
有同,1
周邊務,1
音樂同,1
新北戶,1
張等,1
簡訊共計,1
連至,1
投資同,1
活動蠻,1
面之後就會,1
意馬,1
卡而導致,1
所網,1
服務之密,1
演常會,1
惟於當,1
老足,1
湯養,1
張抵,1
方永遠,1
往前,1
執走,1
全星,1
無說,1
明事項,1
用禮盒,1
並介紹民眾,1
購百富,1
百富,1
箱給予,1
我民,1
賴民訂,1
購格蘭,1
購蘇,1
箱及,1
共當面,1
剩餘百富,1
箱依約,1
因所訂,1
購之格蘭,1
鄧民稱,1
詢問個,1
帳戶加,1
稱欲約,1
許多視,1
頻供,1
完規格,1
及產地,1
兒媽,1
包場,1
欣宸,1
會員後匯,1
免會費,1
權限會,1
張思穎,1
除運費外,1
經交貨,1
我朋向,1
網路業績,1
時代員工,1
現在針,1
蘇苡琳,1
新藥,1
試驗者,1
若試,1
藥期程,1
試藥,1
顏色給,1
曾學信,1
因療程,1
簽擔,1
何水琳,1
業務款,1
張俊明,1
悠遊墾,1
丁網,1
房資訊時,1
始警,1
卡帝斯,1
拳套,1
敏捷,1
文欲贈,1
對方小媛,1
上欲代購,1
萬聖節,1
如代購,1
繁刷存,1
該永威,1
提關,1
為幣瑞,1
艷琪,1
靜待後續,1
語開始,1
平輸,1
启示,1
簡兔,1
點擊廠,1
小紅書將,1
綺將,1
我會花,1
存夢想,1
追喜歡,1
似地,1
這些還,1
幫下,1
經由虛擬,1
無真實,1
他身,1
海關給,1
雅瓊,1
憤極,1
人千萬別,1
限動後加,1
下合約,1
畫稿費,1
數處理,1
專員靜宜,1
勁速,1
吳俊傑,1
會標,1
承安,1
零二一零二,1
五七,1
二八,1
學昌國際,1
秘書小晴,1
認實際,1
二百零三,1
林政軒,1
證金三萬,1
八二二,1
九零,1
五四,1
二一,1
一零一,1
用陽信,1
四九,1
總計用,1
戲風,1
遍傳,1
載服,1
胡小蘭,1
馮宏偉,1
禮拜台,1
需注,1
冊並,1
方未返,1
還注冊,1
財名義,1
信女,1
幣從幣,1
顯卡算,1
討後還,1
相談後對,1
方匯還,1
販賣生,1
向幣值,1
項後截,1
電話講,1
求證後驚覺,1
因統,1
劉宜芳,1
石手,1
少洗,1
顯卡出,1
張婉瀅,1
幫寵物,1
劉姍姍,1
開房費,1
元和額,1
將螢,1
單後畫面,1
戲從頭,1
當訊息,1
包和線,1
詢問融,1
資細節,1
選擇線,1
批些,1
問利潤,1
計忙,1
說花,1
阿發簽,1
付九萬元,1
發運彩,1
補價差,1
異致,1
單後就會,1
最後利潤,1
稅務核,1
繳十幾萬,1
單後一樣,1
流要,1
照約,1
十幾元,1
需未,1
女兒還,1
如夢驚醒,1
林光宏,1
應徵手續,1
還創建,1
控之廣告,1
為永豐,1
銀行業者,1
龜山島,1
免費代辦,1
確保領,1
確性,1
豪自稱,1
由元信,1
三組門,1
型門號,1
再人,1
八台,1
異常後關閉,1
點數代銷,1
阿爾比恩,1
遭公開,1
匯款計,1
另詢,1
問小兒子,1
出緣,1
恆老師,1
柔加,1
老煙槍,1
方滿場,1
碼盜,1
或怕,1
幫助廠,1
經保證,1
房產償還,1
先甜後騙,1
收阿爾,1
比恩遊戲,1
之任,1
卡列,1
智惠,1
軒老師,1
內容禁,1
前後總共見面,1
大牛埔,1
先小筆,1
子會,1
越多價,1
稅金費用,1
車因,1
給車主,1
妥後續,1
車後,1
稱車主,1
造有,1
金含,1
故保險,1
問餘額,1
他餘額,1
出來後來,1
不僅止,1
雲鶴卡套,1
雲鶴,1
事後原,1
發放鬼滅,1
私訊後以,1
幣二萬,1
賽之門票,1
賽門賽,1
干貝貨源,1
成貨到,1
購干,1
貝之款,1
干貝廠,1
該市,1
對方交票,1
意照,1
一萬多個,1
服先,1
學生代儲,1
替遊戲,1
認一,1
卡蘿,1
這幾天匯,1
週開始,1
無奈說,1
匯錢後能,1
給繞,1
義無反顧,1
亞瑟士,1
私訊後欲購,1
對要,1
貓找,1
著江,1
推高階,1
著十萬元,1
聯絡江,1
消費名,1
束後能,1
豪開口,1
前後持續,1
雜也,1
過世前,1
營養素,1
組和,1
試飲,1
喝產品,1
程向,1
性伴,1
蔣萬安,1
高翠路,1
不義氣,1
追悔,1
而過,1
巡檢員,1
願改,1
簽勞動,1
小陳給,1
機掛,1
對方交給,1
辦理產權,1
補償戶,1
稱生,1
東石統,1
惟見面,1
方所駕,1
職員稱,1
方評,1
估價值,1
反爾,1
日通訊,1
聲音響,1
單待繳,1
但念頭,1
聲謝,1
事記,1
獲民雄,1
區西,1
跑票,1
做禮物,1
許多約,1
小夕,1
雅告訴,1
專挑毫,1
函告,1
函還,1
狀覺,1
顏婉婷,1
宗聖門市,1
優存,1
還斷,1
並嚴懲,1
我代換,1
隨著購,1
股專,1
曾問,1
天底,1
盜刷二筆,1
以不常,1
臉書為,1
續責,1
任要,1
梁芷薰,1
辦會員時,1
元升,1
之後小媛,1
及代購,1
嫌續,1
大閘蟹,1
剩餘之金,1
茶莊,1
多放點,1
接兼職,1
丟投資,1
組辦,1
其實超,1
面會給,1
木瑜,1
修王,1
寄裝潢,1
還把護照,1
最後過,1
陪遊費,1
點數後人,1
家後上網,1
學虛擬,1
辦理絕,1
配資訊,1
金且經,1
權限出,1
送用,1
喜糖,1
日廠,1
開通台,1
看見訊息,1
維給,1
接著黃俊維,1
視詐,1
飽愛睡,1
難及,1
音幣商,1
鄭麗麗稱,1
好害,1
帳戶後僅,1
李昱辰,1
碼表買,1
廷煜,1
通後約定,1
匯後續,1
改裝屋,1
屋後所,1
買小雛菊,1
林淑怡,1
泳鏡,1
擔新,1
元後即,1
將泳鏡,1
吳政昱,1
負貸,1
寄給予,1
門能,1
軟替,1
運國際,1
豪向,1
兩百萬升級,1
事晶圓,1
對國際,1
涉款,1
聽錯,1
一雙網,1
設計劇,1
連他們,1
連累別,1
現金寄到,1
展架,1
保證確,1
物資交給,1
緊繳,1
許升級,1
單價並,1
價讓,1
悠行,1
描條,1
淚代價,1
鄧雅玲,1
及稅,1
狼哥,1
櫃員有,1
組置,1
轉匯成,1
許賣,1
包牌,1
鄧雨君,1
當我花,1
約後天,1
的實,1
經理教,1
投資然,1
江建源,1
不靈家裡,1
無見面,1
出貨越,1
還退過,1
專櫃代購,1
並負,1
日職,1
洪泰雄,1
內團,1
欺案類,1
周美清,1
王同學,1
歐奧德賽,1
失言,1
鏡之廣告,1
平光,1
雪娟,1
需分筆,1
得將,1
圓融理,1
財之借,1
填輸個資,1
出金遲,1
獲機車,1
富榮以,1
李婉婷翔發,1
共資,1
蠻會噓,1
夏曉葳,1
訂滿,1
康子,1
持之以,1
一個貓,1
張大榮,1
遞單,1
做訂,1
伴伴,1
我則將,1
戶所來電,1
偵查員加,1
收去,1
因欲成,1
元未結,1
需代購,1
只寄來,1
找貨,1
或簽,1
林佳賢,1
質的貨,1
盈收,1
營業行,1
銷科,1
成郵局,1
八萬惡,1
一表達,1
高雄辦,1
襪子線,1
賺千萬,1
唐總還,1
鳳英,1
這家杰,1
領速,1
乾冰感,1
袖套,1
連結後有,1
潤都給,1
酬款,1
貨做,1
愛團,1
會員下,1
稱芹,1
談後該,1
饋金並,1
惟之後對,1
稱其並,1
附之通,1
貨始,1
遠銀理,1
財人員,1
人員見,1
叫英,1
日後付,1
萬日後付,1
資產網,1
玲介紹,1
私接,1
有口頭,1
單一張,1
及壁紙,1
瑩認識,1
投資後過,1
親驚覺,1
銘給,1
遭萬民,1
事電,1
之純利,1
仁勇門,1
自中講,1
借去,1
那怕,1
林柏翔,1
辣媽個,1
永美,1
佳容,1
千容,1
周子卿,1
接獲情,1
教成員,1
地政路,1
地驗證,1
銀共匯款,1
原買家,1
貨片,1
認證時,1
林采鑫,1
熱門門,1
納金幣,1
繳納後會,1
傳實體,1
出金銀行,1
家為,1
明後驚覺,1
男傳播,1
人護理,1
先邀,1
務感覺,1
兩堂,1
兩天後貨,1
小嫻,1
豐原長,1
老教會,1
標買,1
帳戶繳,1
虛擬店,1
意到,1
咬住,1
彭景龍,1
服部,1
萬證,1
黑貓付,1
次貨品,1
變貴數,1
獲得理,1
開放銀行,1
玉雪,1
連認,1
貨試,1
事後我用,1
即出,1
辦理會,1
通貨群,1
有會,1
便備,1
妥資料,1
送換,1
轉九萬元過,1
某警員,1
終於陸續,1
當店員,1
五罐,1
調味粉,1
幾天後調,1
最後蝦,1
項補,1
考證照,1
學務長,1
教召,1
卡號線,1
還遠,1
隨之雀躍,1
方所賣,1
資訊透,1
陳俊楠,1
我共計購,1
叫靜茹,1
熱愛與,1
自中華民國,1
將匯進,1
十個團,1
事資格,1
松物資,1
京口,1
糧直營,1
條雲斯頓,1
大陸字體,1
地觀,1
蔡佳麗,1
購買酒,1
類當,1
資後委,1
將連同,1
攝中華,1
超的關,1
賣方均,1
貨話術,1
為慣,1
若合資,1
問至,1
大陳文強,1
王蕾,1
賴慧雅,1
我才後怕,1
韻婕,1
人麗華後雙方,1
文尋馨,1
投三萬元,1
稱子涵,1
回台灣開,1
多幣別,1
十萬元來,1
合資故,1
冰娜,1
送媽,1
之後忻,1
依品,1
稱魚,1
相守,1
及序號,1
場後依約,1
經專業,1
違反商,1
發違,1
反商,1
張語姍,1
李明華,1
趁此,1
草叢堆,1
清訊息,1
惟表單,1
蘇新皓,1
職買,1
渠中獎,1
葉冠翔,1
財信理,1
文後出現,1
資訊後給予,1
郭映,1
遭司機,1
師一,1
期買斷,1
賭博事業,1
賣小吊飾,1
若標,1
資金額度,1
叫陳麥,1
購電器,1
出遊還,1
票價當,1
有馬年,1
販售衝,1
符篆,1
法卷,1
貸得過,1
投資若標,1
茶農,1
還沒銷售,1
現金上,1
之徒,1
思鈺,1
美妝版,1
語專業,1
檀健次,1
時卡關,1
阿狸,1
前後合,1
林瑋柔,1
假勤,1
河豚,1
無法驗貨,1
洗產地,1
但何,1
金鋒,1
合訂,1
依訂,1
萍發,1
不懂事,1
接著陳萍,1
人璋,1
並在聯,1
間費用,1
群組拉進,1
結調,1
查用,1
消災金,1
災要,1
虛而入,1
投錯,1
經大得,1
貨場,1
過無卡,1
開無款,1
先設,1
資的驗,1
輪入,1
西門店,1
區衡,1
陽路,1
如戶頭,1
十萬則,1
昨我,1
電子存,1
意親,1
自出,1
第一季,1
一不照,1
最後一個驗,1
稱炸團,1
需蹺,1
半殘,1
令何,1
倉價,1
遞延誤,1
單後結果,1
因下單,1
游智傑,1
空服,1
念國,1
還很開,1
學員臨,1
擇期,1
先後共購,1
過後一個,1
一兩千塊,1
開團代購,1
全額轉,1
文全,1
楊非,1
偉綜,1
商幣,1
萬元後由,1
林秉坤,1
中所留,1
稱昊明,1
調降,1
偷要,1
月後會還,1
盜並,1
還我且,1
這裡開,1
密特線,1
日至瑞,1
診所至,1
那裡施,1
條密,1
所施,1
打密,1
該診,1
金禾,1
聚禾,1
炮會員,1
退太多,1
繳小額,1
傑利鼠,1
南陽里,1
位理,1
私訊會首,1
裡一開,1
楊惠慈,1
稱田,1
人員會教,1
露營戶,1
從出,1
指為,1
親自回,1
幾十個,1
網友則,1
畢業生,1
以後連手,1
領錢須,1
楊可嬉,1
某甲,1
一時利,1
因售屋,1
如是,1
其後該,1
實門票,1
買七雙,1
購物趣,1
專購,1
並開箱,1
稱渠善,1
萬加碼,1
過始,1
假茂是,1
回三張,1
與吳,1
名義導,1
並於張,1
人嘉,1
辦不動產,1
票務小,1
之後女兒,1
往台東,1
某監理,1
錯之類,1
問承辦,1
並於領,1
信時,1
介紹員,1
協助委,1
手痛,1
需延後一週,1
對方常談,1
方之後因,1
好後至,1
上善,1
具醫學,1
或衛福部,1
配及,1
之後唐娜,1
施點,1
小詐術,1
不上線,1
額一萬,1
專員越,1
還沒輸入,1
好味食,1
評評,1
測員,1
應徵該,1
食評,1
評測員,1
文自稱,1
高虛擬,1
誤且,1
賣貨賣,1
玩星,1
星幣給,1
江坤俊,1
俄羅斯極,1
周後會,1
覺該,1
主還,1
硃砂,1
低溫,1
燒不會,1
投資然後稱,1
蕭秉治活,1
稱代銷,1
走七萬,1
賣防,1
叮咬,1
丟網址,1
方頁,1
行銷費,1
總強,1
專戶案,1
圖表佐證,1
沃爾瑪員工,1
光檢查,1
網為,1
他來電,1
不急不徐,1
裡既懷疑,1
邀小語,1
想多學,1
黑蘭嬌,1
樂等,1
異常違,1
反遊戲,1
手機握,1
裡發抖,1
新風格,1
專看,1
鋒之人,1
涵稱,1
續變,1
證物代送,1
之金飾,1
當測試,1
動答,1
並買遊,1
漫卡牌,1
分幾天,1
稱得,1
約定給,1
擱著,1
明票價,1
會員間,1
吊著,1
這辦,1
還貪心,1
將來面,1
金夢碎,1
金商,1
現貨圖,1
獲通,1
報後前,1
粉絲圈,1
想無償,1
專員程,1
做畫,1
筆簡單,1
金試試,1
車換片,1
調運費,1
東騙,1
輕易付,1
通貨給,1
皓宇,1
宇經紀,1
宇見,1
面宇須,1
沒把款,1
頭幾次,1
實寄來,1
寄齊,1
熱愛可,1
愛周邊,1
辦理國際,1
組貝殼幣點,1
版產品,1
不會點,1
停車過,1
隨後打來,1
本不抱,1
職業別,1
小建,1
小致,1
簽到禮,1
剩餘額度,1
抄錄,1
但代價,1
發動網,1
廣告代,1
操來,1
真誠對,1
詢問者,1
過兼職,1
筆不影響,1
勞麻將,1
號營業,1
分嘉義市,1
前載運,1
故司,1
其載,1
損失車,1
資共新,1
手機套,1
義採購,1
結束將,1
單後貼,1
他承諾要,1
之後再給,1
爸媽少,1
鑫旺,1
雙輪,1
機競標,1
當笑,1
話踐,1
人太會,1
過新聞,1
李曉穎,1
實證明,1
其後向,1
存不進,1
貴所,1
林緯廷,1
正韓,1
裡又難過,1
看不下去,1
開服飾,1
接二連三以,1
引導後陸續,1
白皓,1
包後便,1
包後虛擬,1
農會察覺,1
群組主編,1
補幣驗證,1
超偉,1
符紅菱,1
邱貞嘉,1
菜來,1
柯維茹,1
追徵滯,1
需使,1
空條,1
服資訊,1
以蝦,1
歹待,1
事後超,1
檢視後確,1
歐陽琳琳,1
清廣告,1
並於刷,1
惟數,1
隨後戶,1
書作,1
金不須,1
贈與物,1
電話致,1
蘿莉塔,1
楊敏,1
佩琴,1
天後犯,1
份戶,1
並將繳,1
況回,1
園販售,1
雖然裡,1
護照資,1
給泰國,1
普機車,1
及行車,1
健保卡供,1
我整,1
調高轉,1
並於系統,1
未仔細,1
自相矛盾,1
李海豐,1
書琴,1
沈書琴,1
轉資金過,1
楊雨欣,1
金額分,1
臨櫃繳,1
詞強,1
美人計,1
關於儲蓄,1
利電,1
收港幣,1
問莊,1
兩半,1
綱說,1
檢查後確,1
老師外,1
投資紅包,1
隨之失聯,1
集運場,1
某天配,1
藏私,1
當話題,1
無捷徑,1
雙語,1
件數,1
當書,1
研究成果,1
槍寄給,1
西本來,1
該幣別,1
樂學路,1
當打,1
作線,1
景潤,1
沒錢詢,1
晉階班,1
教群,1
記入,1
遭中華,1
號相關,1
電創,1
廣告後頁,1
這資料,1
任務後便,1
灌水,1
李翊玟,1
轉幣次,1
太多現,1
智翔,1
幫忙載,1
風化妝台,1
超好物,1
家具城,1
密碼後始,1
單資料給,1
及並,1
連兩次,1
冰月,1
結果幣,1
維和部隊,1
出三麗鷗,1
擊後會,1
經換算,1
玉飾品,1
漁會卡,1
莊小茶,1
旗盟門市,1
包與,1
此辦,1
圖斯,1
三件套,1
寶貝遊,1
興富,1
及十組,1
林男聲,1
中僅,1
何平賢,1
臉圖,1
書遊戲,1
詳談後約定,1
許查,1
收水,1
衣視,1
流漏,1
金靈法,1
師之人,1
改運為,1
稱會費,1
企銀仁大,1
方初,1
掃碼後匯,1
尚旺,1
總倉,1
高雄大,1
翁園,1
正門市,1
順風帶,1
制什麼,1
市人員,1
專員藉,1
叫佳,1
接著佳,1
自鑫,1
加火,1
邪教,1
按數,1
面雙,1
主動且,1
數三萬元,1
裡愈來,1
有約會,1
太大數,1
再創,1
我話,1
方一樣,1
出近,1
空少,1
多雙,1
八雙,1
核發到,1
計層,1
還企圖,1
幣保證,1
正等待,1
費而想,1
稱顧,1
方宇晴,1
限要,1
便表,1
海報訊息,1
稍後有,1
資格驗證,1
波羅蜜,1
育菡,1
說代賣,1
買別,1
過多大筆,1
某國外,1
新貴,1
邊用,1
流及,1
以關心,1
幣並轉,1
還常稱,1
標榜個,1
資金損,1
失無法,1
島券,1
兩天裡,1
買春,1
噱頭給,1
心涼到,1
回家路上,1
騙少,1
貨後能,1
象徵,1
有起色,1
幣詐,1
磁扣,1
數補件,1
日分次,1
其販售,1
雷鳴,1
下線且,1
還裝備,1
一購物,1
含僅,1
搭飛,1
中繼中,1
並累積,1
駕駛積,1
傳健,1
僅平時,1
星盈,1
經找,1
號大門外,1
民銨,1
其後帳,1
賴偉成,1
童涼感,1
時至華南,1
始意識,1
賴曉芳,1
彩燕,1
育賢路,1
樹孝,1
理代償,1
走後且,1
葉芷涵,1
稱羽,1
稱雯雯姐,1
歌點,1
當點閱,1
渠點,1
戰爭須,1
廝守,1
店員見,1
沒腦,1
彭麗麗,1
估依,1
賣國,1
考相,1
關書籍,1
專員解,1
完後銀行,1
匯錢後銀行,1
分鐘後銀行,1
專員不讀,1
李思語,1
手犯,1
派拉蒙,1
影業,1
依並,1
文動態,1
受價,1
對方亦將,1
然遊戲,1
牟嘉馳,1
和幣別,1
吳聖華傳,1
借貸林,1
轉認識,1
莊宜,1
拉到,1
金額算,1
方之後態度,1
裡玩著,1
無連,1
組財金,1
前後各購,1
取貨均,1
非手,1
機樣品,1
還想問,1
啟琪,1
書屋,1
聊國,1
鄭老師會,1
終領,1
兩桶,1
來換匯,1
阿汪,1
熱貼,1
定局,1
成所謂,1
換新卡,1
繳交近,1
小影,1
人當下,1
一途,1
匯泰幣,1
成泰幣,1
因留職,1
幫人購,1
就露,1
周某,1
瀏覽大陸,1
方都,1
犯過,1
站後方,1
成無比,1
葉珈,1
房給,1
快安頓,1
優化產業,1
黑吃黑,1
抓人難,1
社會裡,1
上萬人,1
不油,1
假超商,1
余晖,1
專屬網,1
引導員,1
挑選筆,1
及業務,1
通後再,1
簽約幣商,1
過金錢,1
項退還,1
有防洗,1
千尋,1
地區幣值,1
但融,1
批單,1
澳雅國際,1
良益,1
資作業,1
林偉達,1
取貓,1
完整包,1
購買產生,1
邱佳慧,1
予琳,1
彰北門市,1
寧家柯,1
關於該,1
貸資訊時,1
會計來,1
編妮妮,1
雪倫培訓,1
威金,1
倒威,1
網銀至,1
盜且,1
經驗且,1
已經報,1
管錢,1
彈特入,1
場者,1
攝酬,1
勞優,1
攝細節,1
庫異,1
常紀錄,1
限時線,1
確保訊息,1
順利傳,1
裡務必,1
實證,1
大雨,1
水漬,1
請人來,1
這一修,1
比衝動,1
鐘查證,1
下明,1
細表,1
保護期,1
寄新,1
東西品,1
質不佳,1
逃不過,1
有鉅款,1
追捕,1
送絨,1
帳大約,1
贈送貓,1
跟濤,1
代練楓,1
始練,1
總共練,1
擴香瓶,1
蘇嘉欣,1
我欲見,1
數訂,1
始點擊,1
卡等六張,1
寶寶有,1
區國強,1
稱海綿,1
組人員欲要,1
部洪,1
竺蓁,1
隨後辯,1
水電介紹,1
廖立,1
哲並,1
金賽制,1
應獎,1
參加名,1
獎金賽,1
過匯款,1
經匯率,1
交提,1
為馨雅,1
人米晨,1
利用微,1
會陳彥,1
與陳彥,1
良確,1
詳細過,1
程後驚覺,1
去馬爾,1
度蜜月,1
搜當,1
中國客,1
帶隊,1
玩水,1
完錢後先,1
往巷,1
沒寄東西,1
作飾品,1
辦理此,1
組電信,1
恩正,1
內開會,1
愛吃漢堡,1
出個力,1
我和吳,1
財兩頭,1
核銷碼,1
博河門市,1
小靜怡,1
許嘉榮,1
因驗證,1
發聲明,1
搜尋小,1
無力償,1
還金額並,1
價財產,1
幫人算出,1
機台代號,1
當時訂,1
我共付,1
並不一樣,1
網付,1
其嘗試,1
比兼職,1
倩倩雯,1
面資訊,1
列爭,1
傳多筆,1
街旁,1
败给,1
孤独,1
並聳用,1
先由該,1
婷頭,1
優生,1
貝怡,1
辦理保,1
而待保,1
賣甲蟲,1
虫購,1
母蟲,1
甲蟲取,1
全數耗,1
遭人頭戶,1
日後帳,1
寫護照,1
因關,1
閉大陸,1
日映,1
事白,1
牌司,1
案員,1
現金無法,1
請家屬,1
資補,1
叫施,1
決地,1
張權志龍,1
結港幣,1
點下單,1
工班還,1
規一樣,1
總之遲,1
楊奕財,1
最後獎,1
降三高,1
無限觀,1
群說,1
關風,1
要試,1
完之後就,1
日作,1
我把網,1
艾多,1
艾多美,1
無限貸,1
延長費,1
戀柱,1
之間給,1
語影響,1
將五萬元款,1
上頁,1
暫時鎖,1
而後遭,1
會主動加,1
並於詢,1
吳鳳,1
名義寄到,1
共譜華章,1
叫怡臻,1
怡臻,1
彭丽芳,1
阿嬤過,1
案因,1
因為後台,1
祥告訴,1
現祥,1
林秀,1
組不錯,1
須我補,1
小黃龍,1
系亞,1
軟妹洋,1
裝蘿莉塔,1
遂予,1
需通,1
專員續,1
然後決定,1
花贈,1
並不太會,1
並又貸款,1
及玉鐲,1
姚民,1
此亦為,1
櫻木晴子,1
終於對,1
永遠領,1
附上去,1
然後買個,1
東西碎,1
笨成,1
太窮,1
幸運眷,1
床邊,1
更值,1
聳肩,1
面去,1
還掃,1
火純青,1
網房,1
稱欲收,1
路哥,1
愛飛翔,1
貨寄不出,1
但輪,1
貨遊戲,1
轉後對方,1
四十左右,1
廢文,1
糊得,1
著針,1
楊欣婷,1
購後傳,1
對方小編,1
獲利後領,1
署人員,1
先協議,1
王告訴,1
開後找,1
行員童,1
花蓮有,1
掃後給,1
吳志恆,1
方承諾審,1
批後會,1
裝修業者,1
開通後才,1
有志者,1
價後以,1
愛寶親子,1
劉仁生,1
繳八萬元,1
通話後馬,1
林詠傑,1
回來後會還,1
用代購,1
金腳,1
須雙方,1
商英,1
巧門市,1
過暱,1
財觀念,1
入幣安,1
最後同樣,1
會員連結,1
人聯合,1
數據配,1
關需,1
心金錢,1
嫌責任,1
雖金錢,1
隧道,1
海幣,1
幣拓,1
性地,1
三個幣商,1
前後後十幾筆,1
單日入,1
中六萬,1
宣雅,1
還殺,1
周辰陽,1
來頭頭,1
聊楓,1
藥行,1
廖曉慧,1
筋絡,1
氣功班,1
務方,1
商無關,1
價格設,1
當時分,1
存心,1
筆錢批,1
著小買,1
說什,1
中委,1
阿懷,1
張國立,1
過販售,1
歡動漫,1
方不太,1
許多動漫,1
藥費,1
但耳鳴,1
停動作,1
並繼,1
點馬,1
俄羅斯套,1
繼續點,1
核物,1
核時,1
擊載,1
號審,1
核碼,1
方加進,1
孫立翔,1
泳晴,1
大酋長,1
並知,1
及查,1
偽賣,1
投五萬元,1
帳戶畫,1
過機會,1
家後將,1
失八萬元,1
發自,1
隨後轉帳,1
詞下照,1
借幣,1
匯超過,1
修班,1
抵代,1
可給予,1
答辯,1
動作須,1
電員,1
師證給,1
答辯書,1
辯書非,1
知識家,1
惟海關,1
帶限額,1
洋自稱,1
隨後侯,1
立洋,1
渠款,1
皓給,1
我思慮,1
網銀用,1
換約,1
公園給,1
差價格,1
數將會,1
投資息,1
宇宏之人,1
然後再給,1
克牙,1
變分別,1
投資浪,1
美國華盛頓,1
哥倫比亞,1
頂多會,1
整碗,1
報利潤,1
金之責任,1
先關心,1
證末,1
端票務,1
代儲費給,1
查看器,1
點半用,1
胡晉銘,1
八三,1
虛寶之後再,1
困補,1
媽媽會,1
方重,1
裡輕易,1
上寄件,1
崎立,1
的減,1
小安遊,1
戲代購,1
常態性,1
可變,1
負新,1
金之新,1
方責任,1
圖片現,1
再世,1
很新穎,1
點會員點數,1
落寞,1
繳一萬五給,1
運費後才,1
轉證,1
開酒,1
推廣環保,1
以比,1
為慧慧,1
群網址,1
說民,1
答錯,1
骨架,1
發電系統,1
之後退,1
繳租費,1
張共大約,1
釋時,1
一場損,1
轉從,1
同帳,1
某連結,1
歡在網,1
他惱,1
賣包,1
包能,1
期玩,1
不關,1
娛樂而花,1
絕不該,1
幫悠,1
當天九點,1
得人心,1
編將,1
批貨並,1
臥床,1
將於幣,1
最後在將,1
並詐,1
回稅,1
商退費,1
店員講,1
網銀才行,1
贈與並,1
運費後稱,1
售價大約,1
科傳,1
連結後頁,1
免費媽,1
愛無國界,1
然後登錄,1
轉運來,1
當那筆,1
千片,1
人中,1
收邊,1
機房拉門,1
沒裝,1
这時,1
水刀,1
機屋,1
曠工,1
結個,1
違規會,1
報號碼,1
有響,1
一萬元轉,1
其實本,1
李晴煜,1
幸運貼,1
一傳出,1
雲林區,1
那一張,1
騙會層,1
顯示給,1
面永遠,1
編得,1
四湖,1
假警檢,1
混聲器,1
商貿行,1
潛艇,1
打窩,1
拖網,1
重船,1
東西和網,1
協助架,1
餐廳並,1
傳送後驗,1
吹毀,1
交貨導致,1
積壓,1
圓領,1
急出,1
來靖雯,1
補越,1
升檔,1
認股當,1
臨機,1
幾小時後用,1
新聞裡常,1
開後對方,1
東利,1
林宇明,1
以話術加,1
稱林鈞澤,1
欣雅竟,1
王鳳琳,1
可愛貓貓,1
應召會員,1
買家謊,1
資訊處,1
稱商譽,1
販賣樂事,1
豪透過,1
總財務,1
中合,1
事不為,1
並未經,1
關手續,1
張待,1
沅裕,1
水產國際,1
頭期,1
沅裕國際,1
迄至,1
徐偉達,1
爾後會,1
對方避,1
屋渡,1
假山,1
疑負,1
徐民對,1
海鮮達,1
找廣告,1
專員無來,1
張嘉欣,1
伯祺,1
欣彤,1
美國過,1
結至線,1
王姿俐,1
萬跟幣商,1
幣托買,1
曖妹,1
便領,1
前後領,1
劉欣雨,1
黑石,1
萬鑽石,1
印鑑章,1
金區戶,1
伯偉,1
盧育安,1
用國泰,1
給聲,1
既定,1
商寄來,1
来路不明,1
將是,1
通金未,1
沒想詐,1
著幫助,1
梳妝台,1
性高,1
柔弱,1
閱頁,1
免會員費,1
健腹,1
罪和詐,1
影評,1
寄快,1
純熟,1
團實,1
經駁,1
將其列,1
圖不軌,1
裡拿取,1
結貨,1
至嘉義市,1
鐲飾品,1
稱俊廷,1
單廣告,1
我在將,1
某飯,1
青岑共濟,1
元永盈,1
局列,1
裂紋,1
買三萬元,1
先麻煩,1
算給,1
婚錄,1
給業務,1
關懷才察覺,1
纖微,1
幾天詢,1
方換貨,1
台欲領,1
清車,1
小倩張,1
資金業務,1
蘇慧妤,1
資後便,1
將書本,1
數鏈,1
知人員,1
笑迎,1
進而參,1
送書為,1
林悅妍,1
師廣告,1
王雅玲,1
稱愛為,1
贈物資,1
許久均,1
團購網,1
文翔,1
上批,1
寶物楓,1
惟無該,1
廖慧蓉加,1
廖慧蓉,1
文發覺,1
進貨將,1
續超,1
王嘉怡,1
出查,1
出查詢,1
及國泰,1
中遭,1
奈寶的,1
幣且,1
單跟款,1
點入並,1
成半,1
工半讀,1
楊帶,1
情況則,1
一顧,1
時開獎,1
帳未,1
開球版,1
賴宛盈,1
織襪,1
點選告,1
融資加,1
吳語姍馬,1
風險驗,1
化妝師,1
幾次幣別,1
收廠,1
江一號,1
搜尋銀行,1
聯絡代辦,1
貞討論,1
房產賣,1
房產買,1
方三個,1
我後才察覺,1
臉書因,1
面會議,1
前後後又購,1
方證件給,1
貨運人員稱,1
電貸款,1
過大為,1
結後始,1
送山邊,1
內分別,1
品手,1
並互稱,1
檢欺騙,1
因僅給,1
三關驗證,1
每掃,1
隨後安撫,1
兒徵選,1
經委,1
鼎鴻國際,1
閒晃時,1
發又發,1
面華麗,1
否則系,1
出金入帳,1
合豐,1
風止,1
意難平,1
這一動,1
三四千,1
父愛成,1
房頭,1
證明能,1
完協議,1
會員達,1
假令,1
狀前,1
稱湯,1
金貨到,1
假品,1
原蝦,1
或代償,1
券未,1
砍掉,1
已配,1
方後一樣,1
將主機,1
老鐵,1
推銷賀,1
驟設,1
從要,1
洪志彬,1
稱林洛及,1
上話術,1
國轉,1
攔查並,1
日時間,1
專員子涵,1
社團還,1
最後獲利,1
阿志頭,1
市雙,1
得通,1
機簡訊裡,1
筆後僅,1
間後台,1
凌君,1
需課,1
金之虛擬,1
付發現,1
食素,1
修德,1
之善緣,1
號全聯,1
僅會,1
賣雨傘,1
我乾媽,1
乾媽訊息,1
獲廣告訊息,1
計被,1
至強,1
内飾,1
給師傅,1
淘寶協助,1
徐侑德,1
宣言,1
邱寶賢,1
對方播款,1
申請驗,1
及動漫,1
需語,1
初之間,1
意後續,1
挑好,1
還驚覺,1
付少,1
票務證,1
明和購,1
體機,1
認證會害,1
單開,1
比國內,1
簽出,1
小杯,1
錯連結,1
可運用,1
該表上,1
一授,1
該授,1
面費及,1
工共新,1
開白牌,1
應徵過,1
誤後台,1
光面,1
送書時,1
送本書,1
數月後耳機,1
原裝貨,1
談過,1
這一經驗,1
龐大得,1
鼓樂器,1
購買國外,1
惟事後檢視,1
東後續,1
買書款,1
運系統,1
人員明確,1
累計共損,1
雅正,1
給內,1
部業者,1
項異常,1
扣且,1
顆寶石,1
搞進,1
對方受,1
面乾淨,1
手照,1
還殘留,1
釘子,1
地哭,1
一整夜,1
框發,1
牽著線,1
課太貴,1
重摔,1
不露,1
潛水者,1
台領,1
重錘擊,1
人輕易,1
錢得,1
林鴻毅,1
元談成,1
方陳玉瑩,1
完幾期,1
對象給,1
成白,1
童婕茵,1
給邱女,1
邱女,1
安電子,1
包買幣,1
防至,1
聊兼職,1
給想,1
賴孟柔,1
投資女,1
主之名,1
區之網,1
獲稱,1
號買票,1
惟後續察覺,1
梔子花,1
賴軒,1
捷拓,1
假貨並,1
倪雯雯,1
有重,1
情挑,1
誘吻,1
晶亮,1
粉銀管,1
遊戲會,1
葉同,1
我欲繳,1
記藥品,1
家琳,1
之假國,1
外洩個,1
證申辦,1
作副業,1
出興趣,1
新北中,1
商表達,1
金庫查,1
地展,1
程科貿,1
那三萬八是,1
东南亚,1
山货,1
中葯,1
小坊,1
私訊張,1
給杜,1
老師後續,1
媽後續,1
事遊戲,1
問遊戲,1
前馬路邊,1
之後畫,1
開甜點,1
雙方會簽,1
各知,1
未填寫,1
方套,1
兩天後才,1
新大群,1
見諒,1
需體,1
檢資料,1
遲不退,1
須我將,1
繳交金項,1
之贈,1
進行訂,1
次登,1
入錯,1
誤後竟,1
睡鼠,1
機當面,1
遞假,1
至賣,1
兩晚,1
轉一萬元,1
況務必,1
延後相,1
關作,1
關於未來,1
唇線筆,1
蠶盤,1
丙銀行,1
裡台灣,1
旅遊照,1
我常發,1
一組廠,1
買貝果,1
魚餌,1
更是如此,1
自虛擬,1
包慢,1
主小,1
主應,1
呂姓,1
塞滿,1
表問,1
日家裡,1
任小卡,1
網銀接,1
方承諾將,1
還沒有將,1
商勇,1
想像到,1
從憐憫,1
入後開,1
而後網友,1
東西後要,1
林婷媛,1
贈送動,1
該動,1
欄張,1
低售價,1
游淑惠,1
館歇業,1
吳秀育,1
官查,1
通訊門市,1
續門市,1
洗錢並,1
中忠,1
購減,1
肥產品,1
上樂透,1
館不開,1
聯誼群,1
鋒哥,1
點選後至,1
領進,1
電腦並,1
因誠信,1
威凱,1
簽之金額,1
設來,1
喧之,1
不拿錢,1
網友代發,1
訂金則,1
臉書商,1
刊載,1
並搭載,1
兩組門號,1
證向,1
簡訊欄,1
渾噩噩,1
回向文,1
寺廟,1
某寺,1
供養,1
辦融資,1
連軟體,1
张博峻,1
收一則,1
介紹架,1
購貨,1
先將網,1
宋蕊欣,1
陳陽,1
但屬,1
假換幣,1
我換取,1
超次,1
辦卡為,1
挑選要,1
獲獎者,1
二招,1
團裡後參,1
點選後刮,1
渠再點,1
人後將,1
然後渠點,1
認證出,1
詢其,1
誤後賣家,1
經溝,1
並強行,1
之後誤,1
觸一個,1
筆金額驗證,1
裡專員,1
再快,1
兌換幣商,1
可多,1
廣告常,1
托約會,1
譽積,1
斷並,1
罰責,1
裡更慌,1
網銀維修,1
明泰之人,1
專員謝,1
依雨,1
事婚,1
喪喜慶,1
且後來眾,1
故無當,1
能返,1
還解鎖,1
任務費,1
購買職,1
可樂媽媽,1
帳達限額,1
名義無法,1
財金覺,1
店內部,1
該事,1
所返,1
寶買票,1
寶給,1
帳號陳淑玲,1
比憂鬱,1
症還,1
服藥,1
台灣後會,1
工證給,1
褐色,1
若參,1
強效型,1
包藥,1
藥是,1
鐘老師,1
回國並,1
板栗,1
匯新幣,1
找小額,1
遊藝城,1
不治,1
相關跡,1
實在過,1
比八點,1
還誇張,1
方老,1
徵求楓,1
裡搜到,1
強隊,1
假電信,1
項想給,1
夫鬧,1
替林林,1
數位點,1
鈔給,1
給桂櫻,1
京典,1
林門市,1
金黃色,1
抽閨蜜機,1
閨蜜機,1
兩三萬,1
會員小禮,1
李炫婷,1
電話後覺,1
時受,1
已達標,1
元會員,1
元紅利,1
希文,1
遊過,1
連宥維,1
葉輝明,1
靖沂,1
並起,1
給我序,1
付技術費,1
李幼琳,1
港幣酬,1
務時,1
本共,1
然後必須,1
其共損,1
四張給,1
攻擊詐,1
內無故,1
組林,1
方事後並,1
柏順,1
稱其將,1
祥賀,1
包裝業,1
並無入帳,1
林穎兒,1
彭恩,1
極冷掛,1
脖風扇,1
被系,1
統標,1
記要,1
至陷,1
嘉義火車,1
適有,1
熱心民眾,1
貓訂,1
貨藉,1
慘霧,1
某公眾,1
資訊務,1
代墊金,1
賣款,1
音平穩,1
太寶貴,1
相當要,1
日後結,1
談錢傷,1
順太,1
細節則,1
加緊,1
著新主機,1
然後自動導,1
除契約,1
網和線,1
還動手,1
版楓,1
向路,1
醫等,1
冒大風險,1
僅要,1
方積極,1
這月,1
林安見面,1
商買遊,1
軟體系,1
統配,1
需打,1
異常未,1
對方表,1
耀星,1
葉正,1
新資,1
區軍功,1
一萬元入,1
這五間,1
進遊,1
淘寶有,1
訂好票,1
主審,1
走共計,1
開臉,1
金開通,1
王代書,1
幸耳環,1
開宗明義,1
卡當天,1
商換成,1
櫃員問,1
但櫃員,1
話領,1
人都問,1
之條,1
碼到,1
某稅務,1
方用語,1
場所見面,1
有配,1
人員想配,1
組回報,1
嫌謊,1
相約號,1
上銀漆,1
除後再,1
金額入,1
簽收後才,1
事後人間,1
打造出,1
二萬餘元,1
餘筆,1
領額度,1
所名,1
運費後再,1
嫌當,1
懂黃金,1
警服,1
某果,1
賣果,1
兩盆果,1
兩盆,1
匯八萬,1
跨幣種,1
檔和驗,1
取與否,1
簡訊過,1
稱司,1
機取,1
首頁給,1
單訂貨,1
關化妝品,1
開通應,1
作業後驚覺,1
過幾分,1
鐘後該,1
皮給,1
天統,1
經持續,1
共扣,1
有氣憤,1
裡很動搖,1
吸積,1
連廣告裡,1
丟新,1
庫登記,1
最後實際,1
類似求,1
職資訊時,1
交學員費用,1
今後若,1
珍寶黃,1
金禮店,1
港交所,1
張永程,1
范元耀,1
劉嘉琴,1
因無法通,1
安琪拉,1
突要,1
場後解釋,1
拿動產,1
連機車,1
號只,1
用得,1
追封,1
號其實,1
查單,1
網比,1
比中,1
社團民間,1
笨錢,1
稱視,1
作匯,1
我在察覺,1
固定式,1
張曜民,1
由本,1
灣開放,1
借訊,1
李坤,1
電永豐,1
元惡,1
張鬼滅,1
傳門票,1
進買,1
只話術,1
須代為,1
天美店,1
聖路,1
陌上,1
楊小哲,1
入暱,1
檢驗確,1
收貨要,1
認證後錢,1
故欲向,1
取新台,1
帶新,1
淋濕,1
事後亦無,1
改裝並,1
拆卸,1
尹相鵬,1
試辦,1
天內間,1
衝擊遠,1
參產品,1
參漲價,1
搜尋親子,1
營有,1
竟損,1
項後失聯,1
獲買家訊息,1
然後也會,1
有四組,1
很傷,1
馮冠瑋,1
排到,1
碗碟,1
手機載,1
電聯邦,1
加錯號,1
付將,1
王彩,1
隊小卡,1
郝經理,1
旺紅,1
單壹,1
元藥品,1
塔防,1
活動限,1
監所,1
之後陳語,1
元換給,1
林靜儀,1
賣藝人,1
吳昕宇,1
還和所謂,1
吳明軒,1
繳交會員費用,1
網友煒煒,1
現遊,1
盜用並,1
獲王,1
如持續,1
財產轉,1
遊玩須,1
對放暱,1
幫其處,1
網友陳易,1
微風二樓,1
活動剛,1
志雄要,1
跟陳易,1
先新,1
三萬才,1
來陳志雄,1
儲六萬點,1
部主播,1
教易,1
澄音,1
還大剌剌標,1
仔細用,1
抗噪,1
文一比,1
貨運門市,1
稱媛購,1
稱媛媛且,1
稱媛媛傳,1
成加,1
稱媛媛給,1
婉婉辦,1
遊戲局,1
日會員卡,1
婉婉說,1
經審核,1
沛玲,1
集塵,1
此活,1
動會,1
林浩程,1
幫忙渡,1
過業績,1
設置費,1
成電子,1
方徵信,1
三十六期,1
粗劣,1
先儲,1
用約會,1
著露營,1
意外事件,1
搜尋他給,1
只派,1
盡人意,1
最後連協,1
訂金少,1
號資訊給,1
著不還,1
交談勝歡,1
張珍貴,1
痴痴地,1
血壓機,1
體損,1
來拉攏,1
單無效,1
牛樟芝種,1
植計畫,1
進購,1
假租卡,1
三生,1
這些藥,1
最後女兒,1
帳號後向幣,1
許佑嘉,1
愛換,1
我工,1
廠員工,1
活動彩,1
並認定,1
龍福,1
齊天,1
還與車,1
手面,1
平野,1
俊丸,1
若欲先,1
露營家,1
與貨,1
故回頭,1
照連結,1
藥包,1
成泰達幣給,1
分填,1
機器點,1
無反鏡,1
繳交金,1
明圖,1
保護會,1
急致,1
電中華郵,1
但門市,1
調申,1
聯準,1
排定,1
搜尋賣方,1
定店,1
幣存,1
微博因,1
搜尋法,1
國羅浮,1
宮門票,1
宮門口,1
中步驟,1
渠區,1
碼遭,1
執行後電子,1
網遊夢碎,1
夢成,1
金管會須,1
審帳,1
戶金流,1
須達,1
故共匯款,1
惟金額,1
可貴,1
服式,1
德彥,1
項後換,1
以抖音,1
即主動,1
運彩訊息,1
我欲網,1
建之賣,1
王老頭,1
每袋,1
幫助觀,1
數卡六張,1
面卡為,1
開通見,1
可先給,1
文故,1
信其話語,1
明細後發現,1
點選後依,1
便示,1
因為頭,1
打點長,1
賣戶,1
外電源,1
留訂,1
自動掛,1
提在,1
連另,1
卡和車,1
卡埋,1
賣植,1
同人誌,1
販售會,1
當時場,1
過入,1
場紀錄,1
無效票,1
由副理,1
抬高,1
藍勾,1
還拖,1
繳費款,1
震驚地,1
競價,1
詢問父,1
調骨,1
藥布,1
版且,1
服稱,1
開卡後會,1
前多加,1
有動,1
畫鬼滅,1
樂教學院,1
點進後依,1
字後轉,1
三胞胎,1
信銀,1
項後卻,1
因後台,1
變成團,1
體訂,1
單下訂,1
金額計,1
賞群組,1
海面,1
他暈,1
大腸癌,1
鎖協助,1
戀鎖,1
再鎖,1
項數,1
徵選語,1
音朗,1
文填寫,1
過代銷,1
金馬上,1
那花點,1
狄康奈米,1
張瑞仁,1
選處理,1
一千四百多,1
著實品,1
內化,1
出盈餘,1
銀豪,1
貓咪館,1
點擊稱,1
記申,1
邀先,1
淤要,1
稱戈馬洛及,1
蘇卡達象,1
替民眾,1
其後他,1
江里,1
隨後我還,1
領去,1
恆星,1
七美,1
除油劑,1
網頁詢,1
單均,1
最後賣,1
詳虛擬,1
買到幣,1
這經過,1
匯員,1
擊後系統,1
還主動用,1
稱立琳,1
非知,1
別人先,1
退匯款,1
野球,1
誤時,1
偶爾噓,1
摔過,1
入金十幾萬元,1
竅信,1
還要連,1
卡先後買,1
債券合,1
統頁,1
現位,1
灣之,1
方序,1
以花,1
詳細卡號,1
方欲換取,1
獎金優,1
竟幣,1
杜賓,1
用交,1
周世,1
通一種,1
心裡產,1
並態度,1
強硬時,1
裡動搖,1
以威脅,1
共十幾筆款,1
全數屬,1
失五萬,1
培培,1
遠端室,1
計案,1
解構,1
灣技術,1
蘇安慧,1
並誇稱,1
出四筆,1
物資及,1
因孫子,1
日諮詢,1
李崗聿是,1
李崗,1
曾見面,1
購買應,1
女主,1
謝婉清,1
務機,1
需渠,1
需見,1
面金及,1
小澤等,1
李嘉瑩,1
查詢並,1
之寄件,1
簽簽,1
名小卡,1
脆及,1
稱健益,1
賣買屋,1
劉家龍,1
學訊息,1
續觀,1
其限動,1
方限動,1
上脆,1
匯車資,1
婁峻,1
人詳,1
完申,1
渠忘記,1
初洽,1
談步,1
渠便加,1
加貸款,1
疼愛我,1
買後驚覺,1
申民多,1
申民不疑,1
費贈品,1
全聯當,1
辦數位,1
簽章,1
受騙局,1
經引導,1
進而轉,1
當計程,1
應款,1
的燒,1
但店,1
股東名,1
之後店,1
與詩,1
訴家,1
到華,1
選妃,1
廖女始,1
舞廳,1
麗華欲,1
認證訂,1
納車馬費,1
林智勝,1
賽職,1
予進行,1
轉新至,1
梁男未,1
妥運費,1
劉佳,1
開證券戶,1
獲需,1
雲票,1
葉巧茹,1
急將,1
連結詢,1
無中獎,1
單因,1
估共損,1
販賣餐,1
廳旭集,1
繳交運費並,1
余詩語,1
雅英小卡,1
高雄個工,1
為學生,1
方之金額,1
方揚言,1
完後向,1
馮聖,1
芳琳,1
之藝術,1
跟民眾,1
卡亦不會,1
包依,1
體育路,1
號鳳山,1
李達康,1
遭遠端,1
遲未出,1
擊後與線,1
出線,1
財匯款,1
領取後會,1
竹田鄉,1
竹田門市,1
莊年,1
燈出,1
小代購,1
負責國家,1
鵬園,1
小犬,1
風災災,1
損機,1
電修繕,1
並於合,1
估驗款,1
開通店,1
斯朵,1
利美,1
便表單,1
無奈去,1
轉點數,1
鮮事,1
雜而,1
經家長,1
前秀泰見面,1
民主,1
進兆豐,1
吼出,1
錢系,1
統之類,1
掐死,1
李宗祥,1
價格開,1
這一答,1
社團查,1
遙自,1
轟作響,1
托付,1
明細確,1
收據樣,1
板圖,1
瑞臨,1
從後續,1
卡來驗,1
運費花,1
一樣樣,1
還詛咒,1
及交票,1
號聯絡,1
嘉卿,1
李思婕,1
翠華珠,1
原價購,1
金流頁,1
薛佳寧,1
樂心,1
現貨出,1
程莎莎,1
蛙鏡,1
初蕊,1
專員發,1
林柔君,1
還嘗試,1
超商芳,1
網通,1
載後才,1
賴錦文,1
三春門市,1
全聯彰,1
安店,1
始款,1
繳五萬元當,1
處租給,1
事後愈,1
機某,1
入團費,1
故經,1
找匯,1
豐汽車,1
車子拉到,1
簽立數,1
給予良,1
違反代,1
著七萬元,1
內多為,1
益緣,1
藝暖,1
發項,1
目有關,1
取電動,1
金展,1
臉書動漫,1
金融股,1
話術行,1
推文要,1
該付,1
卡有點,1
潮汐,1
至今已有,1
欺經驗,1
建議務,1
微差,1
幾句後覺,1
儲值紀,1
詞迷得,1
無販賣,1
機戰,1
張民有,1
啟連,1
共患,1
辭馬上,1
知錯,1
店拿貨,1
連吃,1
先驗明,1
誤升級,1
瀕臨,1
遭人刷,1
循環持續,1
免費手,1
幾十萬元轉,1
認才會,1
宣傳五字,1
多樂,1
賣電視,1
文還,1
新的貨,1
我書籍,1
于婉琳,1
張惠瑜,1
這餐,1
攤則,1
來續,1
人員怡,1
霜雪,1
稱承佑,1
繼承碼,1
問平時,1
攜碼,1
店員繼續,1
只塞給,1
問通訊行,1
惟載,1
此連,1
投繪畫,1
數故,1
中獎後續,1
築夢大師,1
開後輸入,1
包兩次,1
薏涵,1
王姿,1
楊倩,1
開會館,1
從代碼,1
再交新,1
頭沉,1
洽談後達成,1
漸長,1
林芷萱,1
效驗金,1
專取,1
隨等級,1
金額須,1
稱黃奕凱,1
集團轉,1
自許,1
芯以,1
網銀後先,1
筆搜尋結果,1
這外觀,1
任務分,1
種是,1
問群裡,1
任務累,1
積積分,1
楊捷茹,1
空谷,1
江千悅,1
張先榮,1
泡吧,1
邊購,1
物邊,1
說母,1
親長,1
出多筆,1
之後冒出,1
雖然後悔,1
調輸入,1
點酒,1
沒異議,1
不醒,1
事後亂,1
抽電子,1
認取件,1
忠狗,1
玉珮免,1
一人限,1
幾十張點,1
先體檢,1
保工會,1
開學要,1
前後後借,1
偶爾會還,1
幾次匯,1
中什麼,1
變網址,1
轉快,1
店後來,1
店出,1
嘉義日領,1
石工,1
賣彩妝,1
林澤熙,1
提信金,1
資開設,1
仔細評,1
澤惠,1
智圈,1
寶貝群,1
須領,1
畢後歸還,1
子恩,1
浩鑫,1
三筆代銷,1
會員後便,1
電項,1
此表達,1
萌萌雅,1
符請,1
去燒,1
符貨款,1
符並,1
騙後向,1
無持續,1
內之遊戲,1
並填選,1
稱統,1
及黃琪,1
經由話術,1
丟一檔,1
主機共置,1
開會員,1
集團裝,1
雖然幣,1
熊令家,1
電空調,1
掛羊頭,1
狗肉,1
最後打給,1
轉薪資,1
幾天後照,1
年陳釀,1
還未來,1
並如,1
林悅研,1
日後漲價,1
艙辦,1
叫樂樂,1
來樂樂,1
顧貓,1
厲佳恒,1
水利局,1
水道,1
叫煒,1
妻動,1
全公開,1
帶利償還,1
所簽,1
出樂高,1
媽媽族,1
學生族,1
然後我問,1
台幣成,1
付之東流,1
收代,1
好心好意,1
車尾架,1
古風,1
甄玥,1
機之類,1
日去過,1
自孝店,1
跟代,1
幼兒須,1
妊娠,1
愛心坊,1
床後續,1
通後會,1
名炸團,1
目寄來,1
關懷及,1
加炸團,1
點投資,1
以私,1
欲代為,1
繳區,1
爸覺,1
賣馬拉灣,1
尋幣商,1
幣商後便,1
依投資,1
應徵漢服,1
電驚覺,1
呂菲菲,1
領錢並,1
這筆訊息,1
探吉行銷,1
書賢,1
給好評,1
並解,1
當操,1
萬的稅,1
這人傳,1
免押,1
師費來,1
運動長,1
畫訊息,1
號做,1
名義擔,1
許多徵,1
證裝備,1
之後只,1
或代為,1
注虛擬,1
必然,1
方拉到,1
還必,1
錢後不斷,1
強效,1
落袋,1
載幣商,1
方戶,1
某公車,1
風假,1
護著,1
張車票,1
請客,1
要嘛給,1
殺菌盒,1
還在畫,1
參與費,1
獲利尾數,1
以諾紗,1
婚紗店,1
婚紗還,1
具訊息,1
進附,1
問原廠,1
組電動,1
聖賢,1
達冠業務,1
保到,1
強制險,1
繳強,1
真誠一樣,1
轉介紹加,1
聖說,1
密碼當,1
雇聘,1
戶政人員來電,1
以順利出,1
買小貓,1
嚴澤,1
有號,1
我改,1
對戲,1
依幣安,1
重領,1
過銀行驗,1
千餘元給,1
萬餘元則,1
之後細節,1
加價換,1
更熱門,1
差價過,1
美家產品,1
到轉,1
入金後開始,1
貼文送,1
教養,1
趕著要,1
只會驗證,1
這樣雙,1
世權,1
進了帳,1
機發,1
動銀行驗,1
財務金流,1
寶派,1
證跟門牌,1
未歸戶,1
點進後頁,1
龔福霖,1
徵後勤,1
媽之人,1
媽會,1
日辰,1
媽向,1
周詩瑩,1
彩金庫,1
細傳,1
師資格證,1
許文浩進,1
美藥妝及,1
韓泰美,1
獲利旗號,1
欣之人,1
轉港幣,1
呂雪慧芝,1
之後呂雪慧,1
萬太大,1
托兒,1
蔡嘉興,1
流證明,1
幫販售,1
裡紛紛,1
嵐嵐,1
林展,1
日葉俊毅,1
稱計畫,1
網友陳曉麗,1
上免,1
行委,1
證跟委,1
檢警並,1
商之交貨,1
現統,1
氣依,1
別人收,1
全拿去,1
實體序,1
潤勢,1
廖妍希,1
明核,1
晶世緣,1
廖志梅,1
先得加,1
賣星宇,1
畢後進入,1
新聞絕,1
為源靖,1
張怡潔,1
洽談後蘇民,1
區興達,1
港門市,1
百利,1
人源,1
日覺,1
信內線,1
信日,1
徵作業員,1
供宿,1
場所之店,1
商新旗,1
好牌,1
內幕會員,1
作處理,1
人員後轉,1
之後陳玉涵,1
貓耳,1
純愛戰士,1
聞後有,1
轉介其,1
開口始,1
牙寶吊飾,1
風來襲,1
並另約,1
餘裕,1
完整性,1
方奪取,1
未受,1
收金額,1
日後獲利,1
失千萬元,1
我墊付,1
結門號,1
地親,1
實將款,1
處店,1
無法長,1
投資禮,1
品券,1
轉價差,1
家鄉,1
任務才行,1
彈簧床,1
在剛,1
檢視剛,1
背後那份,1
來細,1
轉幣後轉,1
事後獲,1
推撥,1
跟葉,1
談機會,1
再聰明,1
不因,1
當帳號,1
開後連到,1
欠費近,1
假裝願,1
意替,1
辦理獎,1
輸少贏,1
某輛,1
明後代為,1
擴大並,1
虛寶布魯箱,1
再交還,1
因行員察覺,1
方母,1
親能,1
騷漾,1
簽下委,1
用多張,1
消費給,1
債要,1
應先諮詢,1
渠永豐,1
有領,1
應交給,1
連結後導入,1
吳攸萱,1
漁具店,1
可憐且,1
債務且,1
為陽光,1
提謊,1
包雙手,1
錢太多,1
損失感,1
搖醒,1
地鐵車票,1
開線,1
崩毀,1
還沒放過,1
看得懂,1
不仁慈,1
二則,1
號末,1
匯款產,1
漲漲,1
跌跌,1
幾起,1
水溝裡,1
那道門,1
凍帳,1
本來演,1
事當,1
過後基,1
惟事後並,1
林揚,1
頭區,1
治程,1
闖大禍,1
辦活,1
繼承家裡,1
親都,1
扶養長,1
師條件,1
市開,1
坐過,1
平緩,1
變異常,1
最後凹,1
互撞,1
冷暴力,1
他藥,1
最後查詢,1
互動行,1
慧寶,1
因轉傳,1
新北板,1
饒舌,1
可約炮,1
投資彩金,1
消須,1
檢核費,1
許偉,1
方共計,1
腮紅,1
隨後面,1
慕涵,1
外扣,1
辦證券戶,1
賣家晟,1
試賣,1
林俊浩加,1
書香綻,1
極速積,1
木聯盟,1
夢波,1
男科,1
攝護腺,1
醫學產品,1
買十週,1
汪洋,1
進加護,1
心怡過,1
地感,1
謝小明,1
他共創,1
之後心,1
以照,1
小明詢,1
筆理,1
小明終,1
打心,1
名的關,1
澳門營,1
造業,1
捐五條,1
太浪費,1
姬協助,1
這筆代墊,1
設計及,1
付系,1
放薪資,1
財充,1
發財之道,1
小敏覺,1
尋找關,1
張燕玲,1
搬遷,1
補助並,1
專員後因,1
分在門,1
語和,1
重槌,1
小炸團,1
偷側,1
方散,1
月利率,1
只扣,1
大想,1
蔡世驄關,1
無法還,1
貼表,1
騙後找,1
懸崖,1
護照夾,1
網查驗,1
這護,1
照夾,1
稱小炸團,1
續小良,1
但小良,1
給炸團,1
小良,1
而心,1
續炸團,1
你娘,1
老雞,1
阿迪去,1
最後眼睜睜,1
蔡學年,1
嘉義長,1
朴路,1
代線,1
騙後未,1
及辱,1
資訊散,1
鎖雙方,1
前後後購,1
集卡社,1
隨後出,1
自到圳,1
前仁,1
詢電話,1
陰陽師,1
肯給,1
一則電,1
石磚,1
縫裡給,1
法告訴,1
多下單,1
二百一十,1
半交給,1
並盤查,1
立可貸,1
審核免,1
容情,1
曾照,1
顧過,1
借光,1
水貝黃金,1
依直,1
站益途,1
金流卡,1
先後接觸,1
曾嘉文,1
慧真,1
幫忙分,1
擔家裡,1
社團台,1
中代辦,1
貸款後續,1
領成,1
蘭玉婷,1
須持續,1
艙要,1
空艙,1
獲得性,1
為民國,1
每逢,1
商鉅榮,1
拍賣區,1
凱岳,1
君怡,1
進入後加,1
因後續經,1
明出,1
亞瑟,1
沒空收,1
惟謊,1
因帶,1
保陳明華,1
藝學習,1
李曼婷,1
莊子,1
桃園蘆,1
勞點點,1
小禎,1
區叫,1
林強峰,1
二微碼,1
謝魚,1
外開,1
元創,1
買家樂福,1
即付,1
藝編織,1
合計達,1
王振,1
我互,1
事持續,1
代墊通,1
林國正,1
加回來,1
需累積,1
換券須,1
富當,1
數後傳,1
一冷,1
死城,1
一點理,1
星視界,1
專幣,1
洪金,1
購買華碩,1
貨物後檢查,1
碼販售,1
引導點,1
因想省,1
運動量,1
方承認,1
欺才,1
設計的戲,1
入戲,1
某部,1
他擬,1
幫母,1
親解決,1
木送,1
經身邊,1
錢的確,1
曾一度,1
爾後撥,1
打親,1
交錢後遲,1
絕情,1
為國家,1
曾聲,1
百筆,1
稱恐,1
先予,1
惟詐團,1
服得,1
認權益,1
勞到,1
人員真,1
媽祖廟,1
傳運費給,1
著解鎖,1
點進後用,1
獲學長,1
證察覺,1
傳送訊息問,1
投資玉,1
改之後放進,1
名義投資,1
免費出,1
騙經理,1
卡太麻煩,1
簽收並,1
認股過,1
先後好,1
次次,1
這幣,1
把助,1
連扣,1
拍家裡,1
零零碎碎,1
我念出,1
轉了極,1
抽綠卡,1
人員帳,1
中語氣,1
給醫院,1
運費後賣,1
然未,1
然今,1
上多麼,1
稍後見面,1
金核發,1
日剛,1
卡費紀錄,1
謊言操,1
傑說,1
借額度給,1
超商機,1
團稱,1
賣父,1
還特別確,1
父親節,1
還意識,1
一則試,1
遇欲贈,1
責導致,1
商投資,1
世昌以,1
厲馨,1
富桓幣商,1
墨夏,1
專時,1
多餘額度,1
焦爾,1
費證,1
明傳,1
卡金流,1
孫韻婷,1
我在員工,1
滅之人,1
金飾代為,1
損失共約,1
以幫派,1
描後便,1
超商談,1
還三筆,1
少澤,1
卡幫助,1
俊倫,1
參與裡面,1
貴賓,1
舊彩妝品,1
做滿,1
獲利價,1
玩運彩,1
最後抓,1
西面,1
交後我,1
某廣場,1
給廣場,1
他帳,1
錢的並,1
地幫忙,1
河邊,1
玩遙,1
控無人機,1
變質,1
中筆,1
匯幾萬元,1
挪車,1
欺和強,1
制罪,1
萬用,1
並冒稱,1
單一看,1
著十幾筆,1
王思雨,1
載長紅,1
路局,1
由怡蓁,1
價後對,1
單批,1
發價共新,1
加羅秀琴,1
永順,1
給檳榔,1
腰部,1
金說,1
柏翰謊,1
賴思婷,1
轉進後即,1
群組後由暱,1
稱智,1
其親屬,1
狀後驚,1
及鉅榮,1
高雄見,1
著紗布,1
出國要,1
膚色,1
之後張育,1
辦桌,1
木紋會,1
議桌,1
幣老爺,1
劉博仁開,1
診所人員,1
沒賣過,1
跟思怡,1
劉建斌,1
名義傳詐,1
則教,1
阿宅,1
版新,1
稱點擊,1
各顆,1
可私訊,1
辦理將,1
成泰銖,1
泰銖給,1
東少爺,1
幣發財,1
加稅務,1
推阻,1
徐雯婷,1
當禮品,1
把獎,1
回國前,1
還東西,1
隊小隊,1
拿贓款,1
裡認,1
證裝置,1
點多加,1
最後總共透過,1
辦易,1
沒辦成,1
充到,1
遠山,1
多交,1
還在個,1
忘不掉,1
義傑,1
金盛嶼,1
國際律,1
會玩虛擬,1
傳謀,1
蜜汁,1
雞腿,1
叫米婭,1
瑤兒,1
成高階會員,1
浮潛體驗,1
戲卡帶,1
運費補,1
過大並,1
筆轉進,1
雅康,1
開始嚇,1
轉三筆款,1
前後後依,1
免費的網,1
客群,1
點買入,1
薯幣,1
開專屬,1
恐非,1
熱角,1
騙主嫌,1
辦一筆,1
三大電信,1
刑大詢問,1
泡水,1
經嘗試,1
還不斷編,1
裡玩遊,1
我洽,1
買價值,1
專同學,1
石昕怡,1
許真會,1
超商大里,1
東益店,1
緊得,1
負韶華,1
幣安申,1
買系統,1
元共三張,1
詭異後始,1
影說明,1
區仁合堂,1
獲名,1
秘晶,1
補寄新,1
擊後來,1
問了些,1
情資有,1
並當查,1
賣表,1
五筆裡,1
不當購,1
問我銀,1
繳交商業,1
應方,1
錄影後才,1
氣轉光,1
掃空,1
有房,1
並不熟,1
筆手續,1
囤點,1
承諾惑,1
感交織,1
好場,1
安裝前,1
幾天後應,1
喜愛之,1
找賣,1
若連續,1
金後對,1
然後用幣,1
沒多點,1
某親友,1
老江哥,1
自介加,1
越多且,1
外且,1
詞引,1
賭上,1
旅韓換,1
匯竟,1
熱愛韓團,1
緯傳,1
事後處,1
楊夢婷,1
新車店,1
協助匯,1
重感冒,1
不交還,1
瀏覽個,1
人回,1
回傳始,1
為海報,1
因無東西,1
獎卷,1
要勇,1
以不當,1
無允許,1
稱拿取,1
證之人,1
張新用,1
經警員確,1
單之後因,1
倉庫將,1
換鍵盤,1
賣拉,1
顧問費,1
股東後再,1
分紅入帳,1
投資拉,1
偉儀,1
再租,1
瑪利,1
歐賽,1
車主機,1
除保,1
匯率還,1
換遊,1
換率,1
寶寶禮品,1
比下訂,1
不太真實,1
迫切要求,1
小誠提議,1
小誠不斷,1
李玉熙,1
增反減,1
碰巧在,1
數卡會,1
感愈來,1
元後該,1
唐嫌,1
由力,1
以須繳,1
利得稅,1
所撥,1
打之手,1
犯詐,1
現金袋,1
欺幫助,1
問其想,1
鄭男幫,1
零及,1
變成質,1
芯子,1
顆電瓶,1
之後來電,1
先靜觀,1
其變,1
順德,1
寶掃,1
付資金,1
子林謊,1
續子林,1
私訊平,1
因儲值,1
代換匯,1
用不錯,1
及出,1
小木木,1
結束後詐,1
郵寄貨到,1
前用,1
販賣玉,1
經由抖音,1
蔣安芊,1
帳號崎跡,1
聊團購,1
投資大約,1
交六萬元,1
水池,1
銀龍魚,1
姜家,1
豪來電,1
視訊後便,1
螢幕訊息款,1
以二萬元,1
自稱靈,1
之潤通,1
以廣告,1
投資多國,1
取盈餘,1
被疑,1
下化,1
興奮變,1
成震,1
資料察覺,1
任務後再,1
再詐,1
進程,1
義簽,1
周後可至,1
現在後續,1
幫及,1
叫紙,1
宗凍結,1
惟薪,1
轉需,1
彭聖傑,1
明不多,1
步驟過,1
儲作業,1
哇哇,1
依雙,1
貨後覺,1
照護膏,1
幾件紗,1
布衣,1
往詐,1
機郵局,1
額觀察,1
擴大進,1
並搶,1
同工,1
本就極,1
內達,1
參加後無法,1
幣商收,1
成特定,1
雙方的關,1
人之名,1
專人前,1
小鷗,1
橋頭區,1
免費拿取,1
桂蘭,1
紀念會,1
帳號羅雨軒,1
結表單,1
騙王,1
師母,1
推虛擬,1
遭損,1
收球球,1
現由地,1
之銀行戶,1
遭盗領,1
為禹銘,1
並得,1
而後去,1
接的並,1
增瞳,1
大園區,1
繳交越,1
聽覺,1
湊額度,1
自稱曉琳,1
炙熱,1
她始,1
林娜,1
說安博,1
填購,1
梁清芸,1
有國,1
外業者,1
包系統,1
紫彈,1
紫武,1
加速卡,1
孟宣,1
通系,1
單取貨,1
還傳合,1
素念養,1
心緣,1
洪門,1
誠澤當,1
快樂養,1
欲釋,1
出養,1
遭竊用,1
寶華,1
剩餘貨款,1
安美,1
抱盒,1
騎士夢幻,1
改裝店,1
比奇,1
張艷媚,1
並私訊購,1
說訊息會,1
皮聊,1
問業務,1
劉秀華,1
尚武,1
全部包,1
防詐警,1
行動電,1
家電之類,1
數和價格,1
心動極,1
貓無法,1
人誠實,1
經匯過,1
这样,1
付诸东流,1
搜尋評,1
價時,1
連結和網,1
發生後過,1
報福,1
法務處,1
漸熟絡,1
安檢,1
米哈,1
遊影,1
夢華,1
家後仔細,1
機緣,1
無限愛與,1
方會噓,1
翹班要,1
事後向員工,1
真誤,1
資建議,1
為穎穎,1
常發,1
嚇得照,1
皮頁,1
阿曾,1
以後網址,1
三遍,1
日產,1
收銀系,1
寶客,1
阿傑載,1
再押,1
合和術,1
日欲見面,1
購買後傳給,1
進後隨即,1
費投標,1
日體驗,1
林敏,1
宝岛,1
公教,1
真聯絡,1
沉穩且,1
可靠消息,1
回應體,1
戀愛時,1
做準,1
一組動漫,1
因為標,1
方真偽,1
出清價,1
與售,1
咕嚕,1
帶型,1
領儲值,1
城網,1
發放號,1
匯中獎,1
為後台,1
頭吃,1
大豐收,1
還保證付,1
做遊戲,1
由他去,1
花型,1
來掛,1
商設,1
傳訊均,1
取學,1
遲見,1
金而購,1
蘇小,1
資三萬元,1
發條,1
從三萬,1
指揮下,1
當而,1
商之銀行,1
安可,1
筆員工,1
衝金額,1
什麼場,1
回傳遊,1
戲序,1
冠智,1
團小卡數,1
免費釋,1
鳳梨買,1
協同,1
寄遊,1
同案犯,1
之媳婦,1
雙肩,1
浮標,1
單依賣,1
依李,1
網站僅,1
處賞,1
匯款後並,1
安和門市,1
藝文門票,1
藝文展覽,1
索票,1
賴威嬡,1
愛與永續,1
藝文為,1
无优,1
加兩個,1
寶寶推車,1
討資料,1
匯買,1
過舊,1
求證確,1
業周轉,1
代買版,1
詹媛琦,1
詹小添,1
慕樂國際,1
規定給,1
周曉鷗,1
對方後來問,1
周雲海,1
觀霧,1
面晨風,1
晨陽,1
愛衣,1
後點,1
冷前,1
流覺,1
隨後後與,1
張琳,1
選床,1
及開,1
淑琪,1
傳送訊息予,1
須額外,1
吳東偉,1
奇威,1
至現,1
並協同,1
哀居軟,1
抽號,1
結果並,1
李語婷,1
完後出,1
鎖定並,1
李阿水,1
王小樹,1
張曉紫,1
鈴鐺,1
成後可,1
阿橙,1
李美倩,1
商萬年,1
橙汁,1
接刑,1
販賣書,1
稱宸,1
廣東路,1
神腦門市,1
李詩茹,1
假買家陳曉蓉,1
開戶入,1
完天後加,1
認給,1
吳星瑋,1
遭台,1
故不以,1
遭親,1
玩代練,1
金庫幣行,1
黑天,1
一還,1
聖威,1
填縫,1
碼購物,1
做後錢,1
圈賣,1
必須驗,1
日玩楓,1
發徵求,1
網友限,1
免費畫,1
聊寵物畫,1
布包,1
存到網,1
頭像還,1
軍人證,1
女會員約,1
信譽分,1
拉霸遊,1
說業務改,1
紙條給,1
免會,1
新包,1
完輸入,1
看緊,1
著立牌,1
面幾碼,1
裡做點,1
寶和微店,1
填資,1
叫小麗,1
預購權,1
曾匯,1
前攔,1
美琢,1
玉看,1
顏色還,1
賣嬰,1
先加來,1
付一付,1
皺著眉,1
貼滿,1
大陸開,1
商談後約定,1
至祥馥生,1
狀之補,1
說生,1
打祥馥生,1
認識後相談,1
供填寫,1
畢後頁,1
美中門,1
順風門市,1
開太多,1
之後郵局,1
文串,1
團體後有,1
無法連,1
單後拍,1
接著線,1
有否,1
因保證,1
金太低,1
粉絲稱,1
花要,1
迷了路,1
凌雲墨寒,1
利潤快,1
一萬六換,1
一萬六買,1
泰迪熊,1
瑞確,1
包開戶,1
商當,1
錯會,1
取退,1
貨機制,1
費紙,1
拜房,1
林倩雯,1
社團販,1
物事,1
幫員工,1
萬代福店,1
店員將,1
或省,1
若過,1
戚出,1
談裝修,1
報導裡,1
勤創,1
瀚柏,1
之非,1
完後錢會,1
擔責任,1
來能,1
廠商轉,1
帳加,1
職進,1
同學間,1
不僅化,1
般驚覺,1
優選大,1
附詳,1
新榮門市,1
問技術,1
機非,1
商童,1
商鹿,1
位女,1
摺並,1
以到,1
亦查,1
梭哈,1
持對方,1
一雙夢寐,1
郭楊霖,1
水擇,1
交開,1
戶費,1
現後交給,1
林詩音,1
證誤,1
我放上,1
轉知給,1
需相應,1
最後投到,1
滑資訊,1
訊給,1
最後夢醒,1
戲大廳,1
它們並,1
華電信,1
傑之名,1
良中國信,1
法截,1
托後轉,1
將幣托,1
工林,1
此時始,1
一刀切,1
聯徵紀,1
不僅遊,1
迷馬上,1
繳交分潤,1
先換個,1
幣試試,1
騙小組,1
鄧姓,1
杜姓,1
卡幫人,1
鎮市場,1
音浪派,1
對館,1
氣安撫,1
裝傳,1
需補齊,1
盧楷鈞,1
師兼駭客,1
林昕嬡,1
肯帶,1
多無恥,1
徵才文,1
交約,1
扣後退,1
上人間,1
連被,1
法放人,1
因查證,1
卡經,1
泰達幣後依,1
提領入,1
能租,1
數十萬元還,1
幾萬元將,1
匯幾萬元給,1
方想將,1
碰卡,1
團中國區,1
須盡歡,1
開內容,1
潘小,1
辦實,1
然後那樣轉,1
當的還,1
說磁鐵,1
然後裡,1
開計程,1
客到,1
其實成,1
有並,1
許多專,1
健檢人員,1
愛話術,1
認識幣,1
覺後怕,1
常伴,1
隨投資詐,1
金時務必,1
家後其,1
作暱,1
方後其,1
微信條,1
筆會員,1
詢後此,1
證就點,1
總共來,1
購古幣,1
每枚,1
霓虹,1
底交貨,1
因轎子,1
白鐵架,1
彌補些,1
真實前,1
回一絲,1
自母親,1
給母,1
親確,1
災後補助,1
腦中滿,1
將九萬元,1
十萬泰達幣,1
分三張,1
貴樂園,1
轉完後想,1
碼聲,1
稱拓元,1
資材,1
拿還,1
費領取,1
做後對,1
世說,1
新語,1
指照,1
購達,1
紹庭,1
何寅生,1
文向,1
普濟殿,1
叫弦品,1
但傳,1
完之後人,1
藍顏清,1
王曉雪,1
王巡,1
已無法查,1
會高價,1
資格先,1
約定換,1
我若購,1
數後才,1
以微,1
信換,1
文後依,1
井及,1
高雄金,1
選後並,1
方能將,1
李欣恬,1
之人視,1
補兌,1
給其加,1
之人暱,1
購買蝕,1
日者,1
簡單號,1
宣傳應,1
援社,1
人小卡,1
臉書成,1
發文關,1
連結後點,1
卻察覺,1
獲親,1
柯語,1
宗教法,1
理法,1
確不斷,1
將投資金,1
三十天,1
九十天,1
全然不知,1
帶利出,1
曾授,1
金卡會籍,1
認神桌,1
還耗費,1
不剩,1
福裕,1
獎狀,1
事後靜,1
保證驗,1
只家裡,1
掃成,1
賣麗寶遊樂園,1
彈和加熱,1
開價大約,1
選別款,1
王姍姍,1
繳無壓,1
范麗麗,1
個許,1
視訊問,1
偵辦會,1
林韻銘,1
張姍姍,1
淘寶投,1
資平,1
善源,1
手花,1
還時間,1
陳珈並,1
魅力值,1
曾羿銨,1
越獄,1
收貝殼幣,1
制登,1
這幾則,1
超涼,1
恩妍,1
東興,1
小電風,1
掛牆,1
冰霧,1
抽紅利,1
透過昌,1
之後昌,1
帳密還,1
轉會,1
剛入帳,1
案要,1
給佯,1
項後就給,1
訂個貨,1
解命盤,1
內容後總覺,1
組樂高,1
攝價值,1
給父,1
親時,1
迷因幣,1
親友聲,1
過銀行驗證,1
願租賓士,1
店員建議,1
取詐,1
氣花,1
購合約,1
拿六萬元,1
名年籍,1
原房,1
區和價,1
告借,1
需實體,1
需交換,1
開通會員並,1
限及,1
妥後稱,1
費無法,1
阿薇訊息,1
退點,1
購買球,1
行系,1
彭之人,1
方質,1
盤後還會,1
組會議,1
無法當,1
先免,1
費圈購,1
著圈購,1
金額裡面,1
方融資,1
項即,1
舉辦貓,1
刮樂給,1
傑之,1
數之話術,1
點數代碼,1
光泰門市,1
前半年,1
有準,1
還本,1
緣分會,1
每聊,1
你訊息,1
騙話,1
别像,1
開限時,1
再來連,1
稱莊,1
經理彤彤,1
百貨萬物,1
一組佛,1
續丞豐,1
組佛,1
需轉接,1
元截,1
榆榆協助,1
方尚達,1
好後需,1
完幣後幣,1
商匯入,1
包資產,1
登記員張,1
雯加,1
異常須,1
元寶為,1
背後一涼,1
思怡見,1
給思怡,1
五萬元點,1
沒喝,1
連點數,1
強療效,1
我加購,1
販賣拔,1
抽紙,1
小風扇,1
動作錠,1
前緣,1
新勝利門市,1
創造機,1
警員去,1
以交換,1
方渡過,1
並於事後會,1
萬元紅,1
稱不記,1
齊現,1
資產的關,1
財不會,1
傳遭,1
楊麗娟,1
大虎,1
中攔,1
截無法,1
數金額還,1
並盼,1
天童,1
微針,1
網址雯雯,1
竊盜,1
傳訊並,1
簡訊問,1
當連結,1
瀏覽遊戲,1
何專員,1
窗整,1
打電視,1
問暖後將,1
大不太會,1
答覆請,1
轉虛尼,1
證才成,1
接續驗證,1
投資靈,1
包遲,1
手張,1
東莞市,1
資產持續,1
募協會,1
口見面,1
商港,1
還領過,1
包後兌,1
投光,1
風之湧動,1
他編,1
會員數,1
元無人機,1
開通員,1
結後系統,1
獲此類,1
帳詐,1
幫名,1
義威脅,1
帳工資,1
祝市場,1
何確,1
流會,1
獎連結,1
繳繳,1
納金才,1
驗資金額,1
分站,1
且點,1
競標後得標,1
須審核,1
方審,1
核來,1
發售文,1
主向,1
並統,1
團員有,1
愈怕,1
幾萬顆,1
來後告訴,1
枕要,1
職有,1
文玩,1
泰國代購,1
軟借,1
定訂,1
單需,1
代為領,1
銀杯,1
轉贈給,1
方連線,1
那通視,1
手軟,1
支酒,1
進不錯,1
大崎,1
曾志強,1
涵給,1
利享,1
靠團購,1
時天,1
群進行,1
通話講,1
那裡会,1
领卡,1
欺騙者,1
宣戰,1
壯陽丸,1
成分表,1
裡面連,1
包東西,1
還飽受,1
真實轉,1
般憤,1
空虛交錯,1
鄭佩瑩,1
沒疑問,1
會願,1
師沒有,1
辦法變,1
太不順,1
求神,1
弘玄師傅,1
給結緣,1
弘玄師,1
傅又給,1
弘德法師,1
佛串,1
一邊轉,1
清書籍,1
遍想,1
那根,1
勇攀高峰,1
天奇,1
劉俊麟,1
便車,1
夾著,1
送天,1
李佳瑤,1
幣才行,1
曾暉,1
語背,1
發小編,1
產銷,1
正泓,1
臨櫃用,1
領盛國際,1
連續詢,1
問無果,1
連範例,1
賣家產生,1
代寄卡,1
時裝序號,1
台幣存,1
包發放,1
日與幣商,1
振結果,1
一人限取,1
許慈恩,1
意承擔,1
專用後備,1
箱防護,1
拆機費,1
紫米,1
梵團,1
若現,1
小抄,1
紀雅君,1
故未經,1
騙橋,1
林聖洗,1
王輝,1
稱分案,1
存錢給,1
稱開通,1
蔡歡歡,1
先能,1
因結,1
辦喪禮,1
經洽詢,1
晴蘭,1
女加,1
雲童裝,1
團媽,1
個樂樂,1
該學,1
脫坑,1
擴大處理,1
之後買,1
老油,1
看風,1
許依怜,1
為代書,1
李嘉宜,1
妥好,1
價格後匯款,1
惟匯,1
金後欲,1
稱黃甫極,1
圖故,1
主機版,1
夏樂季,1
行動社,1
假上傑,1
假富,1
假宏,1
之協會,1
因遇,1
妻小,1
脆上,1
張鈺婷,1
商談們,1
麗貝樂,1
噓噓樂,1
金貝貝,1
成員林,1
現動,1
號中華電,1
張志華及,1
來分,1
創投風,1
獲利轉,1
炒栗子,1
佳靜招,1
問題賴,1
照供,1
劉哲豪,1
真穩,1
機會點,1
恩澤,1
空還,1
購買免,1
稅品,1
還沒高興,1
殺肉區,1
被頭,1
的債,1
開得算,1
區裡面,1
這麼帥,1
回群,1
組問,1
咚奇,1
剛蕉力,1
已導致,1
奢華滋養,1
元大和華南,1
劉芝,1
之人還,1
初依,1
證券員,1
貸驗證,1
警員張,1
桿旁,1
電話過,1
做得還,1
下波,1
說會代為,1
燒香,1
網銀即,1
邊玩邊學,1
開價七萬,1
驗貨後再,1
織品,1
帳者,1
投郵局,1
及求證,1
經選區,1
許麗蓮,1
需時,1
吉得堡,1
趨強,1
貸加碼,1
獲利共一萬,1
接著怡,1
品翰及,1
出麗寶樂園,1
內之電子,1
十萬多給,1
將於週,1
便出,1
現線,1
提予,1
泡泡糖,1
共三萬六,1
永達,1
匯美百貨,1
專廣告,1
證覺,1
之後兩人加,1
思阿萱,1
林純安,1
布達,1
方參,1
人數僅,1
順便驗,1
站台,1
稱曉曉之犯,1
權漲,1
零一萬,1
經濟話題,1
群應,1
徵後以,1
每篇,1
一有關,1
王智傑,1
則須,1
辛謙,1
號頻,1
洞內,1
排休,1
排並,1
王雅惠貼,1
立公證,1
善循,1
環商業,1
總監加,1
沈亦凝,1
問秀珍,1
維他,1
笑看人生,1
稱其高,1
簽名後得,1
無標示,1
日欲領,1
性訊息給,1
給小良,1
此團,1
購主詐,1
秘辛,1
慧不僅,1
詳細情,1
節皆陳述,1
現決定,1
對吳,1
生殖,1
制個,1
酒況,1
投資旗號,1
名聯絡,1
願用,1
的經,1
頭橋,1
地卡關,1
之後找,1
中九張,1
聯發科,1
法盛,1
工名,1
星界,1
倉售,1
別人少,1
遠比金額,1
語變,1
李大奔,1
經近,1
宮擔,1
任道,1
宮詢問,1
源道,1
網銀打,1
切到,1
四點會,1
徐秋語,1
賣涼,1
感內衣,1
金交還,1
點共計,1
領碼,1
方介紹並,1
費作罷,1
貨運以,1
帳戶後遲,1
文政,1
想學當,1
教選股,1
一則詢,1
無訂位,1
位資訊,1
匯錢來,1
李夢靜,1
我會當,1
面幾天,1
夢靜,1
葉冠緯,1
大觀,1
紀錄表,1
電商業務,1
做購,1
楊雪婷,1
雪婷情,1
後帳,1
續費才領,1
堅持還,1
而陳默謙,1
低受,1
故找,1
珠寶集團,1
然後珠,1
原石購,1
均分,1
購靈,1
前後不太,1
這張紙,1
指環,1
車掛,1
物有所值,1
霏婭,1
投幾十萬元,1
之誼,1
約定面,1
日向區,1
方拿來,1
並未表現,1
出異狀,1
打死,1
顯無,1
攤買,1
明先轉,1
沒錢過,1
錢後態度,1
沒錢會,1
問帳號,1
連車子,1
裝先,1
頻道給,1
斤斤,1
紅一筆,1
還簽訂,1
實守,1
費和驗證,1
賣格蘭,1
中無處,1
票圖,1
高風險區,1
資訊會員,1
來慘,1
專小編,1
快回到,1
叫小強,1
誇口會給,1
萬當感,1
謝金,1
換地點,1
交運費,1
數字驗證,1
過歐元,1
繳錢會,1
一筆點,1
數卡費用,1
價三萬元,1
開約定,1
經初,1
圖卡給,1
跟裕富,1
是裕富,1
將超過,1
分售,1
貨寄錯,1
定義為,1
實退,1
貨有誤,1
費全額,1
看遊戲,1
只賣給,1
轉兩萬,1
抽中七萬,1
經算,1
做紀念冊,1
商務人員,1
新畫面,1
假粉,1
條路,1
酒醒,1
市掛,1
過抖,1
沒鎖,1
機後盜,1
醉酒,1
時後面,1
數卡補,1
相關律,1
師處,1
見名,1
一塑膠,1
外罩,1
墾丁有,1
則僅,1
藍雲斯噸,1
大瓶,1
包檳榔,1
電至元,1
一波詐,1
鄭明尚,1
小熙,1
張芮熙,1
資中,1
簽之鉅額,1
送告,1
偉東,1
在連,1
人後面,1
過所謂,1
誰給,1
原電話,1
借的債,1
蛋種,1
地湊,1
資訊智,1
選團,1
唐說,1
最開,1
投資奇,1
近六萬塊給,1
地訊問,1
良以,1
一萬能,1
工廣告,1
代組裝,1
頭便,1
整輩子,1
蔡柯可,1
以當作,1
商傳,1
商辯,1
將押,1
標金轉,1
醫美行業,1
管會陳彥,1
結必須,1
致電話,1
賴志偉,1
可看,1
琴譜,1
稱超級,1
楊光,1
王雅惠,1
結後即,1
致系,1
由聲,1
李婉茹,1
劉倚廷,1
可針,1
始可申,1
二寶推車,1
家慶,1
明金流,1
細故,1
手拿存,1
辦資金,1
可交貨,1
貨後有,1
貨後將,1
蔡一,1
動彈,1
關於化妝品,1
孫嘉妤,1
許多虛擬,1
幣需,1
橄欖店,1
搞完,1
開黃金,1
琬婷,1
新電影,1
隨後截,1
卡則,1
叫旭新,1
旭新,1
隨後傳訊,1
巧涵,1
江中,1
卡若,1
認識此,1
完後寄了驗,1
出後中,1
經櫃台,1
贈出,1
富澤信,1
購買安博,1
羚羊,1
推廣員,1
推廣過,1
維護修,1
面經,1
時光雜,1
證密碼,1
變兩筆,1
聯絡雯曦,1
點一個,1
小量,1
林芯羽,1
價後談成,1
蘆薈,1
打掃得,1
預先購,1
清潔時,1
駕駛下,1
客有,1
劉夢瑤,1
許詩詩,1
價給,1
文傑用,1
楊昱霖,1
百轉,1
千回,1
不睦,1
之後經詢,1
煥昌,1
懶貓,1
免審查,1
我碎,1
劇院,1
帝瓦,1
盛豪,1
出金須,1
須聽,1
買夏樂,1
季音,1
樂會,1
事後心裡,1
實超,1
張心,1
怡發,1
幣必安虛擬,1
靠枕,1
認設,1
備並,1
發利潤,1
經信賴,1
蜃樓,1
證情況,1
轉帳還,1
人無意間,1
著煥然,1
開工日,1
佔點,1
初前,1
貓咪還,1
著四筆,1
便義,1
以帶領,1
終於幸,1
運之神,1
以一種,1
上放著,1
調明細,1
先匡列,1
算爭,1
公開講,1
先後總共,1
討論養,1
辦業者,1
當禮物給,1
延遲察覺,1
舊識名,1
將於日,1
統攔,1
截訂,1
實身,1
分解,1
郵局劉,1
須資產,1
卡凱,1
繳交後要,1
所凍,1
結之金額,1
林智華,1
之後雷,1
標後便,1
擔負,1
負款,1
日欠,1
繳期,1
二收,1
對化妝品,1
故詐團,1
買件,1
繳交不出,1
將未,1
組惡,1
以話術線,1
建工,1
禮會,1
其兒子吳,1
雨欣介紹,1
月網,1
該傭,1
海島,1
元訂定,1
綠棧,1
筆下,1
莊文祥,1
始進,1
行求,1
職內,1
容諮詢,1
購且,1
出幫人,1
按下變,1
更載,1
消費二筆,1
這驚覺,1
去後轉,1
還訊息,1
完飯點,1
包實,1
包沒,1
兒子還,1
回房,1
消費化妝品,1
並等,1
取塔羅牌,1
欄才,1
向羅木笙,1
雄武,1
聖店,1
江姿穎,1
我運費,1
約定款,1
方亦將,1
智創,1
劉志,1
澤彬,1
佳蕊,1
太大會,1
投資話術務必,1
必多查,1
貨則,1
代購者,1
已經覺,1
繳交機,1
給保險員,1
單純繳,1
業務無關,1
他後將,1
標會員,1
販售代尋,1
幅藝術,1
畫品,1
票務代碼,1
賣家拉入,1
搜尋登入,1
友吳,1
需球,1
連汽車,1
渙散,1
完台,1
搜尋財政部,1
調門檻,1
留電子,1
異常得,1
隨之變動,1
誣賴,1
兩副耳環,1
會不諒,1
小早,1
尋玉,1
買玉送,1
價後變,1
文對,1
具條碼,1
號輸,1
張曉敏,1
顧問婉,1
法順,1
利升,1
級成,1
售貨,1
出資團購,1
其賴,1
故幫,1
領育兒,1
轉賣納,1
港墘,1
簡訊截,1
最後應,1
花蓮煙波,1
聖境,1
幻化,1
見仁見,1
廣告會,1
轉介聯絡,1
貨之線,1
結之話術,1
藍籌股,1
台灣證,1
交所的網,1
點陷,1
領近,1
收錢後現,1
送現,1
中大約,1
那表,1
包的代,1
滿約,1
手賤點,1
貨幣供,1
整個給,1
痛一波,1
暢飛,1
影重,1
連材質,1
沒說明,1
其餘三萬元,1
借王,1
準確訊息,1
缺工讀,1
日有匯,1
幾百萬現,1
連夢想,1
公園後門口,1
腦地問,1
神過,1
之後退還,1
任務將,1
更意識,1
解鎖群,1
組資格,1
動就會,1
吸力,1
氣和滿,1
滿教訓,1
輕淨吸,1
塵蹣刷組,1
南竿統,1
貨頁,1
正規網,1
過委,1
著是,1
職權關,1
簽比賽,1
賽失敗,1
太多化妝品,1
娛樂粉,1
個群,1
冷風機,1
懸而,1
未決,1
啟動碼,1
虛無飄渺,1
請外,1
送員將,1
喬時間,1
檢王,1
舊護照,1
轉至林,1
玉珊,1
發貨至,1
砸碎,1
並影響,1
維上,1
韓瑋軒,1
正待業,1
冠宇幣,1
圈小韓,1
則詢問,1
方碩,1
稱卿,1
李清筱,1
楊俊滔,1
心相連,1
通收,1
局人員來電,1
現戶,1
名劉,1
轉運費給,1
然後我轉,1
申辦驗,1
李悠,1
采辰,1
寶寶金,1
計局,1
中私訊,1
方主業,1
將卡寄給,1
接號,1
那當天,1
兩個還,1
四維公園,1
店裡問,1
萬元馬來,1
收折,1
經回顧,1
假時,1
方無止,1
費開,1
付費開,1
升級後網,1
因重,1
相關聯,1
臨櫃劃,1
撥及,1
詐團用,1
軟體常,1
案底,1
裡面講,1
檢定,1
我裡,1
領航當,1
冷氣壓,1
縮機,1
神後才,1
太嚇,1
卡奉,1
達人帶,1
救資產,1
看海產,1
從產地,1
魚都,1
減抵,1
故重,1
慧嫻,1
林心瑩,1
拍港幣,1
定代購,1
叫馬龍,1
冰激凌,1
示要,1
劉俊昌,1
傳電子票,1
遞寄實,1
能輪,1
回會,1
區鼎泰,1
伯昌,1
滿親切,1
果凍,1
李雨浩,1
白欣韻,1
不衝,1
還很乖,1
票卷給,1
竟回,1
主動詐,1
輕背,1
啟一個,1
邱小夏,1
獲利換款,1
方業務員,1
禮給,1
組壁,1
拿來還,1
萬多過,1
之後賣場,1
趕快繳,1
神隊友,1
結果員警,1
即得,1
現後認,1
點擊訊息入,1
有賴群,1
因認,1
車頭店,1
購買名,1
銀防,1
經營電,1
貨款並,1
轉這筆,1
明後天會還,1
義介紹,1
借據並,1
為六個,1
來責,1
顯示並,1
改通訊,1
買物,1
電打給,1
不動產權,1
狀補發,1
超愛玩,1
皮膚序,1
講說現,1
完不補,1
刮樂獎,1
金七萬元,1
挑來,1
正想試,1
著理財,1
柴火,1
連結接,1
拍爛,1
清代,1
將於國際,1
可望,1
對後確,1
有底,1
並聊及,1
關並,1
點數點,1
天貴,1
定假,1
叫羅,1
小幣,1
李天武,1
裡協助,1
小迷妹,1
李木,1
超後怕,1
威江,1
麗梅,1
幾筆貨,1
發求,1
傳渠,1
日後人,1
鍵銘,1
區馬路,1
屋舍,1
板院,1
司執,1
介其,1
招代,1
戲代幣,1
當下答,1
方周邊,1
手伴,1
轉工,1
著想續,1
留台灣,1
上亨門,1
青協會,1
許多會員費,1
維護會員,1
太主動,1
東港家裡,1
一儲值,1
需聯絡線,1
人員後以,1
著家長,1
小丹,1
資金回,1
一個轉,1
還打擊,1
小卡寄給,1
出後顯示,1
作實明,1
為江,1
因王,1
問詢,1
比不信,1
號斷,1
開通業務,1
一點活,1
懸崖邊,1
要你命,1
他點頭,1
好的戲,1
一槍,1
賺五萬,1
朱老師,1
養出,1
局才,1
著面,1
那貼,1
文配,1
敢點,1
我連查,1
意點,1
滿關,1
進電子,1
還很環保,1
換貨幣,1
裡憤,1
怒極,1
叫陳霖,1
潘經理給,1
需該,1
線現,1
將幣換,1
鏈路,1
屬協議,1
顯不彰,1
之五萬元,1
區人,1
人游,1
嘉杰,1
詢來,1
稱其手,1
做化妝品,1
不太感,1
進得,1
則交,1
投資若過,1
因高額,1
許交換,1
電煮鍋,1
象隊,1
好康時,1
販售易,1
進之款,1
專員非,1
友後加,1
損才,1
救人一命,1
勝造,1
七級,1
浮屠,1
出來過,1
數據代操,1
渠國泰,1
老師長,1
期以,1
將這樣,1
認證台,1
便化,1
因租約,1
職已,1
滿缺,1
網才,1
巧蓉,1
彩妝店,1
林嘉駿,1
狂奔,1
台中場,1
祥之人,1
邀到,1
惟雙方將,1
現白框,1
分國,1
想越,1
事駭客,1
共幾枚,1
這像,1
王士榕,1
落後別,1
報列,1
伊人,1
神往,1
美夢醒,1
週給,1
訂後便,1
拒不退,1
欺且,1
利威,1
中公開,1
以營,1
見能,1
轉換幣種,1
解凍入,1
購物系,1
過買家驗證,1
音正經,1
資產之類,1
只想證,1
還定,1
快處,1
小歆,1
李曉曉,1
方榮久,1
勞資顧,1
問師,1
七堂,1
課程裡,1
幾十萬轉,1
主購,1
買涼,1
感長,1
一相關,1
該長,1
條運動,1
不會通,1
然後名,1
林麗惠,1
趨緩,1
楊浚暉,1
坤力,1
然後又傳給,1
走後盜,1
親輕搖床,1
邊床,1
內建訊息,1
陪你到,1
推擠,1
匱乏,1
貧血,1
藝研習,1
吉以,1
卡娃,1
個小訂,1
轉由地,1
偵辦須,1
怡蓉及,1
說資,1
人員親,1
雙方往,1
王曉燕稱,1
王曉燕詢,1
上楓,1
辦理宅,1
配金流,1
鞍側,1
比百貨,1
依包,1
登記來,1
冷氣卡,1
跟餅,1
語語氣,1
開始面,1
增額度,1
介紹辦,1
修道,1
天師級,1
顯靈,1
燒紙,1
貪圖網,1
一邊還,1
缺一點,1
思量,1
方會馬,1
開價要,1
瀏覽球賽,1
時間終,1
包人員,1
創建網,1
過社,1
路外,1
擬幣並,1
對宅配,1
祖郵局,1
國陽,1
法顏蔻,1
血煥能,1
童顏,1
林華恩,1
機關諮詢,1
滑得,1
連像樣,1
理貨中,1
芸賢,1
始視,1
碼什麼,1
更多筆,1
過一萬,1
換頻,1
試買,1
快答,1
用劃,1
網論壇,1
金錢觀,1
有共識,1
網站當,1
調領,1
想買支,1
錢白,1
付一點點,1
直飛,1
還沒補齊,1
雄獅,1
電商來,1
機盜領,1
點其,1
經我求證,1
成員進,1
墨爾本,1
認識賴,1
賴民當,1
桌次,1
一間燒,1
依賴民,1
東有,1
向大股,1
東詢問,1
賴民詢問,1
其討,1
要後續款,1
賴民便,1
我民眾,1
稱團隊,1
媽媽黎,1
共萬元,1
爺派,1
真兒子,1
商貿及,1
班忙,1
著備,1
愉倩,1
林大寶,1
裡扣,1
漢華門市,1
單裝盒,1
店員寄到,1
媽剛,1
尾講,1
科為,1
將庫,1
新封袋,1
個款,1
園際,1
綱站,1
俊揚,1
毫無疑點,1
容忍,1
出金畫,1
字會動,1
可結果,1
張科長,1
組李,1
林隊,1
進金錢,1
對裡,1
亂開,1
人寶貝,1
保護著,1
麻煩加,1
花蓮車,1
補步驟,1
轉九萬塊給,1
一絲窩心,1
應者,1
點不太,1
榮門市,1
區以,1
客慶祝,1
犯設,1
錢視,1
劉紹華,1
實務,1
只慶幸,1
伸進,1
最熟,1
嫌麻煩,1
活動後申,1
交依大陸法,1
規規定,1
幣好,1
楊捷,1
茹並,1
發生詐,1
頻發生,1
還完後並,1
其詐,1
平球員,1
閔瑄,1
牛王,1
士元供,1
何網,1
加吳,1
官及,1
稱陳長,1
聖弟,1
稱為政,1
之機構,1
卡元大,1
方瑋翎,1
透入,1
接著進,1
啟鏡,1
頭後畫面,1
保屏,1
龍揚門市,1
稱產能,1
以微信,1
琬智點,1
人員撥,1
指導黃琬智,1
中黃民不疑,1
民又詢,1
民將,1
詳筆錄,1
乃為,1
周郁,1
燈頭,1
損價,1
服務寄貨,1
維中獎,1
時後私,1
對方重,1
須先匯,1
佳藝,1
李世宏,1
故不記,1
此購,1
及額,1
總購,1
明磊,1
補一萬,1
田軍改,1
林志凱,1
李汶蓁,1
旅宿業者,1
王儒恩之人,1
唯壹,1
職聯名,1
惟點,1
截圖元,1
恐無法,1
其作業將,1
洗高,1
瑞氣,1
盈門,1
約十點,1
賣貸,1
亞茲子,1
緊急業務,1
風吟,1
因為幣商,1
匯大,1
上主動視,1
國外念書,1
連學費,1
盜刷來,1
反應夠,1
怡文,1
同地點,1
牌售,1
出卡牌,1
茶會,1
紅利作,1
樂瑩,1
這太可惡,1
最後越,1
次序,1
還把序,1
回歸陸,1
麥克單,1
品團,1
稱亞馬遜,1
蜜餞,1
並将,1
佳承工廠,1
張曉瑜並,1
稱欲匯,1
張文彬會,1
老協珍,1
拾穗,1
及廣納,1
宇彤,1
座席,1
稱宛,1
先開會員,1
人員林華恩來電,1
警員林士弘,1
憲偵辦,1
憲便,1
李敏珺,1
金額級,1
郭達,1
會靠,1
片補助,1
金名額,1
內建市,1
規範遭,1
幸經,1
張貼關,1
獲無法,1
那項,1
大額驗證,1
遇記,1
文頁,1
錦錫告,1
訴群,1
指次,1
元金幣,1
現發貨,1
賴賢賢粉,1
一寄來,1
上小超,1
沒幫過,1
來頁,1
郭大維,1
信科,1
單解,1
滿貫,1
持久,1
雙開,1
日寄來,1
蘇子,1
警車,1
方能後續,1
期間過,1
好後依其,1
組發現,1
大建,1
理鴻仁,1
領了還,1
動裡面,1
天後用,1
金當作,1
叫陳雪嬌,1
可遠端,1
鄭典明,1
養老院,1
花藝訊息,1
拍張,1
出國外,1
多盒,1
伸入,1
著省,1
進電信,1
保證前,1
回應模,1
成無奈,1
單煩惱,1
紅色網,1
貨錯誤,1
過通訊,1
發通訊,1
軟體訊息給,1
以後訂,1
明遊,1
驟實,1
雕興趣,1
和後怕,1
日後領,1
應徵司,1
機職位,1
以後求,1
最後沒損,1
購買獎,1
品並,1
郵局繳,1
保費時,1
最後冷靜,1
掛念著,1
近九萬元給,1
金錢訊息,1
因區,1
幣遲,1
先後跟,1
這投資能,1
賣蘭成,1
券應,1
割愛讓,1
傳電子,1
會現,1
猶豫加,1
東單,1
有大獎,1
轉運日,1
幸運大獎,1
張國鑫,1
失一萬元,1
想交給,1
網友間,1
開放配,1
櫻庭察覺,1
檢舉案,1
他單,1
國慶連假,1
渠新,1
欺之新聞,1
北岡山門,1
僅實,1
元事後驚覺,1
寒江,1
佩珍,1
人冠伶,1
高雄佛,1
公郵局,1
協助網,1
商推廣,1
實際領,1
時幣商,1
訂房平,1
恆春好,1
之訊,1
奶兇寶寶,1
報案訴,1
建材行,1
灣各種,1
轉儲,1
賣予,1
步出,1
輝在,1
張靜芳,1
近五萬塊給,1
壯志凌,1
網銀掃,1
清暢,1
減脂餐,1
卡充,1
完醫生,1
辦六,1
詩華,1
會員幫,1
組黃金,1
貨寄,1
會購,1
項越,1
搭計程,1
帳後準備,1
智遊,1
湯姆賢,1
優惠之類,1
組放車,1
上備,1
發釣魚,1
媽給,1
開通訊息,1
限動點,1
初為線,1
資金揮,1
缺票,1
專人諮詢,1
拆卡,1
拼卡,1
集運快,1
幣陸續,1
方傳票,1
前半晌,1
鋪底,1
持槍,1
上買過,1
然後熱情,1
幾組來,1
著小編,1
某礦池,1
管想,1
墊點,1
算不了什,1
隱藏版手,1
擴大銷售,1
樣用,1
但戶頭,1
入金進,1
君私,1
事具,1
合謀,1
接包裝,1
職人員會,1
也傷,1
一個鐘,1
購頁,1
賣貝果,1
特快,1
彩金會,1
超發文,1
蠻多,1
運營案,1
由虛擬,1
當勞交,1
玫瑰色,1
黑絲襪,1
續諮詢,1
預訂給,1
趁火打劫,1
大不大,1
終究心,1
需歸,1
還一萬,1
行請,1
連退貨,1
日式,1
破壁,1
豆漿機,1
簡俊松,1
利口,1
以風力,1
發電為,1
因無台幣,1
鎮買,1
返國辦,1
萬全用,1
玉門門市,1
去門市,1
連取貨,1
賣家樂,1
包截,1
贈訊息,1
可交錢,1
取成,1
強調票,1
李向前,1
該基,1
年利,1
時匯率,1
德盛,1
美熙,1
可代換,1
謝穎,1
山景,1
酒盞,1
杯店,1
加拉,1
霸機,1
指動,1
李世傑,1
世文國際,1
隨後將款,1
而後挑,1
訂金後再,1
當致,1
入金後照,1
接獲市,1
衝訂,1
單可獲,1
享高額,1
進入後過,1
以維修,1
賣家後賣家,1
項透過,1
換虛,1
自助式,1
接員,1
安裝後冷,1
氣師,1
傅稱,1
需訂,1
購冷氣,1
並當天,1
付冷氣,1
巷底,1
小緊,1
以放,1
公休,1
受親,1
友委,1
並親友,1
憂照,1
雲舟,1
幾堂,1
延後上,1
對方後向,1
萬元後無法,1
並可入,1
惟入,1
群後續,1
辦裡,1
超商來,1
電就來,1
偏瘦,1
信謊,1
先駕,1
昏市場,1
達後犯,1
車後即,1
黨詐,1
近千萬,1
已點點,1
來萬元,1
輕淨,1
吸無線,1
五豪華,1
毛刷,1
扁吸,1
吸塵,1
嫌現,1
貨圖片,1
士官,1
有優,1
外國的將,1
李億,1
隨後傳連,1
化繁,1
出金延遲,1
我代發,1
通話後才,1
相約用,1
銀有,1
之短,1
費等話術,1
保津,1
已交地,1
流用,1
投資貓,1
貓樂園,1
立勤,1
沒有律師,1
打個工,1
進貨金,1
投資圓謊,1
沒拿去,1
亂刷過,1
續匯,1
喬治,1
買家發,1
看剛,1
方當然,1
抽藍芽,1
梓強,1
聯絡驗證,1
組廣告訊息,1
哲稱,1
指導學,1
生代碼,1
保證過,1
審申,1
稱俊,1
五分之一,1
變成負,1
內補足,1
上無話,1
獎的訊息,1
再多問,1
扇子,1
別人以,1
美到,1
邊角,1
塞假,1
提假貨,1
心裡實,1
絕匯,1
目上,1
知錢剛,1
將違,1
一個票,1
貼業務,1
說業績,1
隆隊,1
官何,1
事後本,1
號進,1
名義而,1
調之後會,1
前後幾次,1
比無助,1
服勞役,1
常聊,1
幫閒置,1
點去過,1
課給,1
組文號,1
並承諾絕,1
他代訂,1
還能享,1
歡迎加,1
本所員,1
異常錯,1
賺者,1
方細膩,1
瀏覽關,1
收上,1
人房,1
報導此,1
原意,1
背後行,1
居心,1
項大獎,1
掛有,1
並稱還,1
一百六十四,1
群管,1
僅盼,1
刺過,1
家蜜,1
順利度過,1
只會算,1
計別,1
盡質疑,1
乾瞪眼,1
方許,1
芯嵐,1
先贈,1
王國賓,1
金羽,1
樂奇,1
吊隱式,1
宋樹立,1
封鎖後驚,1
之視頻,1
無資產,1
費減免,1
天銀行,1
赫區,1
健保卡和委,1
病紀錄,1
還發放,1
正榮隊,1
劉文瀚,1
微創,1
早午,1
用家長,1
現金買票,1
轉電話給,1
益盛,1
薛孝重,1
冰絲休,1
閒褲,1
詐騙廣,1
告假,1
氣下單,1
業主傳來,1
私約客,1
方皆為,1
多檔,1
啟且,1
更接,1
名幸,1
員詢,1
點選後自動,1
以持續,1
明至,1
臨櫃變,1
家電來電,1
張清雲主動加,1
我會卡,1
協助佑撈幣,1
及品,1
耳蝸,1
積分還,1
群組接,1
三關,1
關怎麼,1
試都過,1
充一點,1
終於打,1
指匯,1
給我卡號,1
當中繼,1
沒尾,1
老師確,1
用舊,1
投資亞馬遜,1
李宵婷,1
慕容,1
景天,1
麗珠,1
幻覺,1
愛包成,1
最多四個,1
點久,1
衝動成,1
一轉入,1
抽中十萬,1
李宏展,1
提金錢,1
一冒稱,1
經一,1
社團後驚,1
出共新,1
議論,1
日一筆,1
韋辰,1
理遠,1
元續,1
搶進,1
商玩,1
越氏,1
江寶儀,1
購有,1
辦健,1
商美,1
武門市,1
致電後無人接,1
盈瑞證,1
某自稱,1
涂敏峰,1
並經證,1
交所認,1
星瑞,1
與逸生,1
柯敏,1
學測,1
幼玲,1
一穩,1
屯至,1
吳書城,1
卡之後再,1
介紹當,1
陸明煊,1
打聯邦,1
出犯,1
將餘款,1
團販售,1
就並,1
匯錢當,1
面錢,1
關於罰,1
種生,1
基黃玉小罐,1
富邦信,1
貸林,1
已經委,1
台灣貨,1
瑞謙,1
車業務員,1
面買車,1
以員,1
主時,1
已通過,1
寶與微,1
信代儲,1
節後,1
蘇帆,1
貨幣訊息給,1
中庄,1
付泰達幣,1
必以,1
聯絡訂,1
名訂,1
項交,1
方之後音,1
裡防線,1
投資歡,1
但得標,1
由系統,1
以穩,1
金困,1
補資料驗,1
然後會分,1
桿下,1
中元節,1
鄰居察覺,1
完賣家,1
劉建國,1
印了,1
辭幫忙,1
一網紅,1
與音,1
裡沒錢,1
指將,1
卻話術,1
員之人,1
為景,1
林倫慧,1
心花,1
色色區,1
星夢頻,1
閃躍吧,1
蔡安,1
家學到,1
過後仍,1
楊曉蓉,1
開放守宮,1
連拍,1
說前,1
致電母,1
親後發現,1
假服務,1
梅雨季,1
機後再,1
相約楓,1
續鍵盤,1
費花光,1
機會終,1
某群,1
連跑,1
給阿傑,1
遭威脅經,1
前後就給,1
分捐,1
保護動物,1
啟賣場,1
還沒緩,1
給檢調,1
照信,1
重查,1
明采店,1
竹義店,1
張睿,1
取到貨,1
面介紹,1
鏡下,1
對方大約,1
錢惠珊,1
差和紅,1
宣怡,1
說會收,1
項撥付,1
行討論區,1
煙火門票,1
文賢,1
聽雨入,1
銘傳,1
淨化機,1
皮電到,1
用萊收貨,1
問收貨,1
高風險類,1
單銀行,1
高嘉偉,1
今要,1
為婉晴,1
道線,1
查長,1
入後申,1
內之金額,1
林政翰,1
開賣貨,1
圖確,1
須檢驗,1
緬云,1
露馨,1
額數據,1
無法變,1
持該,1
並據,1
所生,1
訴追,1
求權,1
新浪,1
更聲,1
證就誤,1
獲利共新,1
職之名,1
義騙,1
林志忠,1
家調,1
商點數,1
收據還,1
備繳,1
爆高,1
日舉行,1
初語,1
周宗良,1
姜初語,1
抽大額,1
分一點,1
最後連讀,1
牌的網,1
抽高額,1
召開,1
股東會議,1
獨資,1
稅務資,1
證快,1
目表,1
啟約會,1
床要,1
查貨物,1
資退還,1
我卡在後面,1
力智網,1
美妝星樂園,1
琳妲,1
二彈,1
方九點,1
方之手,1
還點入,1
儲值後給,1
花錢給,1
先轉換,1
很浮,1
趴中,1
配系,1
什麼績,1
財產送,1
萬芳捷,1
智盟貓,1
前後後見,1
付年費,1
中點入,1
測試幣,1
將超,1
商連結,1
進後卻,1
人份,1
統問,1
想紀錄,1
進貨要,1
多麻煩,1
改改,1
項都轉,1
取貨連,1
審查驗證,1
著缺,1
小慶祝,1
查著查,1
方鎖定,1
時分匯,1
金和擔,1
一彈,1
浮玉事務,1
開心收,1
健馨,1
有禮品,1
金寄到,1
金管會查,1
機表現,1
管會發,1
顧得,1
幾元過,1
取貨金額,1
電產生,1
近七萬元,1
學會面,1
繞畫,1
禪繞,1
大愛隨行,1
裡氣氛,1
尊稱,1
示誠意,1
蠻風趣,1
吳明浩,1
調來,1
聯絡匯,1
點強,1
迫式,1
今後購物,1
這能給,1
以困,1
出營區,1
灣和,1
甜橙,1
榜產品,1
而點,1
碼後輸入,1
筆馬幣,1
氣旋式,1
吳鍇源,1
認識後以,1
美妝有,1
傳加,1
依內容,1
地大門,1
自稱律,1
可討,1
交換賴,1
不買給,1
連紅章,1
員多,1
相聊過,1
出國遊,1
非長,1
養心悅養,1
生閣,1
日談妥,1
因風,1
控機,1
福加,1
一小半,1
日與網,1
徐男均,1
還多餘款,1
徐男稱,1
之媽媽,1
親何,1
恩芳將,1
隨後我母,1
親用,1
處連,1
勞約定,1
卡擺,1
專人拿取,1
並短,1
況對,1
回測試,1
詞鼓勵,1
西區民權,1
條件極,1
換區區,1
擔保時,1
因為川普,1
林翊婕,1
一百七十四,1
模範獎,1
疑問務,1
是雯,1
繁華似,1
稱蘭陽,1
日後請領,1
向心,1
海德堡,1
一藍芽,1
惠中門市,1
之售,1
米魯門市,1
稱保險,1
華科長,1
立維傳給,1
號後方,1
充電站,1
立貸,1
宅立,1
相聊後遂,1
海派,1
前址,1
交談代,1
改約面,1
關票,1
皮會員,1
過不去,1
高鐵台,1
師打,1
爭回,1
金須將,1
賴禾,1
能控,1
稱陳晨,1
蔡偉成,1
稱小物,1
木花,1
出金等情,1
內裝箱,1
經分,1
採茶員工,1
組中會,1
雄營運,1
故當,1
高價賣,1
青斑,1
尾組,1
一組要,1
魚龍骨,1
阿根廷,1
總共再付,1
批貨詐,1
退貨無門,1
飄帶,1
團主換,1
萬餘元款,1
飛匯,1
亞承,1
台快,1
終沒接,1
事後聯絡本,1
學到網,1
單任務,1
臉書廣,1
告送,1
活動後期,1
手並,1
還沒醒,1
省出,1
帳戶授,1
演到,1
時代人資,1
領三萬,1
地連,1
名義做,1
運虛,1
楚生,1
主用,1
往錯,1
已達納,1
稅門檻,1
不補繳,1
書想,1
東想,1
西想,1
自長,1
代幣當,1
熟長,1
輩間,1
成員透,1
同好網,1
稅資料裡,1
總共想,1
方地算,1
侵權,1
太遙遠,1
幾本書籍,1
豐連結,1
獲利八到,1
就存,1
作撥款,1
轉賣訊息,1
一進家門,1
闖空門,1
小錢試,1
解鎖驗,1
還不貴,1
那三組,1
翎板,1
筆代墊付,1
單計,1
自動理,1
先幫忙轉,1
經交,1
將資料給,1
增碼,1
富途,1
白邊,1
約民國,1
週一至,1
義誘導,1
債保,1
如欲參,1
需依其,1
搭話並,1
灣地區,1
經社,1
親屬關,1
僅能匯,1
綠迷,1
證書越,1
竟澤一,1
施虐,1
面後就還,1
金城武,1
新驗證,1
我連轉,1
外殼換,1
連安裝,1
還沒交給,1
嘉麗,1
楊梓晴,1
色約,1
施宜,1
還沒滿足,1
這一想,1
加加,1
總總轉,1
拍袋,1
等司,1
裡於,1
其為代,1
內資產為,1
英一樓,1
證和訂,1
還轉入,1
和婷,1
療養費,1
過婷,1
媽告訴,1
出小時候,1
處理臨,1
趕火車,1
似有,1
花蓮玉里鎮,1
三組手,1
處門市,1
並加購,1
詢後撥,1
屋人數,1
我想排,1
還沒備,1
林勝明,1
進軍美股,1
燕紫,1
外退,1
康婷,1
當我質問,1
李小輝,1
時內取,1
掃碼給,1
講價格,1
確對方,1
優優,1
兒送,1
防破,1
損費,1
描二維碼,1
開發費用,1
何變,1
耳鳴產品,1
需裝修,1
履約須,1
最後至,1
元後發,1
之谷懷,1
舊服,1
瑞希,1
不藏,1
地陷,1
很密,1
問我會,1
某不詳,1
安與幣,1
分兩期,1
已還,1
門號案,1
宜蘭鎮,1
平宮,1
交調查,1
證已,1
綠川,1
橋上,1
似罰款,1
轉兩萬元,1
方多會,1
牽連為,1
搜尋資訊,1
爆掉,1
敬畏,1
最後親,1
帳號系,1
專租賃,1
其退,1
便還,1
面供,1
完之後之後顯示,1
許課,1
行來,1
跟方,1
潔所,1
重酬,1
計劃案,1
支賣,1
如欲將,1
元方得,1
激鬥峽,1
谷線,1
騰的,1
林安騰,1
定匯,1
還傳來許,1
說神,1
國際網,1
中華資,1
毓婷,1
豪說,1
焚天,1
邪神,1
之後再問,1
貼主,1
裡選擇,1
越假,1
靜宜彩,1
擬幣給,1
鞋資訊,1
大庫,1
幸運終,1
及馬來,1
西亞有,1
卡海關,1
談勝歡,1
怡之人,1
資訊後確定,1
聯絡鐘,1
榮總藥,1
出費用,1
打鐵鍋,1
及鍋,1
單贈品,1
且鍋,1
具顏色,1
購買鍋,1
具並,1
贈贈,1
品鍋,1
關其,1
先融,1
筆融資,1
作為給,1
很振奮,1
一幫,1
一人聲,1
補助且,1
我後知後覺,1
艾波,1
這台整,1
器壞,1
著受,1
帳號代,1
進假網,1
問卷裡,1
講批貨,1
回傳畫,1
好詐,1
登記成,1
還很感謝,1
標榜來,1
機特價,1
防爆,1
開發票,1
壓管,1
名義啦,1
動產資產,1
文聊師,1
那個幣商,1
包後沒,1
力智電子,1
組後要,1
還剛剛,1
返鄉,1
學有,1
老面孔,1
前匯,1
凱基網,1
交申,1
報金錢,1
繳交稅務,1
大的後果,1
這緣分,1
沒氣,1
費驗,1
訊息安撫,1
給我虛構,1
閃電劃,1
破天際,1
將黃金換,1
上小有,1
出交貨,1
擊後出現,1
最後偉,1
卡協助驗證,1
帳匯款,1
隨後又轉帳,1
幾次類,1
鄭醫師,1
包訪問,1
思研,1
送育,1
位員工,1
親自傳,1
加意,1
方會教,1
費應援,1
因未簽,1
小服,1
誤踩,1
蘇澄,1
做生,1
消費達,1
科普,1
古天樂,1
揭超,1
共攔,1
張昭升,1
許後發覺,1
條魚,1
檢查碼,1
以擔,1
如帳,1
面承諾,1
項累,1
積過,1
勞嘛,1
有動搖,1
媽媽稱,1
屋頂並,1
勝豐,1
給我媽媽,1
阿偉主動,1
籌現,1
以後系統,1
芳香,1
筆和一塊,1
組銘仕,1
林郁芳,1
賣唱盤,1
乾煜,1
款線,1
羞羞,1
傳上,1
懶得記,1
吳志諒,1
告家婕琳詢,1
包後依,1
惟申,1
貓密,1
星幣換,1
帳戶照,1
李夢欣,1
建一個,1
了筆,1
人耶,1
氣哭,1
明圖片,1
葉婷,1
四面八方,1
嚇歪,1
傾寒,1
教裝潢,1
成聊,1
兼黃金,1
然後再加,1
繳就繳,1
還沒買夠,1
吳浩,1
相關步,1
驟後才,1
載個,1
結果倩倩,1
粗算,1
裡超級氣,1
這班撐,1
臉紅紅,1
櫃那邊,1
然後很理,1
開罐,1
喝掉,1
偷東西,1
我守,1
脫序,1
人活,1
問票況,1
餘元過,1
拆團群,1
頭好,1
爛透,1
又衝,1
沒防,1
別群,1
組繼續,1
西格,1
有拉起,1
對幣值,1
願賣,1
一萬點數,1
張濱崎步,1
有大頭,1
有動態,1
以為過,1
不會防,1
理還,1
假成,1
連補助,1
丟進現,1
實裡,1
自生,1
自滅,1
稱安捷,1
江澄,1
劉天,1
竟錄,1
藍裕棠,1
說期,1
投虛,1
並允諾當,1
晚過,1
時後匯款,1
掛急診,1
小伶,1
還催得,1
鄧心,1
帳務關,1
如薪資,1
故相關,1
售售售,1
家園,1
柯總監,1
孔經理,1
管得嚴,1
異及,1
而後假,1
電子式,1
手環彩,1
王心,1
手燈訊息,1
交給經,1
當開戶,1
制區,1
故加取,1
中互,1
稱欲來,1
漢宮,1
果味,1
吸棒,1
叫陳婉婷,1
蕭宇良,1
美滿,1
法不實,1
吳書,1
城購,1
置物欄,1
龍之人,1
怡即,1
理財慧頭家,1
並聽取,1
意接,1
許甄芸,1
甄芸,1
我幣址,1
絕後才,1
通無顯示,1
北國家,1
通訊處,1
大張,1
加王,1
幾百萬要,1
林特助,1
交錢過,1
徵營位,1
找營位,1
狀驚覺,1
電視議,1
價後是,1
週到貨,1
生少,1
報所,1
藥和,1
醫藥費用,1
包裝用,1
警員有,1
過說,1
共六本,1
帆約,1
這六本,1
點自稱,1
李隊,1
區創,1
常對,1
戀愛學費,1
紀年長,1
消費且,1
內統,1
小菲藉,1
不動產並,1
先後總共收,1
號轉入,1
街求,1
號吳,1
分賣家,1
伸中門市,1
承諾代操,1
若虧,1
損超過,1
成退還,1
分至華南,1
認證後續,1
點開視,1
機車族,1
形燈,1
辦理養,1
泰銖資金,1
義東門市,1
裡又驚,1
那七萬元,1
撩動,1
證整,1
強推產品,1
前後後共付,1
評斷,1
切割器,1
終家,1
購物節,1
家電特,1
機覺,1
商費用,1
因傷,1
無水,1
來陽,1
貼文後私,1
讀些,1
僅於臉,1
裡念,1
邊輸入,1
一樣邊,1
查詢後證,1
經常無法,1
要誠信,1
軟體試,1
時狀況,1
群組還,1
股價馬,1
走漏消息,1
崩到,1
大筆擔,1
還由,1
審用,1
援物,1
在領,1
前後等,1
於轉,1
引導匯,1
裡面當,1
快達標,1
西錯,1
貨運卡關,1
達啟,1
眼書上,1
小補,1
售金道,1
樓特,1
文立,1
愧辱感,1
涌上,1
保車輛,1
並打進,1
計題,1
決學業,1
解題,1
王魏,1
國會給,1
四萬新,1
日後在網,1
莊來,1
要交擔,1
買禮品,1
廖立哲,1
名台,1
在埔鹽,1
吳隆,1
經升級,1
自稱昌裕,1
卡兩天,1
負責安裝,1
櫃和置,1
聯絡業,1
蕭男要,1
宏和暱,1
稱譚,1
宏宏透過,1
寶代驗證,1
匯個驗,1
給資料,1
戲維修,1
有八萬,1
買法,1
證又,1
損失質,1
認識千禧,1
其後過,1
網銀詐,1
作人頭戶,1
玉芬,1
辦會員為,1
任務始,1
吳玟,1
之申,1
依據網,1
填載,1
申請網,1
誤而,1
明早,1
文網址,1
完後發,1
等業務,1
分業務,1
楊閩浩,1
跳置,1
寶寶成長,1
職意,1
包額度予,1
健保卡驗證,1
其索討,1
點和一個,1
還走,1
商經理,1
裡虛假,1
偷天換,1
某攝,1
發什麼,1
裡沒想,1
有樂趣,1
發貨員,1
親自下,1
單查驗,1
商標法,1
連企業,1
裡賺點,1
組裝類,1
我訊問,1
講別,1
發對,1
風控驗證,1
殘骸,1
但傷,1
賺門路,1
拿話術當,1
要大漲,1
還細到,1
這支絕,1
留著繳,1
支該,1
輸在,1
這種還,1
絞索,1
勒死,1
撥錯,1
第一刀,1
削掉,1
時才終,1
給雷細英,1
騙得體,1
會員續,1
繳金有,1
會員續費,1
張春蘭,1
王美霞,1
大言,1
自兩次,1
醫療險,1
假保證,1
專員輪,1
婆介紹,1
殘酷踐,1
再無音,1
客菜業者,1
明寄來,1
我會客,1
菜給,1
還傳個,1
舊傷,1
開頻,1
夢紀念,1
許詩鈴,1
候剛,1
圖加,1
實際入,1
需羈,1
親善,1
這報酬,1
一加進,1
可用性,1
搜尋化妝品,1
哪天手,1
搜尋並詢,1
盲球,1
站詢,1
李叔,1
鄭柏煜,1
徐之,1
徐向,1
議員及,1
供議員,1
廣財,1
彩婷,1
興榮,1
珍門市,1
然事,1
瑪特情,1
報處,1
以教召,1
並於之後進行,1
資訊後發,1
小腳,1
丫樂園,1
邊通話邊,1
筆作業,1
即會將,1
合冠,1
蘇敬,1
王曉玲,1
以資金,1
金累,1
事業夥伴,1
施嘉,1
先買貨,1
有團購,1
黑子,1
咀嚼片,1
萃取,1
顆纖維素,1
這紅,1
酒保,1
就動搖,1
思維紀律,1
包和一個,1
奧非,1
專人約定,1
商金流,1
放代買,1
乒乓球,1
玉琦,1
岑岑,1
楊凡,1
異狀後才,1
回國費用,1
費由廠,1
資安無虞,1
單位並,1
團內,1
資料後會,1
我連退,1
錢都問,1
洪為,1
監代操,1
日洪,1
選約炮,1
幹事林,1
卡下單,1
威脅並,1
林俊平,1
同學傑傑,1
吉海門,1
未訂購,1
訂金詐,1
之利潤秀給,1
以去,1
繳取,1
分台灣,1
服務稱,1
挺講,1
張類,1
變騙子,1
購買六場,1
人力不足,1
騙謀財,1
口講,1
幼恩,1
車罩,1
方郵,1
灣勝門市,1
陳俊祥,1
王笛,1
哈曼,1
還張,1
轉投資詐,1
會幕後人員,1
債主協商,1
感覺終,1
當作代價,1
打小凱,1
旁照,1
假醫師,1
繁地用,1
震動響,1
一開門,1
還沒住,1
榮總北護,1
振興立,1
農陽明,1
研廷,1
額行,1
張志龍,1
商勇忠門市,1
不會收,1
方威,1
自不動產,1
先季繳,1
經通報,1
跟得上,1
貨截圖,1
明學員,1
市場動,1
進後就,1
細一點,1
亂問,1
共同完成,1
中贈,1
浩私訊,1
李哲安來,1
簽證碼,1
出金十萬,1
聊電影,1
證好,1
大警員,1
給空,1
裡室,1
聽後對,1
老師求,1
蔣總,1
蔣總稱,1
興陽店,1
梧州,1
超商陸,1
面標,1
鑑期,1
請握,1
渠親,1
納金並,1
現人位,1
茜載,1
依轉帳,1
方未見,1
戲卡點,1
晏傳來,1
候當,1
林宇星,1
徐國華詐,1
天會還,1
劉宇寧,1
臉截,1
圖像給,1
性圖,1
碼開,1
並餐,1
用錢須,1
翻動,1
推海關,1
人員頭部,1
方話述,1
問豐,1
胸細,1
節後購,1
描後還,1
完傳給,1
經亂,1
過路點,1
好後給,1
筆傳給,1
需再轉,1
因債務,1
監理會,1
約百來,1
那人傳,1
領幾十萬元,1
幾天後冷靜,1
法交貨,1
現人,1
裡也會,1
來肉,1
先建,1
最愛玩,1
頻廣播,1
點膩,1
問小遊戲,1
就贏,1
當賭,1
假小遊戲,1
簽證頁,1
國泰世華系,1
滿厲害,1
萬板,1
桃紅色,1
沒密,1
一心一德,1
經驗文,1
過民間,1
萬元費,1
用付,1
林銘輝,1
方後在,1
對人夠,1
最後連賣,1
做代銷商,1
資買,1
下批,1
碰貨,1
出後拿利潤,1
金秋,1
回代墊,1
頭熱地,1
賣龍紋,1
人亂動,1
車平時,1
設計實,1
我想接,1
倉儲費,1
運出,1
完後自動,1
效壓力,1
介紹過,1
收轉帳,1
大夏,1
日貨終,1
成車,1
品管,1
琴玉,1
亞莉,1
販售懷,1
內持續,1
欺遭,1
西貴,1
歸貴,1
三層櫃,1
稱願意,1
因司,1
機送貨,1
雇請,1
車銷售,1
檔車,1
送後照,1
短排,1
裝後照,1
裝行,1
當日裝,1
連同後照,1
營瑞,1
停利,1
及營,1
金內,1
搜尋文,1
宣內,1
行現,1
獲利後黃,1
車頭置,1
未如約,1
產品責,1
任險,1
火險,1
筆大比,1
夢電影,1
機促,1
銷頁,1
有測,1
血氧機,1
加借貸,1
宮當,1
撲空,1
萬元驗資,1
某起,1
搜尋冷氣,1
沒異常,1
填金額,1
統重,1
用話,1
鄭錦盛,1
劉家宏,1
關聲,1
他否,1
法明顯,1
致電山富,1
貨後須,1
及多個,1
隨後又傳國,1
台新及,1
泰國龍婆,1
秘法,1
合便,1
數樣,1
符管,1
效力,1
帳互,1
先降,1
扭蛋殼,1
民和,1
億承門市,1
遭凍絕,1
業務盧,1
指壓券,1
皮券,1
背後蓋,1
買家者,1
台幣元,1
卡後有,1
辦理易,1
衣舊,1
並與用,1
雞飯,1
女王蜂,1
丟履,1
歷要,1
便後連,1
有合庫,1
假合庫,1
金庫裡,1
指地點,1
商立,1
有技術,1
事裝修,1
點二張,1
分一樣,1
點四張,1
共六,1
很久終,1
沒錄影,1
內材質,1
耳戴,1
金條給,1
惟事後欲,1
賣麗寶樂園,1
雙人門票,1
人員密,1
乙事,1
惟鄒,1
通導致,1
行員用,1
傳訊息加,1
抽價值,1
賞從,1
玉女,1
計以,1
俱樂部聲,1
之後試,1
奈森克林,1
商戶頭,1
八碼,1
刷點,1
最氣憤,1
小寶寶添購,1
毀在,1
補提,1
王鈞,1
隨後又打,1
還落,1
沒頭腦,1
困資金,1
委辦,1
將核發,1
終於眷,1
最蠢,1
呀呀,1
帳戶紀,1
紅米,1
建興,1
姜玉相,1
竟輕信,1
傳訊人,1
賞什麼,1
說核,1
貸後會,1
寫論,1
文代筆,1
惟如要,1
小新遊戲,1
缺手術費,1
口向,1
內之廣告,1
可小額,1
當慌張,1
證和病歷,1
軟就領,1
應請,1
詳內容,1
探討群,1
林聖義,1
林聖義就給,1
顧一銘,1
林國勝,1
淘寶連,1
中國代,1
早先,1
加會頭,1
最後事,1
投資來源,1
動依其,1
因事諮詢,1
筆已,1
洽談後犯,1
數傳予,1
教務,1
廠商及,1
小姐姐,1
學雜,1
熱氣,1
楊方寧,1
涉綁,1
歷模,1
範證書,1
新點,1
朱怡蓁,1
將朱民,1
卡便致,1
卡發現,1
給我驗證,1
並於變,1
江夏,1
呂玲,1
內談論,1
閨蜜七子,1
幫派嚇,1
稱林沂雯,1
購之門票,1
东衡,1
皮爾,1
李淑妤,1
時事及,1
供人轉,1
帳後協助,1
問傭金,1
曾志嘉,1
柯協助,1
給輝,1
台要,1
兌港幣,1
擋關,1
鄉給,1
方聯絡後照,1
組店,1
沈佳欣,1
文凌,1
消費屬,1
詹若轩,1
女裝店,1
單後過,1
貨寄過,1
碼上,1
絕處,1
逢山,1
維爾瑪,1
表費用,1
認下,1
向裕融,1
種期貨,1
市有,1
關墨鏡,1
這舉,1
票終,1
算順,1
補助領,1
名義來電,1
還很怪,1
泰斯,1
酒影,1
剩一場,1
回台灣後能,1
還隨即,1
吹風,1
區天祥,1
當勞旁,1
幣轉成,1
分紅應,1
分紅日,1
間房,1
房才,1
尾並,1
之初,1
山泉水,1
王柏宏,1
打無號,1
選後輸,1
藍田公園,1
龐大須繳,1
敏惠,1
還更大,1
綠化,1
氣能,1
轉化訊息,1
搜尋快,1
人通報,1
發表聲明,1
遭快,1
做行動,1
週後逐漸,1
互生,1
遇困,1
啟語音,1
竟匯,1
子全,1
打傳,1
抬價,1
搭線,1
本不願,1
夏慕尼,1
麗雅,1
錢訊息給,1
因待業,1
易美,1
貨人員才行,1
愛吃飯,1
實要,1
李荷娜,1
沒多聊,1
有家電,1
五期,1
號再,1
那週,1
還是連,1
完之後心裡,1
之後傳訊問,1
隔一個,1
用長,1
執行驗證,1
醫材,1
這一帶,1
錄和過,1
攔人,1
豐腴,1
手機掛,1
腳上,1
機會問,1
應過,1
好長,1
處查,1
我迷上,1
數萬塊,1
劇票,1
劇沒,1
規蹈矩,1
越漫長,1
白參,1
之筆,1
啟益,1
轉匯予,1
遇交換,1
交談後由,1
談融資,1
負責核,1
管之人,1
管訊息,1
指將存,1
被繳,1
詳談見,1
有多處,1
層驗,1
允台灣,1
幾十點,1
音沉,1
穩還,1
旁來,1
失幾萬元,1
賣電器,1
攝寄貨,1
數都給,1
附買,1
回買,1
最後還會,1
問卷給,1
追訴權,1
沒列,1
車才,1
多國,1
事塔位,1
筆塔位,1
戶稅,1
行銷部,1
記得裡面,1
宅瞬間,1
然後大約,1
貨啊,1
別太緊,1
摔車,1
刷馬來,1
只罰,1
這藥,1
說療效,1
示還,1
到後悔,1
四十多次,1
裡討,1
裡送,1
啟手機,1
將三萬元匯,1
大米,1
貓的訊息,1
組登記,1
服後決定,1
始後台,1
測試轉,1
遭移轉,1
寄貨到,1
張依婷,1
叫彥,1
叫芷夢,1
柏瑋,1
貸業務部,1
月後問,1
但九萬元全,1
雖老,1
洗錢戶,1
電賣場,1
稱惠慧,1
我惠慧,1
任性,1
並哭訴,1
李洪告訴,1
化案號,1
有禮物,1
債務為,1
能辨別,1
銀將,1
取小錢,1
點獎勵,1
群組將,1
經親戚,1
分所面,1
議會,1
年後配,1
新聞見,1
聯絡諮詢,1
中教學,1
賣場驗,1
方協助轉,1
單據號,1
經轉接,1
林宇陽,1
辦法還,1
以供代,1
品點,1
佛廟,1
我法,1
辻弋師父,1
定安,1
之後師,1
兄陸續,1
多法,1
退得,1
方俊傑,1
攤前,1
洗銀行,1
賣聯名,1
台銀轉,1
用華銀轉,1
自動給,1
要滿,1
收人,1
顯示後續,1
實名認,1
連結王,1
局吳,1
王少奇,1
之發,1
隱密場,1
燒餐,1
閱店,1
應徵後對,1
網毅,1
淺竹,1
大理,1
說求,1
博凱,1
始介紹,1
與幣托,1
所謂幣,1
因為幣種,1
寄五萬,1
台灣用,1
勞保輔,1
查貸款,1
方委,1
請人轉,1
有業務關,1
子明,1
頭寄給,1
班會計,1
關錢,1
公開場,1
合談,1
張證件,1
母狗,1
用尿褲,1
叫佩婷,1
進員,1
錯貨品,1
包裝蠻,1
存資金,1
權狀會,1
宴延,1
幾天後想,1
微網,1
電腦查,1
被分,1
樂證,1
由洪姓,1
手醫,1
訓際,1
升智股,1
已扣,1
金後台,1
蔡可欣,1
童語,1
小樂有,1
文申,1
免費書包,1
參加後由,1
依陳善傑,1
獲利遲,1
購國,1
外動漫,1
會會員費,1
過需,1
東東來,1
轉員,1
投資廠,1
銘威洽,1
上餘額,1
周思晴,1
韓經理,1
格調,1
品網,1
條碼驗,1
相館,1
一百名,1
麗萍,1
續聊後對方,1
張惠齡,1
加增,1
機訊息驗證,1
微信平,1
幣幾萬元,1
最後產生,1
轉人,1
翰說,1
必中獎,1
方詐術,1
哪一張,1
講申,1
與訊息,1
手飾實,1
元信,1
通供給,1
叫振東,1
秀水,1
賣切,1
綁定碼,1
地延遲,1
片網,1
數一經,1
雙喜歡,1
葦偉,1
燉鍋,1
檔案並,1
侯凱傑,1
多時間,1
潘曉婷,1
存匯業務時,1
述後補充,1
截斷,1
還房,1
為家裡,1
時後果,1
竟一腳,1
涼柚,1
詩與,1
繩一樣,1
隱有點,1
木造,1
關露,1
這幾筆款,1
雜和難過,1
公誠國,1
寶二維碼,1
商瑞元門市,1
徵縫,1
提縫,1
拓善,1
發善,1
永垂不朽,1
還沒動,1
張承宇,1
碼才,1
靜怡發,1
既療,1
需應,1
刑事拘留,1
並無歸,1
商團隊,1
雨嫣,1
人益,1
啟來,1
當月壽星,1
壽星,1
外務員當,1
還沒修,1
先後刷,1
取存,1
親自現,1
權狀始,1
終賣,1
多多少少,1
批賣,1
走銀行,1
夾傳給,1
限觀,1
款當,1
人主導,1
點登入,1
極地加,1
結當,1
時國際,1
惟結清,1
屋處,1
處理原,1
遺留,1
故裝潢,1
嫌僅,1
並手,1
就會加,1
同學來電,1
上城,1
單步驟,1
確保寄貨,1
號瞬間,1
變到,1
潤還,1
增滿,1
用後來,1
震碎,1
雖說,1
幸福感,1
實告訴,1
自作多情,1
可追溯,1
特價玉琢,1
劃帳,1
上訊息給,1
譽低,1
零評,1
保護匯,1
顆玉琢,1
選後卻,1
絕不點,1
網購族,1
租裝樂,1
好後錢,1
供貨商,1
還自導,1
莊喊單,1
太實,1
停妥,1
申請薪,1
以當下,1
石頭切,1
開後公開,1
招標,1
過幾天後會將,1
內之連結,1
獲農會,1
普門,1
洽談室,1
賴畫,1
我共計匯,1
誤點入,1
盈貴,1
及融資,1
因欲出,1
無達,1
所規定,1
蔡佳慧,1
愛給,1
已無該,1
鄭仲廷,1
繳納紅,1
單罰款,1
林雨菲,1
這位料,1
慢磨,1
會員依,1
照人員,1
服務個,1
賢向,1
賢才,1
版廣告,1
搜尋奧丁,1
登陸器,1
號連,1
還理,1
語沫,1
升上,1
只會還,1
一兩筆,1
明細裡,1
琳雅,1
打國際,1
獲利後來,1
並上車,1
任店,1
當日代為,1
處理林怡,1
故曠職,1
事務無法,1
處理代匯,1
商確,1
重者,1
涉個資,1
天透過,1
送群,1
發許,1
員暱,1
勞僅,1
創想,1
進任務,1
無紙,1
畢後傳,1
至雲林縣,1
方有問,1
干貝共價值,1
單後就,1
簡薇,1
高昌,1
一點長,1
緩新,1
收富付,1
依規定繳,1
證儲值,1
點數詐,1
人墊款,1
卡印,1
政檢察官,1
褲子裡,1
祝人,1
商會面,1
周興,1
哲應援,1
領想貓,1
捐書給,1
義就點,1
找小編,1
為本,1
洩且,1
紅獎,1
高雄縣,1
翔準,1
軍品,1
空氣槍,1
創圓夢網,1
兩千耶,1
假人給,1
變冤大頭,1
問異常,1
叫理,1
財達人,1
滿會噓,1
統一夢,1
態理財,1
時常給,1
某天網,1
費和海,1
筆國際,1
一筆代買,1
買費,1
遞聯絡,1
金等話術,1
原社團,1
裡就會,1
出金驗證,1
方時常,1
失鉅額,1
滑求,1
規的,1
帳金流,1
開屏,1
順豐司,1
因為款,1
透過凱,1
連條碼,1
當小王,1
賣家謹,1
李並,1
李認,1
上銬,1
通準備,1
要毀,1
老夥伴,1
通語,1
監理機,1
關發,1
內文還,1
信連,1
這訊息給,1
連錢進,1
熟識者,1
自詢問,1
通超,1
結雙方,1
納豆,1
但頭,1
轉三萬多給,1
周雅鳳,1
搜尋遊,1
購物須,1
新穎且,1
申請免,1
李秀語,1
賴怡靜,1
很補,1
小陳協助,1
婚戀網,1
融資當,1
承靜,1
粉末,1
書評,1
累計件數,1
日無故,1
按發,1
森羅,1
第三回,1
啞犬,1
手甲鉤,1
拆過,1
前手,1
撇得,1
德國菲瑪,1
漆廠,1
用元,1
進美股,1
還傳出,1
賞可麗路,1
賞披薩,1
裡發訊息,1
洛哥,1
當天加,1
分房,1
房東後來,1
商先,1
當轉手,1
使喚,1
整副,1
機與個,1
性化,1
起未來,1
張秉誠的,1
在換,1
換群組,1
其物,1
消費稅,1
私訊溝,1
譚舒涵,1
銅鶴頸,1
林雅潔,1
思筠,1
百萬補,1
一個紙,1
花都,1
員鼓勵,1
回師,1
沒討回,1
騙續,1
近捷,1
如非親,1
自申,1
將漲,1
洗盤,1
攤平,1
站查,1
好後用,1
券風險,1
柏辰,1
三玉,1
以連,1
陳俊博,1
然後剩,1
餘金額,1
畢才會,1
已在網,1
網友曉曉,1
並無邀,1
代儲至,1
惟陸續,1
魏所,1
小颯,1
信中強,1
調聲明,1
玉質,1
銘浩,1
以表,1
故至統,1
酷點,1
挑一樣,1
惟運費,1
三連擊,1
急昏頭,1
大部份,1
上電腦,1
樂手,1
以營業,1
裡邊,1
趕緊確,1
連身邊,1
電競電腦,1
推主說,1
還狠,1
剛設定,1
酒力,1
地倒,1
時會還,1
失了數,1
能下,1
亦辰,1
出電子,1
叫嘉軒,1
沒活動,1
做代書,1
機卡,1
國瑜,1
糯咪,1
菜刀,1
數卡後無錢,1
謝祥馨,1
抵達前,1
品涵,1
輝創,1
何事,1
遭一犯,1
張麥,1
投兒,1
童繪畫,1
加票,1
王志,1
義佯,1
賣家欲詢,1
運費價,1
認證訊息,1
最後依線,1
並序,1
稱義順,1
業務小許,1
給我業務小許,1
內之訊息,1
購買開,1
稱黃明,1
蕭旭杰,1
就面,1
王思妍,1
吳偲,1
李瀚文,1
費他,1
跟賴,1
按單,1
筆銷貨,1
查到賴,1
音樂遊戲,1
叫南,1
原民健,1
還沒包,1
遭銀,1
資金規,1
之規費,1
已經談,1
妥後已,1
女警,1
油商,1
易元,1
及泓策,1
蔡美媛,1
稱巧,1
雲之犯,1
許昕,1
故今,1
總共九張,1
紫林,1
情報網,1
將這兩家,1
牆名義,1
碼新,1
家好,1
攝健,1
假社團,1
並補件,1
姓瑤,1
票會用,1
那篇轉,1
先後又轉,1
辦理及,1
並又請,1
艾瑞小鋪,1
介面卡,1
號各匯款,1
孔姓,1
給孔,1
孔女,1
稱陳瀅瀅,1
成國際卡,1
他類,1
連結導入,1
漢堡車,1
上門時,1
帳超過,1
整頓,1
最後財力,1
單秀,1
泥門市,1
除此,1
購燈,1
具以,1
還運費,1
寵物箱,1
刮走,1
飛騰,1
馨夥伴,1
幫抖,1
統限時,1
劍域,1
惟買,1
主動式,1
降躁,1
數假,1
裝約,1
成給予,1
故下,1
簽附,1
前後見面,1
次後因,1
從幣安入,1
我升成,1
並滿足,1
經籌措,1
爭游,1
數是,1
殘留,1
涉外,1
帳查驗,1
費失敗,1
運營費,1
此女,1
入後連接,1
廣告易,1
舊屋,1
談發,1
放紅利額度,1
閒聊後林,1
新向,1
完講,1
解後產生,1
樂指導,1
可樂介紹,1
找當,1
客車典,1
當並,1
樂發生,1
無告,1
場且,1
臉書封,1
經我母,1
現後至,1
聊要,1
雙方前,1
淺水,1
嘉榮,1
她訊息裡,1
杯統,1
聚來,1
圖傳給,1
頭回報,1
揭案,1
中醫學會,1
組來試,1
著建議,1
更明顯,1
藥一個,1
正警員,1
豪警員,1
辦公接觸,1
支詐,1
凌志,1
沒下車,1
鬥雞眼,1
問余,1
皇谷,1
新圓通,1
資十萬元,1
宇把,1
宇竟,1
林宗甫,1
中傳來,1
勁後便,1
無內容,1
需墊,1
鯊鯨,1
不品,1
電折七線,1
區鼎鼐,1
號月,1
會員名,1
繳風,1
其派,1
聯才察覺,1
瀏覽要,1
兩賣家,1
位賣家,1
隨即並,1
職審查,1
在育樂路,1
沒排,1
周星,1
哲手,1
人員徒,1
設餐,1
電商業,1
無容積,1
容積,1
套繪,1
尚不知,1
情之情,1
狀下,1
單多,1
看比賽,1
後換,1
當日匯,1
電親,1
戚查證,1
一則朗,1
集團案,1
丟點,1
禮拜還,1
滿像樣,1
誤打誤,1
撞點,1
著計程,1
偏胖,1
實在記,1
門號續,1
去續,1
藍鳥,1
氣從,1
然後強,1
結合方塊,1
划得,1
證人員,1
心噴發,1
多喜歡,1
微電車,1
代購文,1
並不擔,1
收高額,1
點糊,1
金鐲,1
很熱銷,1
點飾品,1
沒多留,1
教填,1
成總監,1
館旁,1
教學用,1
數學書,1
點多照,1
雖知,1
上後塵,1
度丕變,1
極大誠意,1
系統畫,1
騎馬,1
話術教,1
轉推,1
智金,1
動系統,1
這學習,1
夠來,1
威吉稱,1
稱度,1
寬偉,1
之代書,1
勞保證明,1
日後度,1
寬偉稱,1
張文馨,1
性淡,1
反變,1
連結後轉,1
轉至加,1
進寶財經,1
阿俊遭,1
失台幣,1
性評,1
會判,1
有罪,1
快撤,1
欺性質,1
詞中,1
雖不構,1
應透,1
更案,1
繳信貸,1
訂合夥,1
認證者,1
溫柔給,1
柴富,1
探討者,1
許永河,1
感謝許,1
我們當,1
還在氣,1
再貴,1
關鍵期,1
那六萬多塊,1
網路誤,1
交五萬元,1
訊息次數,1
蕭子琪,1
視訊稱,1
何傳喚,1
完之後系統,1
並拉入,1
愛之名,1
至晶綻,1
區善,1
德大師,1
幾萬多,1
行員機,1
一解釋,1
石灰石,1
阿川,1
花材,1
並日,1
帳本費,1
親自上,1
姊妹花,1
來大約過,1
槍戰遊,1
承佑之人,1
比泰幣,1
然後再入,1
奢石,1
賴馨,1
隨後陳女,1
冰滿,1
黑帕加尼,1
雙馬尾,1
戰神號,1
天盟,1
皮答,1
大業主,1
接什麼,1
搜圖查,1
一徵詢,1
並傳回,1
小號款,1
主認識,1
張鈞富,1
完家,1
找法師,1
湊齊時,1
並傳點數,1
菲兒,1
實說,1
還在問,1
還要問,1
取申,1
成氣憤,1
李源潮,1
十八次,1
週二上,1
裡一樓,1
課前,1
過漁業,1
戀愛之門,1
為麗君,1
出想進,1
財貨幣,1
尋特戰,1
順利改,1
開白車,1
睡袋,1
應無大礙,1
惡意針,1
遭代銷,1
時長,1
協助且,1
名義集,1
資供,1
及期,1
稱安東,1
可無須,1
攝予,1
我而茲,1
分轉出,1
鐘表,1
云子,1
賣耳環,1
新賣家,1
這些貨,1
新賣,1
家後來,1
以閃亮,1
賣以,1
蔡信全,1
台北市立,1
醫沒有,1
門口用,1
電訊門,1
市裡面,1
傳電訊,1
賣後交給,1
圖文齊,1
完網,1
證讓,1
王雪麗,1
請馬來,1
會型態,1
講不清,1
滑進,1
挑選有,1
謝雯婕,1
劉雅娟,1
胡了,1
元後當場,1
兒童洋裝,1
然後運費,1
振膜,1
發霉,1
超商美,1
個捷,1
車帳號,1
商銀帳,1
助眠,1
人壽壽險,1
助眠藥,1
被業務,1
大和個,1
機遭,1
免費療,1
說拉人入,1
拿介紹,1
炒菜,1
好鍋,1
循著線索,1
共乘,1
寄超,1
那人暱,1
異常還,1
性驗證,1
影輸入,1
總共五萬多,1
鄰居接,1
歡還,1
賣安卓,1
帳戶常,1
親寵,1
創公義聯盟,1
警員和家屬,1
方致,1
免災,1
稱渠手,1
故新辦,1
分確,1
獲許,1
以凍,1
萬元後以,1
困困,1
周念,1
網購代,1
腦袋還,1
商者,1
數後發覺,1
某一則,1
稱威,1
修改文章,1
工無法,1
四封,1
私說,1
萬元得,1
事後破,1
轉入幣安,1
代房,1
調若能,1
頂裝,1
個常,1
名會員個,1
師打給,1
預防盜,1
儲值加,1
家林,1
注該,1
團後並,1
韋莊,1
呈寧,1
淘寶拚,1
故填寫,1
問姓,1
專員姓,1
楊給,1
做後匯,1
假實,1
四川人,1
雅津門市,1
太中,1
雅兒,1
情深,1
鄉嘉民,1
電之詐,1
隨後佯,1
人員之車,1
錄經,1
隨後又向,1
熟識後並,1
談比較,1
這好康,1
證後並,1
給聯手,1
肉類,1
整包,1
出來面,1
工照,1
啟航點,1
拿球桿,1
跟球桿,1
機匯入,1
福町路,1
機退還,1
網友婕,1
車錢,1
先不見面,1
卡禮,1
東戶,1
本中國信,1
發參,1
該驗證,1
變相成,1
卻關,1
風起,1
雲湧,1
付取,1
王文超,1
劉仙,1
問那家,1
還沒貸,1
拍副業,1
調查須,1
這和當,1
華裕,1
欲聲,1
周嘉文,1
認寄貨後即,1
顏政國,1
以後玩遊,1
戲應,1
順國,1
會銘記,1
務拿傭,1
履歷給,1
任務酬,1
楊雲飛,1
無貨,1
手機畫,1
將裡,1
面虛擬,1
東急屋,1
外國廠,1
號和代,1
重倉,1
但漸,1
能到,1
球員們,1
販毒並,1
項虛擬,1
醫為,1
講時,1
獎金之連,1
吳秀琴,1
跟配,1
版鍵盤,1
炮經紀,1
銀卡會員,1
新怡,1
承諾且,1
團來電,1
王督導,1
李嘉碩,1
語珊,1
情室,1
至蘭亭,1
主頁給,1
分連續,1
佳珣,1
航警,1
鑫淼,1
林佩妍,1
總資產達,1
秋玉,1
滿正經,1
跑點,1
當面簽,1
徵素,1
楊志文,1
總之對方,1
開後說,1
源靖,1
講現,1
太細膩,1
機察覺,1
攔獲,1
不漏,1
會慘,1
總共因,1
集及,1
雨晴牌,1
平實,1
通順暢,1
楊慧禎,1
獎金中,1
還踐,1
踏別,1
費匯給,1
借個款,1
三萬元裡,1
開通視,1
頻權限,1
靜子,1
經理羅濟,1
國加,1
繳納後登入,1
許忠,1
許校,1
連綠界,1
封掉,1
先填資料,1
當系,1
統壞,1
針對護理,1
空城,1
蠻久,1
出金會,1
說裝,1
還多轉,1
傳來給,1
張琴,1
超熟練,1
問車況,1
現身給,1
辦交車,1
弄頭,1
朝政,1
最後手,1
當下終,1
積金,1
郵政金,1
關足,1
不老,1
大里店,1
目視,1
燈贈,1
張雨葳,1
蘇曉婉會,1
過當時,1
大摩酒,1
違規經,1
元的國,1
張雅晴,1
晴後來,1
找性,1
裸睡,1
鄰居何,1
款卡密碼,1
已歸還,1
我代其,1
果不僅,1
溫時,1
需三個,1
需補驗證,1
給調,1
查小組,1
標榜什,1
還沒玩,1
成風險,1
衝動點,1
三魂少,1
七魄,1
這位吳,1
然後依約定,1
真洗,1
單後就裝,1
瘋賣,1
說話口,1
將比賽,1
急死人,1
先審,1
核資格,1
一假員警,1
益圖,1
元在益,1
遲延,1
賣家後雙,1
卡代,1
勞時,1
遭假連,1
最新消息,1
清歡理,1
胯下,1
給官網,1
賣江蕙,1
單後網,1
我會款,1
蘇伊楠,1
庫里南,1
拚戰,1
夜尿,1
腫大經過,1
飛行器,1
金同時,1
親來電,1
養銀行,1
貨物後為,1
冒版,1
教導產品,1
組選上,1
獎金分,1
措現,1
立百貨,1
販售節,1
能鍋,1
戀愛裡,1
淺夏,1
金報,1
換招,1
兒子載,1
儲值碼,1
然後帳號,1
東西前,1
不對題,1
創盈理財,1
勝投資本,1
聯了,1
結福,1
謄本並,1
穩贏,1
儲值鍵,1
收貨之統,1
原下,1
單之車,1
戚稱,1
至虛假,1
採群,1
不信賴,1
便造,1
串文區,1
帳後沒,1
沒有語,1
大盈,1
聚金計劃,1
元樂扣,1
美術旗,1
空班時,1
華騙,1
華詐,1
金額掛,1
然後沒多,1
華玩虛擬,1
大成,1
來本,1
看加,1
稱小松,1
林耀華,1
碼參,1
斯波,1
拉希,1
富團隊,1
南超,1
將名,1
進入當,1
以手續,1
費代,1
城土出,1
指導員嘉,1
須開,1
部子,1
當作此,1
選批,1
大媒,1
體上,1
批一個,1
潤是,1
還真多,1
日繳,1
案人及,1
照護理,1
賣華航,1
飛維也納,1
海鮮控,1
冷凍箱,1
白得,1
剝殼,1
價只,1
小白來,1
內絕,1
代處理,1
這個鉅額,1
假廣告裡,1
果子,1
想諮詢,1
區陳平,1
先實,1
行銷員,1
願經營,1
下載蘭,1
轉等訊息,1
稱靜,1
優惠並,1
寄倉,1
名私,1
打寶寶黃金,1
好將,1
並捐獻,1
獎金以,1
買六福,1
村票,1
去遊,1
付頭,1
加主頁賴,1
中后,1
其來,1
媳查,1
展騰門市,1
電於後面,1
下載數,1
專員入,1
金下單,1
至數,1
上融資,1
日息,1
假顧,1
假顧問,1
阿毛手,1
遊代儲,1
愛滑,1
寄東西,1
排查,1
紗姐,1
毛師,1
投資補,1
碎掉,1
方破費,1
去民間,1
太講,1
這借,1
臨提,1
領前,1
程極,1
這太少,1
萬元才夠,1
機不負責,1
任亂,1
價區,1
這週末,1
它還,1
金控組,1
檢的,1
我想證,1
大哉問,1
哲學,1
包價值,1
惠菁,1
由黃惠菁,1
館廣告,1
單沙,1
沙發床,1
會用過,1
自責揮,1
一端,1
數繼續,1
別人匯,1
過後開,1
跟門,1
芳之訊息,1
租一個,1
經營個,1
照群組,1
安色色,1
手嬰,1
兒車,1
文僅,1
萬聖,1
做差,1
價能,1
說幣量,1
俄羅斯方塊,1
總之後來,1
上安裝,1
抒壓,1
從國內,1
異動屬,1
先後依其,1
避不接,1
隨著次數,1
問中獎,1
連號碼,1
臨時款,1
開後開始,1
電顯,1
示確,1
實來,1
中大筆,1
價高漲,1
過於繁,1
支滅,1
整組人,1
資輸,1
入務必,1
彩號碼,1
品需,1
低還,1
看了又看,1
方避談,1
過面者,1
具信譽,1
瓶麥,1
語音確,1
名遊戲,1
然後小傑,1
方屋,1
合計現,1
著小傑給,1
覺得家裡,1
還會定,1
時開,1
萬福,1
好人好事,1
性低,1
還專,1
挑有,1
吸人血,1
先解凍,1
因未見,1
盈綾,1
買助眠,1
劉為,1
詢蝦,1
獲偽稱,1
證書要,1
向海,1
關求證,1
揚創業,1
涼感內,1
搭衣,1
拆貨時,1
給聯絡,1
金流查,1
納連結,1
因所刷,1
若婷,1
有安,1
卡力,1
貨能代,1
均給,1
及科,1
偵組,1
何需,1
雙方換,1
徐曼婷,1
而導,1
資金經,1
草擬,1
設備並,1
上廣泛,1
是亞,1
需檢測,1
假檢測,1
為曉,1
阿陽珠,1
瑞麗中,1
珠寶詐,1
便盆,1
商六腳,1
民雄興,1
平店,1
鎮排,1
路里排,1
財產太多,1
點選後犯,1
遭購物,1
電貝斯,1
大提琴,1
等樂器,1
林建瑋,1
畢後無法,1
民雄門市,1
孜孜不倦,1
國店,1
劉方遠,1
資金後由,1
景總要,1
李丞甫,1
相稱並,1
李婉晴,1
之後就教,1
然後轉換,1
區懷寧街,1
醫院給,1
醫院將,1
辦法購,1
可繳,1
捐作,1
轉前,1
腦填,1
面騙過,1
衝衝群,1
遊戲畫,1
挺熟,1
填平,1
領峰,1
集序,1
方解凍,1
詐騙團,1
方洗,1
很療,1
專員查證,1
礦池裡,1
總隱,1
致電永豐,1
某點數,1
幾張電,1
把電,1
結和代號,1
然後刮開,1
緊處,1
內不繳,1
將會產生,1
並停,1
費和驗,1
看得目,1
不暇,1
將珠,1
一組積,1
財破心,1
費補,1
陸律,1
繼承相關,1
繼續委,1
說委,1
費是,1
有律,1
對方誤,1
阿湯,1
繪師,1
假繪,1
師詐,1
不會鎖,1
廖鈺蓁,1
錢馬,1
正想照,1
曾偉,1
城還,1
給寄了,1
吃瓜,1
西溪,1
楊茹婷,1
屋鄉,1
錢會經,1
淵淵,1
加拿大人,1
幫主,1
同學王,1
偉在,1
關進,1
校門,1
繳除,1
過英國,1
親子遊,1
旅心,1
暖光,1
勞門口,1
淘寶一個,1
但講,1
財界,1
集團徒,1
問我何,1
搜尋想,1
課連結,1
物處,1
日後銀行,1
並無相,1
丟帳,1
號叫,1
先約定,1
劉嘉輝,1
終不願意,1
花運費,1
轉帳後訊息,1
景明,1
總共重,1
年糕,1
蔡哥,1
麻雀,1
需凍,1
跑業務,1
途經,1
流利地,1
答應分,1
搜尋產品,1
准許,1
幣一萬元過,1
匯港幣給,1
幫要,1
媽拿藥,1
當真以,1
電致,1
張晨娜,1
中國雲南人,1
數據庫,1
維護後台,1
失台灣,1
許廷豪,1
服參,1
回兆豐,1
營行,1
卡號後三碼,1
鳳凰山,1
紫靈宮,1
以母娘,1
旨意,1
捐越,1
最後總金額,1
討論後越,1
銘稱,1
王米樂,1
林佩佩,1
擔心兒,1
才藝,1
收聽,1
白鴿,1
友宇澤,1
偏見,1
宇澤幹,1
經討價,1
頭破,1
血流,1
輔導室,1
過馥豪,1
高風,1
繁換,1
稱黃仁,1
勳將,1
雷亞,1
遭人棄,1
人員閒,1
他委,1
親自詢問,1
及須,1
補足律,1
稱羅麗娟,1
談攏,1
謝昊軒,1
建通訊,1
仍感,1
開資訊,1
電進行,1
想金錢,1
蔡依玲,1
韓國大團,1
要會客,1
食品商,1
顆大,1
餛飩,1
三榮街,1
傑已,1
還我金,1
購買後對方,1
腦公,1
異確,1
認後遭,1
財短語,1
音並,1
介紹安,1
考濾,1
我書面,1
穩悅共創,1
企劃裡面,1
轉去幣,1
已販賣,1
卡系,1
然後後面,1
減肥名,1
醫邱,1
問診,1
台灣滿,1
單賣貨,1
做代燒,1
象神,1
幫忙代燒,1
滿細,1
改圖,1
還很主動,1
士華,1
股通,1
豐陽路,1
老鵝,1
賴姓,1
裡親友,1
阿泰,1
名主動,1
裡不該,1
酷似,1
我五雷,1
親子坊,1
獲利人,1
彈片,1
問真,1
商櫃台,1
西閏密,1
領序號,1
取紙,1
寫後出,1
閔鈞,1
聯絡兆豐,1
中國童,1
行代碼,1
語喬,1
付金僅,1
元公證費,1
一筆購,1
之書本,1
可聲,1
除外,1
八哥,1
室主任,1
制錯,1
機加安裝,1
晚出,1
協助安裝,1
俊仔,1
唉呀,1
鈦色,1
機時發,1
連環介紹,1
官員給,1
發兼職,1
看作,1
匯愛心,1
裡狂,1
手寶織品,1
現金變,1
轉我到,1
老司,1
機模樣,1
可收私,1
臉書票務,1
場館,1
趕不上,1
人留,1
四折,1
最後我付,1
惺惺相惜,1
賣訊號,1
聯絡蠻,1
這幾分,1
好孩子,1
轉什麼,1
拿回扣,1
只會配,1
盤單,1
出貨系統,1
當場察覺,1
經歷當,1
不多核,1
義之釣,1
標價約,1
對方承諾要,1
問耳機,1
店員證實,1
付耳機,1
詢後我,1
創之電商,1
實動心,1
設數位,1
借筆,1
試著換,1
異常先,1
國泰則,1
經顯示,1
發補助給,1
說後續還,1
錯怪,1
販票,1
感設局,1
日後購票,1
家會購,1
適合幫,1
內始終,1
補交點數,1
因為關,1
經算輕,1
一層級,1
當我表達疑,1
發文介紹,1
之後羅經理,1
之後羅,1
豐收門市,1
豐收村,1
燈光畫,1
貸專業,1
福毓特助林,1
載福毓,1
須償,1
廠區,1
號後致,1
補足薪,1
湖區洲子,1
商德馨,1
鄧思怡,1
認識洪,1
宏世,1
條墜子,1
茂所,1
之人洽,1
繳交郵局,1
交與,1
還很聳動,1
許開,1
國瑞銀,1
簽具本,1
機稱,1
狗屁,1
面終,1
因後面,1
為詢,1
拍寄貨,1
最不會,1
職時點,1
閱臉,1
書求,1
知發,1
場後停,1
補費,1
單當作,1
公共秩序,1
苛責,1
清車主,1
其負,1
起應,1
任務未,1
萬給付,1
博裕,1
願意信,1
入到,1
著點數,1
人懵住,1
沒社會,1
航暢,1
光凍,1
下安撫,1
壓條,1
走私,1
給女,1
因無錢,1
張政國,1
騎三輪,1
聽關,1
個球,1
網上查,1
恐難,1
再誤,1
商歐,1
能展,1
豹則,1
韓藝人,1
韓選物,1
小兮以,1
然後又分別,1
當小兮,1
還在幣,1
文萱,1
明賣家,1
方異,1
提虛擬,1
東洲,1
萬寶樓,1
藍香爐,1
張曉倩,1
親友莊,1
童服,1
貨後大約,1
網銀戶,1
將我在幣,1
克利,1
就鎖,1
上書局,1
篩選好,1
儲值畫,1
江雨婷,1
請實,1
簡訊授,1
稱檢察官,1
辦分案,1
之星宇,1
群組後由丁,1
至善,1
須轉移,1
李耀國,1
稱元永雄,1
故心,1
許文彬,1
安之後再,1
證券信,1
工資薪,1
轉須,1
遭鎖且,1
香港廉政公署,1
句數,1
全以,1
快斗門,1
結意,1
擊後網,1
劉曉菲,1
攔件,1
傳訊予,1
劉志傑,1
無透,1
無聊解,1
為峰哥,1
順昌巷,1
投資思維,1
獲本,1
發後才,1
金因,1
截滯,1
私訊入,1
我後洽,1
談轉,1
曾佳穎,1
内建,1
之電支,1
春樹,1
稱中,1
國華能,1
信陳偉翔,1
予陳偉翔,1
處後經,1
價並,1
交了稅,1
物代購,1
問藥妝店,1
餘額後才,1
蔣嘉怡,1
女兒長,1
開刀費,1
沒罰,1
康康飾品,1
何協助,1
資之廣告,1
地車馬費,1
借虛擬,1
衛翔,1
接油衣,1
擴聲,1
繳交罰款,1
經回,1
中討,1
總財助,1
填写,1
礼金,1
將元价,1
退貨給,1
蠻真實,1
地檢能,1
前後後拖,1
溝通並,1
瘦美購,1
白芸豆,1
阻燃,1
東九如,1
駕出,1
搜尋見,1
奇方治,1
小病,1
拉肚子,1
小毛病,1
查書來,1
省下掛,1
內容亂,1
帳就會,1
塞住,1
以賣場,1
不過款,1
申訴過,1
行署,1
經動作,1
查存,1
單位問,1
張巧薇,1
家境清寒,1
先一筆,1
音感,1
五還,1
並再致,1
沈馨怡,1
張林智,1
講團購,1
出求,1
華麗麗,1
單去,1
報得,1
明來源,1
當我連,1
金快,1
缺學費,1
鼻涕,1
通電話確,1
獲大學,1
一隱藏,1
詢後向,1
已由台,1
當中稱,1
幣等並,1
這才決,1
幣通,1
派業務員,1
柏文起,1
點擊粉,1
專後遭,1
分别,1
唐怡君,1
利潤領,1
實際車,1
方螺絲,1
胎壓,1
偵測器,1
退車,1
需質,1
李心心,1
免人頭,1
虛擬機,1
對方話術後以,1
游老,1
為慶川,1
郭榮豐,1
款共計近,1
雅琦加,1
灣區,1
稱趙麗娜,1
韋坤,1
繳交車馬費,1
匯古金流,1
觀察室,1
曉梅,1
卡事後會,1
傳直,1
會易,1
假站,1
作伙,1
推廣群,1
加綠能,1
可並,1
取作,1
局副大隊,1
已交給,1
財物證,1
卡和家裡,1
詢紀錄,1
給釣,1
金搭車,1
雨菲,1
同團,1
李國海,1
留寄件,1
異常大,1
劉福瑞,1
劉福瑞則,1
起勁,1
商華科門市,1
文標示,1
剩某,1
一區域,1
辦理購,1
興說,1
比罰,1
中累積,1
少遊,1
並載明,1
移作,1
帳號後賴帳,1
成員輪,1
無明確,1
認資,1
誠老師,1
君醫師,1
舌頭,1
藥方,1
交藥,1
光華國,1
威給,1
沒權,1
限處理,1
和點,1
價錢後約,1
先後付,1
賽球賽,1
無對,1
還證明,1
流連,1
殺警,1
並叮嚀,1
兒子後才,1
有執,1
稅務諮詢,1
週一到,1
進去問,1
快些,1
音量,1
免單,1
西寄給,1
中老年人,1
告訴過,1
職階段,1
般點,1
領獎者,1
服務裡,1
好物購,1
販售安博,1
尋無紀錄,1
搜尋遍,1
日後回,1
保水,1
社團童,1
裝批,1
組萬領,1
結福連結,1
萬福名,1
阿鈞,1
販售台,1
特琦,1
系統查,1
關資產,1
金後需,1
圍影響,1
機械幣,1
團隊給,1
吉慶有,1
很空,1
池塘,1
林名,1
宛榆,1
那雪,1
儲值然,1
高雄大遠,1
摩天,1
剛回鍋,1
須到場,1
程書萍,1
碼後系統,1
現未,1
問系統,1
選錯誤,1
次後系,1
統視,1
窗才,1
二禮,1
惠心門市,1
平測室,1
真加,1
謊言詐,1
已經先,1
收補助,1
多存點,1
援中,1
損失鉅款,1
點提,1
領輸入,1
點完後將,1
金之動作,1
總共又給,1
任務型,1
交單,1
真共,1
繳交後發現,1
嘉兒,1
孫韻,1
李維恩,1
欣月,1
燒炭,1
自殺並,1
傳訊後對方,1
然後謊,1
三個查,1
釣內,1
查幕,1
證臨櫃,1
傳票並,1
作資金,1
將派員,1
之資金來,1
前後約定,1
丟我訊息,1
我學理財,1
識後學長,1
攝寫,1
集作,1
該購,1
買行,1
方至統,1
進而稱,1
惟轉成,1
傳遊,1
問宅,1
示意,1
套符,1
鐲子,1
女察覺,1
異帶,1
羽欲,1
民票,1
會盆票,1
號實驗室,1
裡的室,1
何嘉欣,1
保險詐,1
警林,1
越離,1
逼著,1
人架,1
氣他們,1
貼文連,1
芷嫣,1
某鄰,1
幫忙加,1
碧桑,1
自架,1
買斷制,1
人線,1
簽約訂,1
群組系統,1
上構,1
成封,1
閉式,1
資訊架構,1
資訊權,1
退費權,1
保護法,1
條為,1
事後否,1
認退費,1
換約會,1
時尚美,1
翁瑋銘,1
家後便,1
藥酒後身,1
超憤怒,1
十萬點數,1
小玫,1
極無雙,1
始兴,1
诸葛,1
小吉,1
漢程,1
工覺,1
停話並,1
金閔果,1
枯萎,1
進香團,1
簡志維,1
媽介紹,1
美西,1
前後後提領,1
郵政卡號,1
增進姻,1
專其實,1
之後就訊息,1
元聲,1
過大且,1
代儲費用,1
寶查證,1
有牙齒,1
裝牙齒,1
商光峰,1
機後說,1
給我合,1
機脫,1
雖因,1
雅詩閣,1
宏談要,1
方姓何,1
做視訊,1
通報查,1
繼匯款,1
連結訊息給,1
賽道,1
修補金,1
還連三個,1
中醫黃雅莉,1
有藥,1
越腫,1
參拜時,1
安座,1
辦理安座,1
關安座,1
好安座,1
其演,1
藝事業,1
減緩,1
呂婧,1
李曼安,1
花港,1
需雙方,1
張宜,1
主機廠,1
出特價,1
給羽翔,1
萬欲,1
總金流,1
推特帳,1
出金將,1
則將會,1
隨車,1
頭交給,1
隨後沒,1
叫孕,1
婦張,1
賴柏丞,1
準確性,1
讀性,1
給上級,1
將抖幣給,1
假靈,1
日後查詢,1
還贓款,1
匯還款,1
落塵,1
網友婉如,1
李莉莉,1
張兆豐,1
證發給,1
車資及,1
雖收手,1
覺查,1
兩處,1
總共拿新,1
投資虛幣,1
尤姓,1
推廣生,1
轉入麗娟,1
自動輸,1
遊藝,1
蜃景,1
徐曉欣,1
鄭一,1
該價,1
然後依約,1
劉曼安,1
前後後從,1
級會員,1
柚茶,1
某團,1
尋發現,1
員處裡,1
面後有,1
先勘,1
的鎖,1
輪子,1
著學員,1
幾組號,1
認處理,1
跟包,1
計七萬元給,1
這會導,1
致獎,1
呂麗茵,1
稱業者,1
葉舒華,1
某軟體,1
體損失,1
故洽,1
詢行員,1
情迷,1
方聊開,1
運假,1
運為,1
方皆有,1
機架,1
循環扇,1
務所絕,1
林慧君,1
經營餐,1
菜品,1
趁店,1
人員忙,1
地約定,1
直對方,1
隨對,1
辦理律,1
網等,1
順利退,1
繳費驗,1
如雪,1
林姿伶,1
點數則,1
曾亮,1
花培原,1
標的並,1
欲持續,1
事後透過,1
戶故,1
傳下載,1
順便還,1
誠實金,1
幫出,1
開頁,1
用刑,1
開等話術,1
拿卡去,1
網銀無法匯,1
喻春麗,1
回郵局,1
楊郡彥,1
項後對,1
一諾,1
六球,1
面請,1
植牙用,1
朱美麗,1
處理卡,1
然後那筆,1
師會來,1
師傳給,1
師接,1
前階段,1
如未購,1
張睿穎,1
社賣場,1
作凍結,1
購買陳奕迅,1
服務須,1
丟傳單,1
沒大額,1
三清,1
木秀,1
對方拿取,1
打開個,1
內之網,1
男先,1
事後陳,1
同社團,1
之人名,1
國泰人,1
壽業務員,1
檢方稱,1
接傳,1
懼下,1
總郵局,1
超商鳳,1
簿冊,1
進而去,1
溝通後中華,1
病加,1
找代換,1
名義或,1
情勒加,1
燈不僅,1
還有明,1
顯塑,1
徵手,1
件計,1
惟經刷,1
同新,1
清關延,1
謝秉伸,1
項後發覺,1
搜得,1
槍要,1
唯念,1
隱士,1
前後後以,1
巨數位,1
幸胡,1
方媽,1
媽出,1
殯日,1
遠東國際,1
機農業,1
熙芸,1
乾有,1
行資料,1
營登資,1
期遲,1
從事線,1
強化驗證,1
理財要,1
疑義後便,1
認識遊,1
石買,1
所買門票,1
通共,1
聯和地,1
務所余,1
多餘現,1
執行業務費用,1
作業關,1
可撥款,1
號大門,1
旁櫃子,1
前起,1
國批,1
張睿琪,1
現金後只,1
投資地,1
行稱,1
因財務,1
日丁冠文要,1
並承諾處,1
給我多京,1
沒半筆,1
拿獎,1
接著訊息,1
費當,1
下水,1
先互,1
看誠意,1
經仔細查,1
屢稱,1
發後內心,1
聽後心動,1
腎室,1
續利潤,1
寶生基,1
證書上,1
價代購,1
元至同,1
購買面,1
額共新,1
啟所,1
不中會,1
一進門,1
單力,1
稱可賣,1
車假,1
致電順益,1
回之贓款,1
發還款,1
貨之利潤,1
筆批,1
台空,1
暫為,1
行員代辦,1
點虛擬,1
李慧珍,1
資與驗,1
做後系統,1
金當見,1
領購,1
東西交貨,1
萬護,1
地點還,1
繞去,1
很響,1
那氛,1
圍給,1
遞寄來,1
沒閒著,1
稱旭亨,1
愛畫畫,1
職約會,1
接滿,1
法試,1
宏仔,1
並和所謂,1
領贊助,1
街開,1
連求償,1
情同手足,1
房務,1
聯絡後便,1
傭金須,1
背書應,1
沒有線,1
雙雙成,1
因久聊,1
處在網,1
願販賣,1
數卡供,1
過會輪,1
猶豫轉,1
上後才,1
確保酬,1
勞撥款,1
阿丹,1
有榴,1
合口味,1
報了價,1
著急樣,1
數交過,1
包代碼,1
意義已,1
經不大,1
大夜班,1
男顧,1
客過,1
時馬,1
連編號,1
批來,1
共振,1
人在秀,1
農會卡,1
交貨寄給,1
折疊沙,1
起開始,1
刮刀,1
出貨訂,1
先電愛,1
沒辦理,1
騙術害,1
新北樹林,1
巨城遊,1
寧的,1
貨款後付,1
中有個,1
會會計,1
手鐲給,1
也嚇,1
貼皮,1
每頂,1
閉鎖期,1
跟額,1
說主辦,1
搜尋了類,1
無法代,1
還會演,1
想租到,1
網愛,1
異特至,1
海怪,1
貨櫃領,1
我何,1
我會收,1
蔡佳晉,1
人學習,1
續共加,1
三鬼,1
藥要,1
換匯過,1
並傳明,1
角子,1
共玩遊,1
並無多,1
托人,1
簡訊後並,1
筆代訂,1
談有禮,1
簡要,1
美邦,1
壽辦理,1
版川頭,1
李芷佑,1
蘇羅,1
尚美,1
賴柏霖,1
並給付,1
竟問,1
買智冠點,1
借五萬元給,1
轉十萬,1
數卡交,1
李律峰,1
稱陳數,1
會寄書給,1
關此,1
叫幣商,1
一連聯絡,1
連寄貨代碼,1
常滑,1
竹科台,1
師內部,1
上繳,1
擬畫,1
叫家樂,1
毫無意,1
張嘴,1
虐待,1
欺壓,1
爛人們,1
白子,1
累太想,1
沒平靜,1
比痛,1
連在網,1
超商出,1
慍不火,1
佰利,1
還後怕,1
三三兩,1
繳擔,1
哪裡敢,1
撕得,1
視訊下,1
某天視,1
內買點,1
最後一雙,1
蔡玲惠,1
時後就,1
出責備,1
裡既自責,1
關懷協,1
一百次,1
繳的慰,1
日後應,1
險時,1
保險業務員察覺,1
大陸經,1
商且,1
新敦,1
物資要,1
米來,1
幾天林薇,1
賣家代號,1
問後便,1
士婷,1
彩景,1
繳交其餘,1
周旭浩,1
供購,1
數字易經,1
自然美,1
外泌體,1
如滿意,1
展店,1
李東翰,1
提領加,1
億睿連,1
億睿要,1
新後才,1
之後藉,1
打架,1
須向廠,1
將我戶,1
語音問,1
天聖,1
洪民說,1
洪民會,1
泉州,1
詹老師,1
王鈺茹,1
並於月,1
恆泰電子,1
潼心親,1
成員還,1
潼心幣,1
掛完視,1
實代價,1
搜尋後加,1
承兌,1
手腳後才,1
體後氣氛,1
補萬元,1
輸個,1
時節,1
自和幣商,1
時營,1
運盈餘會,1
一補,1
補來,1
補去,1
淘寶想,1
安裝個,1
黑掉,1
按得,1
假券,1
仿券,1
還網,1
補風險,1
絕後傳來,1
機會成,1
一個靈,1
想整,1
儲領,1
提單,1
會超,1
送不出,1
出一點點,1
投資受,1
奧本,1
電剪,1
這一念,1
騙驗,1
服務科,1
張卡刷,1
萬一有,1
點別,1
一開機,1
卷領,1
禹之人,1
我紀錄,1
以會計,1
張寄去,1
代儲點數,1
語要,1
三萬元當,1
接連要,1
以後人帥,1
輕異性,1
肩頸,1
回來後會,1
親自領,1
回國者,1
做關,1
題性,1
明後決定,1
於關,1
探店,1
鼎金,1
達統,1
商賴,1
編號則,1
沒有明,1
店位,1
前現,1
跟的並,1
斷頭,1
入後是,1
欠脹,1
始誤,1
話訊息給,1
將訊息識,1
閱假,1
借錢平,1
謝謝姐,1
賬單,1
內容區域,1
還稍,1
明儲值,1
銘昌幣商,1
至善國,1
代貨幣,1
轉說,1
區找,1
試點,1
潤貸,1
師遠端,1
居才,1
陶甕滴,1
娘劉,1
惠打,1
大業,1
品質還,1
父親委,1
元寶山生,1
份並,1
轉由委,1
買家後便,1
費用換,1
發權,1
創以,1
千清潔費,1
事後待,1
筱媛,1
自稱譚,1
虛疑,1
繳納訂,1
單餘款,1
繳納動作,1
原資,1
金餘款,1
將進入,1
負鉅額,1
還跟行員,1
腳發涼,1
老錢,1
並經查,1
重為,1
擔稅額,1
尚賀門市,1
活躍在,1
張喬馨,1
傳大盤,1
不銹鋼,1
框一個,1
即淨潔,1
豪辰,1
劉孟,1
加入者,1
損失則,1
豐證券,1
劉嘉雯,1
吳欣雨,1
廣宸,1
行並,1
並對暱,1
林宇浩,1
多人入,1
方之後透過,1
但三個,1
不積,1
最後在律,1
師建議,1
似裝,1
修詐,1
門票務,1
夏樂,1
領創業,1
央福,1
寶賢,1
元聘,1
日廟,1
佳文資源,1
稱思,1
富凱門市,1
為琳恩,1
姍姍說,1
不會換,1
時衝動,1
過後該,1
薩斯州,1
接著志工,1
元永雄陳筱洪,1
延鴻老師,1
我玩遊,1
他而照,1
付時,1
學並,1
場經,1
顆泰達幣換,1
即掛,1
人度過,1
資訊覺,1
美雅稱,1
我馬幣,1
林美雅到,1
林美雅給,1
嘉崎門市,1
君要,1
社團用,1
心夠,1
故里,1
天色已晚,1
娃迷,1
運毒,1
付律,1
玩死,1
先鋒門市,1
取的貨,1
小悸,1
歸談,1
欠國,1
商傳來,1
親年,1
裡就產生,1
臨櫃分,1
反著開,1
會志工,1
多裝,1
訊息剛,1
買家方,1
凌透過,1
船舶,1
褲特價,1
人壽寄來,1
金單,1
業務許,1
問許,1
將屆,1
似經歷,1
僅受,1
連結會,1
若經過,1
藝雅,1
豪發文,1
卡手續費,1
照買家,1
填賣家,1
轉完會,1
涼掉,1
用門號,1
改了驗,1
詹爸,1
佩姍,1
重視個,1
及陳志彬,1
儲值獎,1
然後切,1
雙方嗣後以,1
炫彩,1
並與聲,1
項後能,1
閱覽權,1
壓力並,1
稱其舊,1
團三專,1
三專,1
稱安寧,1
廁所牆,1
壁壁,1
畫後方,1
男神,1
活泥,1
證要領,1
資後謊,1
項提,1
領後匯款,1
誤按,1
误信,1
夢告訴,1
善待,1
藥我,1
運運送,1
龍錦國際,1
方嘉凌,1
因行員,1
及員,1
數一點,1
面撥,1
內念,1
邀來,1
缺新,1
批發群,1
客戶連,1
風的關,1
稱可帶,1
在线,1
連結後為,1
開獎號,1
觀察所謂,1
運動錄,1
二項,1
率先,1
沈宜,1
稱陳曉悠,1
給小橘,1
實陸續,1
沒人住,1
設法查,1
設計的網,1
說離,1
開葉門,1
機幾次,1
新篇章,1
保護費始,1
因王民該,1
詢星展,1
協商後雙,1
並會同,1
續費時,1
賣入,1
阿如,1
誘導報,1
案然,1
幣透過,1
外務協助,1
導致民眾,1
處及,1
電加,1
將送,1
其墊付,1
搜尋比,1
戲網,1
筆價值,1
面欲,1
網址後續,1
終能,1
繳納費費,1
用後會,1
經破壞,1
如錢,1
幫會員穩,1
剛提領,1
彤彤個,1
並站,1
投資剛,1
萌態度,1
判讀,1
四葉,1
財富羅盤,1
邵華會,1
盤後趨,1
學員日,1
妙娟,1
網友璐璐,1
稱璐璐,1
以來關,1
現結,1
江誠義也,1
林間,1
裡很猶豫,1
詢始覺,1
認識稱,1
思甜,1
然後然,1
之人作,1
為琳,1
開立網,1
虛貨幣,1
預存金,1
重疊,1
稱備,1
迎和門市,1
豐尚門市,1
出後出現,1
攝餘額,1
區銀,1
大寶,1
浪花,1
幣送,1
滿可憐,1
獎之類,1
嘉熙,1
街內,1
衣店,1
師範,1
英文系,1
向黃婷查,1
莊舒涵,1
若給予,1
澤晟,1
天發,1
如戲,1
互動費,1
依承諾返,1
之餘依,1
還遊戲,1
名義傳來,1
進行門,1
滑新聞,1
水去,1
綠界頁,1
還連台,1
金測試,1
組識,1
一則講,1
畫設,1
計圖,1
吳佳玲,1
滿新鮮,1
卡和國,1
好放進,1
學會後未來,1
僅依網,1
還相,1
寄卡皆應,1
號記,1
做後共匯,1
資極,1
請經,1
冒大險,1
玉溪,1
先語音,1
填卡號,1
孫子莊,1
想回,1
台照,1
顧媽,1
媽並,1
失才,1
變詐團,1
中真實,1
項皆來,1
客戶積,1
並無請求,1
揚用,1
揚我人,1
揚就來,1
揚告訴,1
揚請,1
路不熟,1
之後周,1
之後小徐,1
資開戶,1
草鞋,1
戶黃麗玲,1
我向黃麗玲,1
麗玲聲,1
又始,1
想寄現,1
台給,1
叫陳妍娜,1
問保證,1
作核,1
購電線,1
校名,1
義聯絡,1
一兩,1
百日,1
招數給,1
得睜大,1
別衝動,1
雅梓,1
隨便略過,1
金時間,1
想租間,1
發來源,1
稀哩,1
呼嚕,1
面問,1
好貴,1
包涵,1
金一樣,1
萬浦,1
負責驗資,1
總內,1
涉厚布璃,1
簡訊導致,1
沒額度,1
志確,1
將猛,1
正臉,1
及側,1
因有案,1
卡台灣,1
愛馬,1
萍加,1
單否則,1
好几个,1
小耀,1
談代購,1
天購,1
急著問,1
說賴,1
虛驚嚇,1
然後提幣,1
著小芬,1
蔡男告訴,1
打望,1
免費筆,1
電訊息,1
時有簽,1
故無法轉,1
片以,1
清說,1
催吳,1
如郵局,1
某土,1
細中,1
便僅,1
一組華南,1
張申購,1
承諾定,1
方孫,1
金太大,1
間帳,1
並依所謂,1
繳交認,1
不願購,1
及紅燈,1
遊學,1
惟依舊,1
我徵,1
詢後至,1
好後掃描,1
證證件,1
辦外,1
國人護照,1
對方後傳訊息,1
次見面,1
其後犯,1
加經紀,1
並刷點,1
用門,1
方後要,1
台灣能,1
單貼,1
新貝殼幣,1
筆實,1
千萬千萬,1
多保證,1
雖熱,1
要顧,1
元運費則,1
電改,1
賣鍋具,1
點我馬,1
錯訊息,1
女業務主動,1
他常傳,1
賣小電器,1
購買量衝,1
封鎖鍵,1
包和飾品,1
先全額,1
別人棄,1
連幾百塊,1
取東西,1
某鴻飛,1
任務費用,1
起來認,1
微博繼續,1
诗酒,1
相随,1
給劉,1
閃人,1
要遊戲,1
組大約,1
箱伴,1
旅日,1
抽箱,1
通訊連,1
筆韓,1
多人線,1
販售防,1
衣和車,1
列得,1
異問,1
某代辦,1
有觀,1
觀察月,1
馨將,1
以融資,1
柏瑞的網,1
新鮮生,1
解饞,1
下飯,1
滋補養,1
報的績,1
說代訂,1
義下,1
該簽,1
設嘉義市,1
向祥,1
人承擔,1
皮經,1
連同原,1
原出,1
店號,1
延遲行,1
假退貨,1
毫無邏輯,1
思夢樂門市,1
淑女,1
期理財,1
員解釋,1
查無資訊,1
東西放進,1
恆商,1
貿匯,1
雲電商,1
終於點頭,1
確有給,1
領普,1
財產來證,1
這邏輯,1
事後媽媽,1
航桃園,1
暗示性,1
莊媛婷,1
看細節,1
之後補助,1
張虛擬,1
銀活,1
蔡曉玲,1
很愛滑,1
錢後馬,1
麗貼,1
致電關,1
視訊驗,1
財常見,1
完發貨,1
郭娜,1
獲兒子,1
欣誼,1
何欣誼,1
閱蘋果,1
服務產品,1
反應後撥,1
科人員,1
號與識,1
蔣振偉,1
投資皆須,1
然林傑,1
價值點,1
吐誠懇,1
收員工,1
他償,1
黛筠,1
連結補,1
點數入,1
做後持續,1
鄭信陵,1
公務來,1
前冷靜,1
預賣,1
同臉,1
威航,1
經理致,1
法堂,1
升運招,1
財必點,1
林純香,1
繩遊樂,1
園票,1
微信代,1
匯贏,1
電訂,1
購國際牌,1
繳納且,1
內之導,1
引填寫,1
郵寄獎,1
討退貨,1
我採,1
詳號碼,1
美芳,1
成員來,1
社辦,1
認獲,1
兩端,1
上彈,1
林莉娜,1
卡條碼,1
接無法,1
小巫,1
簽勞務合,1
傻太信,1
現址,1
整棟樓,1
較強,1
星煬,1
氣又悔,1
秦健川,1
我怕極,1
沒愛情,1
投資後網,1
煩不煩,1
認進,1
任務派,1
細心教,1
沒警鈴,1
子瑜,1
破萬,1
領資料,1
收東西,1
職開始,1
悠趣,1
特助家,1
資出現,1
幣商門市,1
開實,1
紙小物,1
車升級,1
聖淵,1
管頭,1
聯絡後約,1
適配,1
期定額,1
駿泓,1
李昆沅說,1
駿泓詢,1
網銀會,1
或變,1
韓風格,1
這裡略過,1
放幣,1
卡和門號,1
補家計,1
有寄給,1
完後寄,1
來莉安傳給,1
投中,1
軒皓教,1
來銘彥,1
辦多,1
稱綾家,1
購買沛,1
證和地,1
母愛都,1
宇涵,1
窗簾業,1
問窗,1
將星城,1
欣門市,1
方寄空,1
桌之廠,1
商因,1
夠還,1
但後續轉,1
傲視,1
群雄,1
媽住,1
門口接,1
債主說,1
林俊言來電,1
林俊言約,1
資產擴,1
增計畫,1
最後衝,1
其補繳,1
手機播,1
之虞,1
名張,1
耶文,1
結清以,1
無清償,1
退本,1
雙慶門市,1
壽險質,1
元遊戲,1
合堂,1
經銀行查,1
減糖式,1
選買,1
稱曉兒,1
錢供,1
承諾五個,1
唐湘龍,1
潘馥玲,1
發耀,1
臨三至,1
萬元罰,1
各大銀行將,1
事後上網,1
林知徹,1
唐易,1
該民便,1
該民有,1
週週領,1
異常僅,1
萌果,1
揚詩涵,1
現接,1
還內建,1
小蕾蕾,1
打查,1
號台,1
傳金,1
嚴重詐,1
為配,1
地政機關,1
大齡,1
教學購,1
岡山人,1
是策,1
畫部,1
費後會入,1
啟虛,1
人通,1
林鴻,1
真不疑,1
思艷,1
李媛熙,1
李耀,1
高欣證券,1
誤設定,1
嘉雲寶塔,1
這塔位,1
果文,1
郭柏成,1
這次陳述,1
錢楚婷,1
自動會,1
方後沒有,1
行輸入,1
簡訊後輸入,1
龐大始,1
網路華南,1
豬圖案,1
推靈,1
商依,1
時自稱,1
主配,1
認當,1
錄後驚,1
望能,1
隨極,1
最錢線,1
醫美諮詢,1
頭幾個,1
減少訂,1
販售號,1
向里長,1
資訊科,1
軍營裡面,1
過愛情,1
獲民間,1
過之,1
拿要,1
從兒子,1
戒護,1
買家張,1
且位,1
並於用,1
從伴,1
遊及,1
利會,1
以維生,1
來者,1
集團名,1
單中須,1
票後續,1
用贈,1
郭代書,1
郭怡君,1
經歇業,1
戚解決,1
八週,1
期自動,1
臨期,1
和賴,1
我大約領,1
運有,1
貨運寄過,1
張報,1
車會,1
遭駭用,1
某郵,1
局後方,1
鈕連,1
供系統,1
正評,1
倉出,1
串中,1
因無實名,1
開畫面,1
郵政去,1
郵政產生,1
只談,1
披著求,1
烏克蘭空,1
因戰爭,1
家後才,1
流動量,1
為報,1
師洗,1
過後向,1
交工,1
李員警,1
然後蕭瑞豪,1
穿長,1
袖長,1
橘現,1
購買後一樣,1
金門且,1
並稱述,1
國匯款,1
商大甲,1
丰康門,1
王清,1
銀驗,1
現資金,1
呂宥朋,1
需至網,1
過大需,1
關懷詢,1
假麥,1
帳三個,1
密寄給,1
錢邊,1
用廠,1
義測試,1
顆球,1
潑下,1
全員,1
查相關,1
女兒講,1
坑給,1
票期,1
遠傳小額,1
手機後台,1
真盜,1
免排,1
別害,1
搜尋楓,1
將兩家,1
此自稱,1
加後要,1
之後作業,1
方後再,1
繳納並,1
方先以,1
一樣席,1
名義代轉,1
網銀單,1
三萬試,1
我太累,1
國雄,1
張小額,1
比金,1
記錄裡,1
休克,1
接狗,1
經籌,1
帳一匯,1
只訊息,1
親人關,1
地點訊息,1
期快,1
酬且,1
分年,1
雜又不,1
安穩理財,1
財一點,1
糾葛,1
轉投,1
照傳過,1
補助通,1
過後退,1
小愛給,1
該民乾,1
須比,1
錄現,1
叫蘭蘭,1
尋覓顧,1
問夢露,1
蘭邀,1
看情形,1
遭銷戶,1
人太難,1
挖走,1
竹崎鄉灣橋,1
村灣橋,1
傳辦,1
結點擊,1
自介歡,1
雲稱,1
包夜,1
雲遂,1
林小帥,1
雲出,1
什麼理,1
加總約,1
面額加,1
趕緊親,1
徵月嫂,1
隨後請淑敏,1
將華憶,1
隨華憶,1
範詐,1
內償,1
還那筆,1
稱冠霖,1
飯飯,1
登入網,1
況發生,1
允琪,1
張港幣,1
買後台,1
內容轉,1
龍騰雲起,1
麻將坊,1
這份關,1
售價定,1
分輸入,1
假金項,1
子陽,1
著子陽,1
就會入,1
萬元共損,1
失共損,1
投資社,1
白雪公主,1
組拉人頭,1
雄瑋,1
汝蓁,1
刮到,1
抵作,1
金一張,1
最後頁,1
岑琳,1
應援金,1
申請後竟,1
我代還,1
佩慈,1
方融,1
資百餘萬元,1
時分分,1
許加,1
教學將,1
購種,1
希雅,1
希雅之人,1
宏偉,1
方來訊息,1
錢後過,1
會員團,1
頭都暈,1
徐飞,1
許如鏡,1
私訊後雙,1
我富邦,1
家買家,1
簽了委,1
貸通,1
咨瑋,1
學員噓,1
裕東,1
始之詐,1
貨幣加,1
購匯,1
官監,1
護他,1
項主動,1
妥換,1
遭騙款,1
費連結,1
人合夥,1
連酒,1
方施詐,1
富澤經理,1
賴依,1
自女,1
拼裝床,1
付獎品,1
廣告將,1
高雄會面,1
血親,1
加視,1
流動且,1
風雨踏夢,1
加添,1
買雲南,1
語後開始,1
名國際,1
由廣告,1
誤及,1
始撥,1
內容後對方,1
載毅德,1
胡雪琴,1
資料後稱,1
依協議,1
職用,1
王依婷,1
我們轉,1
幣資助,1
需一週,1
為菲律,1
組菲律,1
賓手,1
初間,1
竟分,1
至綠界,1
內埔分別,1
戶代送,1
其金幣,1
協助代送,1
談中表現,1
一個夾,1
斐濟,1
之往,1
事司,1
機一職,1
許文杰,1
戚換,1
酬伴,1
貸來源,1
然後親友,1
轉達給,1
金留票,1
台無人機,1
任務協議,1
相繼給予,1
認內,1
無且,1
非律師,1
資和大筆,1
劉鴻偉,1
就暈,1
習俗,1
打傷,1
費四萬,1
奇異,1
瑞波,1
刷國際板,1
發財陳子婷,1
轉約,1
問大約,1
護理油,1
題目,1
前後為,1
主對方,1
員問,1
完直,1
實體存,1
理專向,1
不分潤,1
產量,1
收紅利,1
貨物運,1
幫長,1
並雙,1
侯秋安,1
親友盧,1
予金,1
盧姓,1
填輸後並,1
但後續還,1
佛牌給,1
另詢問,1
柔蓁,1
日後該,1
帳貨幣,1
煩悶,1
宣如,1
林詩詩,1
人會後續,1
婷妹,1
收的貨,1
這體質,1
頑固,1
單卡,1
當作門票,1
東京代購,1
聚豐門市,1
前錄影,1
天半過,1
時後向,1
福天,1
筆芯,1
最後寄來,1
貼文者羅佳琴,1
重轉,1
氣冷靜,1
這筆代購,1
信連結,1
扭蛋轉,1
已略,1
可低,1
股廣告,1
周思敏教,1
李志德,1
內依,1
認識陳淑玲,1
做薪資,1
天會給,1
然約定,1
始將,1
打來電,1
揭款,1
帳遠,1
指供,1
之遠東,1
臉書腳,1
賣家布,1
曼購,1
買迪卡儂,1
持續詢,1
問寄車,1
詢後經,1
帳號確,1
詳電話,1
動門號,1
裝將,1
林皓宇,1
誠心珠,1
逃難,1
賣加要,1
家恩,1
區票,1
稱後幾日,1
連視,1
升空,1
舊書訊息,1
節約,1
確實要,1
相優,1
總共二張,1
損失計,1
臉書車,1
增壓器,1
貨運領,1
幾天後裝,1
裝過,1
台福,1
小富,1
傳資料並,1
回傳後便,1
包匯給,1
之換算,1
要怪,1
梓乃吉滿,1
周翊然,1
專站,1
對方延,1
遲出,1
內代辦,1
欣所,1
推特滑,1
多想傷,1
櫻桃給,1
機太貴,1
蔡嘉瑩,1
投研,1
投個資,1
講之,1
阿煒後來,1
輸有,1
贏嘛,1
送店,1
兩百餘,1
營業員線,1
仗義,1
要續,1
帳密來,1
繁關心,1
附遠,1
藝人吳,1
願買門票,1
許跟江,1
說江,1
續江,1
並先償,1
財務去,1
次驗,1
進心,1
臨限,1
取貝殼幣,1
這下害,1
遙遙椅,1
想理財,1
第三十,1
幫忙定,1
額中,1
第二十一,1
還學貸,1
哲理,1
幣比較,1
重施故技,1
信而點,1
裡一熱,1
筆地付,1
終沒寄東,1
網餘額,1
方事後遲,1
學弟許,1
事後向許,1
稱瑩加,1
大陸要,1
東泰門市,1
張小紙,1
向代辦,1
遲交,1
帳願,1
果後自,1
處蓋章,1
無法代辦,1
選遊,1
結完,1
帳後明,1
購買明,1
風景圖,1
兩人合議,1
無參,1
組資源,1
還記憶,1
竅照,1
剛充,1
亂要,1
還很保證,1
狂查,1
處理業務時,1
調紀錄,1
地方性,1
調度費,1
聯絡粉,1
加聯絡,1
一個證,1
單軟體,1
小暈,1
戀愛跟,1
照填,1
期貨當,1
獲利術,1
面地,1
點後來,1
還是當,1
詭異連,1
資金餘額,1
現金先,1
百萬港幣,1
台港,1
店裡載,1
機續,1
收貓,1
多現,1
幾天後決,1
機場當,1
瑞珠,1
三十次,1
退個,1
貨就卡,1
可頌試,1
很心儀,1
寫切,1
當天會給,1
其索,1
討門票,1
發贈,1
送文,1
晴訊息,1
期有,1
晴用,1
領後即,1
認識數,1
這樣還,1
方太會,1
已經交,1
中多張,1
找能,1
為律,1
解決過,1
北寄到,1
信課,1
語流暢,1
收貨後發,1
現產品,1
流竄,1
或限時,1
喜愛而,1
實體驗貨,1
地通,1
或訊息絕,1
互動頻,1
繁後他,1
完餐,1
曾雪梅,1
軍票,1
劉銀芬,1
這一輸入,1
二百九十九,1
紅及,1
能協調,1
如茶,1
費和護,1
照驗,1
掙取,1
總額分,1
五比,1
顆鈦,1
捕獵,1
以籌集,1
為婉如,1
稱慈惠,1
裴娟,1
群組吾股,1
打用,1
效帳,1
寧小寶有,1
吳智彬,1
渠想,1
箱給,1
故像,1
依視,1
將小隊,1
假小隊,1
通緝且,1
假地,1
行員櫃,1
其規定,1
傳播會,1
成員持續,1
未久,1
訂購網,1
沒開啟,1
來紀錄,1
叫琳兒,1
無雙富閣,1
我黃敬,1
閔便,1
獄警,1
許欲將,1
遭客訴,1
劉雅瑩,1
社團後以,1
高景觀,1
李莉,1
簽交,1
起眼,1
愛是,1
連現,1
金研智庫,1
還節節,1
轉換後約,1
連結後發現,1
加總金額,1
但話語,1
包加,1
急救包,1
套裝組,1
無患,1
未晚,1
錯資訊,1
方息,1
禮拜轉,1
兩期款,1
補傳,1
找車,1
到玉里,1
富威國際,1
轉等額,1
代友,1
名義開通,1
資續,1
購買游,1
除售,1
稱怡婷,1
宋巧鳳,1
片內,1
成盈餘,1
依合夥,1
盈餘予,1
渠後便,1
回渠,1
仁禮,1
續黃仁,1
貨物來,1
報人到,1
失敗後稱,1
異常後至,1
書資料,1
金畫,1
資幾乎,1
元是給,1
之後斷,1
聚恩分隊,1
王欣捷,1
問買家後續,1
夾入,1
到件後經,1
可融,1
心融,1
點數計,1
無比氣憤,1
代禮卷,1
區陽,1
高文亨,1
區達,1
勇門市,1
股盤,1
共訂購,1
日可到,1
已無回,1
以閒,1
聊為,1
到後並,1
萬元共分,1
如順利,1
過審查,1
刘強,1
提訊,1
下現,1
金面,1
資款給,1
轉都轉,1
林江萊,1
深性,1
中芸門,1
詢樂天,1
戚王,1
銘所,1
美卿,1
轉匯入,1
經我事,1
寄驗證,1
同學媽媽,1
並規定,1
需網路,1
詢發覺,1
主機變,1
連轉幣,1
最後全,1
稍後入帳,1
英美,1
自在,1
最後卡刷,1
那客,1
近四萬,1
女寶寶,1
溫文秀,1
主衝,1
進一個網,1
拍花,1
問完後小隊,1
續書,1
那取,1
卡後用,1
廣告入,1
之騙,1
邀清,1
之級,1
投資級,1
作泰達幣,1
正美門,1
將罰款,1
並於郵件,1
遭線,1
及斷,1
一疊現,1
改拿著,1
流韻,1
影圈,1
英凱,1
盈善,1
先把幣,1
東區埔頂,1
場名,1
車翼,1
貸和車,1
蠔油,1
老抽,1
過四,1
購物線,1
大離,1
開汽車,1
區青島,1
關園,1
藝及,1
銓主動,1
並依趙,1
利要,1
將訓練,1
研發委,1
因錢滯,1
還卡著,1
竣捷,1
領酬,1
套子,1
有見過,1
不太聯絡,1
因數量,1
批批,1
科雅門市,1
隨後不僅,1
並無透過,1
商禾,1
立門市,1
想選,1
鄭偉哲,1
纖維工藝,1
館交貨,1
萬申,1
購金額,1
可戀,1
互動後交換,1
視訊詐,1
移行,1
代營銷,1
萬元營,1
研技術,1
稱和盟,1
攝後透過,1
項強,1
耗損,1
購買療,1
程藥品,1
新東峰,1
東光路,1
精誠門市,1
市員工,1
社在,1
單輸入,1
保勞健保,1
規格到,1
隱私洩,1
用大陸,1
鎮內,1
位家,1
電上訂,1
購國際,1
生投資,1
未依當,1
初承諾,1
它行,1
叫小蔓,1
阿鐘,1
筆痕,1
阿烈,1
叫黃偉傑,1
楊知,1
勞保單,1
話術問,1
分幾期還,1
百貨網,1
失一萬塊,1
家電販售,1
幾天款,1
停卡後至,1
上徵,1
方四張,1
請超,1
同身,1
入金然,1
某家幣商,1
之後警員,1
面警員,1
極萊,1
芸給,1
洗出去,1
給設局,1
位來,1
自檢調,1
還開車,1
好話題,1
照騙,1
出少,1
組學,1
匯錢還,1
寄的給,1
驗證序,1
幾十萬元換,1
單不謀,1
而合,1
商做,1
機無聊,1
粉濕,1
一組接,1
喬不攏,1
號之後就,1
包裝副業,1
簽租賃,1
通約定,1
完後總覺,1
般難,1
並涉,1
議價以,1
補齊後才,1
證也要,1
還沒平,1
新幣種,1
依官,1
日和驗,1
刷出,1
連賬,1
或延誤,1
簡訊竟,1
崩解,1
若不補,1
項共約,1
懷疑詢,1
一人後來,1
付十萬元,1
展品,1
懇切並,1
次詐,1
高老師,1
嚇慌,1
清點當,1
刑大求證,1
業務張,1
一門名,1
更順,1
舉了,1
產生預,1
我朗讀,1
自星城,1
筆星幣,1
著招,1
臉書訊書,1
一紙袋,1
筆對,1
填樹,1
超商詐,1
號畫,1
連筆電,1
路人察覺,1
啟動費用,1
同學們,1
將資金轉,1
因牽涉,1
剛才點,1
芷妍,1
時間後會,1
問小幫手,1
箱張,1
將步驟,1
薪資條,1
規格後開,1
桂芬,1
集塵器,1
最後所謂,1
統能,1
通信工程,1
做水電,1
領遊戲,1
區問,1
中華光,1
容遊戲,1
舒逸,1
旅遊網,1
熟識成,1
轉交會,1
許鄰,1
問會首,1
珊雲之人,1
項非,1
人不太,1
幾天匯,1
報長,1
投資升級,1
最後林駿輝,1
前輩給,1
資訊和績,1
效截,1
利馬,1
小兒,1
科診,1
蓬山,1
付項,1
變態,1
男才會,1
繳納風,1
聯徵報,1
卡計,1
隨後未,1
私訊假,1
代碼予,1
稱送,1
並於事後持續,1
完後犯,1
手後調,1
然後利潤,1
發怪,1
現在光,1
團年,1
繳比較,1
匯三萬多進,1
接連有,1
之幸,1
運碼,1
太多民眾,1
連答,1
最後開口,1
國際驗,1
熱血氣氛,1
難用,1
能彌補些,1
別太多,1
認真以,1
我側,1
錄後威脅,1
方不高興,1
錢為,1
問明,1
最先,1
內容購,1
初協商,1
人員後他,1
還把購,1
購經驗,1
電商產品,1
貨補貨,1
民雄門,1
鎮新,1
付車,1
雙方返,1
人查證,1
投資鐵,1
幣和新,1
愛國門市,1
區愛國,1
電宣稱,1
女臉,1
東榮村,1
群以,1
未具,1
導性,1
並懇,1
檢保卡,1
瑞豪,1
從俊良,1
下之元,1
楊梅麥,1
當勞站,1
思雅技術,1
刻版,1
孫老師領,1
稱源,1
某抖音,1
數三張,1
張雷,1
偽幣,1
時若,1
載後用,1
順產生,1
且極,1
以平靜,1
動後便,1
同區,1
還松,1
費或稅,1
單八,1
打不著邊,1
積極教,1
進而設,1
真誠與,1
薄紗,1
電商思維,1
當你太,1
腦疑,1
叫寶貝,1
還在訊息,1
太超過,1
想貸,1
大亂,1
楊賢接,1
騙子別,1
櫃台後才,1
龍卡牌,1
組卡牌,1
收貨日,1
打網,1
踩踏,1
按件給,1
他里,1
全聯將,1
上八點,1
萃萊彩,1
寶閣,1
采婕,1
顧昱衡,1
勝群,1
韻雅,1
做志,1
工訊息,1
描假,1
鄭若涵,1
小若,1
投資雲端,1
李志鴻,1
靜奈,1
醫科,1
集團賴,1
陸續予,1
交及,1
好果,1
施朝凱,1
雪莉芹,1
力智及,1
同號,1
店詢,1
貨幣後發,1
買車換,1
客貨車,1
關獎,1
買束,1
腹帶,1
附育門,1
台化門市,1
並不太有,1
報海關,1
現金才,1
帳號驗資,1
亂塞,1
假貨給,1
過後我終,1
四萬八,1
國人,1
叫詩,1
花蓮中,1
琉公園,1
祥見面,1
工顥,1
內拉,1
當代銷,1
四街,1
叫怡,1
線拉人頭,1
元聚峰,1
人江琳,1
誤當,1
還不太會,1
蔣雯雯,1
投資後都,1
小晟,1
完後避,1
假買家經,1
可使,1
相圈,1
票問,1
畢後視,1
坊業者,1
為羅詩,1
問行員時,1
主舉,1
猜幸,1
運數,1
活動過,1
鄭弘,1
儀理,1
觀察裡面,1
王小農,1
王紹傑,1
太高想,1
揚昇峰,1
中壢店,1
做樣子,1
比時,1
紀偉偉,1
顏美,1
販賣入,1
許鴻翔,1
楊志,1
帳發,1
高欣,1
財富屋,1
討合約,1
童保,1
上買點,1
抵達會場,1
運費的關,1
每換,1
包部門,1
積極展,1
這些後續,1
裡和一個,1
參加葬禮,1
降血脂,1
血脂,1
許多來,1
事後證明,1
分紅獎,1
買個藥,1
局寄來,1
一遺失,1
油快,1
加不起,1
痛點,1
會諮詢,1
獲利飆,1
升時,1
賣泰國,1
或來源,1
有害,1
票價要,1
商軟體,1
解付,1
劉借,1
稱昊然,1
優購,1
華歌爾,1
單件,1
開系統,1
還登,1
中繼器,1
來常見,1
盧雪林,1
保源,1
區簽,1
要區,1
其親家,1
常稱,1
惟誤,1
楊祺恩,1
楊祺恩不斷,1
李豐林,1
投資黃玉鈴,1
洪禮,1
幫忙算,1
曾顏澤,1
萊希,1
拉姆,1
失超,1
過八萬,1
前後後儲值,1
網銀先匯,1
詐金額,1
連元大,1
付裡面,1
雨傘,1
已語,1
活動序,1
號參,1
天匯款,1
場包裝,1
規未繳,1
這封假,1
貸無法,1
名義寄,1
感情交流,1
給我氣,1
及餅,1
逐夢國際,1
紙袋裝,1
禁賣,1
遂給,1
列詐,1
所詢問,1
採光足,1
通方,1
抵後續,1
呆佩雯,1
銘威,1
化妝品類,1
禮物款,1
對方送,1
財務用,1
財務稱,1
掃錯,1
張美涵,1
美涵,1
證夾,1
企銀領,1
用家,1
電撥,1
初鹿,1
照樂齡,1
辦理長,1
劉芳霈,1
劉媽稱,1
給劉媽,1
詢百萬大額,1
百萬額度,1
獲益款,1
耳機給,1
開幣托,1
資料後來,1
瘋傳,1
流額度,1
人方,1
始訴警,1
挑選欲,1
封鎖過,1
號我給,1
數卡密,1
希芸,1
傳私訊並,1
因本來,1
沃金紀元,1
投資二萬元,1
獲利十萬,1
嫌會,1
獲利十,1
提告且,1
學越,1
假外匯,1
徐灝喆,1
購馬虛擬,1
以先,1
標一個,1
推特通,1
使陳民限,1
詐術系,1
許林,1
安及幣,1
烏克蘭作,1
戰之美,1
匯入幣,1
起大眾,1
為靖,1
繳款給,1
勞酬,1
單傳想,1
東海門市,1
稅務會,1
到員林,1
倉庫點,1
人林惠敏,1
帳庫,1
納的,1
獲款,1
拍賣暱,1
郁敏聲,1
補訂,1
方幣安,1
林浩沅,1
補財庫,1
有繪畫,1
出善,1
機密要,1
無人處,1
則繼續,1
做後郵局,1
圖片問,1
關遊戲,1
手品,1
至三大電信,1
兩門號,1
僅辦理,1
各一門,1
額紅利,1
劉給,1
秘書先,1
進跑,1
採集換,1
車司機,1
完之後並,1
內之通,1
幣商前,1
繳電信,1
轉帳後過,1
兩本給,1
方販賣,1
別人戶頭,1
領錢過,1
金感覺,1
查區,1
鏈紀錄,1
著無能,1
連派,1
網都,1
閃神,1
中市警,1
金片,1
拍用,1
拿來當,1
站員工,1
幾天後在網,1
冠幅,1
心就動,1
連考慮,1
還只,1
熱招,1
改從,1
閱開始,1
某盈,1
統一買,1
過兩週,1
作學費,1
稅金到,1
某諾,1
越儲越,1
儲一點,1
資因,1
電收費,1
願試試,1
富雨陽傘,1
錯標,1
過後又轉,1
機沒,1
還放滿,1
美嬌,1
一萬九進,1
先換幣,1
獲派,1
單後遂,1
區外,1
往後餘生,1
加一暱,1
審結果,1
試卡及,1
收門市,1
個品,1
氣下訂,1
賣場販,1
錢人,1
場次延,1
到後來訊息,1
王卡假,1
幣還會,1
分攤個,1
案變,1
租夥伴,1
給提,1
剛好配,1
金旺,1
並無明,1
有點記,1
賣去,1
講比,1
丟越,1
他設,1
之租車,1
潘女並,1
參加供,1
另給予,1
融卡,1
群則,1
金漲,1
家後拆開,1
或誤,1
然價格,1
得悉,1
網銀過,1
稱之後會還,1
張純,1
將實名,1
制訊息,1
訂金費用,1
組附,1
輕給,1
面皂,1
辦法且,1
安婉,1
費且,1
愛對方,1
我買靈,1
有傷,1
活會員,1
高齡者,1
帳密繳,1
特克斯,1
傳藝人,1
給藝人,1
電視劇,1
包幾乎,1
完一組,1
如理,1
蔡靜怡,1
出金之時,1
工介紹,1
之飾品,1
關稅局,1
明誌,1
吳曉萱,1
加營,1
師還,1
間接,1
假營,1
面匯,1
裡超亂,1
神雕,1
制銅帽,1
認真為,1
瀏覽動態,1
最後忘,1
商系,1
非家電,1
微信群,1
分離,1
學一邊,1
熱愛飾品,1
封內容,1
動態驗,1
刪號,1
折換,1
記所,1
假薪,1
資證,1
福上,1
渠照,1
會後撥款,1
門診外,1
詢室,1
開藥,1
進診間,1
攔著,1
秘書來,1
拒開,1
最後拖到,1
領藥時,1
聞後覺,1
不累,1
志在,1
合奏,1
整作,1
注等訊息,1
當東,1
吳漢群,1
發紅包,1
超憤,1
成遊戲,1
單會作,1
朱宝,1
財富智匯,1
回傳場,1
景後會,1
筆專輯,1
收卡後就會,1
人卡,1
同學黃澤超,1
上印,1
車開過,1
嘴裡還,1
連車,1
超興,1
奮馬上,1
才能救,1
受騙過,1
李意歡,1
結麻煩,1
某半導體,1
珠寶而,1
遇翠珠,1
圖文介紹,1
屋人,1
毛錢,1
連那網,1
組主張,1
數千人,1
主亦未,1
內容具,1
方認,1
賞裡面,1
聯合開,1
可介紹給,1
列之潛,1
董永遠,1
聖鬥士星,1
矢模,1
玩群,1
曾穎芝,1
必慎,1
償費,1
覺得付,1
交自證,1
異常會,1
問後我要,1
釣竿為,1
釣竿驗,1
依繳,1
費步,1
搜尋至,1
寄剩,1
閱個,1
有保,1
面作,1
張票須,1
費用還,1
然後總共只,1
東裝潢,1
費出,1
加工出口,1
寶桑,1
已詐,1
欺通緝,1
許芳仁,1
資金彌補,1
資金買幣,1
舒雅則,1
記錄並,1
並販,1
務所戶,1
王財俊,1
數日後警員,1
共申,1
公費,1
西子,1
柔雨,1
講須,1
客運貨到,1
匯出予,1
該律師,1
劉之,1
劉叫,1
匯期貨,1
別共匯,1
同金,1
證後認,1
臉書品,1
芷芷,1
網紅游否,1
希開,1
游否,1
希後來,1
其門票,1
中興行,1
取仲信,1
背道,1
稱陳淑玲,1
關計費,1
雅玟,1
以雅玟,1
專員陳珈,1
原存行,1
至智匯,1
徵賣場,1
媽咪館,1
稅金進,1
寄卡驗證,1
龐大故,1
詢後認,1
融資額度,1
叫穎穎,1
回條,1
兩萬二買,1
事後想掛,1
失十萬,1
岸代請,1
會視,1
局打來,1
轉幾十萬元,1
頭要,1
收獎,1
超無助,1
談兵,1
越莓,1
問也問,1
儲值後達成,1
願買,1
查表,1
新群組,1
說會傳,1
借卡幫,1
然後每,1
金流簽,1
貴請,1
但羅,1
貴後續,1
旺沛,1
大數位,1
行為並,1
連傑,1
借接,1
方之後訊息,1
教召期,1
給我刷,1
面賣場,1
嫌後以,1
數封訊息,1
要斗內,1
費故,1
叫趙偉,1
關於期,1
將遺產,1
格中,1
佐林,1
加線,1
有源,1
萬後賺,1
問特助,1
問籌,1
試提金,1
大紅頁,1
違反詐,1
叫小妤,1
查款,1
內東西,1
王美心,1
角學貸,1
理向,1
貨款當,1
幾天後越,1
鼎鈺主,1
辦行,1
緣石,1
戶頭會,1
其實加,1
超爛,1
一折,1
優帑,1
爸親,1
介紹購,1
尋求律,1
師名,1
博凱律,1
五億品,1
東京島,1
外國代購,1
推銷靈,1
偵小隊,1
商討後續,1
送承辦,1
稱志勳,1
筆並用,1
並傳線,1
結由,1
無家長,1
轉傳截,1
穩聊數,1
將多數,1
同夥陳曦,1
點宅,1
而後宅,1
配通給,1
張柔,1
廣集,1
對方後對方,1
入郵局,1
吳梅芳,1
真誠愛情,1
治理,1
星邁,1
劉展榮,1
把吳,1
唐心怡,1
惟擔,1
金解決,1
送視訊,1
為陳音,1
張愛,1
美一點,1
內共遭,1
兩天後雙方,1
易陽,1
里科,1
辦理出,1
張莉,1
過賣家驗,1
關線,1
晨告訴,1
借保單,1
稱陳俊良,1
沒中會,1
有後台,1
地加購,1
振華網,1
這的,1
塑料,1
最後解,1
鄰居發,1
自萬華,1
柏諺,1
隨柏諺,1
曾鐘,1
點把,1
筆電交換,1
筆電寄給,1
過以物,1
銀行風,1
鮮少過,1
劉國華,1
劉小婷,1
紋繡機,1
承諾會重,1
問樂,1
卻簽,1
那篇文,1
過裡,1
帳之,1
誇出,1
圖痕跡,1
問中租,1
對方太過,1
有六筆,1
簽注,1
完大,1
轉交虛擬,1
事該,1
為督導,1
世壯,1
運紀念品,1
還很詳細,1
幾何,1
祥鴻商會,1
群裡經,1
東太麻里,1
香蘭載,1
聖諺,1
沈柏樺,1
內容後便,1
審資料,1
曾茹萍,1
暫無資金,1
莊穎臻,1
吳成,1
幫其代,1
將花蓮市,1
李薇薇,1
魏昱昕,1
伴遊費會,1
盈佳門市,1
鄉仁里,1
同學要,1
他誤,1
心嵐稱,1
當任,1
及免,1
處理後面,1
這次命,1
包欠,1
東有民眾,1
唯妙唯肖,1
李芊,1
連興趣,1
他們當,1
搖搖冰,1
光電計畫,1
剛因,1
那家律,1
我代勞,1
面後進,1
收多,1
多輔助,1
調多,1
千甲車,1
平江,1
連一聲,1
許重祿,1
俠店,1
熙蕾,1
開權限,1
連賬號,1
鄭素珍,1
智明,1
雖計,1
心若暖阳,1
晚街,1
願賣票,1
網想查,1
浪子,1
林嘉玥,1
稅時,1
元保,1
資產險,1
叫陳曉東,1
收傭金,1
某不記,1
稱的網,1
托運至,1
鄭婷,1
匯款後心,1
認兩筆,1
旅外,1
幾天後感,1
傳欲,1
並依連,1
搜尋按,1
補前,1
陳雯芳,1
李小蘭,1
賣賣區,1
家電及,1
單之後詢問,1
文後對,1
貨後至,1
書連結,1
親密話題,1
戀愛換,1
只加價,1
採信,1
過性關,1
將贖身,1
綠未,1
幫其舉,1
其斷絕,1
須線,1
筆後仍,1
辭辭,1
稱娟娟,1
團費及,1
仍未見,1
嚴上,1
百褶裙,1
越會裝,1
委員來,1
前後總共四筆,1
購卡行,1
葉楠星,1
運氣會,1
金少,1
話術游,1
內容後再,1
包下載,1
異常高,1
由張,1
當陳壁,1
壁元,1
親自解決,1
鞋有,1
順豐交貨,1
得要,1
度不錯,1
前順,1
刷訊息,1
迷一,1
交貨寄來,1
封膠過,1
互不,1
偵查員謝,1
補報案,1
我刷著,1
梁正諺,1
偉大,1
貝倫,1
護肩,1
堅韌,1
邪惡,1
週會付,1
單純租,1
漸熟,1
幾天話題,1
幫忙統,1
封膜機,1
維特絲,1
單維特絲,1
祛痘,1
美背,1
預購訂,1
統歸賽,1
我事後還,1
尼購物,1
李嘉凰,1
電拜,1
辦理民間,1
出清文,1
李專員問,1
還沒交車,1
因善念,1
繼承人,1
達後將,1
屏東載,1
騙車資,1
做後竟,1
思想,1
許多罰,1
單和稅,1
認車輛,1
稅金罰,1
貿然代墊,1
總監稱,1
交作業,1
人員話術,1
點擊裡,1
違規查,1
詢頁,1
繳台幣,1
指導開,1
彭專員,1
那區區,1
市福興路,1
魏英傑,1
魏英,1
傑後來,1
八沐町養,1
日會來,1
店裡維,1
修安裝,1
某電力,1
打草,1
驚蛇,1
搞得頭,1
這兩條,1
組寶可夢卡牌,1
破紙,1
然後繼續,1
果緣,1
出貨後都,1
京泰門市,1
偽券,1
待調,1
圓給,1
呂專員,1
台幣過,1
賣筆,1
完後連,1
對方核,1
辦贈,1
方後顯示,1
友問,1
愛愛嗎,1
討約炮,1
網處理,1
轉不見,1
再測,1
誤收,1
太巧,1
賣雷蛇,1
貸撥款,1
轉小額款,1
神招,1
就會匯,1
某公營,1
關於魚,1
候講,1
連罰,1
藍新系,1
韓國大,1
之後又點,1
當礦,1
帳來證,1
兩家幣,1
商實體,1
中獎後要,1
一軟信,1
統傳,1
心大,1
沒輸,1
選三,1
抽給,1
氣挑,1
退多,1
盯人,1
張卡戶頭,1
開始言語,1
照數位,1
交車資,1
下載後紀,1
超藍貝,1
吉塔,1
著三萬元,1
麥香紅,1
啟權限,1
學宏國際,1
錢資,1
痛感,1
出存,1
行員多加,1
搜尋後我,1
為理,1
問之人,1
密供,1
允諾該,1
並無協助,1
金後可領,1
方經,1
街邊,1
若給,1
當作油,1
有業務員,1
然後拿著,1
筆件,1
枷鎖,1
免費露,1
還在後悔,1
上裡面,1
還會辦,1
連蔡,1
貪到,1
超鬱悶,1
問退換,1
貨該,1
假貨塞給,1
雜與詐,1
象發,1
我淨身,1
回神後才,1
資金煩,1
來後查證,1
擴大前,1
資防護絕,1
毫無售,1
售後資訊,1
進入後還,1
匯全額,1
畢之後驚,1
網紅教學,1
男男女女,1
多交點,1
連異性,1
越煩,1
阿儒,1
某禮儀,1
現金無卡,1
寧小寶,1
張介清,1
頂村,1
三主宮,1
箱遇,1
王俊諺,1
經加熱,1
湖仁,1
寶電腦,1
當財務,1
李凱,1
明問,1
亞太易安,1
中華西,1
店現,1
通握,1
代買代賣,1
並無多餘現,1
金僅,1
因緣師,1
處理姻,1
轉之廣告,1
開填輸,1
台新理財,1
惟資格,1
已徵到,1
交匯,1
新萃,1
並將幣商,1
潘昶,1
連那筆,1
進洗,1
連報案,1
陳俊凱,1
幫補家計,1
果嚴,1
重到,1
所生產,1
單後順利,1
包裝質,1
公司出品,1
內服,1
對人體,1
貨來源,1
經營團,1
購業務,1
名為鍵,1
感派,1
稱瑤瑤,1
變得過,1
減脂膜,1
打廣告並,1
銷售會,1
張豪嘉,1
張男給,1
張幣商,1
一則車,1
問卷並,1
王醫生,1
幹細胞,1
金州,1
帽吉伊,1
登入凱,1
李志遠,1
李嘉佳,1
開建築,1
腳斷,1
石膏,1
品品,1
葉品寧,1
寫關,1
項後至,1
賴銘章,1
若不夠,1
戶頭須,1
珍寶手,1
吳易峰,1
信永卡,1
醒木,1
會至,1
太多給,1
失後續,1
我始將,1
方共匯款,1
點又要,1
張萊爾富,1
好康網,1
銀漆,1
先刮開,1
何承唐,1
徵的員,1
工葉,1
面花,1
同門,1
機車客,1
嘉義美,1
居百貨,1
拿時,1
號盜,1
離身,1
全美,1
水楊酸,1
一抹,1
車賣給,1
繳給裕榮,1
跟裕榮,1
中把車,1
胡楨,1
串介紹,1
雨嘉說,1
藍籌,1
問店員能,1
扣錯,1
機車杯,1
燈藝,1
杯架,1
叫婷,1
卡早,1
處理別,1
烏克蘭傭兵,1
雖聲音,1
故依約定,1
叫秀,1
客車載,1
賈秀,1
環之人,1
台茂,1
賈秀環,1
方討回,1
專人代,1
我余,1
休閒小棧,1
以性,1
出金變,1
啟智,1
熱地加,1
正持,1
資恐,1
嫌取,1
視訊當,1
一團購,1
投資獎,1
轉錢進,1
轉出幣,1
八八,1
組裝並,1
噴漆,1
獎後必須,1
專透過,1
難子,1
組系,1
領銀,1
素食店,1
養心悅,1
養生閣,1
組所屬,1
之後想將,1
稱亞妃,1
代書去,1
經代書詢,1
問後沒,1
許建國,1
關於代辦,1
社團並,1
買費用,1
我列,1
印共,1
需場,1
及維護,1
帳機,1
現言談,1
還夾帶,1
減肥詐,1
惠文,1
心玲,1
台電人員,1
華街,1
興公園,1
劉佩禹,1
同學匯,1
蕭溢宏,1
稅加,1
點福袋,1
之後什麼獎,1
零距離,1
較穩,1
李永健,1
港務局,1
成後會還,1
吳依蓁,1
婚論,1
答應會立,1
自簽,1
給我正,1
剛搜尋完,1
封訊息,1
依蓉,1
正規求,1
辦大樓,1
幾十顆,1
劉嘉芯,1
筆投進,1
加數,1
還讀,1
但險些,1
護具,1
號和車牌,1
雜太,1
張靖鈴,1
標價大約,1
認證表,1
西還,1
房狀況,1
消費務必,1
現場面,1
嘗試轉,1
名義向民眾,1
有熱,1
方話術流,1
新式,1
新融,1
極教,1
那人時,1
內想,1
儲秒入,1
帳無須,1
福湯,1
岩盤,1
浴券,1
財曜,1
六萬元來,1
貪字,1
貴手,1
禮都交,1
家電裡,1
做做,1
封聲,1
報小,1
銀處理,1
還有律,1
剛在訊息,1
借錢千萬,1
過相,1
家買過,1
方話給,1
人有類,1
組贈品,1
理會產生,1
房資格,1
方發來,1
著項,1
方聊過,1
韓風,1
尚衣,1
若曦會,1
奇剛,1
土銀網,1
中華及,1
鋪排,1
文賣家,1
點選後顯示,1
結後詐,1
作測試,1
裡遇,1
顏坤程,1
藝琳,1
帳賺,1
能紅,1
繳交法,1
戶役,1
含序號,1
需留,1
金服務,1
禮物點,1
聽後才,1
吳警員,1
去路,1
竹當,1
街交,1
出密碼,1
沒職,1
買幣照,1
林書鈞,1
鄧思菱,1
國路,1
商愛民門市,1
剛投資,1
應訊息致,1
閔菲,1
廖玉婷,1
廖民下,1
廖民並,1
廖民繳,1
張春妹,1
商蓮吉門市,1
櫃員後驚,1
餘則,1
將使,1
中述,1
須凍,1
結報,1
詢問員,1
財智學苑,1
寵物試,1
做代幣,1
幫換,1
遷過,1
所門口,1
暮年,1
南尋,1
買家及,1
買家業務,1
買方業務,1
經人到,1
櫃台領,1
一載,1
種賺,1
沒單,1
獨來,1
事生,1
生園,1
獲得護,1
結交線,1
遊戲夥伴,1
探班,1
每會會給,1
探性詢,1
選擇性,1
日後他,1
作者姓名,1
洪瑋薇,1
找馬來,1
雙方當,1
時間後並,1
小假,1
發假,1
資金止損,1
最後一線,1
軒哥,1
職求,1
繳認,1
交假,1
投資易,1
信視訊,1
貼文後與,1
貨便驗,1
證資產,1
許真,1
我違,1
可雯,1
禮物來,1
傭金外,1
翔會教,1
證金而購,1
夠成,1
拖期,1
順利觀,1
有小劉,1
講古錢幣,1
買古幣,1
娘子,1
相公,1
起鴻蒙篇,1
衝等級,1
買母,1
還拉一個,1
無言到,1
肯放過,1
啟時,1
過一模,1
號我問,1
丟大錢,1
已覺,1
有動作,1
防心,1
誠心換,1
我估,1
改綁定,1
變別,1
代打代練,1
別人想,1
這樣後悔,1
固力,1
林誠儒,1
改幫,1
出金快,1
風控鎖定,1
驟照,1
放屁,1
氣歸氣,1
發幾句,1
一盜,1
比本尊,1
軍師,1
身外之物,1
卡之類,1
李銘漢,1
別貿然,1
慶福,1
護團隊,1
醫廣告,1
及夜,1
藥物給,1
領補,1
幣和馬來,1
儲值商,1
互動蠻,1
參加時,1
先拿回,1
組塔羅牌,1
熱敷,1
過緊,1
協運,1
三大筆,1
氣就訂,1
那尊,1
雕工,1
裡應,1
升級過,1
網路塞車,1
就表達,1
小跑步,1
連車影,1
人全,1
整人,1
開賣家,1
較值,1
某虛寶來,1
說售,1
林淺,1
沒離婚,1
拿掉,1
下載表,1
專精虛擬,1
前後共繳,1
此動用,1
米店,1
存貨價,1
遭佔用,1
單絕,1
某討論,1
翠屏,1
店後會分,1
綠界詐,1
綺問,1
騙機,1
保證店,1
區援,1
師態度,1
稱琪婷,1
文鈺,1
政澤,1
事後堆,1
方皆未,1
依約償,1
個合約,1
投滿,1
結後會,1
導遊以,1
網路業者,1
成批,1
還的訊息,1
編詢問,1
寄後出,1
小薯,1
條媽,1
美濃,1
逛告,1
然要,1
機電話給,1
日持券,1
男主動,1
將臉,1
格雷,1
蔡典育,1
電需,1
帳戶後共遭,1
一冠福,1
過大時,1
經手機,1
刷共新,1
取票號,1
理戶籍,1
偵訊名,1
義詢問,1
續賴,1
財產換,1
甚廣,1
夠多,1
並匯報,1
案須,1
問所,1
內員警,1
游睿,1
其下單,1
完後我始,1
電競主機,1
兩萬元取,1
王茜茜,1
餘額查,1
詢作,1
浪購,1
買餅,1
噗浪訊息,1
購齊,1
發購,1
其步驟,1
恆商貿,1
一試還,1
之後交給,1
李巧稚,1
改搭別,1
交會員費用,1
然後又退,1
多謹慎,1
卡篇,1
推播給,1
筆包裝,1
工聯絡,1
渠中華,1
普普風,1
淡大,1
萬帶,1
下交給,1
半見面,1
刀械,1
菠蘿,1
旺萊,1
韓圜,1
天竺鼠,1
火火珠,1
杰倫幣,1
因五筆,1
唱會門票,1
交依,1
將我存,1
剩餘貨幣,1
誠徵翻,1
譯人員,1
給那個,1
久終,1
那手,1
福興鄉,1
球桿頭,1
一比才,1
豐田公園,1
鹿峰,1
開醫療,1
處理幣,1
六勝,1
樂福見面,1
再貸,1
挺認,1
誠意認,1
這一給,1
臉書瑞瑞,1
公事包,1
正規幣,1
規冷錢,1
幣安轉,1
儲值訊息,1
購買超,1
理約,1
辦卡費,1
象暱,1
炮權,1
限後可,1
依張,1
張欣悅,1
家樂福裡,1
面後問,1
我寄台,1
各籃,1
機電子,1
給監理,1
意透,1
過畫,1
獎後對,1
抗賽,1
籃球賽,1
大約給,1
總共八萬多,1
數間,1
帳帳,1
帶練,1
稅費及,1
東石鄉,1
樹村,1
商弘龍門市,1
耀南,1
操裡面,1
記當時,1
至不詳,1
創建假,1
食購,1
其理財,1
大振,1
豐洋,1
傘購,1
並想付,1
內容物並,1
故無至,1
那八萬,1
能在網,1
回超,1
商想,1
方售價,1
總會聲,1
瀏覽率,1
稱若有,1
營利出,1
有營利,1
蔡佩汶,1
遭詐會,1
為台,1
西平,1
稱陳翊君,1
稱羅婷,1
轉之後叫,1
電話後將,1
則今彩,1
高階會員裡面,1
方外,1
將散波,1
面證實,1
販賣帽,1
購買帽,1
然後我供,1
完信,1
用卡號,1
此封,1
搜尋出國,1
而後開始,1
我達成,1
沒剩,1
買實,1
這兩枚,1
消案,1
太壞,1
一退,1
爛人騙,1
給夠,1
認真付,1
還逍,1
訊息慢,1
中醒,1
體制,1
團膳,1
現關,1
背後若,1
機郵政軟,1
假關心,1
認圖,1
張看,1
專挑熱,1
請千萬千萬要,1
陰影始,1
終揮,1
秦羽傑,1
新招,1
價酒,1
一漲,1
像萊爾富,1
先忍,1
他平,1
三萬多顆,1
然後永遠,1
超驚慌,1
民營,1
簡訊主動,1
這價格算,1
某家產險,1
安達產險,1
能問,1
這代價實,1
然後我們還,1
玉隆,1
計提,1
蔡炯民加,1
行本來,1
運輸出,1
張耕碩,1
匯作,1
張照給,1
帳密者極,1
醫美業務,1
產辦,1
與親,1
雲飛,1
內部確,1
金錢行,1
李丞胤,1
處學生,1
具權,1
叫黃秉軒,1
貨表單,1
包後開始,1
之後會當,1
抓去,1
無照,1
署查,1
叫陳彥,1
商親,1
親門市,1
並幾乎,1
紅包股,1
價股,1
負六萬,1
傅暄,1
著將會,1
以友誼,1
商會群,1
點腦,1
齊成,1
以考,1
則借,1
財務及,1
某風險,1
這四張,1
關代,1
抽吉,1
賞貼,1
會計員,1
搏弈,1
承諾酬,1
座標,1
輪輪,1
胎皮,1
開通會員及,1
楊雨嘉,1
謝男,1
嫌予,1
今夜,1
林賢賢,1
陸鋒,1
因日,1
萬峰,1
內類,1
楊嘉欣,1
怡鵬,1
將林,1
男邀,1
鑽堅,1
仰高,1
遺忘及,1
解用,1
報無法,1
故改,1
以一備,1
應徵協助,1
掃圖加,1
張晉澤,1
旅要,1
還在查,1
繡雯,1
幣很夯,1
超愛這團,1
大範圍,1
李淑惠,1
叫陳芷晴,1
匯補助款,1
我後來詢,1
星銀理財,1
包裝話術,1
飛羽,1
競界,1
半用,1
美價格,1
免釘膠,1
風馬牛,1
相及,1
冰絲褲,1
體後會,1
稱寄件,1
該事時,1
選上,1
選黃金,1
內之線,1
該人要,1
便話術,1
失成,1
卡之事,1
網友然,1
方皆無人,1
取連結,1
個靈,1
這些靈,1
張裡面,1
商虧,1
啟投社,1
筆大筆,1
得華麗,1
體後有,1
車拿去,1
攝多張,1
理點數,1
問那邊,1
三小罐藥,1
組升級,1
版療程,1
小罐,1
罐的藥,1
高醫師,1
醫術,1
高服,1
醫德高,1
服心,1
吃藥,1
快十萬,1
有設,1
講利潤,1
購數量,1
繳交傭金,1
並於機,1
打開取,1
貨櫃時,1
電風,1
扇限時,1
超陽春款,1
退貨退,1
這種驗,1
共學童,1
遊藝樂展,1
爸媽們,1
交流心得,1
水酒,1
嵌入,1
靜音,1
涼爽,1
組電風,1
超塑膠,1
還超小台,1
連貓,1
攝影棚,1
外文,1
透氣,1
抗風,1
單純照,1
輕薄,1
連塑,1
並取締,1
股說,1
前滑著,1
之後防備,1
而屆,1
場徹底,1
明在,1
輔大,1
進日店,1
點數手,1
機條,1
並尚須,1
點選確,1
每刷,1
共過,1
將六筆,1
會太麻煩,1
買多,1
兩百萬元作,1
恩織,1
態電商,1
幣瑞,1
別人票,1
連我轉,1
設阻,1
用關,1
裝投資,1
來的靈,1
轉賣靈,1
出祖產,1
竟輕易,1
來喚,1
錢後越,1
成外幣,1
並協助驗證,1
建連結,1
投資位,1
購入後方,1
林明志,1
日後向,1
關申,1
蔡瓊,1
珠僅,1
承諾及,1
並還原,1
合庫線,1
殺光,1
赤葦,1
格貼,1
藥並,1
藥品費,1
進貨費用,1
還極易,1
鋌而,1
走險,1
內安裝,1
僅收過,1
勇敢的人,1
資到紅,1
其幣,1
問與,1
何關,1
詢問後驚,1
電商類,1
運虛擬,1
戲貨幣,1
元未給,1
當日訊息,1
算通,1
情理,1
書社,1
錢永遠,1
台還,1
數卡來當,1
以後應,1
額合計,1
丟幾張,1
越合,1
寶升裝,1
一組個,1
連我存,1
克雅,1
寶紅,1
務真,1
因票數,1
面對過,1
和吳,1
春水,1
寄產品給,1
試飲後拍,1
雅神門市,1
城政門市,1
出金數,1
移用,1
商潭,1
還有兒,1
行動力,1
筆電館,1
卡不僅,1
君琳,1
試確,1
認盜,1
卡保證,1
及禮品,1
金合發,1
之數筆,1
之之線,1
方或代操,1
乾股,1
陪友,1
感氣憤,1
網銀授,1
貸事業,1
現前,1
國際代碼,1
寶中,1
區寶,1
接桃園,1
幫查,1
茂華,1
旁面,1
卡持續,1
倔強,1
稀土,1
林昱澤傳幣,1
超燒,1
價錢還,1
快下單,1
還歪,1
拍起,1
這位湯,1
小澤跟湯,1
星瑜,1
鑽油,1
湯昀,1
糖麻栗,1
隨後自動將,1
中醫養生,1
食療,1
重寄,1
並配,1
頭寬裕,1
說賬,1
叫菲菲,1
早得還,1
連我訂,1
林女給,1
申筆,1
核單,1
面林女,1
初林女,1
洪稱,1
資入門,1
棄權,1
裡又動搖,1
區中民路,1
劉彩君,1
稅金處,1
傳播業,1
幣鑽坊,1
相當陽,1
當補償,1
杜寬偉,1
杜用,1
仔公園,1
各大國,1
錢景銘,1
之語音,1
親自致電,1
專員主動加,1
時傳訊息,1
網路件,1
傳訊謊,1
明細擷,1
消費代,1
事後劉女,1
芯原,1
網銀想確,1
單選購,1
柏源,1
士涼,1
一組元,1
財運不順,1
還陰債,1
疏文給,1
服無法,1
經我確,1
僅至,1
郵政軟體,1
碼別,1
給我大,1
盛酒,1
稱林淑娟,1
先撥款,1
匯顯示,1
假買家黃熙,1
薄瑞,1
辦好給,1
友後確,1
或持續,1
惟申辦,1
謝漢傑,1
洪胖,1
獲利後欲,1
二階段,1
詢之廣告,1
元共四,1
軟站,1
哪站,1
或員林,1
元共一張,1
認買家,1
仲安,1
之後由該,1
詢人員,1
吖布,1
點半有,1
該理財,1
幾個驗,1
蠻少,1
隨波,1
逐流,1
這團隊,1
交中獎,1
看邊,1
解什麼,1
工求,1
網寶媽,1
方早,1
鋼圈,1
但民眾,1
隨後話術,1
嫌林,1
會電話,1
將曾經,1
惟中獎,1
位事業,1
杜課,1
許欣沁,1
漢堡幣商,1
話術並,1
常到,1
如如,1
關金費,1
故通過,1
異動金,1
時代官,1
無法後續,1
子澄,1
一家老小,1
通藍星,1
現間,1
對方國,1
臉書植,1
貼文植,1
平份,1
買陳奕迅,1
包裡領,1
牛起,1
助騰金,1
秦曼婷,1
遞員送,1
收了貨,1
頭很暈,1
李小琳,1
隨後我來,1
組費用,1
財獲利,1
首都,1
張亦鈴,1
文佳,1
苗碩門市,1
誤導到,1
曾以,1
人員資訊,1
因資金往,1
貨業務,1
僅擔,1
柳購,1
大資金,1
柯智祥,1
永久性,1
貸之名,1
木金磚,1
對木藝品,1
那歐,1
工藝館,1
機主動,1
司機塞車,1
靠話術,1
搜尋欄,1
敘利亞會,1
網友金,1
辦案須,1
外門牌,1
發放物,1
稱小暖,1
林蕊曦,1
介錦上,1
清雪將,1
元至林,1
清雪,1
無過,1
達後未見,1
雖嘗,1
照當作,1
時相關,1
兩萬元當,1
超暖,1
亂愛俱樂部,1
證不夠,1
很粉,1
叫華譽,1
領彩金,1
稱小荷,1
李雅燕,1
國軍桃園,1
項後故,1
劉芯,1
貸增貸,1
資金當,1
方凱琪,1
筆匯進,1
選進行,1
精靈弓,1
武神,1
北市戶,1
資金修,1
將會給,1
我突,1
況有,1
法意,1
個民間,1
應得款,1
以人員,1
買十張,1
好易貸,1
一萬元點,1
寄玉給,1
海關驗,1
貸投資,1
截圖詢,1
收台幣,1
補幣商,1
當我約,1
多堂,1
穿線,1
賣著顯,1
瘦亞麻褲,1
終於貨,1
房東洽,1
調電視,1
一陣子後竟,1
泰國養,1
完後還給,1
軟而給,1
仔細多問,1
著拿票,1
私訊約定,1
先買齊,1
產籌,1
債台,1
高築,1
完會將,1
必須費,1
著入帳,1
教學股,1
結補繳,1
問兒童,1
秋雅,1
林琬郁,1
蔡琬琳,1
投資持,1
原門,1
號續,1
他則給,1
原門號,1
費變,1
鑫勝,1
與鑫勝,1
當劉,1
簡佑霖,1
收貨員來,1
然後仔細,1
江惠,1
彼時,1
年版,1
並我們,1
思璋,1
涼水,1
祭球賽,1
分警覺,1
頭和,1
專榮,1
中輕,1
租卡行,1
建彰則,1
內主播,1
為婉瑩,1
從約會,1
帶利共新,1
集段,1
康卷,1
更信,1
還連到,1
壓力會,1
辦案還,1
販售兒,1
童書籍,1
蔡麗珍,1
詞繞,1
孫威,1
建馬上,1
轉手給,1
抖音電,1
沒嚇,1
東腳,1
蔡紫妍,1
沒異狀,1
郭芷榕,1
收幣後會,1
其實票,1
淑蘭,1
出快,1
費拿相機,1
林麗娟,1
人員剛,1
許柳,1
白跑,1
還很開心,1
證就能,1
賣動畫,1
不騷擾,1
然後再試,1
包不對,1
行員求證,1
圍標,1
鐘孟玲,1
已經質,1
這筆會,1
報所謂,1
連貫,1
超多大戶,1
現貨業者,1
電商津,1
卡五萬元,1
前實,1
大進店,1
代徵繳,1
加糖,1
茶葉蛋,1
隨取,1
子卷,1
取貨驗證,1
飼養名,1
貓與,1
貓配種,1
將貓,1
肯寄貓,1
還匯入,1
當志工,1
關於志工,1
更多志,1
彤並,1
介紹志工,1
彤介紹,1
參加志工,1
心動後便,1
須知,1
麒鴻介紹,1
樓裡,1
金後到,1
宅力,1
幾遭,1
三萬七,1
幻世,1
至妮,1
及律師,1
經不斷,1
雪之風,1
組虛,1
虛寶送,1
失四張,1
沒放過,1
課程訊息,1
大隆,1
叫莉,1
摩乃,1
科斯,1
先後收,1
季廣告,1
號林芳泉,1
然後拍給,1
代儲獎,1
三不答,1
和園,1
日本料理,1
還說後續還,1
金約定,1
完實體,1
金依,1
聯等,1
群連結,1
接拍,1
企業委,1
創作圈,1
雖然個,1
幸運四葉草,1
豐洲路,1
互聯,1
商投資案,1
商合約,1
日在苓,1
分險,1
撥電,1
世運站,1
應援群,1
高雄車,1
阮清華,1
卡多,1
中國轉,1
漢威門市,1
將融,1
愛的象,1
高鐵的幣,1
挺來電,1
賭石訊息,1
稱鼎鈺珠,1
那人稱,1
這你,1
數卡公證,1
辜成,1
然後它,1
本內,1
之鏵,1
始動工,1
拒絕加,1
中發文,1
日後好,1
李如忠,1
逼婚,1
給暖,1
為曉萱,1
並亦稱,1
拍點數,1
實禮物,1
給曉萱,1
詐騙別,1
友後透過,1
逆時針,1
網友經,1
五萬元許,1
遭不老松,1
賠別,1
搶獎,1
誠要,1
誠稱,1
應懷疑,1
抽電動,1
桌之廣告,1
韌體,1
業務員約定,1
客抵,1
中業務員,1
業務員有,1
工材,1
本時,1
售此,1
康希諾,1
交三萬,1
當下問,1
總共也給,1
陪練,1
誤害,1
收錢後去,1
時遊,1
幾百萬遊,1
點色,1
推銷牙齒,1
萬金額,1
帳門票,1
總共一萬塊,1
頭低頭,1
整個幣,1
誤選,1
摯關,1
超感動,1
超特別,1
代買幣,1
完記,1
票牛,1
私生活,1
任務系統,1
解都解,1
取貨前,1
完進入,1
認哩,1
程入,1
有哩程,1
數入帳,1
從亞洲,1
上哩程,1
出金較,1
自動鎖定,1
卡和以,1
其填,1
突傳,1
突傳類,1
開卡才,1
辦新卡時,1
信其並,1
夠出貨,1
十多天,1
到玲娜,1
中感覺,1
輪標,1
三會,1
天見,1
它裡面,1
過三萬多顆,1
嚇爆,1
還去問,1
肉丸,1
款部,1
注手,1
光社鐘,1
競標沛,1
初標,1
只表,1
竟得寸,1
還特別換,1
心光,1
去後裡頭,1
會員權,1
規來源,1
某份,1
繳交數,1
用華,1
會員區,1
要後續,1
資產太少,1
視訊側,1
連裡頭,1
葉佩欣,1
清償並,1
袖來,1
白條,1
運條列,1
然還,1
嵐姐,1
那個嵐姐,1
籃包,1
專用社,1
傅郁婷,1
完後也,1
關於金,1
這幾間,1
自當面,1
三緘其口,1
文聲明,1
蛋品,1
先捐個,1
累積轉,1
沒時,1
每一關,1
依庭,1
依庭給,1
來陳瑤,1
幾成,1
自責裡,1
法現,1
竟過,1
鋪設,1
不會輪,1
高級網,1
幸運獎,1
資產不夠,1
變形,1
原群組,1
可愛風格,1
現在帳,1
階挑戰,1
因為雯,1
階投資,1
擴大活,1
動範圍,1
調錯過,1
給雯,1
抽票,1
熱門品,1
看介紹,1
點多退,1
連退給,1
會季節,1
走大筆,1
防範心態,1
號必須,1
淘寶系,1
號畫面,1
從開,1
或交,1
假代開,1
跳離,1
網址絕,1
繳費務,1
必向,1
音樂書籍,1
來學,1
說書,1
還承諾見,1
面後再給,1
試算單,1
機欲,1
交該,1
輕點,1
和幣值,1
常開車,1
幾天後開始,1
優惠券領,1
我失,1
威德,1
專員羅,1
學好,1
資金困,1
遠距,1
誤檢舉,1
這台家電,1
收貨後再,1
貨物後失聯,1
再像樣,1
引繼碼給,1
偷料,1
自稱雯,1
搜尋耳機,1
質感極,1
機外,1
包裝圖,1
勞的訊息,1
沙發組,1
大兒子何,1
機更換,1
育導,1
林佳瑩,1
林艷彤,1
福瑞網,1
透過後台,1
旭能,1
瑩在,1
因李,1
這兩台,1
劉宇軒,1
約訂,1
執行科,1
二階,1
幣聖,1
機吐出,1
平時並,1
還設立,1
小連,1
研希,1
見售,1
稱門市,1
故辦理,1
畫面後參,1
卡後才,1
集麗時,1
排不出,1
講不完,1
門上,1
報不報,1
欲和子,1
安見面,1
北勤務,1
東肯,1
辦理會員時,1
幣竟,1
韻薇,1
金流作,1
自樹林,1
股要,1
進而導,1
親友誤,1
時基,1
張世哲,1
或稅,1
幣一進,1
微羽,1
旋風切,1
高麗菜機,1
感熱紙,1
親人要,1
艾瑞思,1
五則,1
面語氣,1
奉上,1
創訂,1
還再匯,1
搭到,1
領太多,1
就會觸,1
發凍,1
結機制,1
連停,1
外環道,1
四分,1
縣寶山,1
所有物,1
含韻,1
引荐,1
鯊溪米,1
自中華郵,1
神貨鉅獻,1
達華,1
行不行,1
前後溝,1
張美琴,1
藝人見,1
營小卡,1
周品,1
員慶門,1
叁獎,1
夢怡,1
新港路,1
方清點,1
職薪資,1
林恩安,1
該夠,1
詢問代,1
儲細節,1
暴雷,1
深圳市公安局,1
局國際,1
科協處,1
典禮們,1
彥程,1
鑰授,1
圖示點,1
蕭子,1
職門市,1
沈專員,1
購物驗,1
獲分,1
缺會計,1
元所謂,1
懷疑訂,1
舊衣換,1
沈媽,1
麗晨,1
諾舒,1
李青霞,1
追夢者,1
賴文宏,1
劉志偉領,1
錢後處理,1
心虛擬,1
號則,1
急問,1
稍後聯絡,1
錢訊息務,1
筆裝,1
潢費,1
談吐蠻,1
還把驗,1
明細有,1
群職,1
問詢賴,1
貼國,1
帳務單,1
遭人拿取,1
天涯若比,1
鄰之古幣,1
潘民詢問,1
潘建宏依,1
潘建宏,1
分順,1
寶可夢交換,1
依在線,1
錢亞聖,1
故購,1
曾購,1
給雪莉,1
車商給,1
現金三萬元,1
給小紅書,1
兩介紹,1
獲利會給,1
說樂,1
之疑,1
轉知始,1
經員工,1
信了網,1
壞女,1
愛成,1
還問候,1
萬補償,1
還站,1
騙子當,1
當機會,1
這郵件,1
發類,1
詐騙文,1
林憶馨,1
林漢東,1
百戰百勝,1
贏未來,1
報盤,1
展新,1
點交現,1
手機點,1
王晨灝,1
廖國騰,1
廖男向,1
當作驗資,1
大無法,1
前驗資,1
無伴,1
幫言語,1
李奕嫻,1
網友曦,1
回來後發,1
沒訂購,1
簽投資合,1
假販售,1
誘騙驗證,1
點弱,1
就燒,1
會千萬別,1
望後續,1
繳交三萬元,1
李宛蓁,1
之嚴,1
重性,1
原向,1
中獎後為,1
惟由,1
玉娇,1
佯裝接,1
幫買購,1
未攜帶,1
至安裝,1
三市,1
無臉,1
將馬幣,1
外幣權,1
帳的關,1
賴跟,1
談薪資,1
轉其,1
網友玉玉,1
曉歲,1
曉歲區,1
方黃曉歲,1
費這筆,1
貨完,1
之徵,1
通無法,1
幫聯絡,1
網銀申,1
鐘泓,1
新聞方,1
一則家,1
假之家,1
然何,1
網友峰,1
其所介紹,1
王大岑,1
指導及,1
將連,1
並將入,1
有育兒,1
升級後卡,1
不太敢講,1
發風,1
控機制,1
沒說過,1
還有秀出,1
儲值區,1
股衝動,1
方想進,1
立法院,1
聚財智庫,1
會員見證,1
財智庫,1
明一個,1
部訊息,1
沒太防備,1
猛將,1
並未釋,1
中繼,1
遭誤,1
發文暱,1
玉琪,1
新美村,1
並由幣,1
筆資產,1
疊加,1
萬楓幣,1
有公會,1
戲當,1
入輸入,1
金控線,1
方飛,1
團體票,1
綽號婷,1
金後又用,1
賣方給,1
抑菌,1
等個,1
酒價,1
還穩當,1
講都,1
主帳,1
重寄正確,1
還擺,1
批黃金,1
更高價,1
自覺點,1
去幣箱,1
包升級,1
鏈轉,1
中國廠,1
商可,1
以班機,1
空運至,1
應交,1
方用訊息,1
東是,1
這兩千萬,1
現金驗,1
時交給,1
繳錢驗證,1
直採,1
空頂,1
太陽帽,1
自隱藏,1
商寧夏門市,1
續損,1
裡都會發,1
預計利潤,1
點幾,1
看幾部,1
探詢,1
終於警覺,1
我永遠銘記,1
音樂夢,1
票務時,1
獲接,1
面所稱,1
並享,1
天旅遊,1
投資部門,1
因其話術,1
但擔,1
金總計,1
龍井之鄉,1
雖傳,1
誠名,1
義投資,1
已中斷,1
鄉光華路,1
犯錯,1
方願,1
投金,1
筆將款,1
沒儲,1
講被,1
打打字,1
服後就,1
文嘉,1
中八萬,1
啟什麼,1
金太多,1
幫輪胎,1
東西才,1
帳之銀行,1
風險極,1
台灣快,1
她驗,1
款超,1
樓付,1
叫慧慧,1
不太懷疑,1
庫藏,1
股獲,1
這費,1
就動作,1
不義的,1
張雨彤,1
會噓,1
可運送,1
師後始察覺,1
連美蘭,1
順利核,1
共五張,1
各卡密碼,1
最後車,1
大金塊,1
金別針,1
幾兩,1
幾錢,1
久遠,1
洪廷瑋人,1
自好,1
進視訊,1
楊可欣,1
鴻珠,1
雙方責任,1
彭麗,1
彭雅麗,1
日盛,1
語氣語,1
調實,1
沒臉,1
電子驗證,1
這卡,1
純作,1
張卡會,1
組找,1
太防備,1
再差,1
文點擊,1
如外,1
閉風險,1
詞不願,1
遭調查,1
縣議員,1
外並,1
議員父,1
親會將,1
問後議員,1
股檢察,1
活動策,1
劃的執,1
有星,1
雙冬里,1
商交貨店,1
電農會,1
忠謀,1
結後循線,1
做大數,1
各分,1
貨幣業者,1
他積,1
營造業,1
郁馨,1
點擊觸,1
及率,1
有餘,1
財購,1
投資後致,1
此後並,1
獲凱,1
永逸,1
王堂,1
摩菲爾國際,1
名義發訊息給,1
子告訴,1
購買後還,1
保養費,1
包養費,1
裡漸漸,1
華中,1
李華中,1
銀行林,1
日後歸還,1
申辦免,1
還補助,1
體供,1
應產鏈,1
蘇紀石,1
因政松,1
闡述,1
容加,1
給活,1
動方,1
劉楠楠,1
遇該,1
雙方因,1
戶表要,1
進行型,1
植愛,1
事後劉民,1
出植,1
愛群組,1
駕駛微,1
蠻高,1
吳瑞龍,1
音幣訊息,1
優惠代,1
紫音媽,1
說戶頭,1
閱連,1
洽然,1
點紅利,1
每一點,1
方陳淑瑤,1
許志安,1
寄四萬,1
職後會將,1
金中,1
惟依,1
以受,1
參加還,1
收戶款,1
一格,1
信而照,1
用事,1
因為表,1
報警備,1
租出,1
西來,1
幾週後銀行,1
規需,1
自霧峰,1
速易貸,1
鏈中,1
小正妹,1
商豫鋒,1
號應,1
現金放進,1
當作佐證,1
點不太動,1
常成,1
音遊,1
著富邦,1
絲絲,1
對方會代為,1
外稅,1
物時,1
或鎖定,1
確出現,1
投資聲,1
克萊頓,1
張枝,1
領案,1
職級,1
綁票案,1
銀行報,1
失卡,1
稱鏵,1
齒模,1
推廣計劃,1
這投資案,1
猶豫詢,1
任務用,1
並授,1
權賣票,1
微信付,1
電影節,1
會繳,1
交四萬元,1
一算到,1
文勇,1
瘦瘦,1
矮矮的,1
呂鳳君,1
新北國,1
王門票,1
還沒加,1
並推薦給,1
宋曉婷,1
高架,1
王沛榕,1
軒軒媽,1
銅這些,1
還不一樣,1
金才給,1
一萬多塊給,1
確保資訊,1
氣藝人,1
花快,1
還打給,1
選中要,1
丟驗,1
邊開,1
擴音邊,1
勇氣質,1
選心儀,1
公盤,1
順利銷,1
面後退,1
方之後對,1
揭曉,1
選種,1
抓一,1
張網,1
金未到,1
再後面,1
當天限額,1
還拿假,1
抽補助款,1
領九萬,1
退卡,1
傻到還,1
經三張,1
連環騙,1
走得,1
走下坡,1
收國外,1
詢遠,1
停卡止損,1
連幾十都,1
並投到,1
方十幾萬元,1
初秋,1
機跟新,1
絲巾夾,1
開信裡,1
裡不踏實,1
還鎖,1
申請紅,1
溫水,1
没拿到,1
那种,1
欺骗,1
无奈,1
难以,1
尽快,1
可恶,1
诈骗犯,1
以后,1
總共要價,1
內容會教,1
扶植,1
外資源,1
東西質,1
會會場,1
署凍結,1
實在氣,1
社經銷,1
資金後依,1
證對,1
販售靈,1
正義並,1
卡陰,1
一列,1
言中,1
服務得,1
從客,1
將古幣,1
隨專員,1
股會,1
推廣小眾,1
接著匯,1
我寄票,1
包福包,1
無煞車,1
主主動,1
一筆律,1
並不孤單,1
六時,1
場閒晃,1
某生技,1
大盒,1
小盒,1
他索,1
費明細,1
著產品,1
藝術感,1
抓黃金,1
抗彈,1
完什麼,1
隨後我查,1
虛擬關,1
最後我算,1
持續索,1
將接,1
漢堡幣,1
手車,1
可順利,1
車後辦理,1
理態度,1
內的電,1
南竿鄉,1
幾天後查,1
惟無發,1
問農會,1
明義並,1
以門票,1
古頭,1
尚良,1
並給點,1
信會,1
照示,1
國順,1
真答,1
並依線,1
越體,1
兩張易,1
完之後等,1
現金後對方,1
異常將,1
務所後才,1
資金核,1
尾設,1
返給,1
其門檻,1
著裝備,1
路明,1
明飛,1
帳卡給,1
三大金,1
當下點,1
制會,1
以二張,1
放送,1
行點擊,1
對方系統,1
區張,1
來訊息問,1
出來訊息,1
筆報酬,1
卡供確,1
認後入帳,1
關於繪畫,1
向合庫,1
豐融資,1
若訂,1
沒補足,1
為稅,1
賦金,1
水泵,1
發表美妝,1
落盡海,1
計兩瓶,1
價投資,1
健會,1
之小額,1
卡綁,1
而永豐,1
峰來電,1
慧權,1
限比,1
文販售樂,1
服務協助,1
經中國信,1
翻車記,1
元驚險,1
將那名,1
那疊,1
第七天,1
災討論,1
會員手,1
對方來歷,1
封白,1
主開始,1
天福,1
禮品部,1
基金部,1
降職,1
解保單,1
假黃金詐,1
太積極,1
中班員工,1
何佳晴,1
洗門票,1
哪刷,1
快反,1
文青感,1
回憶膠,1
攝像館,1
糊糊,1
微博去,1
微博聊,1
耍花招,1
自普衡律,1
國際型,1
師團,1
賭場裡,1
裡群,1
參加空,1
官校,1
之聯誼,1
姚介紹,1
正光,1
驚見,1
欺等案,1
哪一塊,1
時一個,1
袁儀婷,1
墨白,1
高承睿,1
劉偉強,1
假照,1
兩人確,1
江豐洪,1
推薦團,1
網站問,1
金瑞福珠,1
人員黃,1
日黃金,1
金賣,1
油維生素,1
軟膠,1
房貸帳,1
領黑貓,1
日存,1
中氣,1
差額匯,1
醫院帳,1
還描繪,1
運紀錄,1
稅務後就會,1
日先刷,1
我幣安裡,1
負的,1
稱翔發,1
淳遭,1
張正瑋,1
方動用,1
時資料,1
網友陳曉新,1
來陳曉新,1
卡和遊,1
回台灣會還,1
談理財,1
是領,1
臉書理,1
何小湘,1
買書給,1
簽三大,1
信中用,1
周佳純,1
購買鏵,1
許怡,1
明藍新,1
無交貨,1
事後呂,1
聯絡洪,1
紀念版,1
葉語評,1
遊一卡,1
細閃,1
民族舞,1
劇紅樓,1
夢門票,1
接私,1
很習,1
同吃同,1
職回,1
住過,1
最毒,1
飄洋過,1
海來,1
楊冪,1
這八萬多塊,1
能馬,1
有學,1
沒來過,1
想存,1
再下,1
你連,1
吃過,1
賭輸,1
亮安,1
盒防塵袋,1
連語音,1
然飛,1
機群,1
兩元,1
傳頭,1
這裡展,1
調資金會,1
交擔,1
盲信,1
阿宗以,1
然後到櫃,1
私處,1
轉交銀行線,1
退遊,1
然後聯絡網,1
想驗證,1
實相當,1
夏雨嵐,1
之獲,1
出察覺,1
某件,1
喬青羽,1
了販,1
財產瞬間,1
安峻,1
影星,1
王一博,1
林婉華,1
腦裡,1
格倫,1
戈達德,1
將軍還,1
回利,1
午後三時,1
然後有位,1
購買二箱,1
叫薇婭,1
瀧麟,1
彩禮給,1
假金條,1
工親,1
萬元的擔,1
使路,1
失報,1
問賣票,1
友玉,1
而接,1
選不詳,1
給力,1
袁小姐,1
店員不疑,1
並無委請,1
事後被,1
筆皆從,1
卡刷出,1
故聽信,1
驚受,1
八得,1
合區,1
客戶付,1
擔服,1
為黃昌為,1
東葉門,1
急心,1
軟想,1
聽後是,1
徐汶毅,1
剩餘洗,1
罐及,1
罐遲,1
賴慧多,1
商下訂,1
詩言,1
依圖,1
少算,1
款不夠,1
精跟頭,1
兩瓶頭,1
意後對,1
稱雪芸,1
雪芸,1
問雪芸,1
之後雪芸,1
文所附,1
房東到,1
陳偉,1
費沒,1
許安海,1
趁空,1
檔先線,1
卡賣場,1
區漁會,1
陸柏,1
付費見,1
還得給,1
半強迫,1
婚後他,1
週後他,1
著放,1
調不會動,1
還真加,1
區龍德路,1
點忙,1
消帳,1
腳發,1
嚴選直,1
還拆箱,1
頭彩,1
資而詐,1
資再,1
岡燕店,1
給這個,1
廣播代,1
網城,1
寫後須,1
投資倍,1
證外,1
結等話術,1
我公證,1
內開戶,1
總獎,1
金後詐,1
沈舒萍,1
費待,1
撥台,1
之家匯,1
之後根據,1
點選來,1
接些,1
跟玉兒,1
雙輸,1
主動談,1
場費用,1
張產生,1
貨運至,1
並寄了,1
價格後當天,1
賠三萬元,1
還蠻合,1
刻印,1
章什麼,1
頭沒,1
理訊息,1
最後補貨,1
褲感覺,1
我共面,1
雙方熟,1
始行,1
超商僅,1
卡五筆,1
渠虛擬,1
紅杉資本,1
慈愛,1
號戶,1
傳一光,1
點都會,1
成員點擊,1
入金入,1
場虛擬,1
措款,1
並又轉,1
介一暱,1
卻輸,1
新聞破,1
著電子,1
包跑,1
週新聞,1
報導破,1
通貨來,1
這點子,1
然後裝,1
當面質,1
這交給,1
的劇,1
那件事,1
聲書朗,1
連的,1
平價出,1
因無銀行,1
成員皆聲,1
之禮品,1
覺察異,1
經建議,1
需升,1
守醫,1
契約後便,1
補全,1
需附,1
通過驗,1
電話門,1
是講,1
抽腳,1
購護,1
一萬二過,1
然後我查,1
明匯,1
問薪,1
資何,1
沒接過,1
預計出,1
經抖音,1
面點入,1
京埔門,1
市交貨,1
之新北市,1
區三,1
專員未,1
感幾乎,1
文欲將,1
林淑,1
續租,1
內交寶物給,1
一寶物給,1
紫飛機,1
一網路,1
依以,1
代價能,1
大業路,1
貨序號,1
有七萬元,1
另萬,1
單資金,1
跟話術,1
手開始,1
不新鮮,1
貼家計,1
何子婕,1
經營換,1
更多在網,1
募光,1
清愛心,1
結清時,1
最後兩期,1
且屬,1
歡馬嘉祺,1
喜愛成,1
之人時,1
可買來,1
活活,1
啟中國信,1
辦後覺,1
某約會,1
打任務,1
徐曼瑜,1
近三萬塊,1
三大協議,1
作測,1
試驗證,1
皮偽,1
西攢下,1
說順,1
上極,1
用朗讀,1
每錄,1
音檔,1
幫忙朗讀,1
辜民眾,1
他們連,1
正義能,1
哥麥,1
頭哥,1
聖義還給,1
惡人能,1
毫無疑,1
問地照,1
銀行部,1
錦佑,1
我貸,1
地政人員問,1
做麥,1
竟答,1
問貨品,1
鄉養,1
財產因,1
明維,1
之後阿洋,1
彭世一約,1
高鐵新,1
給元,1
寶山生,1
想代購,1
許仁英,1
林悅瑤,1
只開,1
當清潔員,1
我活,1
貧困過,1
和面,1
當下產,1
林艾嘉,1
並沒收,1
包將幣,1
诱人,1
並在後來將,1
進行幣,1
二十五分,1
下屬給,1
分太低,1
保證令,1
或辦,1
背後寫,1
櫃員後才,1
需依金,1
教學者,1
寶寶相,1
關話題,1
出國期,1
間務必,1
過輕易,1
稱大約,1
認絕,1
褲廣告,1
時花,1
函裡,1
幾則驗,1
新卡給,1
剛忙,1
證呢,1
才察,1
帶利地,1
說訊息發,1
電話會,1
付了帳,1
價收購,1
網絡鏈,1
願後對方,1
及亞東,1
拿款,1
損失共為,1
金流後方能,1
金官會,1
楊慎澤,1
告書,1
簡訊且,1
尋進入,1
許多費用,1
還有並,1
補交貨款,1
鳥語,1
佳蓮,1
認識嘉兒,1
採耳,1
前列腺,1
林慧珍,1
先低,1
投一票,1
給親戚,1
治平,1
群七組,1
藝大盈途,1
投三號,1
許諾傑,1
錢夥伴,1
沛慈,1
錢線,1
黎沛慈,1
蔡婕雯,1
紅蘿,1
賺額,1
專招,1
不限銀行,1
李多匯,1
沒義氣,1
講寵物津,1
林緯,1
花王,1
拆越,1
還不承認,1
盒寄到,1
林仕閔,1
會簽,1
處後門,1
故樂頓,1
李宗翰,1
郭沐橙在,1
郭沐橙,1
某個動,1
保機構,1
抽利潤,1
海路,1
書寄來,1
補五萬元,1
雙方故,1
蕭麗華為,1
問醫美診,1
單衝業績,1
並經覺,1
雖贏,1
妥欲向,1
郵寄合,1
雅夢,1
榮宏行,1
畢後接,1
選私訊,1
選後就將,1
經獲利,1
供刷取,1
稱洪未,1
出暱,1
府城,1
臉盆,1
至亞東,1
懷通,1
匯款後聲,1
領身障,1
寶怡,1
詹璇,1
同時會,1
李佩,1
幣幾百萬元,1
大熱天,1
潔如,1
河幫忙,1
剪片,1
越施壓,1
檢另稱,1
學員參,1
萬儲蓄,1
異常進,1
證後再,1
馮子,1
加賴後繼續,1
最後合議,1
疑導致,1
區後點,1
蘇民向,1
遭後購,1
幣發現,1
練至,1
證未帶,1
一聽聞,1
業務員王,1
榕來電,1
劉樂樂,1
順榮,1
礦虛擬,1
裴芝薇,1
對古幣,1
項極佳,1
款後人,1
成是,1
區惠春街,1
具親,1
所儲,1
及申,1
繳納才,1
數卡必,1
購後請,1
店取,1
聯合國維,1
軍軍士長,1
施玉龍,1
超商面,1
施姓,1
軍士長,1
李曉芸,1
火紅,1
組德國,1
彌陀區,1
商對接,1
自營幣,1
渠去幣,1
天後帳,1
信後匯款,1
再持,1
監造,1
商關,1
鑑界費,1
販賣會給,1
我後就將,1
施靜芬,1
柏諾,1
金等詐,1
法為,1
券共,1
該券屬,1
證明予,1
屬偽造,1
倒楣鬼,1
嚴肅還,1
資產流動,1
氣講,1
廢土,1
綠寶石換,1
來算,1
億顆,1
盜得,1
死馬當,1
活馬醫,1
含氧量,1
體很好,1
機項,1
目金錢,1
徐雅琪,1
取卡後再將,1
李楷,1
親台,1
商山,1
頂門市,1
商源,1
八間,1
文徵人,1
日收貨,1
申貸後交,1
饞貓,1
島潮,1
別接,1
單後即,1
給東,1
南亞,1
挑選好,1
財不保,1
正當且,1
親自到幣,1
號內容,1
統聯絡,1
財得,1
付一成,1
立莉,1
中北區,1
異狀報,1
結合常,1
北覓,1
販賣訂,1
帳號凱,1
直驅馬達,1
基座,1
及賽,1
車架,1
並由統,1
分先以,1
買方為,1
完後就出,1
位階較,1
抓資料,1
拍餘額給,1
張後欲,1
張該,1
並無生,1
餅為,1
餅的,1
荒謬性,1
蓋裡,1
卻領,1
局未來,1
多少倍,1
老師現,1
會拉進,1
小農,1
三無產品,1
連生,1
這茶,1
華晨,1
胡鎰顯,1
石北二巷,1
需裝設,1
獲此,1
將問,1
合資衝,1
商位,1
日到幣,1
中華網,1
龍點數,1
臉書主動,1
將家樂,1
下會加,1
轉不太過,1
完會馬,1
北郵局,1
教學帶,1
有門面,1
已入資,1
總共籌,1
護心共築,1
全台區,1
錯的關,1
如電話,1
信大里,1
關於領,1
事務中,1
及香,1
中偷,1
牽絆,1
自手機,1
海釣場,1
龍膽石,1
紅古,1
吊法,1
釣況,1
雨傘節,1
至五個,1
銀畫,1
簽新合,1
簡易庭,1
就代為,1
張嘉宥,1
鉤子,1
務購,1
豪華禮,1
內聯絡,1
廖俊凱,1
斗雲百貨,1
商恩泉,1
經打開,1
雖後續,1
謝美婷,1
元之路邊,1
份合約,1
書範例,1
保相關,1
未送件,1
風透過,1
日興街,1
金額後驚,1
現證券,1
號後進,1
官網個,1
這也算常見,1
收大額,1
極問,1
失六萬六,1
預購訊息,1
好險還,1
一開心,1
書遲,1
保就行,1
中國辦,1
太菜,1
尼盛,1
挺窩心,1
總技術,1
那場築,1
還領現,1
進他,1
東歐,1
數卡還,1
飲餐,1
某幾間,1
想交台灣,1
抓圖,1
全無訊息,1
文一查,1
任務接,1
出下,1
總共攔,1
綠界驗證,1
辦案員警,1
那檢察官,1
朱姓,1
訂金還,1
還順利轉,1
感異常,1
續婉芸,1
高家,1
漸感,1
之後偶,1
韓文暫,1
廠商詐,1
關於洗,1
欠薪,1
方後皆無回,1
號陸續轉,1
點才行,1
氣開口,1
請費時,1
方主動用,1
選機,1
刊物,1
江慧敏代為,1
路演,1
速成,1
芸主動,1
前後後我轉,1
張丞愷,1
李文涵,1
曇花,1
一現,1
裡不太,1
逆時,1
唇蜜,1
連女兒,1
顏銘宏,1
學睿,1
其雞肉,1
圓環旁,1
雞肉連,1
至車,1
卸貨,1
進市場,1
超並,1
超還,1
超訴,1
警提告,1
估新,1
門聲,1
遭竊盜,1
有鎖匠,1
換鎖,1
攀談作,1
戶求,1
幫報,1
問遠,1
至南,1
小楚,1
出後畫面,1
旅箱誌,1
桃符,1
好運簽,1
人小宣,1
涉刑,1
葉怡娜,1
洪敏,1
慈副理,1
岳翰,1
單獨用,1
登機箱,1
二之國,1
政義,1
園宸,1
鄰市,1
石柱,1
華郵政及,1
這幾支,1
梓雯,1
萬台,1
高察覺,1
丰盛,1
覺得質,1
好樣,1
達後再,1
團賣家,1
控貸款,1
巴氏,1
量表,1
出金階段,1
晴晴後來,1
叫雨晨,1
不後悔,1
吞了下去,1
然遲,1
七八千,1
態度誤,1
自然而然,1
每一樣,1
帳面裡,1
嘴邊,1
當擋,1
閃導師,1
貓旗,1
金鐘色,1
毛貓,1
說售價,1
先天,1
帶貓,1
先天性,1
無法結,1
貓帶,1
筆且,1
這動作,1
元隆理,1
張瑞葦,1
運動彩,1
張彩,1
核刷,1
勞保狀況,1
光波,1
車出門,1
公務車,1
更多卡時,1
款後覺,1
明日之星,1
載華,1
分潤費用,1
師範大學,1
女買家,1
辦理靈,1
媒業務,1
來積,1
維鈴,1
女兒經,1
益之源,1
安麗產品,1
機和淨,1
彎頭,1
水電源,1
叫柏宇,1
進抖音,1
天後產生,1
請求鎖,1
經鎖,1
美夢變,1
竟寄來,1
自屏,1
中損,1
提太多,1
龐大詐,1
金竟,1
巴陵,1
大權,1
爾後群,1
莊容蓉給,1
莊容蓉,1
炮及,1
單一階段,1
將某,1
隨後不疑,1
將每,1
赤山,1
搜尋筆,1
電電池,1
稱經紀,1
元線,1
退費來,1
才曉得,1
替償,1
放走,1
所傳相,1
說免,1
貨人來,1
取孕媽,1
保證繳,1
數字能,1
會質,1
疑資,1
包借給,1
賣百貨,1
去學,1
開始轉,1
敬重,1
泰哥,1
王立群,1
通權益,1
以返,1
購廠,1
購吉,1
哇景品,1
未顯,1
群組内,1
進入後裡面,1
差後其,1
退價,1
差當,1
電介紹,1
金額現,1
阿嬤手機,1
卡壞,1
發文將,1
張國豪,1
李文馨,1
再家,1
取團,1
帳後向,1
總會計,1
方姐,1
變聲器,1
擊轉,1
現已查,1
雷牙,1
袁俊,1
玩車,1
楊健邦,1
允諾後便,1
幣後在,1
當電商,1
電話告,1
認識莊,1
詳談後續,1
損來,1
移進,1
球手,1
世運主場,1
肖平加,1
充者,1
藥裡面,1
還被問,1
通話將,1
姜弢,1
創建取,1
稱煜豐,1
楊文學,1
明偉稱,1
周檢察官,1
正協助,1
騙後轉,1
違反購,1
轉七萬多,1
教虛,1
林文通,1
羊乳,1
輸入確,1
啟心,1
給執,1
警慎,1
刁鑽,1
繳礦,1
靜靜約,1
隨後靜靜,1
僅先匯,1
語汐,1
誤使,1
鄭雨,1
營業員聲,1
之黃金作,1
獲樹林,1
王嘉文,1
防日,1
邱雯琳,1
毛協夫,1
數根,1
即謊,1
毒品走私,1
眾領,1
群獅,1
由宗柏,1
確還,1
距戀,1
面先,1
幾天會給,1
個序,1
這筆票,1
只加,1
祖籍,1
會安裝,1
動超,1
松揚,1
一則趣,1
指導員嘉欣,1
匯幾次,1
幣沒換,1
出偽,1
取家裡面,1
李文博,1
會氛,1
圍蠻,1
鎮宇,1
能代銷商,1
手見,1
日一點,1
先申報,1
聯絡嘉怡,1
師叫,1
張舜澤後來,1
心拉滿,1
用術,1
沈晉昕,1
來游,1
建通話,1
貴州,1
茅台,1
經心動,1
車載客,1
還順道,1
處理積,1
櫃員才,1
調之後會還,1
場預,1
經經理,1
談誠懇,1
幾次幣,1
本無歸,1
能代練,1
鳥事,1
某理,1
財行銷,1
立場,1
不歡,1
姜明,1
張凱祥,1
什麼員工,1
查什麼,1
照填照,1
談具,1
安銀,1
只免,1
義需,1
清靜,1
現金後該,1
之爭,1
詹皇,1
並無出,1
稱外,1
富樂伯網,1
家樂福門市,1
張鏵,1
愛客,1
報表人員,1
職合約,1
分為止,1
泰騎,1
方證明,1
子陳昱軒,1
實際約,1
特考,1
小賴給,1
處置並,1
講語音,1
應合資,1
鐵賣,1
從雲林,1
以後顯示,1
市供,1
利潤承諾,1
筆更高,1
之務,1
絲質,1
之袍,1
封心鎖,1
組賴,1
財務買,1
傳賴,1
問賴暱,1
變店,1
做授,1
松東門市,1
百鈔,1
松東門,1
頭戴,1
短衣,1
框眼鏡,1
從店,1
十萬一,1
共十捆,1
以黃色,1
駕駛何,1
及何,1
娘稱,1
面後保證,1
醫西屯,1
開學,1
前後總共給,1
兩封驗證,1
何以,1
豐南國,1
關於幫助,1
飛貼,1
之後幫,1
實際裡面,1
雖然產,1
我會加,1
誤被,1
想拿給,1
細證明,1
這串碼,1
會漏,1
前後後讓,1
用協議,1
義讓,1
申訴表,1
買書送,1
調乳,1
購買亞東,1
承辦商,1
貼賣,1
管會須,1
行員至,1
異常領,1
百無聊,1
然後投資,1
頭警鈴,1
利後想,1
方欲匯,1
面幫,1
眼鏡架,1
之範圍,1
過大有,1
方之電話,1
問單,1
出後要,1
戶查,1
總共八萬元給,1
說長,1
不太出,1
信去問,1
然後也匯,1
卡寄去驗,1
連結帶,1
所主導,1
詳談此,1
內容後遭,1
約入,1
之辦,1
事員之人,1
因辦,1
事員,1
說卡關,1
交中國信,1
德傳,1
德作,1
貸額,1
熱愛楓,1
著登入,1
樓之金,1
管會詢,1
附玩樂盤,1
將三筆款,1
為爭,1
投資稱,1
嫌後下,1
單三雙,1
之顏色,1
沒人且,1
一私,1
停領,1
我後續詢,1
問國外,1
並無設立,1
親友接,1
筆紅,1
滿頭頭,1
聯絡滿,1
還在匯,1
完後傳訊息問,1
接驗證,1
加人,1
綁進,1
還有當,1
某技術,1
某營業員,1
經從,1
滿頻,1
項大約,1
單變成,1
單掛,1
面後就給,1
財產到,1
駐廠,1
商並給,1
即問,1
入會後便給,1
晴聊,1
聊說,1
晴稱,1
其查,1
杰介紹,1
然實際,1
之資金,1
賣物,1
已無錢,1
而後陸續,1
記在網,1
結後一個,1
幣商會將,1
發有,1
五片,1
金俊奎式樣,1
其未見,1
卡母,1
檔期,1
校內,1
營隊,1
串文稱,1
方確定,1
股類,1
似東西,1
向網,1
並無異樣,1
徵打,1
代送商,1
媽馬上,1
組口紅,1
北總行,1
新莊區,1
龍安門,1
某街,1
男當場,1
或非,1
將系,1
回得斷,1
偉創,1
脈後馬,1
未換,1
常處,1
理類,1
似業務,1
約定親,1
前繳,1
交將會,1
親自實,1
失聯無回,1
時有誤,1
抖抖,1
張子玲,1
設化妝品,1
用機,1
車托運,1
張嘉莉,1
設社,1
轉筆款,1
已登入,1
土銀臨,1
櫃時,1
卡故,1
各電,1
還交,1
雙方驗證,1
投須,1
經我個,1
但賡續,1
買家劉,1
劉淑婷,1
稱幫忙,1
忠便,1
民手,1
自介內,1
面解,1
話後以,1
相約解,1
氣店,1
兌換馬幣,1
財多智廣,1
而後銀行,1
對容用,1
語音並,1
小電扇,1
還補上,1
秀琴,1
之後主動將,1
維祥,1
遭路過,1
杜易,1
數不斷,1
發日誌,1
中國華強,1
北商,1
賣家位,1
藍寶堅尼聯,1
然後態度,1
卡買來,1
某資料,1
富大,1
富盛,1
美品,1
百貨行,1
鼎新,1
盛鋼品,1
人許,1
並另,1
票額,1
許金麗應,1
感有,1
重杉,1
盒產品,1
然後詐,1
夠嗎,1
經講,1
矽品,1
過這一關,1
或輸,1
徵冷氣師,1
我學過,1
小光哥,1
處理進,1
問久,1
龍式,1
曲科雅,1
通山,1
成幣商,1
包後就,1
江西人,1
串改,1
先轉點,1
幾萬變,1
最後高達,1
金錢用,1
鈦晶,1
賣媽,1
出清區,1
文販售兒,1
童椅,1
中千萬要,1
難道現,1
多人會,1
正義嗎,1
共計計,1
魏寶寶的,1
叫寶寶,1
寶寶還,1
叫鴻岳,1
鴻岳,1
私訊發,1
人會津,1
稱煙,1
網後才,1
算入,1
渠已,1
需裝潢,1
渠健,1
元之大獎,1
盒中,1
並置,1
張布,1
里斯本,1
雪梨,1
明將,1
啟用線,1
極限遊,1
對話且,1
分鐘後交換,1
女聯絡,1
瓊芬,1
自介上,1
但小偉,1
楊棋恩,1
允諾並,1
真資料,1
資訊主動,1
經理點,1
玉瑤,1
務約,1
單才會,1
人林定,1
年籍資,1
詳解,1
否則須,1
故就將,1
遭同個,1
會費元,1
願繼續,1
限查詢,1
再約雙,1
北面,1
小賭,1
交點稅,1
前後後又匯,1
自回,1
標費,1
問你要,1
稍後核,1
運錢,1
其實現,1
單了,1
龍脈,1
法類,1
沒財物,1
自自,1
工名額,1
先後交,1
詞多為,1
某鐘,1
新電池,1
農田,1
阿玟,1
會交票給,1
說會延,1
寄卡前,1
機說,1
邊問,1
機會白,1
勿代為,1
刑責且,1
中國籍,1
正尋求,1
研議,1
能爭,1
問意,1
雙愛心,1
音符,1
某幾家,1
職金新,1
關本,1
將下載,1
並傳快,1
筆犯,1
其餘三筆,1
阿嬤欲,1
需一筆,1
頭給,1
協商會議,1
一個類,1
方同樣,1
楊宗嘉請,1
結又給,1
說後面,1
購短夾,1
用所謂,1
金額後察覺,1
我典,1
萬要給,1
著未,1
情場,1
失意,1
營運計,1
畫及,1
書訂,1
營餘,1
分讓,1
約會詐,1
將由花蓮,1
需錄,1
音錄,1
隨後由王,1
謝某,1
含帳,1
懷慰問,1
交檢驗,1
前後後約,1
前尚須,1
網代辦,1
匯金額,1
異常入,1
帳出帳,1
互動後約定,1
魚連,1
由大學,1
我額度,1
辦養,1
官看,1
經海關,1
付廠,1
單手,1
附網,1
面無異,1
進香時,1
說合約,1
宗瑞,1
榮服,1
過營,1
徵計,1
从众,1
群組滿,1
養帳,1
方嚇,1
沒老,1
包大,1
夢路,1
抽機票,1
資金度,1
錢之詐,1
群組達,1
組之廣告,1
廉價產品,1
自品質,1
實際詐,1
會員後再付,1
裡帳,1
財富薪,1
賢教,1
成經,1
芭樂遊戲,1
證來領,1
價格後會,1
欣說,1
之主編,1
一發布,1
旅遊札記,1
觀察取,1
啟任,1
虧給,1
王柚希,1
叫世,1
人命,1
均陽,1
刷盒,1
車子積,1
菩薩,1
讓關,1
幫遊戲,1
前談合,1
個關,1
高額票,1
著疑點,1
賣櫃子,1
寶物來,1
負面訊息,1
解決網,1
某速運,1
要代領,1
裡問,1
衣飾,1
意把車,1
確約,1
電動貓,1
關於貓,1
決個,1
沒亂給,1
寄書來,1
清談,1
聊新聞,1
群組學員,1
珠寶甄選,1
挑貨,1
職加,1
查群,1
賣高,1
某商務飯,1
養甲蟲,1
日後處理,1
陽執行,1
新戶,1
有四萬,1
幼夢,1
事什麼,1
變成害,1
我後續須,1
故傳訊息,1
林梟,1
無錢,1
埋葬,1
寫後頁,1
接獲聲,1
收費亭,1
海鮮出,1
楊芷妍,1
曉芸傳,1
鮑魚,1
還不太輕,1
他康,1
風神,1
清凱,1
地產為,1
沒續付,1
實際門號,1
楊淑君後來,1
盈途,1
資訊和標,1
幫忙驗,1
及運,1
折疊床,1
需徵求,1
如欲見,1
然金,1
期代開,1
以一單,1
其酬,1
需開設,1
林俊宏及,1
承諾新,1
儲至,1
跟個,1
出險金,1
芳澤,1
東湖芳澤,1
自和芳澤,1
芳澤在,1
願景及,1
過驚覺,1
小彬彬,1
費升級,1
幾天後約,1
確保員工,1
分傭,1
獄後謊,1
薪轉戶,1
淳及,1
寶記,1
財豐,1
兒子查,1
萬噩夢,1
是訊號,1
廣告誤,1
結識詐,1
高雄明,1
誠門市,1
予車,1
轉貨款,1
經由假,1
結設定,1
方俊吉,1
智博,1
完填,1
方傳遞,1
事之廣告,1
民眾吳,1
華申領,1
光員警,1
商新統,1
興門,1
張新營,1
密碼後產生,1
電新營,1
今秋,1
在後轉,1
風水廣告,1
命運變,1
銷作業,1
日後網,1
規且,1
非慣用,1
會營,1
送養貓,1
帳號販,1
券要,1
旅遊詐,1
元證,1
以額,1
因為給,1
完機車,1
車販售,1
發文紀錄,1
車務必,1
規車行,1
決麻煩,1
嫌釋,1
人站,1
並把密,1
稱亞,1
謝娜婷,1
區載,1
途載,1
空檔會,1
接警,1
商務上,1
組玩遊戲,1
經凍結,1
過去關,1
魚離,1
開水,1
過某種,1
信後選擇,1
商寶元門市,1
貨亦未,1
關停,1
便鍵入,1
程有異,1
警詐,1
一個化,1
隨後也匯,1
某票務網,1
裡釋,1
簽後要,1
低人氣,1
連結後依其,1
取材,1
林宜恩,1
辦外匯,1
辦理外,1
吳偉,1
全對,1
謝駿瑋,1
認識後約,1
悶在,1
我欲來,1
接婚,1
戶予,1
供林思琪,1
講日幣,1
詳情裡,1
綠線,1
維修師,1
傅檢查,1
需由買,1
方清償,1
至裕融,1
問裕融,1
缺款,1
項後在,1
湯旋,1
劉世強,1
張項,1
分超,1
海鑫,1
賣家線,1
鄞鈺,1
表入,1
需修護金,1
交朋名,1
比姣,1
處女,1
談吐有,1
心怡還,1
慧娟,1
戰中,1
坐位,1
怎麼票,1
還要點,1
稱參,1
你過,1
大果,1
貪財,1
其後以,1
待購,1
總共必須,1
連叫,1
俊瑋,1
是俊瑋,1
姑媽,1
他明,1
屠殺,1
愛一個,1
愛來,1
見給,1
可由現,1
意試,1
詐大錢,1
那損,1
專找,1
畫面驗證,1
衝會後悔,1
養群組,1
看類,1
地活,1
李齊貞,1
會員出,1
還拿虛擬,1
當煙,1
霧彈,1
袁殉如,1
鴻博,1
台安,1
非貸款,1
土庫長,1
榮街,1
立星展,1
林莉,1
原鈦色,1
通傳局,1
稱婉君,1
並向暱,1
回賴帳,1
金之後才,1
歐絲黃氏,1
台驗票,1
偽卷,1
張偽,1
已經蓋,1
劉傑,1
動至,1
搜集,1
回傳後驚,1
史前,1
計劃會,1
關詢,1
嫵媚娘,1
義封鎖,1
安坐,1
所還,1
食椅,1
這人聲,1
然後宅,1
配上門,1
國中翊谷,1
標榜理財,1
李財勝,1
數萬顆,1
惟手續,1
故無對方,1
隨後帶,1
德國百靈,1
清潔液,1
百靈刷頭,1
賣家告,1
之徽,1
春陽門市,1
進寶的,1
該應,1
指妍,1
中洽,1
史瓦濟蘭籍,1
續連,1
珍妮佛,1
陸續經,1
一會還,1
正傑接,1
觸詐團,1
東華大學板,1
消費明,1
車賣場,1
萬內,1
玲霖,1
繳交繳,1
交鐘,1
音開,1
轉太少,1
郭某,1
流傳該,1
應後加,1
一慌照,1
怡寶說,1
包連到,1
割走,1
七萬六,1
戀愛和,1
他們領,1
錄報,1
代價極,1
費轉帳,1
進來後馬,1
現金入帳,1
皮囊,1
我合,1
而後照,1
請永豐,1
美崙門市,1
幣紀錄,1
屋位,1
謝奕婕,1
顯故,1
蠻正經,1
蠻踏實,1
過號,1
詐號,1
跳越,1
偶爾互動,1
再久,1
貨幣後並,1
房產並,1
員進,1
號圖片,1
還紀錄,1
該餐,1
卻單,1
乾媳婦,1
蒔瑩,1
最後前後轉,1
高慶元,1
愈聊,1
愈熟,1
波刮,1
台東求,1
進貨到,1
一筆後來,1
親飛,1
奕家,1
邊六張,1
予前,1
六四,1
假大隊,1
地寄過,1
福祥街,1
將感,1
應磁,1
另有其,1
家點,1
天羽,1
無糖,1
要誠實,1
證這種,1
貝莉爾,1
高額代儲,1
售價共計,1
才播,1
背後犯,1
以裝修,1
故至貴,1
元國道,1
點選以,1
事後試,1
依江女,1
吉屋,1
租屋人,1
員之詐,1
轉洽給,1
交在,1
份金額,1
乙太虛,1
尋不老松,1
搜尋後出,1
現不老松,1
軟體資,1
人員言語,1
商遠,1
然後又出,1
臨櫃換,1
務人員稱,1
逐依該,1
交貓,1
獲假國,1
原未購,1
江東天,1
開始朗,1
租訊息,1
行大運,1
法線,1
這兩個幣,1
商瑛,1
對方指,1
著台,1
自車友,1
包韓國,1
貨有,1
餘額會,1
洽談後匯款,1
江天,1
異常後懷疑,1
並抽中,1
夾要,1
之永富,1
之大元,1
大百,1
由永富,1
金時還,1
獲利共,1
你頭,1
六生,1
始言語,1
顏小天,1
版空氣,1
傳送鍵,1
叫菀婷,1
一陣子還,1
連吃飯,1
回應費,1
解鎖視,1
電內,1
傳輸地,1
內馬上,1
蠻願,1
好準,1
其後與,1
法務承諾,1
現失,1
聯狀態,1
獎金卡,1
義詐財,1
向經,1
經理開,1
東西帶,1
貨運然,1
必填,1
沒連,1
約十來,1
幾次代,1
問密碼,1
高資格,1
著美國,1
張證明,1
主出現,1
想改,1
上星宇,1
組代號,1
連退費,1
內部用,1
推廣補助,1
這之後就,1
營秘,1
還能當,1
鋪路,1
轉幣後將,1
內貨物款,1
總共一萬二,1
西亞匯,1
把馬幣,1
會燒,1
常出現,1
當貸款,1
星米,1
還不對,1
過泰國,1
並於其,1
並另以,1
將於匯款,1
想不透,1
仍防,1
並將代,1
過個資,1
地檢已,1
待明,1
給我台,1
欺證據,1
完年,1
教訓別,1
俊宏會,1
如約還,1
保下,1
輕忽查證,1
指導者,1
求實,1
小宏,1
駐葉門,1
許家榮,1
因聯合國,1
叫銘晨,1
李尚宸,1
介紹瀚柏,1
自經濟,1
當場繳,1
地陸,1
金財領,1
航者,1
記及,1
盛因,1
福嘉義店,1
商蒜,1
頭門市,1
之後虛擬,1
極親,1
泰國幣,1
洪振浩,1
洪男,1
資金後會,1
當合約,1
總額則,1
經濟視角,1
伍霈婷,1
相繼將,1
因任務,1
状況,1
明後發現,1
王曉嘉,1
王曉嘉後來,1
因融資,1
納認,1
將升級,1
更多驗證,1
北瑞門市,1
誤發貨,1
補六萬元,1
原址,1
認企業,1
細審,1
勁裡面,1
這整間,1
某業務員來,1
不屬實,1
時快,1
遞人員會,1
敏感性,1
鳥鳥,1
三大金流,1
我連登,1
離隊,1
筆雖然,1
宋德鶴,1
天虎,1
保證值,1
回票價,1
齊會,1
貨能,1
李佳欣,1
徐國華,1
辦買車,1
趁熱潮,1
聚一聚,1
鑄下,1
查費用,1
先來後到,1
繳個款,1
之後會分,1
抓車,1
手會,1
辦件,1
最後沒獎,1
意站,1
腦鈍,1
安溪,1
背後見,1
連檢警,1
榮總就醫,1
給檢察,1
人員查驗,1
南里,1
興南,1
體領,1
玩弄到,1
還很氣,1
止水,1
裡很不高興,1
討一個,1
裝教,1
認貨況,1
領航團隊,1
割愛的,1
那時剛,1
卻慘,1
用詐,1
這通詐,1
稱多個,1
元買票,1
戰戰兢兢,1
過貸款,1
寶業,1
宏一,1
轉硬,1
然後氣,1
對方地,1
碰運氣,1
可通,1
股爸,1
李敬文,1
股夢飛揚,1
行員多事,1
貨說,1
樂福鞋,1
喜愛之物,1
還幾次,1
表達過,1
隨後出貨,1
高價品,1
假貨騙,1
氣壞,1
擔心遊,1
情誼會,1
他認,1
說項,1
目運作,1
筆傭金,1
被氣,1
買後轉,1
機和代,1
貨再匯,1
制申,1
徐恩澤,1
溫蔓,1
蔣國華,1
曉樺,1
認識本,1
案犯,1
價後購,1
林芷璇,1
臉書約定,1
林嘉寧,1
由林民介紹,1
解僱,1
之鏡子,1
定加,1
元後告訴,1
事訂,1
成等價,1
布朗,1
興奮點,1
暫時領,1
判例,1
結單費,1
劉迪,1
跟委,1
不斷求,1
之望,1
付顧,1
稱林景達,1
稱欣,1
許金錢,1
其在網,1
及星展,1
初聯絡,1
照點,1
貨款後稱,1
珊琳,1
星窮,1
然後隨即,1
專永益,1
進列車,1
購協會,1
還資金則,1
而後獲,1
務輸入,1
單予,1
葉子軒,1
處所後離,1
款則須,1
梁龍,1
順興,1
其黃民開,1
因結帳,1
要黃民,1
要黃民加,1
台灣後援會,1
場統,1
一獅球,1
證之,1
豎琴,1
自幣,1
提之詐,1
要大額,1
意欲,1
稱羅怡安,1
給買,1
興奕國際,1
曾騰宇,1
收卡手,1
我後驚,1
無生,1
何為,1
惟業務員稱,1
當暱,1
會延誤,1
瘦瘦小小,1
之後氣氛,1
頭一,1
兔果果,1
兔果,1
打平,1
學士服,1
天帶,1
賬面,1
王志田,1
蘇姓門,1
買哩程,1
賣哩程,1
旅積,1
分刷房,1
保級,1
李思賢,1
蘇澳馬賽,1
當會頭,1
那期,1
號之後人,1
店收,1
鐵門拉下,1
利東,1
單虛擬,1
購買暱,1
票始,1
至桃,1
城門,1
已無職,1
千萬別將,1
陳紅,1
時間後開,1
董男會,1
故不給,1
著車號,1
冒罰,1
單風險,1
通紅,1
嘉薪,1
越踏實,1
何其,1
文濱路,1
號對,1
面公園,1
臉書本,1
前後又匯,1
卡寄來給,1
天匯,1
七萬七,1
快八萬,1
買訊息,1
仁愛門市,1
許安婷,1
號新興,1
銀臨櫃,1
王亮,1
開戰區,1
合約費,1
過幣安轉,1
賣鍋子,1
兩人後來,1
然驚覺,1
吸含,1
乳交,1
愛愛,1
標金飾,1
下播,1
給弱勢,1
前經,1
玲技術,1
平排,1
詢問入,1
獲利的關,1
景乾,1
換金,1
問其事項,1
立馬匯,1
方後有,1
下一頁,1
專員堆,1
爆量,1
惟中,1
攀談近,1
必應,1
帳七筆,1
金水,1
新客,1
貨後確,1
真黃金,1
需理,1
賣鈴木,1
並交車給,1
稱塞車,1
驗車驗,1
還證件,1
不動產約,1
進而約,1
張共價值,1
單後該,1
點聯絡線,1
中多人,1
然後順勢,1
發電相,1
關產業,1
然後我見,1
獲利值,1
因高雄,1
匯入後聲,1
解凍後要,1
過大而,1
這幾日,1
國之人,1
星瀚,1
會健檢,1
網登記,1
及三張,1
共為,1
問費用,1
成服,1
務費作,1
價餘額,1
到則,1
將於今,1
抽號碼,1
胡言,1
亂語,1
機將款,1
轉介該,1
需整,1
財證,1
及物證,1
群組後裡,1
偷懶,1
數卡來付,1
工因,1
組後驚,1
張泡,1
納操,1
盤金,1
姐問,1
買會員卡,1
唯星,1
超動心,1
然後秘,1
只個,1
有病,1
筆待繳,1
從畫,1
播出,1
積土,1
成山,1
還約面,1
還動,1
大章,1
章變,1
免卡,1
金買幣,1
講還,1
幣結算,1
某一個,1
進假門票,1
那系統,1
清有,1
信什麼,1
抽運動手,1
三點過,1
販子,1
妥後私,1
會員號,1
流來源,1
行員一,1
我四姐,1
姐介紹,1
還陸,1
快暈,1
沒設定,1
凍作業,1
表決,1
一學習,1
翻白眼,1
著旋轉,1
軍規手,1
只外,1
觀帥氣,1
軍規,1
車訓練,1
頭查證,1
選後加,1
首歌曲,1
筆培訓,1
該傭金,1
為個,1
保一個,1
出金電,1
單之新,1
真此,1
需先用,1
萬然,1
販運至,1
過高要,1
繳話費,1
許面,1
存錢養,1
張應,1
俄羅斯,1
照劇本,1
戀愛騙,1
凱德集,1
團線,1
連推特,1
一停,1
換去,1
堵人,1
曖昧訊息,1
牽動後還,1
買家付,1
西不應,1
假媳婦,1
處理還,1
問媳婦,1
萬學到,1
呼叫,1
植楓,1
還沒運來,1
園藝夢添,1
出員工,1
匯筆,1
向會首,1
一人受,1
導向加,1
行員給,1
內容華南,1
氣喘病,1
詐點,1
敏昌以,1
回太遠,1
偵結,1
體會詐,1
上誠門市,1
點仍,1
周慧嫻,1
周天,1
號的會,1
高個,1
僑光水,1
灣高雄場,1
結識代購,1
數日間,1
誤繳,1
已越,1
局之未,1
上刷付,1
電郵後發現,1
很頭頭,1
阿來,1
沒拿過,1
張瑞保,1
瑞保,1
釣詐,1
心裡直,1
將差,1
打麻,1
將邊,1
啟動代購,1
連環計,1
服務滿,1
調是關,1
訂先,1
記得群,1
息影,1
修平門市,1
媽先,1
信介紹,1
竹師路,1
巷茂洋馥域,1
負責現,1
場氣,1
窗玻璃,1
框下,1
付日,1
元路邊,1
假電子,1
私訊後雙方,1
十盤,1
解控金,1
發參加,1
林弘立,1
還沒送,1
因收訊,1
會細節,1
特戰英,1
黑波,1
但成,1
我點取,1
潘老師,1
必勝,1
時電話,1
並還移,1
告一,1
筆後陳,1
結戶,1
稀奇古怪,1
組別,1
是嚇,1
收賄,1
賣股,1
果名,1
新銀型,1
差點付,1
對方尼天,1
氣帶,1
照暱,1
將僅存,1
薪資戶,1
版給,1
忠明國,1
下載華,1
離感,1
譽為,1
債務合,1
神來查,1
關台灣,1
趁機掛,1
美地區,1
抵達後才,1
水楠,1
市住,1
大天,1
杜永豐,1
規賣場,1
瑞彬門市,1
團購社,1
玉玉,1
庭宣,1
著交給,1
那團,1
滿實,1
滿合,1
經營抖,1
音店,1
葉出,1
唯獲利,1
詐團入,1
分紅為,1
一點邊,1
再騙,1
買彩靠,1
法都極,1
法和行,1
前多思,1
情況極,1
還常秀出,1
臉書經,1
事後申訴,1
原網,1
遇類,1
還很低,1
審過,1
並與遠,1
華南網,1
清兒,1
前後共發,1
掙點,1
名額確,1
還簡,1
動金,1
張舜澤說,1
補虧損,1
貨日過,1
生產延誤,1
道歉信,1
統發,1
寶可夢卡識,1
小寫,1
聯絡永豐,1
嫵媚,1
娘樂樂,1
成員給,1
還使,1
要販,1
詹芯菱,1
繳路邊,1
中鼓勵,1
葉鳳書,1
行諮詢,1
先評,1
估條件,1
自賀利貸,1
鎖了,1
蝙蝠,1
俠側,1
石項,1
方擔,1
任美學,1
芷欣,1
並依此,1
幣安視,1
現廣告,1
仍避,1
數字予,1
詢員警,1
環遊館,1
繳交運費後遭,1
由統,1
張至統,1
商溪埔門市,1
之後借,1
數月後因,1
異後傳,1
林宥勳,1
故本來,1
計轉帳,1
清後續,1
貸業務員並,1
訊息察覺,1
因所報,1
隨後入,1
鐵礦石,1
內楓幣,1
億楓幣予,1
炸魚,1
組無效,1
扣要,1
郁珊,1
食方,1
王樂婷,1
問約,1
有連線,1
同音,1
還想加,1
解決家裡,1
但費用,1
跟現,1
洩露個,1
自微信,1
現領現,1
邊員工,1
張郁,1
某質,1
地連密碼,1
筆醫療費,1
幫忙會,1
這筆債,1
叫俊吉,1
條文來嚇,1
買幣給,1
賴怡茹,1
透過幣安,1
關己,1
金貿易,1
值金額,1
發翻譯,1
檢方要,1
過親,1
投資營,1
運業務,1
營利無法,1
要利,1
處散,1
簽結,1
欲小額,1
檢帳,1
聽邊,1
過帳號,1
許冠宇,1
福澤,1
臨櫃購,1
及二兒子,1
購得幣,1
連通,1
林宏宇,1
依林志杰,1
分至幣,1
之後林志杰,1
領取當,1
實戰訊號,1
衣進口,1
商透,1
謝美蘭,1
原連結,1
換泰銖,1
游說,1
高階幹部,1
張麗婷,1
萬全轉,1
其八萬元,1
台藝大,1
說板橋,1
完房,1
而卡,1
吳淑琴,1
郵電,1
觀閱,1
進官網,1
繳之停,1
投資小有,1
風控費用,1
從思妤,1
簡訊還,1
掏錢付,1
王思予,1
連藍牙配,1
血統,1
依無靠,1
聊東,1
聊西,1
機場候,1
機室,1
自俄羅斯,1
當取樣,1
江子翠戶,1
導我加,1
地代購,1
業務員聲,1
挑葉,1
翻炒,1
親力,1
磨出,1
情義,1
藝吃飯,1
蒙羞,1
你毀,1
著責任,1
指油壓,1
按貼,1
欣約,1
來欣,1
小菁,1
叫秉成,1
那家幣,1
文查,1
競主機,1
實機,1
帶穩,1
沒夢想,1
葉紅,1
時驚醒,1
反側,1
到陳秀,1
傷錢,1
推下,1
範給,1
減半,1
宏企業,1
但天,1
情踐,1
可刷,1
換出,1
賣衛生,1
抗癌,1
超正規,1
戀愛與,1
趕緊掛,1
抽中間,1
對方邊,1
劉伊玥,1
仁慈,1
公二公園,1
牌樓,1
電紅,1
抽中紅,1
就屬,1
銀行光,1
曾分,1
才照,1
方估,1
價後稱須,1
逐層,1
網銀存,1
馨主動,1
筆連線,1
筆國,1
自終,1
給電子,1
面後商,1
可待,1
服加碼,1
群組靜,1
影截圖,1
總竟,1
更給,1
販賣文,1
因賣個,1
鏈系統,1
交一萬元入,1
連主,1
旅遊前,1
辦微信,1
賣家王,1
及代匯,1
之酬,1
勞達成,1
單錯誤,1
誠徵長,1
投資富,1
御珠,1
石玉,1
看該,1
高階名,1
日青,1
天桃猿,1
元合計,1
空紙,1
並無其,1
機礦,1
顆後,1
並至民間,1
人公證,1
網銀由,1
結連,1
接度方,1
日欲存,1
惟渠稱,1
最低限,1
額惟,1
張玉伶,1
仁所,1
仁而誤,1
近而接,1
勳之人購,1
台幣儲,1
屏東房,1
上街,1
帳網,1
職故,1
日後詐,1
獲利導致,1
中官網,1
劉芸汐,1
遭電支,1
請櫃台,1
約當,1
初分,1
共十萬元給,1
實木,1
區出現,1
東西千萬要,1
合夥為,1
願成,1
社情,1
失智症,1
為餐,1
差穩,1
方索款,1
經理付,1
交指導,1
國泰人壽帶,1
領保險理,1
車子載,1
機卡及,1
東義辦,1
土銀進,1
行民雄,1
為凱,1
基商,1
知台,1
受民眾,1
該抖,1
頂六門市,1
金蘭村,1
頂山門,1
雲林元長,1
新台幣點,1
涂錦瑤,1
購買後會裡,1
秘書傳,1
快有,1
內小編,1
觀察且,1
擊主頁,1
地堂,1
數卡三張,1
送禮盒,1
貢獻度,1
頭教,1
該代儲,1
網檢索,1
費幫,1
做紀錄,1
連家電,1
了後換,1
的場,1
樣本照,1
詳聊加,1
金匯市,1
做靈,1
罐買,1
存銷,1
初下載,1
連戶口,1
事賣,1
無人要,1
機回,1
點我領,1
白不領,1
可愛美麗,1
連兩家,1
加貪心,1
這話術,1
上留,1
水口,1
旁草,1
叢裡,1
次交給,1
聊裝修,1
幾天付,1
沒動工,1
蠻合適,1
必須簽,1
職條件,1
當餌,1
自試試,1
調後者,1
訂點,1
商價格,1
非郵局,1
手殘,1
沒查過,1
問安裝,1
紹水,1
服務代安裝,1
傅後續,1
勘並,1
問水,1
電師,1
傅狀況,1
我水,1
傅取,1
傅電話,1
介其予,1
二通,1
先否,1
決要,1
然抵,1
用導致,1
券購,1
記用,1
書是,1
繳交區,1
經懷疑,1
過幾天後才,1
處當面,1
永豐虛擬,1
定永豐,1
最後再點,1
愛兼,1
聽潮,1
牽線幣商,1
阿神,1
兵兵,1
錢後都會,1
元談,1
不太滿意,1
組四罐,1
時帳,1
想批,1
發化妝品,1
類別給,1
找副業,1
萬幾乎,1
挑選產品,1
自稱曉曉,1
時後會給,1
王若曦,1
組暫,1
同夢共濟,1
發現還,1
給教練,1
資金額入,1
經由兒,1
很常去,1
異常現,1
先開立,1
網國際,1
小歡,1
因千萬,1
芮琴,1
旅遊計,1
金時須,1
林鈺馨,1
個戶,1
頭供,1
應召為,1
問洽,1
而後洽,1
一擔,1
然後我發,1
妥協並,1
找渠,1
異恐,1
帶玩遊,1
戲之人,1
戲輸,1
贏決定,1
獲之機,1
賽格,1
先截,1
組後老師,1
並未帶,1
邱鋒澤和黃偉晉,1
響食,1
之車輛,1
則販,1
賣牙套,1
中突,1
換抖幣,1
收抖幣,1
證質,1
確陸,1
沒底線,1
還談論,1
身不由己,1
有承諾,1
四面,1
貸玲姐,1
裡走,1
超假,1
沒一點,1
筱雨,1
自假榮,1
隊展,1
官將,1
定期存款,1
鎮搭計,1
任務多,1
這之後還,1
確信須,1
炮卡時,1
方在後續,1
支薩,1
附育門市,1
法扶,1
卡和委,1
戶來詢,1
問貨款,1
涉訟,1
便陸,1
人相識,1
親自面,1
運明細,1
網銀實,1
業界常規,1
願意進,1
還陸續將,1
沒租到,1
我合計,1
低息,1
順利買,1
離夢想,1
名義販售,1
音樂療,1
職文書,1
指示信,1
遭轉移,1
傅彩庭,1
插乾股,1
媽媽家,1
沒開成,1
轉做,1
匯車,1
用講,1
楊忠平,1
第三分,1
簡昊星,1
密鑰,1
解約費,1
爾後名,1
爾後辯,1
爾後因,1
耗弱,1
閱國泰,1
郭云,1
因戰事,1
信看,1
皮點,1
犯將,1
智打,1
馮玉婷,1
會員後購,1
我誠意,1
李榮,1
興見面,1
對方期,1
竹東榮,1
李榮興,1
用卡處,1
雲遊,1
當我賣,1
路牌,1
積木組,1
這組積,1
領傭金,1
快接,1
女巨人,1
貨價格,1
追著問,1
這報,1
烘碗機,1
葉亭,1
價格算錯,1
及動機,1
水想,1
阻時,1
出金三筆,1
加總監,1
語音開,1
查通話,1
官且,1
內說,1
因未加,1
我後開,1
為持,1
吳姿,1
稱有個,1
能速收,1
邱鎧嫻,1
林佳泉,1
國際代辦,1
萬枚,1
喬與喬,1
帳後便,1
遲納金,1
這粉,1
絲魂,1
虛擬幣現,1
葉舒婷,1
馮嘉珂,1
去幣托,1
傳紅陽,1
人員中,1
經由犯,1
東西會還,1
警衛會,1
邱念萍,1
郵政金流,1
近六萬給,1
說後才,1
昭雯,1
自紐,1
徵炮友,1
權限前,1
騙子後馬,1
楊仁,1
騰空,1
無理,1
熱墊,1
項資訊,1
假技術員,1
金莎,1
我執,1
數不詳,1
電通報,1
購的員工,1
維護要,1
字成,1
正體,1
夠義氣,1
紅利當,1
幣最,1
智策,1
照時間,1
賣頭,1
網銀畫,1
帳戶確,1
葉芷娟,1
回大筆,1
領免,1
費書,1
航航媽,1
航航媽將,1
卡人數,1
太高此,1
蔡昱玟,1
欲約定,1
車後會,1
車影,1
騙訂,1
搜尋加,1
新西,1
曾親,1
自拿現,1
剛升職,1
試著信,1
貸協助,1
相約面,1
親返,1
以可透,1
文後與,1
鄭瑞華,1
閃稅,1
詹姆士,1
還到幣,1
下層給,1
看雨,1
號販售,1
結後進行,1
夢晨,1
饒運安,1
豈料過,1
日起將,1
借錢務,1
人贓,1
彭美佳,1
文緯,1
絕後態度,1
年接,1
獲業務,1
買的靈,1
以生,1
遭話術,1
遭業務話術,1
三胎,1
最後須,1
百萬夢魘,1
進沐德,1
請速繳,1
已列爭,1
貨幣察覺,1
鼎幫,1
堂七子,1
白珍珠,1
購買念頭,1
方反應,1
無額度,1
高美門市,1
框並,1
專員啞,1
反應過,1
認買,1
繳費標,1
接外,1
先多加,1
資金開,1
電話盧,1
買空調,1
一個親,1
親寵共創,1
並無輸入,1
白銀等標,1
進入系,1
商萬文門市,1
遭幣,1
導出,1
選大樹速貸,1
之聯,1
對方聳勇,1
做誠信,1
而後數筆,1
日透到,1
以後依,1
寄國,1
榮總心臟,1
科護理,1
師王,1
電說明,1
以教,1
春夏秋冬,1
不滅者,1
非台灣,1
外金流,1
社團標,1
美國海關,1
專員紀,1
將紅利,1
高相,1
紅利越,1
國泰世華領,1
先後傳,1
觀賽,1
金丁台,1
沒人承認,1
徵司,1
機人員,1
鎮店,1
故決,1
金提,1
領紀錄,1
分日,1
寶且,1
開通觀,1
並以現,1
桌交換,1
祈揚,1
要放錢,1
記密,1
慈轉帳,1
簡正芬,1
姿容,1
日經該,1
資本控,1
方使,1
該人數,1
逾百人,1
名義發布,1
將教導,1
業或,1
首例,1
項達,1
當跟,1
先兼職,1
秘書問,1
單後沒,1
秘書要,1
號陽信,1
天鐘,1
鐘學士問,1
因填,1
錯戶,1
名關,1
需有擔,1
張澤鵬,1
緩一個,1
萬元金,1
其餘由該,1
卡同,1
因保險,1
福德彩報,1
繳納領,1
以會員,1
凍會員,1
慧加,1
參加鴻馨,1
幼鳥,1
將幼,1
將鳥,1
當故,1
追殺,1
來度過,1
保名額,1
時談,1
並將易,1
訕後轉,1
值額度,1
並與網,1
我換成,1
幾日後才,1
惟期,1
之後放著,1
提團,1
不好玩,1
只算,1
體驗費,1
只門票,1
還從幣商,1
出金會觸,1
某文創,1
十幾張點,1
攝大陸,1
裡話術,1
先臨,1
稱普惠,1
白之訊息,1
理代為,1
惟待,1
暴單,1
現金後均,1
轉傳訊息,1
問後以,1
歡後加,1
搜尋輸入,1
開美而美,1
接越,1
晚快,1
匯五萬多塊,1
越接,1
刷積分,1
信貸評,1
統用,1
正子,1
還比較,1
地政士給,1
填後沒,1
理會時,1
想套,1
財其實,1
誠教,1
誠是,1
榮勝,1
帶資,1
登入後先,1
新密,1
美河市,1
並噓,1
取童,1
裝利潤,1
領股,1
傳老,1
謀要,1
閨蜜會,1
幫該,1
因雙方僅,1
點擊信,1
南以,1
事而,1
說會擇,1
跳掉,1
對買家,1
申請後犯,1
我抖音,1
幣總數,1
沙龍店,1
沙龍館,1
服連,1
嘉義德慶店,1
五萬至,1
我後至,1
興化店,1
集團幣,1
會花點,1
經由驗證,1
提驗證,1
操到,1
象並,1
繳費確,1
認頁,1
以後想,1
點餘裕,1
想救,1
屋旁,1
錯付,1
常貼,1
劉忆柔,1
吳珮琪,1
辦美國,1
補眠,1
沒卡,1
失幾十萬,1
須再付,1
金後不疑,1
投資的網,1
層保護,1
臉書大,1
南求,1
職誠徵,1
覺多筆,1
時收,1
張卡試,1
峰華正茂,1
禾亞幣商,1
將江,1
于萍,1
領補助品,1
沒暈過,1
說學,1
語言應,1
開始學,1
樣東西,1
財耶,1
這筆獎,1
檢局,1
買所謂,1
送卡,1
各儲,1
真費用,1
遊機會,1
之後自動,1
網友陳子,1
稍後手,1
方後馬,1
認友,1
警員稱,1
滑蝦,1
卡訂購,1
問之後對方,1
雲南西,1
雙版納,1
並參觀,1
領導林,1
群哲,1
懷疑童,1
詩惠事,1
閱童,1
詩惠網,1
聽聞童,1
詩惠以,1
售房,1
產為,1
房產進,1
有耳聞,1
獅子頭,1
付一點代,1
莉安及,1
童想,1
研發及,1
搶得,1
故幫忙,1
終於踏進,1
知訊給,1
我王,1
證認,1
友發,1
容現,1
確實照,1
事虛,1
經兒,1
之德元立,1
翎者,1
蕭國良,1
被法,1
標示售,1
衝動害,1
攔得,1
妥價碼,1
卡之現,1
然後專員要,1
授權驗,1
故察覺,1
給我帳,1
百萬餘額,1
當劇,1
滿網,1
結後要,1
大區,1
名義運作,1
親前,1
詞分,1
吳宜倫,1
邀約進,1
稅金將,1
機構將,1
下練功,1
快玩,1
高階內容,1
明帳,1
入去,1
筆飛,1
是鴻海,1
各種理,1
寶可夢路,1
邊運動邊,1
愛出,1
一按下,1
耳鼻喉科,1
診所前,1
多透過,1
穩健地,1
價一萬元,1
辦購,1
謹慎遠,1
事後加,1
還向民間,1
珠寶代購,1
原產地,1
我暈,1
還多匯,1
成驚恐,1
還介紹民間,1
多熱門,1
資料後系,1
文查詢,1
補資料費,1
過包,1
暮光,1
光群,1
王騰鋒,1
購卡後開始,1
師周偉翔,1
誠書,1
楊景舜,1
應召費,1
王鈺珊,1
接著轉,1
來數,1
劉鈺菲,1
彭莉,1
海港,1
勝宏,1
通過委,1
問門,1
問伍佰及,1
葉聖霖,1
梅國華拿取,1
劉萬榮,1
排好,1
被驗證,1
王可佳,1
那當然,1
從人間,1
阻後驚覺,1
群講,1
證物裡面,1
相以,1
憲在,1
憲用,1
將信貸,1
財訊學院,1
任務轉,1
萬元毀,1
能升級,1
成經理,1
美國紅,1
萬獲,1
客堂,1
行動筆,1
電選物,1
畢後先,1
英文名,1
總計共損,1
事資金,1
福幣,1
資訊待,1
將原石,1
原石確,1
實切,1
寶告訴,1
將這塊,1
關於寄賣,1
叫陳品,1
技術會,1
保勝給,1
並不樂觀,1
賴雅雯,1
給沐德,1
紫霞,1
極簡,1
小时,1
賣水,1
中請,1
遞代號,1
流浪者,1
保護令,1
毛寶好物,1
玩團排,1
叫伶伶,1
過密碼,1
給個資,1
宣傳訊息,1
惟日後欲,1
協助幣商,1
性太低,1
卡退,1
標榜購,1
諺豪,1
這沒關,1
轉資料,1
然後那頁,1
包裝騙,1
沒細問,1
用起,1
成約,1
廖俊傑,1
千餘顆,1
雖尚,1
童裝代購,1
退費表,1
證主辦,1
有側,1
祭廣告,1
活動名,1
張早,1
可填,1
退費表單,1
完後遲,1
遭乙名,1
幫父,1
親拿藥,1
已三個,1
並協帶,1
瀏覽反,1
而點入,1
廣泉門,1
桿子,1
幾次後變,1
有損,1
萬元後察覺,1
最後才察覺,1
動送,1
該視,1
頻主頁,1
多聞,1
予臉,1
今發,1
號整,1
宏集,1
一陣空,1
獎金七萬元,1
擔保向,1
合迪融資,1
次為,1
美和門市,1
臉書換,1
匯社團,1
網友代儲,1
會員後儲值,1
問遭,1
搜尋樂齡,1
學習網,1
由網,1
學費及,1
遭群,1
所安設,1
我民間,1
再由宅,1
假愛,1
情真,1
西要,1
比床,1
三萬四,1
通名義,1
楊義民,1
電商業者務必,1
事期貨,1
對方關,1
只入,1
四步,1
共八筆款,1
助興,1
筆約定,1
會由順,1
豐人員,1
遂照,1
未親,1
收月,1
結清領,1
控金匯,1
電池式,1
員將,1
計稱,1
計用,1
訊息告,1
以後一個,1
元算,1
運內,1
群組明,1
且查,1
通訊友,1
因服務,1
東光里,1
抓皮,1
稱讀,1
繳交虛擬,1
獨特韻味,1
繼續入,1
看實體,1
給不,1
體資訊,1
徵服務生,1
方閃爍,1
負高額,1
願意線,1
文修,1
搜尋帳號,1
鐵營造,1
人身自由,1
投資裸,1
天該,1
付費共計,1
親討論,1
起細節,1
李大,1
張舜澤給,1
單兌,1
券說,1
王門市,1
林美麗,1
確保錄,1
顆才,1
這榴,1
控一,1
稱可參,1
付會費,1
我連刷,1
之後貸,1
李天,1
李天稱,1
轉名,1
華麒賓館,1
豆金飾,1
輕巧杯,1
鋼珠筆,1
需開立,1
含轉,1
永富,1
撈哥,1
音訊息裡,1
鄭國龍,1
電競桌,1
也確,1
蔡宗傑,1
組會發,1
頭照,1
寶棧,1
金換購,1
及點擊,1
因事後接,1
葉莉筠,1
將兩萬元轉,1
投資惡,1
誘導人,1
雖然訂,1
額不大,1
洗資金,1
嘉義市幣,1
領欲,1
投資惟,1
組幣商,1
擔心市,1
果糖,1
用價值,1
休的關,1
加陳經理,1
洗體,1
付五萬元,1
收發訊息,1
木生技,1
組後可,1
信宏詐,1
照網址,1
宋雲珉,1
林佩佩購,1
伊麗,1
王廷,1
林天晟,1
互以,1
版及,1
繳約會費,1
天傑,1
鐲加,1
貨卡關,1
司機代駕,1
出後已,1
包後將,1
救紅,1
百姓,1
單約,1
單就會,1
數卡升級,1
數卡後並,1
進開,1
可達鑫,1
林明輝,1
卡聲,1
日後貸款,1
超商案,1
連結表,1
單加,1
陳俊強,1
要留,1
用紅陽,1
哲銘,1
葦嘉,1
劉谷,1
區兩張,1
加購票,1
楊曉茹,1
共計花,1
並細談,1
引導要,1
申澤霖,1
筆時間,1
已耗,1
繳攤,1
位費,1
心盒,1
算購,1
女約,1
如未經,1
其裸體,1
林惠,1
大港,1
貨後拆,1
認後會將,1
多萬才行,1
行樂,1
辦理匯,1
黎莉,1
動便,1
徵頑童,1
因渠個,1
改以付,1
照經紀,1
送書並,1
出教學,1
當劉淑美,1
台賣家,1
連結後將,1
資傳至,1
書帶,1
書去,1
面評,1
錢後因,1
該友,1
女兒們,1
曾用,1
林樂兒,1
人步驟,1
李文華,1
以教學,1
城系統,1
引至,1
劉峰,1
了幣安,1
賣門市,1
大灣店,1
皮買場,1
劉雲鵬,1
人言辭,1
心銀行,1
食網,1
依依不舍,1
二年,1
級學生,1
真實詐,1
幣噩夢,1
千萬詐,1
夠教訓,1
合資架,1
設遊戲,1
終於告訴,1
遞寄運,1
認裡面,1
慧娴,1
不仙,1
心萍,1
當軍官,1
將兩萬元匯,1
曹哲揚,1
愛心加,1
金太高,1
點暈,1
地無卡,1
英雄形象,1
嘮叨,1
上的將,1
蒙住,1
前後就,1
這宗,1
更主動,1
單獨出,1
然後重,1
套著話,1
什麼連,1
確該,1
現問,1
人幫人,1
當壞,1
由品,1
松園,1
方愛的,1
購買劍靈,1
想瘦,1
鏡子裡,1
殘忍踐,1
商保買,1
保卡都給,1
收輪框,1
投資夢換,1
處理兆豐,1
金庫裝,1
之後又會,1
加計算,1
再約定,1
聞後回,1
元裡面,1
王店,1
沒證件,1
同鎮縣,1
濟公師父,1
修行者,1
辦事用,1
令牌,1
仙騙,1
退補助,1
連風險,1
從夢想,1
當作場,1
淘物,1
加秘,1
該計,1
畫採,1
預約制,1
兩大筆,1
仔細數,1
東森新聞,1
校友,1
偶遇,1
球員卡及,1
吳婷,1
對方人給,1
匯暖心,1
友林,1
繳清省,1
附帶驗,1
慶熙,1
大陸釋,1
未解鎖,1
對方友給,1
機問,1
楊隊,1
常金額,1
客運代,1
烹愛之,1
烹愛稱,1
扣裡面,1
扣到,1
之後存,1
內準確,1
點低,1
抽籃球,1
饋禮,1
人氣炸,1
出後之,1
氣又滿,1
粉絲釋,1
進契約,1
延後帶,1
阿怡,1
這就能,1
發卡銀,1
總報,1
花費共計,1
暫入帳,1
停驗證,1
冠天,1
小波瀾,1
富宇,1
豐景門口,1
天耀,1
官證明,1
叫小張,1
之後小張,1
抵達統,1
商新丁,1
台門市,1
貨權益,1
補助匯,1
遺屬,1
互聯訊息,1
我事後有,1
總共試,1
該寄件,1
又親,1
匯五萬港幣,1
回來還,1
石岡,1
金錢供,1
或業務,1
無法後即,1
名作,1
五萬餘元,1
房產王,1
繳三個,1
還說理,1
專會教,1
那個理,1
內檢視,1
民至,1
全屬,1
稱公證,1
元依,1
對方點數,1
將已,1
上之步,1
額異常,1
似儲值,1
購買假,1
當業務員,1
因返,1
辦誠信,1
最後不費,1
還反,1
開還,1
仿遠,1
明金額,1
異常刷,1
人卡號,1
太防,1
票種,1
高音,1
存三萬元,1
防到,1
峰途,1
沒買房,1
戰課,1
完初,1
階課,1
連後續,1
各資及,1
金額後見,1
還沒起,1
手動購,1
投資共匯款,1
再間,1
假托,1
勁經,1
過詢,1
問後確定,1
異詢問,1
機處理,1
帳號學,1
給環保,1
片來,1
遂備,1
順國際,1
請水,1
冒火,1
封膜條,1
並聯絡鈞,1
順通運,1
順通,1
即產生,1
陪玩費,1
設計繪,1
圖委,1
構圖,1
並依頁,1
則欲向,1
聊求,1
團犯,1
拍人員,1
為織,1
夢臻品,1
最後私,1
買裡面,1
稱如向,1
下達,1
經開,1
現藍新,1
常聽,1
阮閔遠,1
基禮,1
號內標,1
底標,1
招集,1
遭陳嫌,1
至鹿,1
草鄉,1
商嘉埔門市,1
商麻學門市,1
象後展,1
董雅藝,1
資金無誤,1
萬元驗,1
續貨,1
嘉大門,1
貨區,1
機訂,1
閱到,1
周民戶頭,1
楚臻,1
愛民街,1
劉說,1
臉書小額,1
所接,1
朴中門市,1
寄貨機,1
屬間,1
警絕,1
先放著,1
經懷,1
聊幣,1
收了幣,1
不演,1
連句,1
老狐狸,1
點智,1
新賣場,1
稱佳慧,1
雙向驗證,1
最後講定,1
回一毛,1
家裡樓,1
投資幣種,1
拿鐵巷,1
曾郁,1
當廠,1
商保證,1
徵救護,1
當我幫,1
但犯,1
投資覺,1
詐且,1
零時工,1
元之話術,1
唯鑫,1
驗證後無法,1
會代碼,1
種幣,1
包之類,1
詳細來,1
開機械,1
日在幣,1
戀愛為,1
少雄,1
風險評,1
估過,1
舊衣友,1
莉代儲,1
代儲遊戲,1
融會,1
貫通,1
想求證,1
速約會員,1
貼文代購,1
警員給,1
古鞋,1
還住,1
還是關,1
電子標,1
裡實,1
沒底,1
電畫,1
然後低價,1
該查,1
項未繳,1
項目裡,1
禿頭,1
變年,1
奇效,1
機會親,1
找學校,1
我三張,1
萬換成,1
台點擊,1
妥至,1
將退,1
卡之卡號,1
待約定,1
快樂到,1
渠門號,1
財務張,1
購買後張,1
處後現,1
場人員,1
文學,1
應求證,1
兩億多,1
因軍中,1
申請長,1
糖業,1
社宅,1
續大筆,1
邀見,1
欲成,1
願售,1
由家屬,1
男虛寒,1
稱小茹,1
稱昀昀,1
至方,1
換並,1
折泰達幣,1
購買後幣商,1
嘉蕙,1
嘉磊,1
溫民,1
處國,1
外須,1
逃出,1
回護照,1
投資二級,1
點擊二級,1
無下聞,1
友後續,1
遠且,1
泰達幣作,1
經我馬,1
然後達,1
單條件,1
最後核,1
雄主辦,1
良請求,1
否有,1
文信門市,1
天過後假,1
現金後有,1
監款,1
案有,1
先後寄東,1
這次合,1
寄佛牌,1
幣十幾萬,1
塗抹過,1
哥當,1
大戶當,1
時熱情,1
負責解,1
賣虛寶卻,1
洗台,1
虛寶買,1
財務騙,1
將可分,1
遭中國,1
並轉交,1
貨打,1
居美國,1
之大學,1
立智,1
職員還,1
那人後來,1
怎麼網,1
從商,1
還欠費,1
週假,1
衛生局,1
申辦長,1
比優,1
尋幣安,1
尋到幣,1
社團後續,1
文投資,1
蔡科長,1
理戶,1
明警員,1
因視,1
方身,1
度方,1
盈富,1
工帶,1
新永國際,1
中性,1
同學關,1
菲菲進,1
吳紫瑩,1
常敬,1
客戶家,1
臨債務,1
跟過,1
九會,1
元四個,1
元三個,1
七會,1
軍輝門市,1
宋慧鵬,1
價租賃,1
將省,1
將幾台,1
並限,1
滯納,1
查來源,1
依據訊息,1
動異常,1
碼者,1
組者,1
幾天後該,1
資料者務必,1
優惠轉,1
稿人員,1
及菲律賓,1
靜香,1
財教學,1
備份給,1
阮翠柳,1
環一條,1
數次並,1
常委,1
理財陳俊威,1
蔡仲華,1
丫頭,1
進行會,1
王惠汶,1
友靖穎,1
騙員,1
之應,1
錢拿給,1
翌翔,1
家聲,1
穆浩宸,1
因媒體,1
報導幣,1
想幣商,1
局調查,1
教導渠,1
友後驚,1
林坤耀,1
會在驗,1
證後交給,1
超浮,1
包裝實,1
流去,1
風險部,1
宏運,1
到元普,1
不先繳,1
稅點,1
查緝犯,1
人後開始,1
牛交換區,1
由頭,1
即不疑,1
發文代,1
下校,1
單後遲,1
至國美,1
小鋼,1
語和威,1
嚴口,1
氣給,1
張卡交給,1
收貨運,1
選超,1
拿券,1
人拿來,1
號談話,1
民說,1
岳鴻,1
勿擾,1
樓層,1
含管,1
台電帳,1
台水帳,1
附機,1
電齊全,1
可寵,1
可開伙,1
並不斷嚇,1
檢調查,1
當下僅,1
資金現,1
辦法生,1
方有查,1
如然加,1
數幫,1
稱建,1
開始游,1
面入,1
聚在線,1
投資庫,1
明後才,1
連假後會,1
對方元,1
成員轉,1
供其應,1
來個,1
總選大選,1
關川,1
普談論,1
審核階段,1
驚慌照,1
人薇,1
富副,1
但持續,1
無線式,1
並無販售,1
遭彰,1
之經銷,1
點餐,1
為盧,1
服務均,1
我聊,1
流動會,1
多靠,1
筆一萬,1
退來,1
會員機,1
老實講,1
主控,1
幣嘉義直,1
嘉義同,1
幸運到,1
吞進,1
成視,1
用錄,1
次品,1
號想,1
快五萬元,1
不見帳,1
投資錯,1
哪之類,1
劇裡當,1
氣吞光,1
剛借,1
被演,1
尤苓,1
聘請,1
對方陳琳,1
警式,1
縣國姓,1
鄉萊爾富,1
北港溪,1
應徵批,1
給將,1
稱護照,1
而在給,1
假並,1
先鑑定,1
淘翠,1
介紹玉鐲,1
幣當訂,1
創者,1
原創者,1
純詐,1
找靈,1
一萬二現,1
資料銷,1
毀費,1
加聯絡並,1
蒸汽熨斗,1
順利談,1
悶著頭,1
機社團,1
供資金,1
遊也能,1
十萬給,1
遭詐方,1
劇本裡演,1
內講,1
用藥袋,1
發任務,1
來五筆,1
經駭進,1
幣贖金,1
數卡幫,1
還執意,1
轉介高雄,1
樓梯間,1
柑來,1
並隨即將,1
悅琪,1
景講解,1
生應,1
目分別,1
虛體,1
我向劉,1
金至幣,1
某店,1
詞下載,1
號後點,1
進首頁,1
組中教,1
給板,1
嫌統,1
豐聲,1
騎計畫,1
聯弘,1
法參,1
強說,1
加下去,1
萬元額度,1
隨手加,1
媽幫,1
漲到,1
推廣一種,1
監管並,1
停卡前,1
尋死,1
出代,1
因遊戲,1
報國際,1
搜尋賺,1
賽艇,1
員主動,1
萬餘元解,1
其後又聲,1
畢須,1
萬餘元整,1
領七萬,1
幾千應,1
滿夯,1
區的幣,1
認說,1
極要,1
用幣安裡,1
事不試,1
然後再分,1
過藍,1
流審核,1
流協議,1
錄之性,1
罪故,1
民雄戶,1
務所科員,1
榆之人,1
女科員,1
聯絡車,1
我新聞,1
任務且,1
郵件務,1
邊看,1
美瞳,1
試投,1
模擬區,1
時如,1
填車牌,1
越會演,1
當下個,1
沒幾天貨,1
滴雞,1
若內容,1
洽談網,1
錯帳,1
家超商,1
但兆豐,1
報價供,1
包產品,1
顯感覺,1
簽核,1
顯察覺,1
將圖片,1
沒開過,1
用無線,1
電在,1
裡糾結,1
事千萬別,1
西維生,1
穩腳步,1
轉種,1
劉美鈺,1
並租給,1
回貼,1
手代,1
家代,1
舉會,1
我訊息並,1
電匯單,1
吳建豪並,1
職租賃,1
人員陳子,1
愛手,1
碧水,1
弘盛,1
傳代,1
儲值網,1
貨幣移,1
知錢,1
投俱樂部,1
李沐沐,1
賣家轉,1
帳後未給,1
筆兼職,1
心驚覺,1
藥補繳,1
給楊女,1
及禮券,1
加小隊,1
紀健凱,1
人不去,1
著定,1
怡蘋,1
惟相關,1
自稱澤旭,1
淘寶彩,1
金系,1
稱嘉萱,1
稱瑞麗,1
寄貨門市,1
看護工,1
女傭,1
今無法,1
面繳,1
之態度,1
擱淺,1
惟無臉,1
宋佳瑩,1
喉癌,1
末期,1
日奈明,1
可活,1
前會用,1
友並,1
賣華,1
航哩程,1
賣樂器,1
張慧妍,1
依店員,1
張婉婷,1
不履約,1
我合資,1
擔心後果,1
商順,1
能安撫,1
夢回,1
發感覺,1
朝陽的關,1
還需額,1
點想,1
沈懿馨,1
沈懿馨則,1
少凱,1
少凱用,1
中買進,1
這種類,1
和域,1
周儀心,1
立該,1
網購過,1
價差會,1
沒有動,1
證補發,1
傳送關,1
處理開,1
設國際,1
誤訂閱,1
給一間,1
橘底,1
白字,1
沒財力,1
某金,1
控承諾書,1
總共一個,1
進階帳,1
幾組驗,1
不僅換,1
羊入虎口,1
將乳膠,1
目業績,1
式網,1
成銀,1
喜愛竟,1
粉絲授,1
權卡,1
一圓心,1
王森豐,1
給中國,1
通卡,1
目現,1
記錢,1
亂算,1
藍星幣,1
將兩次,1
時嘉義市區,1
開幣,1
商會用,1
嘉安婦,1
幼診,1
所旁,1
繳相,1
提獲利,1
許靖穎,1
股保證,1
數萬餘元,1
兩家幣商,1
將合計,1
牌電,1
還一時,1
總沒事,1
某銀聯國際,1
心臟病,1
幫不上,1
林江凱,1
終於開,1
滿積,1
名義聽,1
票太難,1
就值,1
我拿票,1
造門票,1
官方版,1
連美國,1
裡先問,1
已經架,1
開電商,1
跟識,1
心裡動,1
彭武,1
蘇打餅,1
吳嘉雯,1
只存,1
上金,1
宮崎駿,1
快樂享,1
康和證券,1
得勤,1
進中國信,1
費扣,1
林博遠,1
而訊息,1
掏寶拼,1
國際辦,1
王文強,1
事後聽聞,1
遭至,1
期出,1
稱陳麗莎,1
該陳麗莎,1
因海,1
故延後出貨,1
收手續,1
卡相,1
徐馮,1
蔣雯欣,1
曾女,1
貨幣還,1
網站類,1
涵慧,1
王思怡,1
較快,1
戈雅,1
藍海思維,1
再融,1
地不疑,1
三館,1
王惠婷,1
投資虛體,1
用戶將,1
參與須,1
將分潤給,1
幾百人,1
但感,1
覺裡頭,1
翻掉,1
已經破,1
假達,1
手聯手,1
橄欖樹,1
佳棋,1
遊或,1
遭影響,1
為俊吉,1
庭哥,1
求臨,1
工之求,1
幣想門市,1
古琪,1
郭女始,1
志輝,1
元卡,1
彥如,1
有交換,1
某置,1
銀行設,1
但後來雙,1
資投,1
方後轉加,1
下小額,1
並於之後再,1
並曾經,1
運不佳,1
查證幣,1
貼代,1
解並,1
泰達幣後並,1
益起,1
交感,1
覺比,1
明細表給,1
高雄大學,1
財都,1
贏獎,1
元血淚,1
日後絕,1
偽前,1
並經渠,1
稱泰瑞,1
續此,1
賴裡面,1
賴突,1
繳納處,1
摺訊息,1
我始現,1
密什麼,1
游霈,1
一邊給,1
愛心文,1
萬會員費,1
這下換,1
數陸續,1
並於同天,1
分轉給,1
稱紹庭,1
優不優,1
過多個資,1
最後幾件,1
單查,1
選物店,1
貓水壺,1
杯刷,1
將退貨,1
退貨店,1
完退,1
貨條碼,1
並未確,1
元之退,1
此買家,1
碼後未將,1
退貨區,1
榜免,1
問銀行後才,1
完後會匯,1
取聯邦,1
卡後離,1
結後私訊息,1
對話詢,1
完款後詢,1
照在網,1
盈把,1
投資倪,1
操金流,1
玻幣,1
空氣濾,1
清器,1
迅門票,1
折收購,1
投資夢給,1
石者,1
帳後就,1
篤志,1
好學,1
該交,1
意點擊,1
面竟,1
音樂數,1
位類,1
芹芹給,1
傾訴類,1
小冷,1
聽進,1
園的生,1
金資詐,1
對方愛理,1
輕創,1
是姍姍,1
稱大貓,1
因欲想,1
資金帶,1
該快,1
一國家,1
翔以,1
紅利為,1
紅利新,1
可衝點,1
其當會,1
因未滿,1
辦理後將,1
數告訴,1
台灣卜蜂,1
至安芳,1
盤谷,1
卜蜂,1
別間,1
劉經,1
理的劉,1
之經紀,1
店員均,1
銅板,1
最後一則,1
誘人極,1
創智盈豐,1
然後我媽,1
來帥,1
某資訊,1
度假村,1
筆幾,1
筆錢裡,1
雙方住,1
董娘,1
還連銀行,1
十幾萬元過,1
最後我問,1
賣無線,1
市要,1
變空號,1
電至家裡,1
換通訊,1
跟換,1
機比較,1
然後又稱,1
鑑別,1
取多筆,1
交門票,1
抗傳,1
股大,1
汇通,1
買的幣,1
達卡,1
總數量,1
難辨別,1
元頭款,1
伴遊及,1
詢一個,1
其裝修,1
電處理,1
裝潢款,1
家電費用,1
家飾,1
裝修及,1
裝潢僅,1
劣跡,1
斑斑,1
臨詐,1
東西後說,1
稱陳楓,1
之積分,1
之錢財,1
運資金,1
房貨,1
筆大資金,1
墜機,1
找業務員,1
宇告訴,1
與方,1
聖繼續,1
沒及,1
魚產生,1
魚打氣,1
曾見,1
賣書桌,1
買書桌,1
一發現,1
屬個資,1
須嚴,1
雙雙劉,1
自衛給,1
遭偷拍,1
還半夢,1
半醒,1
號與個,1
電郵中,1
許美,1
許美齡,1
交錢將,1
稱樂天,1
賠要,1
賺且,1
同房,1
外役,1
監工場,1
努力完成,1
監內,1
舉證,1
真實費,1
賣產生,1
稱映,1
會員資,1
绑定,1
情約點,1
警報案,1
曾達,1
觀路,1
楊惟皓,1
項費用,1
我奘帳,1
淘寶裡,1
出資幫,1
寶慶門市,1
仁金門市,1
炸醬面,1
然後又連,1
結介紹,1
騙戲,1
波動產生,1
經到場,1
經視,1
要籌,1
措以,1
之擔,1
一則靜,1
宜大學,1
訂金實,1
圓環店,1
有續,1
對潭,1
以缺,1
以並,1
至夢欲,1
騙充,1
服務之類,1
晴官,1
前後後又分,1
差價加,1
投資二樣,1
經未,1
認未到,1
為驗資,1
投資古,1
錢幣訊息,1
小雯子,1
小柯基,1
希希,1
成戶,1
連車牌,1
液態款,1
陳圓,1
資料後元,1
等掛,1
蘋果網,1
業有關,1
趕上現,1
金衛,1
王維,1
極簡設,1
計陳佩君,1
使用率,1
貸大筆,1
項之門檻,1
信其詐,1
騙言詞,1
簿給,1
任務之款,1
明細紀錄,1
豐竹門,1
市載,1
檢審核,1
一仟台,1
將刮除,1
號連同,1
紀志偉,1
國軒,1
背一個,1
坐到,1
內後座,1
銷廣告,1
優漾,1
生技園區,1
生技新藥,1
樣板,1
日會計,1
內約,1
登陸後打,1
為黃鈺潔,1
盧布,1
詞堅,1
證未過,1
劉宸,1
揭行,1
遏行,1
出來加,1
參與代銷,1
待訂,1
單小費,1
武陵,1
號繳費,1
房業涵,1
現富善,1
費才察覺,1
並欲向,1
方後欲拿取,1
謝波紐,1
龍耀國際,1
商会,1
区域,1
定虛擬,1
林建甫,1
幣多,1
收各種,1
筆治犯,1
清芸,1
先後認識,1
點入連,1
及升級,1
投資空,1
氣淨,1
導風罩,1
前叉,1
豐園,1
因其為,1
截帳,1
帳戶識,1
其郵件,1
整才,1
內容字樣,1
組對方,1
沒煞車,1
珍奶裡加,1
老實照,1
方環遊,1
直達車,1
破產站,1
許他們,1
須負,1
底用,1
電腦處,1
審判,1
兌換款,1
網家速,1
元帥府,1
並拿一張,1
分陳,1
慧打,1
華打,1
慧還,1
素慧,1
事後趙,1
華才,1
慧叫,1
華索,1
討會,1
慧電話,1
部何念慈,1
物故,1
開請,1
阿友,1
停歇,1
之後不會,1
商樊,1
本轄臨櫃,1
並無力,1
過後幾天,1
熱愛電腦,1
經經過,1
電徹底,1
交卡交錢,1
丁鑫,1
團款,1
警鈴越,1
越響,1
吳政杰,1
靈晶,1
遭賣場,1
我遂察覺,1
組記,1
意而後遂,1
稱解鎖,1
營利下,1
學員介紹,1
入金後購,1
醫學會議,1
資訊授,1
抵達國外,1
費擔,1
轉傳點,1
對方儲,1
畢後人,1
手動款,1
電動款,1
帥照,1
超有頭,1
一萬三到,1
運營金,1
筆號,1
做後詢問,1
匯兩,1
單純轉,1
果王,1
雪芸要,1
愛書人,1
童書繪,1
本出,1
清園,1
敏妹,1
家一看,1
連產地,1
面後依,1
碼後出,1
現延,1
遲訊息,1
他列,1
天親,1
賣越,1
戀愛闖關,1
破一關,1
褲要,1
問那,1
三谷家電,1
小冰友,1
瞬涼,1
法務費用,1
點擊後系統,1
營業員後來,1
福爾摩沙,1
微信購,1
我則線,1
取永豐,1
以蘇,1
會首蘇,1
主傳訊息給,1
輕人要,1
跳高,1
門關,1
以費用,1
適為,1
提進,1
將我當,1
組見,1
通來電,1
超群,1
我編,1
收著,1
完總共,1
張額,1
專員通,1
詳細核,1
沒空回,1
和瑋給,1
實他,1
分別當,1
有壞,1
唐梓琪,1
名為瑞,1
意補,1
脫罪,1
戶傳,1
十五部,1
將透,1
業務員宋,1
櫃計畫,1
市仔尾,1
手環單,1
條售,1
環讓,1
過大始,1
負向款,1
對方戶頭,1
日根據,1
企畫費,1
推主向,1
組約會,1
一學員將,1
藝大戰隊,1
小資金額,1
給我後約定,1
使之詐,1
隨後順利,1
還贏,1
貨陸續,1
以棄,1
理後封鎖,1
蕭瀟,1
回傳以,1
過耶,1
陣子還,1
微信後來,1
行方便,1
因民國,1
領越,1
法陸續,1
落海,1
交待,1
認識裕德,1
獲利後對方,1
找美國,1
號和授,1
這簽,1
五六千元,1
面選擇,1
台越,1
帶群,1
因不常,1
有團,1
購訂,1
家電話給,1
叫卡皮,1
快五萬塊,1
之後會發,1
故與幣,1
某釣魚,1
買單,1
百譚,1
綠腿,1
鸚鵡共新,1
許佳熙,1
觀念書法,1
字畫,1
蔡清輝,1
筆亞洲,1
蒙佑,1
代書及,1
財神幣商,1
而吳,1
但卡要,1
已先匯,1
費與費用,1
結果婕琳,1
費免,1
幾經溝,1
通無效,1
點半來,1
文青有,1
機打開,1
萬州,1
通置,1
需擺放,1
發傳票,1
案而,1
家後心裡,1
需檢驗,1
聯銀,1
郭書瑋,1
櫻雨,1
閱對,1
時間軸,1
伯飛,1
拖且,1
看雪飄,1
文翰,1
派員約定,1
畢後趙,1
歡天,1
稱尼尼,1
獲利餘額,1
之獎勵,1
批貨須,1
兩金飾,1
筆待,1
教戰,1
成員皆稱,1
林宇哲,1
銳意,1
群組方能,1
萬越,1
數補,1
筆交給,1
前驗證,1
先買些,1
拿牌,1
加視訊,1
然後準備,1
繳了稅,1
達人薪,1
星閣,1
如瑩,1
裡又冒出,1
燈飾,1
這燈,1
手掌,1
晶品,1
叫陳俊傑,1
万涛,1
並訂購,1
田智龍,1
心有陽光,1
東西後來,1
有寄來,1
筆電什麼,1
並依畫面,1
消費馬幣,1
我捧場,1
日才給,1
小異,1
寶發布,1
網銀是,1
其護照,1
好護照,1
敘利亞到,1
將花,1
辦此,1
失花,1
星潭門,1
共六筆並,1
發覺後始,1
新聞後發現,1
機申,1
換證,1
給楊惠卿,1
週工時,1
通連如,1
職訊息加,1
將水里,1
董嫌,1
分裝入,1
元裝入,1
瑞峰,1
總達人,1
這總共,1
中埔後庄,1
欺共新,1
贈與給,1
小棋兵,1
高小潔,1
崽之人,1
同間,1
著羞恥,1
萃雅貿易,1
收錄,1
放音,1
筱曉,1
仁愛鄉,1
職員工,1
資系統,1
機耍,1
幣升,1
包紀,1
張書博,1
爾豐,1
高曉麗,1
讀物,1
修練,1
不愛糖,1
蛀牙,1
車麗屋,1
油油,1
卡免費,1
結領,1
油卡須,1
購買代餐,1
帳則,1
梁佳琪,1
商龍橋,1
需售,1
因內部,1
買家個,1
將銀,1
車後要,1
續剛,1
收熱血,1
釣竿且,1
便案,1
小廠,1
欺之實,1
商受,1
之經濟,1
此保證,1
低之金額,1
王宥,1
為陳俊豪,1
遭詐後並,1
將購入,1
六小時,1
為佩珊,1
由院,1
帳戶解,1
低回,1
報高,1
童樂趣,1
匯結購,1
先在幣安,1
滯銷,1
認過頭,1
業主家,1
鎖開通,1
股時,1
永營業員,1
總共自,1
回國後發,1
泰世華及,1
同學童,1
內有童,1
稱俊俊,1
所針,1
你哥,1
機仔細,1
索爾,1
籃途,1
上抖,1
音拍,1
看來還,1
歡的團,1
就安靜,1
現後匯款,1
余浩,1
先傳訊息予,1
購買口紅,1
渠賣,1
元學到,1
卡都取,1
確損,1
獲一久,1
市確,1
遭大陸,1
首由代,1
投資習,1
協助幣,1
方將款,1
夠結,1
高筒,1
吸進,1
裝速,1
名義費,1
黎溟,1
資產證,1
將擔,1
保書,1
檢署並,1
送訊軟,1
因老,1
經母,1
貨物後因,1
該遠通,1
故先以,1
車後申,1
車子後來,1
沒紀錄,1
偵查庭,1
迪普洛國際,1
貨低點,1
還客,1
氣地問,1
交比較,1
旁好,1
將計,1
就計,1
那疊假,1
談一談,1
迷糊,1
而供,1
軟體換,1
女家,1
錯密碼,1
一筆分,1
購買裡面,1
自一組,1
去後帳,1
金誠行,1
銷顧問,1
來交報,1
酬費,1
禮廳,1
專員協,1
社區會,1
某實,1
我切,1
繼續售,1
豪後表達,1
納人,1
一格要,1
會罰,1
跟學,1
不買會後悔,1
還沒買,1
天滑,1
收費用,1
著遠,1
作質,1
阿葳,1
費協助,1
行員盜,1
並於數,1
專線確,1
取靜,1
信後網,1
需解凍,1
剩九萬,1
份給,1
一短,1
分新北市,1
某統,1
加一個幣商,1
還幫補,1
配作,1
並於短,1
兩側,1
方如約,1
右側,1
無奈且,1
至快,1
匯款後能,1
匯務,1
一則減,1
重活,1
組當會計,1
林霞玉,1
匯監督,1
以牛樟芝,1
餘額夠,1
瑪雅,1
品惠,1
辦法代,1
簽率,1
成中,1
稅金才領,1
人心惶惶,1
理別,1
惡女,1
挑人,1
辦高級,1
挑約會,1
騎乘,1
元油,1
大頭份,1
范真琪,1
優先賞,1
之同學,1
有多則,1
旅遊遊,1
開工司,1
之後皆用,1
接獲員,1
警致,1
醫館,1
價格均,1
十幾萬至,1
之藥物,1
價格顯,1
毅說,1
我後傳,1
接貨,1
人訊息並,1
不雅動作,1
未露,1
卡本體,1
幾句後確,1
某賣貨,1
單快,1
圖透過,1
不會輕,1
通報後能,1
中美村,1
碳水,1
點擊訂,1
閱而,1
華忠,1
畫瞬間,1
內容令,1
賬戶動,1
繳費要,1
等類,1
似言論,1
藍寶堅尼,1
移車,1
證明戶,1
點多才點,1
話後覺,1
泰籍,1
合興,1
牌釣竿,1
悅寶寶,1
沒視訊過,1
然後依據,1
明麻將,1
獲得價,1
售產品,1
購買任,1
名陳佳怡,1
處輸,1
電收線,1
微萱,1
我新辦,1
遭罰,1
稱持續,1
機預,1
機準,1
備訂,1
潛入,1
國泰遭,1
熱愛參加,1
節慶門票,1
票想,1
多放才,1
投資恆信,1
東之人,1
人曦曦,1
詩如,1
祥哥,1
感氛,1
圍感,1
兒委,1
對方後辯,1
家父,1
請益,1
問父,1
嘉義光,1
林思寒,1
而後系統,1
名義架,1
廣告後來,1
並鎖,1
方人透,1
幾幅畫,1
抽象,1
和動,1
物主,1
裝點,1
醫院候,1
搬運產品,1
裡透,1
或訊號,1
這碼,1
國小見面,1
滿無奈,1
下健,1
證金五萬元,1
機桌遊,1
文兴輸,1
編徵才,1
希相約,1
面後大約,1
希沒有,1
員致電,1
區地政,1
中華三間,1
供兒子,1
至直,1
賣禮券,1
日內會,1
當下驗,1
任傳來,1
出清大,1
回頭訊息,1
分利,1
銘鴻老師,1
改變點,1
人氣氛,1
條幸,1
運手,1
被覆,1
索討金,1
其來電,1
送紅陽,1
設立訂,1
李佳鴻引導,1
將賽,1
之駭客,1
徐承恩名,1
敘述給,1
售之價,1
時寄電子,1
協談,1
討論後答,1
我裸體,1
並將量,1
測時,1
方意圖,1
圖後發現,1
攝匯款,1
全地區,1
同城約,1
二中,1
談威脅,1
其餘會,1
日會轉,1
物籃,1
選結,1
擬幣址,1
最久,1
獲利列車,1
延滯費,1
常用字,1
博亦,1
誠可議價,1
森寓,1
點擊後有,1
惠之人,1
因代,1
浮動過,1
關稅加,1
向合會,1
劉秀芳,1
師活,1
動並,1
何震揚,1
名義保證,1
斯翔吳,1
畢後顯示,1
稱陳俊彥,1
進行答,1
完後驚覺,1
消費會,1
金欲向,1
籌門票,1
引子,1
買張,1
一表人才,1
全數還,1
東西過,1
心軟匯,1
過六萬元,1
全退給,1
順順利利,1
綁過,1
近千顆,1
預購費,1
賣桌,1
要拿票,1
方後隨即,1
筆數據,1
投錢並,1
西風險,1
還引薦,1
將實現,1
每分,1
代搶票,1
說票務,1
需貨到,1
為志,1
項合計,1
內部僅,1
親之,1
打多,1
處確,1
故自願,1
棧網,1
稱可幫,1
邊喝,1
飲料邊,1
連裝備,1
臉綠掉,1
了劉,1
車主吳,1
聯絡吳,1
宏與劉,1
付酬,1
勞傭金,1
台幣代練,1
請勿將,1
高才,1
應徵的訊息,1
職之路,1
簡單訊息,1
高雄岡,1
連貼紙,1
認實體,1
場驗貨,1
數的關,1
卻驗證,1
價格達,1
權予,1
授權予,1
之邀,1
入金後便,1
尊貴,1
確與,1
別上,1
另經,1
詢方察覺,1
一組授,1
經民間,1
莊宥名,1
集資給,1
一個國,1
貨幣和國,1
幾十萬港幣,1
當財力,1
東家裡,1
林芳儀,1
蔡苡涵,1
土鼎線,1
土鼎,1
星放,1
那金飾,1
連金屬,1
東聯,1
打東,1
聯互動,1
中無人接,1
改撥,1
華麗廣告,1
還沒允許,1
名義運費,1
金額親,1
自運送,1
數家超,1
員有詢,1
何購,1
可詐,1
小跑,1
傳國外,1
瓶藏酒,1
記送,1
侯俊吉,1
並傳至,1
其後端,1
侯俊吉宣,1
侯俊吉作,1
獲對方,1
始上,1
掠金,1
至幣信,1
人琨,1
跟琨,1
通見面,1
名義要過,1
江小希,1
內幫,1
制資料,1
背後竄,1
再講,1
銀聯國際線,1
至百貨,1
還把家裡,1
再響,1
包值,1
對方會計,1
文茜訪,1
財平,1
騷美,1
仍誤,1
老院,1
戶政人員還,1
提車,1
榮總的員工,1
組張,1
點半將,1
李志威,1
點半無法,1
根據裡面,1
王喬喬,1
給兩張,1
並與芳,1
慈進,1
裡預,1
拉其,1
關說,1
支及,1
嘉銘,1
及學,1
稱偉浩,1
偉浩向,1
東森網,1
偉浩告訴,1
到埔鹽,1
檢內詢,1
問法,1
知後才,1
爾後遭,1
車莉,1
智宇,1
傳給予,1
伊珊,1
賣日牌,1
美武門市,1
三級,1
東馬蘭,1
恐會,1
長當,1
林警員要,1
完後買,1
扒嫂,1
有嘗試,1
口續費,1
直持續,1
搜尋查證,1
客中,1
點半看,1
封盤,1
按合約,1
幫賣方,1
不協助,1
治宇,1
理申,1
網路訂,1
購下,1
文華店,1
是佰束,1
柔嫩,1
美白護,1
一萬過,1
連多想,1
銀行兆豐,1
銀行代,1
另若,1
規則則,1
張道銘,1
鄭庭鑫,1
太油,1
回價值,1
富邦台,1
振皓,1
忙家裡,1
李慧婷,1
單若,1
人壽理,1
賠課,1
專員蘇,1
領理,1
正國隊,1
季時,1
採果,1
萬元覺,1
農試,1
會致,1
幣九萬元,1
隨後只,1
日大甲,1
金華殿,1
內四處,1
方運用,1
人員車輛,1
對方陳惠欣,1
十則,1
國家委員會,1
組人員用,1
填書個,1
傳名,1
彰泳門市,1
孫慶龍,1
文投信,1
一陣子給,1
榮華閣,1
投信代操,1
生動且,1
防塵罩,1
濾網,1
葉落,1
撫塵,1
我礙,1
進軍來電,1
稱芷妍,1
面承諾給,1
郵政撥,1
微信收,1
陳鈴,1
幹部來,1
好後並,1
幹部時,1
趴向,1
就網,1
買定,1
打自,1
筆買,1
滿三筆,1
家電產品,1
購買後店,1
但氏,1
任務後就會,1
連結後跑,1
薪資變,1
多後對,1
將貼,1
爬寵,1
警員才,1
回溝,1
通後談,1
幾天後準,1
簡訊國外,1
只照,1
收顧,1
賺虧,1
避話題,1
溝通後達,1
鐘意珠,1
許永翰,1
無至,1
有破過,1
開庭要,1
質用,1
役裡面,1
如掃地,1
費後可升級,1
會員分,1
繳信,1
位列,1
許雅雯,1
這人本,1
花藝師,1
請產假,1
法接,1
不過還,1
一橫答,1
號那,1
成員發,1
天際學,1
梁美珊,1
自一人,1
勞動局,1
明解,1
相關販,1
且票,1
無果始,1
成員為,1
許宏,1
商何,1
辦理轉,1
帳業務時,1
發貨且,1
哺兒,1
卡資訊和驗,1
帳去,1
保小幫手,1
蕭能維,1
附錄,1
事煩,1
專員君豪,1
郵寄等行,1
幫國,1
時連,1
辦理代,1
資撥款,1
實習過,1
還候,1
迅跟林俊傑,1
票務延誤,1
票才,1
將網址,1
包點,1
高慧娟,1
觀察好,1
哲學家,1
費欠,1
養殖用,1
鈔會貸,1
選擇付,1
工作台,1
泰達幣後將,1
之醫美,1
願應,1
傳臻,1
代訓員及,1
嘉朴,1
縣道,1
張洧,1
及士鼎,1
銘持,1
領驚覺,1
但類,1
似代餐,1
中藥粉,1
台彩會員,1
沒法交,1
小醋,1
象徵意,1
義啦,1
禮物收,1
余美人,1
以後學會,1
想算個,1
財運旺,1
進錯,1
捍衛戰士,1
因須,1
電視訊,1
帳後新,1
史永均,1
則躲到,1
能查證,1
專線講,1
結掉,1
尋獲,1
穩騙,1
過查,1
賴並,1
沙拉油,1
無個資,1
隨後我大約,1
隨後蘇,1
萬額度,1
羽馨,1
身後能,1
國小警衛,1
此門,1
撥該,1
某個場,1
仍無法平,1
勁後認,1
連保險,1
為代儲,1
覺為,1
徵試,1
返場,1
續透過,1
最後因察覺,1
組換,1
選有,1
氣又匯,1
要交車,1
人寄來,1
修家裡,1
匠造,1
攤給,1
覆始終,1
還攔,1
請安,1
我連網,1
休閒館,1
並檢具,1
現限額,1
一個益,1
還連結,1
優化系,1
統為,1
高資金,1
迅和林俊傑,1
貨資訊給,1
著超過,1
他本,1
辦理護照,1
辦理護,1
照完,1
割愛兩,1
包轉移,1
未派,1
天時效,1
購買素,1
未聲,1
投學堂,1
認寄漏,1
收贓款,1
資訊辦,1
現場票,1
票件,1
俊國門市,1
供販售者,1
墨染歲,1
用話語,1
京展,1
這八張,1
強警員,1
卡共兩,1
著書,1
講關,1
及大盤,1
營運人員,1
萬繼續,1
但營,1
運人員及,1
故急,1
取好,1
慧告訴,1
稱大台,1
靖芸,1
來視,1
給錄,1
影好,1
給刪,1
剩餘點數,1
玉嬌珠,1
野貓,1
齊後會,1
平義門市,1
磷蝦,1
沒標示,1
以家,1
體不,1
費幫忙,1
然後我到,1
玩大條,1
白道,1
古出,1
號從,1
筆個,1
資遺失,1
認後請,1
為華南,1
並自該,1
金先購,1
不太正當,1
舊事產生,1
網賣者,1
情深似海,1
上承實業,1
徵公,1
新明,1
生變,1
方聯手,1
想清,1
一清家裡,1
幾通國際,1
抽轉盤,1
換代購,1
千怡,1
卡後必須,1
供葉民,1
無陳寶琳,1
遷住,1
灣沒有,1
隨後於當,1
劉巧,1
對方遞,1
訂委,1
方交,1
我遂致,1
慷榔,1
外路,1
一錢,1
元納購,1
購物觀,1
亞源頭,1
珠寶圖,1
點不記,1
記並,1
我後認,1
亂領,1
單後發現,1
其元大,1
其邦定,1
至作,1
林熙蕾,1
遊戲用,1
周彥,1
及紅,1
蔣利育,1
久半,1
情比金堅,1
事彩金,1
彩金獎,1
參與購,1
財務處,1
載士鼎,1
顯示幣安,1
祖紀念品,1
蔡語,1
給我賣,1
辦過凱,1
並急,1
社團給,1
項證書,1
銀行華山,1
豪經理,1
客車號,1
股潮,1
起來轉,1
將貨物載,1
項僅限,1
林忠安,1
但太忙,1
則不斷,1
業務見面,1
條還,1
吳思妤,1
業務員旺,1
號後移,1
證屬,1
匯四萬元,1
藍芽鍵,1
查聯,1
隨後密,1
有業務會,1
阿瀚拉,1
稱忠哥,1
先創,1
繳贈,1
與稅,1
縣馬蘭,1
卡後發現,1
世為,1
機油濾,1
友軍單,1
位查,1
獲後者,1
虛寶透過,1
虛寶一,1
薪響,1
該存,1
盾及,1
對款,1
問測,1
萊客,1
貨期,1
對方承諾會代練,1
檢官,1
張國志,1
當中壢,1
遇異,1
詢裝設,1
多還,1
收卡詐,1
卡主將,1
重後果,1
孔業素,1
這人進,1
可向勞,1
工部,1
門或,1
美昕,1
假假,1
確保網,1
法國酒,1
莊紅酒,1
面成,1
挺來歡,1
張凱還,1
十萬到,1
將十萬,1
吳宗翰,1
演會,1
照紙,1
卡八張,1
刑大查證,1
日行,1
聯絡板,1
橋後埔,1
品怡,1
某種幣,1
保證險,1
江之,1
簽和委,1
龍吉,1
我共領,1
林維康,1
核實費用,1
胖橘,1
李信宏,1
議程,1
房費用,1
發幾次,1
豐則,1
豐開始,1
貪巧,1
單後台,1
曾誤,1
故陳志宏以,1
商幣富,1
林雲熙,1
給予點,1
惟皆顯,1
示驗,1
張中國信,1
紳鉉,1
事後黃,1
任務訊息,1
任務點擊,1
超商近,1
經盡,1
淘翠人,1
財產賣,1
假連接,1
交著,1
有輸入,1
務必用,1
對方告,1
訴問,1
領戶頭,1
賣極,1
充電時,1
顯示僅,1
連充電,1
對方人員,1
便苦,1
班機,1
問海關,1
局化,1
廖雅卿,1
過房,1
區忠,1
發內,1
某廣播,1
西側,1
東側,1
證明稱,1
小聚,1
講更,1
數日後交換,1
給涵,1
涵後續,1
並無答,1
需付帳,1
證而,1
資才察覺,1
而經,1
討論後至,1
做練習,1
之後茜,1
一筆幣,1
講確定,1
土銀去幣,1
分從幣,1
王總,1
王總說,1
王總要,1
職權,1
發點財,1
筆帳號,1
惱該,1
頭當,1
剛那,1
條加熱,1
半包,1
飛洛力,1
打訊息給,1
韓傳來,1
連李,1
詢申,1
辦訊息,1
還沒幫,1
鋪剛,1
越多步,1
查資金,1
還能學,1
認真查,1
裡手,1
機抖音,1
代款,1
雪要,1
連絡用,1
文賢街,1
若經濟,1
動購,1
聖誕卡包,1
豐鑫門市,1
向陽路,1
續報,1
村路,1
光旺,1
牽線給,1
電收頁,1
法郎,1
電收來,1
資紅酒,1
完卡會,1
同學主動,1
社團後來,1
給銀行詢,1
小團隊,1
過藍新,1
過兩小時,1
其無卡,1
打數,1
付乳膠,1
漆費用,1
國中查,1
證發,1
海苔,1
韓國團,1
王聯絡,1
組及詩,1
聽聞後懷疑,1
過會成,1
周星星,1
點多會還,1
因銀,1
共向,1
重機遊,1
傳詐,1
緊急掛,1
失台,1
金名,1
義誘,1
便斷,1
經進線,1
若後續,1
丟我進,1
多快,1
世道,1
用合約,1
連幣,1
統才,1
個會員要,1
寄貨要,1
連歌,1
開始秀,1
接著接,1
查詐,1
跟後三碼,1
明一邊,1
商辦,1
狠撈,1
繳費開,1
看著頭,1
連駭,1
談古論,1
有宅,1
藥妝類,1
連沒點,1
抽獎領,1
還便,1
過高雄,1
夠替,1
並抓,1
專人給,1
之後刷,1
有少,1
還介紹給,1
達後對,1
夢給,1
問了關,1
丟卡,1
房得,1
卡和易付,1
以後加,1
東一上,1
然後通,1
藝人前,1
我連票,1
委外律,1
搶滿,1
這一單,1
還湊,1
但入,1
還辯解,1
這很嚴,1
網銀一模,1
區車,1
當中還,1
幾天後連,1
銀行業務時,1
並再分,1
經濟詐,1
專責小組,1
釋金以,1
場後台,1
懲罰性,1
休憩,1
不清下,1
各方,1
進出資,1
草叢並,1
將工資,1
信求,1
全數用,1
想證,1
語音進,1
並換匯,1
雖多,1
不違,1
反規定,1
開獎後會,1
時想查,1
試電腦,1
某天剛,1
侯靜蘭,1
賴雲君,1
嘉宜,1
總共四個,1
一瘦,1
賀寶芙,1
洪佩芳,1
叫淑貞,1
秀芬,1
李毅方,1
張旭,1
將二,1
擴音口,1
頭告,1
互發,1
企銀頭橋,1
李志國,1
敗北,1
並規,1
避責任,1
張曼,1
辦理贈,1
隨後黃,1
謝喬強,1
錢幣紙,1
郭軒,1
袁世凱,1
圓銀幣,1
李宜蓁,1
初滑手,1
一個免,1
證或銀行,1
拿委,1
找裝修,1
認營業,1
佳冬,1
國小旁,1
帶著識,1
電已,1
檢警者,1
我施,1
作輕,1
總價為,1
遇有款,1
營遊,1
擔保多,1
圈群,1
幾小時後越,1
但十萬元,1
遺失後絕,1
事教訓,1
資金買入,1
思伶,1
仁愛,1
代領理,1
接線員給,1
院內,1
鎮四維路,1
鹿草路,1
面多筆,1
南蘇亞,1
車越,1
切身感受,1
送外,1
姿儀給,1
自姿儀,1
測試後約,1
員林店,1
經算計,1
這筆虛,1
廳門口,1
網友還,1
點簽,1
交通堵塞,1
分抵,1
業務合,1
合約後便,1
補交稅款,1
全輸入,1
鋸機,1
乙泰,1
顆交換,1
四枚,1
顏翊霏,1
自設,1
等關,1
處拿取,1
相聚一堂,1
宣揚,1
文哥,1
語音視,1
元後拍,1
萬元後匯,1
如不匯,1
拿免,1
費書籍,1
當服務費用,1
隱定,1
配客,1
為婉柔,1
教其學習,1
至婉柔,1
廖繼弘,1
處點,1
閱電子,1
出電信,1
林佩萱,1
進天際,1
有遠通,1
轉為關,1
機後方,1
離太遙遠,1
遞聯結,1
富邦來,1
總協助,1
阿陽,1
黑莓,1
靶機,1
因情況,1
並擁,1
地戰事,1
之後修,1
緣進,1
保失敗,1
領了許,1
小贈品,1
依市,1
受匯款,1
有業,1
項和業,1
方傳訂,1
鎖進,1
櫃後去,1
鎖著,1
煩亂,1
裡語氣,1
詢前,1
元的費,1
決訴,1
關於費用,1
中華民國台,1
股流,1
每四小時,1
次帳,1
富昱國際,1
證金才領,1
氣叫,1
特賣文,1
經神,1
隱不回,1
藝廣告,1
組專,1
利津,1
貼計畫,1
我無辜,1
對靈,1
還在安,1
點碰,1
須分案,1
調查款,1
負鉅款,1
繳納營,1
輕先,1
以動產,1
李鴻恩,1
認識尼膩,1
購結會,1
無點,1
如無及,1
中所報,1
解扣,1
過後發,1
讒言,1
內典當,1
未截,1
圖無法,1
惟民眾,1
單純約,1
遊金為,1
找死,1
士來,1
組所,1
報支,1
聲望,1
付金額,1
點書名,1
延傑,1
吳雪,1
作鑑定,1
興成,1
四宮格,1
領幼兒,1
案經渠,1
續聊,1
特華後傳,1
甄撥,1
故無匯款,1
幣托廣告,1
康博,1
請書予,1
沈雲舒加,1
小蘭花,1
時導致,1
週僅,1
二擇,1
需從,1
並於統,1
商龍坡,1
一立,1
林菀蓁,1
涵立,1
宇媽媽,1
因審核,1
組後發現,1
名義之網,1
筆遠,1
理之款,1
存量,1
專利證,1
證金依,1
商商業,1
特差,1
購再,1
至毅德,1
楊宗嘉之銀,1
蔡雯婷,1
成賣,1
營運學習,1
阿慧加,1
內當,1
劉晴,1
且個,1
卡之銀行,1
宇前,1
護心,1
商將幣,1
還設法,1
某學校,1
兼電商,1
朝明,1
盟小號,1
天到盟,1
小丁,1
進行辱,1
的媽,1
英透過,1
該員進,1
數卡之序,1
稱嘉義,1
文妃,1
豐銀行岡山,1
警主動詢,1
到後勁,1
車號並,1
簡訊輸,1
現在員,1
該員稱,1
協理稱,1
點假,1
領後對,1
帳二筆,1
致損,1
萬可持,1
續領,1
取育,1
名特助,1
詢問方,1
方閒話,1
次後來,1
樓購,1
回訊息並,1
鍵給,1
這一加,1
聊樂透,1
轉彎,1
心裡確,1
辦會員才行,1
然後卡,1
包刷,1
卡之後就,1
加神,1
成受,1
東西確,1
誤綁,1
從話術,1
匯教學,1
組誤,1
信騙術,1
名義阻,1
未協助,1
結算出,1
加總成,1
玩假,1
單匯,1
來蠻,1
誠意確,1
認之類,1
珍古德,1
完後開始,1
團團,1
轉後才,1
繳制,1
開後照,1
出四個,1
還能連,1
機導航,1
單兩組,1
區的民權,1
滑著抖,1
南說,1
已無活,1
靈力,1
斬斷,1
現世孽,1
記銀行,1
不會存,1
內容公,1
終於脫,1
投資導,1
可代領,1
養的貓,1
程稱,1
投資後因,1
淘寶購,1
分向江,1
現江,1
組紐,1
韓國樂天,1
系統密,1
遺願,1
舌尖,1
上到,1
最後差點,1
裡沒覺,1
房產來,1
親朋求證,1
賣尿包,1
一千五百,1
銀子,1
受金,1
之後視,1
窗有,1
分鐘後銀,1
販賣家樂,1
福點數,1
成會員點數,1
購買會員點數,1
家樂福會員,1
專員林瑋楓,1
主住,1
認後顯示,1
現失敗,1
遊歡樂,1
傳奇時,1
用四處,1
方就掛,1
改得,1
行動露,1
營夢,1
量尺寸,1
高階款,1
低階品,1
最常泡,1
竟終,1
十九路,1
中大遠,1
裝傻不回,1
回網,1
張不老松,1
足松,1
該會館,1
張券蓋,1
飛狗卡,1
降服,1
連圖表,1
活不下去,1
張程宇,1
看牌,1
新大茂店,1
區雅,1
順利返,1
日檢視,1
他怕,1
張煒馨,1
擬幣換,1
竊用,1
自報,1
騰华,1
同學起,1
終謹慎,1
共下單,1
券拿去,1
因權,1
限未,1
遊戲訊息欄,1
先儲後付,1
電話後加,1
之切,1
之人帶,1
夢媛時,1
尚購,1
智社,1
機中,1
予密碼,1
造綠,1
貨處理,1
純銀材質,1
保證代操,1
之兒,1
童體驗,1
幫仁堂,1
而粉,1
故陳女,1
商之店,1
內換,1
成泰,1
郵政之訊息,1
循得,1
進頭,1
續志強,1
並搜尋幣,1
許采晴,1
林佳螢,1
出金後都,1
楊麗瑩,1
愛單,1
身單,1
親帥哥,1
陸續領,1
舟共濟,1
並偶爾,1
蔡心研,1
主講,1
氣就分,1
網銀異常,1
對炸,1
慘上,1
加慘,1
幾天後一,1
說句,1
接納,1
於連,1
拋到腦,1
裡為,1
認真花,1
當白,1
內和購,1
書樣,1
錢度過,1
穿西裝,1
方由大陸,1
張由統,1
不無小補,1
七萬元整,1
雖然覺,1
續有點,1
一邊問,1
網銀紀錄,1
單純要,1
賣蒜頭,1
中一筆,1
貼個,1
農地種,1
民工,1
傳好,1
明細過,1
多氣,1
鄉宮,1
前村,1
地雙方,1
得斷,1
有快,1
充頭,1
選個資,1
網銀補轉,1
鐘後跟,1
彭購,1
威剛,1
外接式,1
薄型,1
超薄,1
絲紋款,1
低階產品,1
香氣,1
曾宇,1
或紅,1
給陳嘉媛,1
優先通,1
關權,1
兒小,1
吳執,1
號與幣商,1
號蝦,1
林聖,1
林聖庭,1
賣鵝,1
聽風講,1
入後接,1
沈鑫磊,1
夾取,1
火警,1
德順,1
愛前,1
單局,1
車後馬,1
寶有個,1
方賣給,1
稱林芷晴,1
開通蘭,1
龍膽,1
釣魚線,1
時代及,1
供參,1
具院,1
林瑜蓁,1
蜂衛士,1
中囊,1
抗體,1
偽品,1
慧瑜,1
飄搖,1
稱夢遠,1
鐘宇,1
世紀幣,1
萌寶樂居,1
稱鈺硯,1
東開始,1
最後連響,1
位開設,1
他選,1
於紅,1
換幣並,1
拿快,1
二維密碼,1
有樂,1
高字樣,1
跳傘,1
之後卡會,1
血緣,1
周浩天,1
顧家裡,1
售價則,1
稱豐,1
獲及,1
日下訂,1
元拿取,1
講課,1
媽媽開,1
累積業績,1
胡欣妍,1
稱諧,1
稱盈瑞,1
何及,1
假序,1
結標後犯,1
語遊戲,1
元贈,1
文發布,1
因藍星,1
台後想,1
我太熟,1
盧凱傑,1
號我想,1
賣大燈,1
邱美娜,1
誠永,1
前後後還,1
表和出,1
手案,1
認知裡,1
券交給,1
取貨點,1
電腦和觸,1
控筆,1
到後天,1
說後天,1
林馨雅,1
間後向,1
語言學習,1
前標,1
升天,1
那家平,1
一查還,1
還沒計劃,1
再多刷,1
予買家,1
連半個,1
經停,1
一筆花,1
不間,1
朱釗慧,1
九龍門市,1
金後優先,1
房處,1
至趣,1
教訓代,1
結果系,1
旺鴻營業員,1
夭翔,1
區開,1
又查,1
領共,1
企銀遭,1
私訊同,1
價格詐,1
尚會館,1
館方,1
怡安淑雅,1
林淑雅,1
秀貞,1
嗚薩奇,1
顏成,1
軒購,1
劉宏凱,1
吳彩英,1
中芸門市,1
優惠款,1
金貝兒,1
孟儒,1
面發文,1
要約會,1
涉陳國華,1
香奈爾手,1
沛納海手,1
網私訊,1
雨曦,1
張雨曦,1
歡後介紹,1
車主俱樂部,1
圖皆為,1
詐騙換,1
特麗磁磚,1
美學館,1
雄一,1
數一送,1
變送,1
方負,1
不幹,1
楊惠宇,1
及宏,1
捐鞋,1
愛群,1
張康,1
遭買,1
訊加,1
購入並,1
稱共計,1
處借,1
佳媛,1
費解鎖,1
遂始,1
灣銀,1
報警會,1
證準備,1
力拓國際,1
專有,1
信謝,1
簽名會,1
被側,1
錄將,1
中宇,1
需先經,1
我人購,1
紫彤,1
代辦質,1
年薪,1
他傳,1
申請業務,1
檸萌,1
規定致,1
私訊後再,1
除錯,1
當補償費,1
小甲蟲,1
程凱傑,1
對認,1
剛見面,1
幾天後氣氛,1
達菲律賓,1
領包,1
之後轉介,1
證地點,1
問紅酒,1
機交劉,1
國無牙存,1
審核還,1
虛寶序號,1
講好序,1
方傳序,1
案家屬,1
稱蘭亭,1
叫志,1
選後遭,1
外幣換,1
還弄,1
來源加,1
別學,1
改實,1
很會裝,1
最後林,1
書俊還,1
查對,1
投資話術給,1
就衝,1
著配,1
送財,1
童子,1
因為員工,1
轉裝備,1
寶貝送,1
運超商,1
一個擔,1
交確,1
一談妥,1
很巧,1
貿然照,1
慧聚,1
姍主動,1
還涉,1
檢方有,1
權將,1
官親,1
國安層級,1
錢交卡,1
清收,1
區稱,1
郵政始,1
之陳光,1
缺問,1
無聊用,1
白莉婭,1
雖然記,1
但花,1
卡處,1
號寄了,1
楊民不疑,1
郵至,1
共計國泰,1
萬奉,1
姐信,1
發文至,1
之後結婚,1
亞洲線,1
鄭宇希,1
配會員,1
傳新連,1
林北森,1
放毒,1
內個資,1
賬通,1
查無卡,1
豐卡,1
蔡國文,1
雙詐,1
卡太,1
儲抖音,1
期幫,1
人代儲,1
省查,1
文能,1
出來講,1
開始演,1
連剛剛,1
已經見,1
連本來,1
金完,1
帳查,1
那通話,1
吳誠霏,1
費打進,1
參演,1
稱業績,1
項後要,1
夏悅瑤,1
油條,1
開伙,1
超淡,1
硬盒,1
拿邊,1
那三條,1
天全,1
數退還,1
推薦代,1
車貸款,1
土庫,1
沒申辦,1
單穩,1
數字會,1
曾達宏,1
賴茹婷,1
應掛斷,1
政的,1
政對,1
李佳鴻透過,1
證之後獎,1
卡皆為,1
事綠能,1
將顛,1
覆市場,1
說量,1
產即,1
將開始,1
連試,1
聯絡雯琳,1
應避,1
林儀芳,1
打屁,1
還大言,1
金錢者極,1
太無情,1
接濟,1
前後花費,1
義女,1
幫打,1
儲後付,1
完之類,1
故內壢,1
一信貸,1
全臉,1
雙方答,1
過沒多,1
繳些,1
曉妍,1
卓富,1
梁某,1
事放著,1
區登記,1
一釣魚,1
鑫園,1
曾靜,1
博聞,1
多識,1
貼轉,1
育明,1
會之人,1
須將個,1
今飾,1
方造,1
下幣商,1
樂向,1
床墊並,1
依點,1
因費用,1
數後依,1
我點個,1
保祥門市,1
張一明,1
編城,1
其運用,1
蒼榮,1
中款,1
點數後輸入,1
數達成,1
成門檻,1
貨物後便,1
以質,1
烤師,1
袖珍型,1
面紙,1
機置,1
購買觀,1
賞魚,1
藍寶,1
石雷,1
魚要,1
惟暱,1
江季芸,1
五名,1
福進,1
許玉杉,1
轉員警,1
手機接,1
資訊始,1
錢後告訴,1
之輩,1
去位,1
千帆築,1
金和訴,1
法千萬,1
吝嗇,1
服務遊,1
戲平,1
劉凱,1
會紓困,1
區發訊息給,1
總人員,1
並必須,1
算上,1
點點擊,1
某產業,1
還匯給,1
裡綁定,1
配額當,1
抵達後撥,1
人電話,1
隨後網友,1
裡盤算,1
寶雅為,1
載別,1
當日要,1
現金繳,1
某集團,1
是電,1
修飾,1
傳證,1
失幾百萬元,1
沒有損,1
著玩著,1
事後諸葛,1
賣寶石,1
養一條,1
連蛇,1
缺虛擬,1
衝點擊,1
燈廣告,1
戚傳,1
上帳,1
經一人,1
欺之人,1
領福袋,1
納運費,1
詢金流,1
跳竿,1
這很不對,1
邊訂,1
他面,1
開鎖,1
沒網,1
這組合,1
會衝動,1
一跑,1
啟廣告,1
鬧成,1
學員上,1
先後約,1
機耶,1
組討論,1
找貓,1
超商待取,1
拼团,1
優惠太,1
人牙癢,1
花心思,1
著廠,1
還一場,1
愛中獎,1
要大聲,1
八九,1
獎話術,1
改打,1
蔡曉萍,1
因新,1
變成後來,1
苦主,1
金社,1
德邀,1
金扶輪,1
預用戶,1
回得超,1
林婕羽,1
群內聲,1
筆資金至,1
資金認,1
購始,1
領取驗,1
幣價格,1
泡沫化,1
幣創,1
遭控,1
甚豐,1
小哉,1
房外,1
萱蓉,1
里島,1
機內取,1
買亞洲,1
發文給,1
名為賴,1
幣想門,1
李樂雯,1
遭主,1
共港幣,1
送別,1
圓通,1
擊裡面,1
九旭,1
遭數個,1
內明細,1
錄所,1
家宏哥,1
職代購,1
開立華南,1
柏愉,1
之得物,1
但得物,1
從三個,1
詩諾,1
然後詩諾,1
經後續員警,1
服義務役,1
開店費,1
轉幾次,1
網照,1
特教,1
似處境,1
哇現,1
快六萬元,1
地當,1
保約會,1
行入,1
國義,1
會會長,1
議員候,1
選人,1
國中學歷,1
順利應,1
連服務處,1
建志用,1
訂金整,1
借無卡,1
熱炒店,1
團主自稱,1
土方工程,1
全國婦,1
總會長,1
選議員,1
丙級餐,1
飲科,1
截肢,1
公辦律師,1
韓依菱,1
但聊,1
租賃車,1
喜翠閣,1
不送,1
小宜,1
穩定幣現,1
接點,1
曉萍,1
出共,1
超離,1
蘇中門市,1
寶藍,1
小細,1
節給,1
廖維凡,1
曖昧感,1
帳電話,1
被掛,1
量力,1
錄影側,1
錄威脅,1
謹慎視,1
存證並,1
退輔會,1
訪時,1
包經理,1
處理後幾天,1
經填寫,1
老及,1
越多票,1
潘周丹,1
轉五萬塊,1
愛心長,1
存善,1
舉萬象,1
捐物,1
需簽,1
魚軟體,1
濕紙巾加,1
溫器,1
確要,1
最後準,1
備要,1
變電箱,1
引加,1
世芯,1
中水,1
額度還,1
拉得,1
良處理,1
剪短,1
著票務,1
辦理國外,1
當作確,1
收琴,1
當場付,1
年花,1
博擺攤,1
開通群,1
證蔡,1
家樂福前,1
項經,1
稱國際版,1
快致,1
電花蓮,1
暫墊款,1
問行員始,1
全數販,1
雄傳來,1
我卡費,1
偷開戶,1
續家,1
信話術後為,1
時分將,1
因委,1
邢民遂,1
官須,1
邢民交,1
渠之案,1
孫民所,1
吳代誌,1
結可參,1
先信貸,1
行門,1
扭蛋換,1
賠到慘,1
若無購,1
張淑慧,1
致勝動,1
搜尋出現,1
前哨站,1
瓦基粉,1
萬馬,1
奔騰,1
劉紫,1
佩心,1
本欲,1
章梓涵,1
資全數,1
頭不,1
湊好,1
湊金額,1
看做,1
天龍堂,1
精華水,1
水光煥,1
顏乳,1
中郵局,1
詐騙記,1
歷寫,1
乾淨家裡,1
元學來,1
資金絕,1
兩筆代價,1
擴大開,1
通額度,1
數字者,1
鑑定後確,1
賣約定,1
之盈餘,1
並會委,1
心學,1
熙俊金,1
漸熟識,1
購買顧,1
嗓門,1
耳麥,1
俞靜,1
加陳威,1
之後陳威,1
源頭購,1
競裝備,1
會後將,1
對方劉,1
來劉,1
啟理,1
財礦機,1
少光,1
寄匯款,1
人員亦將,1
卡之密,1
卡前,1
問後方,1
喜獎,1
伯特,1
誘迫,1
詐後報案,1
媽咪拜,1
甘苦,1
航向,1
萬可領,1
萬紅利,1
萬購幣,1
人的電,1
對方女,1
報樂透,1
組內報,1
有翊驚,1
做廣告,1
紅人來,1
繳幾張,1
駿豪,1
阿竣,1
阿奇,1
親收,1
連價值,1
我債,1
突至,1
持假,1
做志工,1
偵以,1
完後驚,1
木一組,1
掃入,1
張代訂,1
離婚然,1
繳納到,1
著獎品,1
內隔,1
健走,1
林景善,1
繳交資,1
鄭仁傑,1
裡那時,1
很鎮定,1
每一塊,1
收來,1
編一個,1
系統性,1
愛亂花,1
我主動點,1
千頭,1
萬緒,1
剩眼淚,1
最軟弱,1
怕吃苦,1
計畫裡,1
已凍結,1
手伸,1
推下去,1
更悶,1
中租和迪,1
中租小余,1
小余說,1
編謊,1
拆光,1
扭捏,1
先動,1
完完整整,1
五萬五,1
檢點,1
最後醒,1
會心,1
榮耀國際,1
服中,1
關規則,1
楊俊豪,1
油量,1
荏苒,1
台電查證,1
台電並,1
認識鼎,1
還私訊給,1
仔細盤,1
挑選品,1
如有長,1
用和驗,1
草港,1
開拖車,1
經檢測,1
因口頭,1
代包裝,1
變壞,1
輕易過,1
用清關,1
裡盡,1
單長,1
途客,1
百公里,1
逃費詐,1
叫怡穎,1
換好幣,1
帳戶秀出,1
過書面,1
兜圈子,1
要個,1
台後能,1
資全給,1
次下,1
辦理會員卡及,1
籠賣,1
好確,1
光個資,1
邊緣遊,1
卡全數,1
動已,1
感強,1
機能性,1
報表來,1
並寄錢,1
叔酷,1
任安,1
帳區,1
及美國,1
商銀行員,1
每星期,1
將證券,1
杰因,1
意簽,1
內部會,1
蔡清萍,1
灣發展,1
抵達門市,1
想買雙,1
選得,1
誤訂,1
損財,1
回裝備,1
企圖將,1
阿薩布魯超,1
商賣場,1
代取,1
遊場,1
機重,1
還兇狠,1
地遮蓋,1
手淫,1
李君玲,1
改採,1
迷路,1
對方斗,1
主群,1
組刪,1
范雯芳,1
至于,1
滿門市,1
供出,1
稱國色,1
封鎖帳,1
號後始,1
楓見面,1
阿鴻師,1
快點將,1
撞死,1
稱洛汗,1
睿麟,1
繳納轉,1
信其話,1
信不信,1
還作業,1
借亂給,1
煙幕,1
貼文頁,1
何建華,1
推文時,1
傳碼,1
釣喜歡,1
甲地,1
先後交過,1
三萬多過,1
連抽獎,1
每半個,1
超奇貸,1
啟洋,1
答還,1
車辦,1
辦的車,1
浩向,1
風會館,1
兄弟姐妹,1
來代領,1
用新辦,1
老師待,1
張靜雯,1
將何,1
單欲購,1
之貨到,1
中洋子,1
其型號,1
遠私,1
菱利,1
我欲透,1
中庄門市,1
商便,1
兔代購,1
保生,1
花亭,1
太大聲,1
為芷蘭,1
灣桃園,1
日芷蘭,1
成方,1
張朝煌,1
時頭腦,1
鄉間,1
美妝選品,1
同額款,1
繳納共新,1
外當面,1
應業務,1
商任務,1
語音裡面,1
李用,1
豐德門市,1
當我誤,1
初送,1
或宅,1
配站,1
一筆付,1
姍姍織,1
雲闕,1
天踪,1
從遊,1
鄭若琳,1
我玩神,1
領區,1
文遂,1
賴忠,1
財產及,1
盡數,1
證後至,1
點照,1
馥蓁,1
服務之價,1
成漢,1
姊照,1
時運不佳,1
釋迦佛舍,1
國碼,1
牢固,1
宋湯,1
以配,1
模型材料,1
貨服務,1
補辦存,1
或戀,1
業訊息,1
鄭語涵,1
親育園,1
訪客,1
總秘書,1
沿海,1
勞與幣商,1
一黃金,1
自號,1
警證明,1
含特點,1
日補齊,1
那關,1
還是兆豐,1
並填上,1
須由銀行,1
半哄半騙,1
那語,1
氣不像,1
米恩資訊,1
駱駝,1
較大,1
事後給予,1
區寧安街,1
聯後又接,1
擊派,1
獲得代碼,1
一揚門市,1
區國昌路,1
數便,1
碼變,1
惠恩日,1
名義往,1
魚中魚,1
籌來,1
閃開,1
事別,1
大麗飾,1
從三信,1
完看,1
柯喬丹,1
碼圖片,1
北忠街,1
但後三筆,1
金材質,1
鑑定費,1
珠寶實際,1
張仲寶的,1
規避償,1
隨後綠界,1
異常到,1
嘉宏之人,1
扶搖漂,1
賴鳳菊,1
各平,1
琬怡,1
次驗證,1
並於驗證,1
驗證後對,1
之後趣,1
解鎖後續,1
專員黃子,1
傑在,1
遭驚覺,1
穩中獎,1
我洩,1
漏群,1
善築,1
愛心變,1
期貨等標,1
劇烈,1
董廣告,1
傳善信,1
濱川,1
簽理財,1
沒權力,1
查善,1
團訊息加,1
夾縫,1
點系統,1
洽談轉,1
需資,1
面中講,1
微密圈,1
還未輸,1
抖秋,1
要琪,1
丟抖,1
裡抓,1
保證品,1
日東,1
西終,1
沒氣炸,1
換一組,1
數幣商,1
無論問,1
辦幣,1
繳這筆,1
挺開,1
面後系,1
買後會,1
逛一逛,1
避嫌,1
趁系統,1
談比,1
總之絕,1
奶皮,1
並不困,1
議下,1
雖獲,1
陪人,1
海成,1
安达,1
宠物,1
托运,1
將倉,1
稱動物,1
已運,1
稱盈,1
台紙,1
由遠,1
任務之酬,1
順大門,1
斯國際,1
溝後詢,1
高鐵旁,1
溝通詢,1
問無現,1
交給吳,1
未明確,1
但後期,1
金請,1
傳幣,1
商之通,1
商稱,1
難要,1
連問,1
五萬是,1
財水準,1
專員親,1
動資金,1
群名還,1
法開,1
轉太快,1
然後一張,1
追人,1
多花樣,1
真後至,1
金錢後傳,1
雖偶,1
然皆有,1
有禮券,1
將補,1
熱愛看,1
問他票,1
台小編,1
娘來,1
給動搖,1
好深,1
氣就匯,1
通市,1
張從,1
好位,1
調處,1
理要,1
分書,1
清給,1
觀海,1
聽濤,1
錯導,1
號持續,1
辦理名,1
勾結匯,1
當時僅,1
網物,1
交納稅,1
其家,1
資訊後認,1
重罪,1
管會代,1
網路點,1
之風力,1
發電項,1
目可,1
半旋轉,1
某旋轉,1
帳號入,1
立投資,1
歸零帳,1
鱈魚,1
日電子,1
強開口,1
除資金,1
戲演給,1
閃光,1
認後覺,1
李惠婷,1
並攜新,1
惟之後對方,1
鎮三和國,1
湖內里,1
湖子,1
內路,1
湖康門市,1
溫馨會員,1
窗修繕,1
天準備,1
如便,1
已破產,1
對黃誼,1
智享,1
最後依該,1
平所,1
平真實,1
簡訊後發現,1
案類,1
過程雙,1
險金等語,1
獲如,1
李恩慧,1
一張電,1
至後才,1
還暫,1
酒給,1
懷著震,1
換算後會給,1
想認,1
理員,1
法繞,1
音強,1
調著,1
如福瑞,1
還承諾處,1
人拿著,1
幸運財,1
幫身邊,1
秦禹,1
遊很感,1
黑錢法,1
協助解,1
決後續,1
法理,1
屏榮,1
依規定將,1
過了將,1
談段,1
出國為,1
會員後能,1
會員還,1
不心,1
現代選品,1
青梅,1
就言語,1
阿熊,1
幫周,1
誠自稱,1
誠說,1
郵寄方,1
日周,1
服飾業務,1
張佑,1
絕後馬,1
李婉歆,1
吳振東,1
隨後鼓勵,1
股浪,1
劉鈺穎加,1
加誠靜,1
詢問且,1
遭嘉義的,1
親證件,1
性不高,1
騎騎,1
隨後我進,1
仲洋,1
關連,1
其刑,1
確認後該,1
楊語婷,1
嚴峻性,1
不會生,1
結符號,1
子俊,1
點選群,1
傳訊息煩,1
再掛,1
處大門外,1
取掛,1
處大門,1
外之存,1
星子,1
趕出,1
集紅,1
連寫,1
湊集,1
顏男,1
程至,1
車販賣,1
宴客,1
要須,1
裡頭還,1
銀行點,1
點貸,1
銀行剛,1
君經理,1
誤上,1
統維,1
修金,1
找代書簽,1
會動工,1
筆電買,1
地飛,1
錄不雅,1
建議給,1
投資寶地,1
林佳臻,1
林丰浚,1
帳次,1
沒拜,1
謝書,1
販售帳,1
草間,1
彌生,1
絲巾,1
版畫,1
資比較,1
連封,1
一個門,1
外漢,1
頭敲牆,1
蔡佳欣,1
一裝,1
鎖的,1
號不錯,1
電鋸,1
來苓,1
愛美,1
發表會,1
守仁,1
間標,1
一坤,1
給代刷,1
高陽,1
借別,1
該匿稱,1
沛如,1
獲勝且,1
成高階,1
王永詳,1
幣去,1
轉乘,1
我學習,1
山河,1
掃廣告,1
轉入後察覺,1
暖揚,1
跟業者,1
但業者,1
股台,1
戶有,1
劉景澤加,1
位假幣商,1
尤鎰豪,1
周子竣,1
林耀宗,1
文婷,1
稱其人,1
海嶼,1
並可協助,1
金產生,1
中動,1
貝恩,1
相關績,1
效以,1
日三個,1
損訂,1
會中,1
歷來,1
干預,1
資產出,1
張振國,1
聽聞後察覺,1
嘉義所,1
從門市,1
轉為線,1
先愛心,1
雙方個,1
更稱,1
檸檬不酸,1
方超,1
設計怪,1
女後才,1
應事後會給,1
王澤希,1
迷嘎迷,1
一富邦,1
小妖,1
魔靈,1
體感,1
並可額,1
體會網,1
張票售,1
委由其,1
原雙,1
過海,1
稅金故,1
叫語,1
現金紅利,1
還比詐,1
幸運未,1
遇騙,1
終沒給,1
卡一用,1
下觸,1
鐘後竟,1
並未承認,1
認車籍,1
有貸,1
項匯進,1
接連辦,1
母嬰親,1
徵答,1
及錄,1
洩案,1
回屏,1
東里港,1
對方旁,1
點數作,1
剛買來,1
說響,1
應環保,1
將賣車,1
關於停,1
許多卡牌,1
方來繳,1
參獎,1
先選購,1
費仍,1
還錢予,1
日代,1
儲妮妮,1
不疑將,1
方後說,1
林菲菲,1
清風配,1
推新,1
經典色,1
驟開,1
費四萬元,1
調會簽,1
簽了切,1
海藍時,1
芷瑜,1
事大陸,1
音快,1
遞代購,1
林裕展,1
陸抖,1
事代刷,1
或代墊業務,1
對頻,1
發性,1
次禮物,1
緣圖,1
異事後查,1
故私訊名,1
賜財,1
台灣彩,1
納驗,1
華龍,1
號副,1
抽屜,1
內後回,1
已將帳,1
許手,1
完之後對,1
郭民一個,1
賠名義,1
內之錢,1
情描,1
可經,1
共陸續,1
助其,1
將筆,1
電送,1
猶豫透,1
地政人員察覺,1
關懷時,1
蔡心妍會,1
至瑞豐,1
林婉清稱,1
問我書,1
變成加,1
綠界的賴,1
張放,1
裡拿去,1
張震,1
小將,1
三維條,1
帶務,1
開會用,1
行名,1
義作,1
妹在網,1
人佳玟,1
日羽彤,1
海購,1
技術金,1
廿年,1
廿餘年,1
期期,1
失之會,1
錢合計,1
因屬,1
剩餘尾會,1
遭康,1
人有委,1
另造,1
資詳,1
如委,1
認前,1
前後共收貨,1
開通後台驗證,1
至凱,1
商工,1
協店,1
將之,1
商博愛店,1
張素惠,1
稱其以,1
以繪畫,1
宣傳代銷,1
銷訂,1
其須,1
請陳民加,1
跟陳民,1
需商,1
非親,1
超商宅,1
並遇,1
查該,1
先擋,1
看及,1
以後因,1
我回,1
心動會員,1
茶店,1
因聚會,1
詳記,1
商超商,1
銀行後銀行,1
因太遠,1
完之後察覺,1
獲用,1
辦公時,1
我代領,1
繳下,1
找融資,1
裡不放,1
說歹,1
電競館,1
打電動,1
卡弄,1
計部門會,1
事後向林,1
這個門,1
博對方,1
檢視並,1
卡交貨,1
盟證券,1
並開戶,1
去然,1
李自稱,1
金後投資,1
育鑫門市,1
金支,1
需先給,1
額資料,1
重傳,1
完感覺,1
中在網,1
運動場,1
永世,1
應聲,1
畢生積,1
蓄都給,1
中話術,1
龐大導致,1
地點樓,1
梯口,1
並款,1
溝通後發現,1
拍電影,1
乙鈦幣,1
價會漲,1
程專員,1
搞不定,1
越亂,1
組彩妝刷具,1
組刷具,1
交學費學,1
親密值,1
人條,1
連我媽媽,1
路學點,1
群內會員,1
回水,1
將資金當,1
點擊後畫面,1
迷整,1
經小額,1
分紅費用,1
講好票,1
聯絡國,1
賺十塊,1
全落,1
傳對,1
以收,1
領之,1
覺得報,1
抽送,1
一物並,1
認真問,1
熱就照,1
領紅利股,1
覺後開,1
始查,1
靠價,1
諾比鄰,1
噤聲,1
避掉,1
招什麼,1
購多樣,1
掏寶拚,1
廠商匯,1
需储值,1
前後五筆,1
即換,1
快長,1
免疫,1
不償命,1
再動心,1
費由,1
負責代儲,1
體解釋,1
終於決,1
找人領,1
大礙,1
網友鈞,1
廖姓員警,1
銀東港,1
緩款,1
何證件,1
當給,1
最後紀元,1
通門市,1
日後都,1
阿博,1
孤帆,1
遠影,1
前题,1
路路續續,1
張馳,1
有度,1
張進,1
張男稱,1
不構,1
水林,1
架外,1
觀樣,1
藍生,1
之委,1
簽故,1
對方後遭,1
音來電,1
第電話,1
金額後並,1
方之後便,1
餐廚,1
貨收購,1
冰塊,1
刨冰,1
匯處,1
蔡炯民以,1
將鎖,1
愛倫,1
聘人員購,1
國泰世華經,1
理陳子,1
稱台灣,1
外匯部,1
依假線,1
興國,1
問暖以,1
外費,1
區要,1
心園,1
還債務為,1
銀行北,1
舅母,1
屬發覺,1
廖君茹,1
問手,1
蔡美娜,1
之鼎創,1
區龍埔街,1
張思婷,1
圈練,1
習生,1
少聯絡,1
過幣安換,1
萬始,1
炮資訊,1
夠進,1
行約炮,1
違約款,1
幾天後欲要,1
筆核,1
改刷,1
保冷袋,1
熱狗機,1
夾起,1
熱狗,1
沒拿結,1
車原,1
那裡匯,1
大竹,1
給當局,1
郵政銀行確,1
吳彭申,1
樓會面,1
權金額,1
按程序,1
衝動行,1
然後又不斷,1
現共計,1
灣借,1
調隱密,1
宣傳福袋,1
買福袋,1
組福袋,1
行檢驗,1
結果經,1
幾萬來,1
內部測,1
試版,1
系統帳,1
顯示些,1
資金大,1
我共儲值,1
匯理財,1
太多興趣,1
包連動,1
購買外,1
匯產品,1
繳額外,1
這個票,1
目能夠,1
科工,1
集团,1
石有,1
誇大所謂,1
地引,1
對方訴,1
我觸,1
壓在,1
終於陪,1
發資料,1
房時間,1
還沒約定,1
投資大筆,1
領取過,1
裡處,1
抽遊戲,1
價一萬四,1
發下,1
擔心訊息,1
金卡關,1
聲量,1
徵說,1
邊說,1
不美哉,1
郎讀,1
阿萬,1
獲利百萬元,1
指報,1
明其,1
通個,1
交說明,1
問門號,1
書來領,1
數十人匯,1
接力棒,1
人演,1
換下,1
先墊點,1
飛輪車,1
盈嶺,1
交學,1
百萬新,1
不能自已,1
轉沒,1
富源,1
畢截,1
轉返,1
現稱,1
卡絕,1
稱莎莉,1
萬獎勵,1
但訊息始,1
未持續,1
轉盤轉,1
卡改,1
包成,1
販售陶,1
張陶,1
或西堤,1
購買陶,1
貨沒寄來,1
喜時,1
女協理,1
補手續費,1
資公,1
總加,1
叫陳淑芬,1
撥三萬,1
幾天會還,1
美麗得琪,1
阿元,1
劉宜,1
李承源,1
沒密碼,1
回臉,1
組開,1
通碼,1
開通碼,1
換一筆,1
寶在,1
遊斗羅大陸裡,1
貸比,1
組私,1
完交給,1
賴皮,1
漢神,1
本館,1
點選有,1
變多時,1
為約定,1
肥肥,1
青建門市,1
洽談見,1
金和手,1
交資料,1
挺積極,1
臨時轉,1
聽時,1
路代購,1
補卡及,1
之後紛紛,1
隨後由假,1
美國行,1
認官網,1
獲通報,1
進階開通,1
動輒數,1
王陽,1
業務才,1
業務詢,1
搬至,1
終委,1
中研院,1
模範有,1
衛生署,1
若付,1
號等處,1
詞反,1
覆發覺,1
起經,1
強稱,1
前後後共協助轉,1
重慶,1
彌封,1
將彌封,1
地外,1
日即,1
稱陳志偉,1
北內,1
湖林,1
會之帳,1
寄三間,1
一業式,1
雪婷,1
婧婧,1
中亞瑟珠,1
酸洗,1
移請,1
時半,1
刷八筆,1
給我外,1
網訊息,1
號僅,1
日離婚,1
若欲刷,1
之後在線,1
萬元元,1
群豪,1
車種,1
特徵不記,1
各大銷售,1
及利潤轉,1
異查,1
連絡後即,1
好棟,1
通宅配,1
出後就會,1
檢之書,1
利滾利,1
還說轉,1
再由廠,1
銷賺取,1
之後銷,1
已銷,1
星長,1
出頭給,1
破掉,1
上秀,1
遭一假,1
歡後對,1
三貸,1
同堂,1
國外幣,1
通訊給,1
路給,1
很剛,1
辰德,1
經小嬸,1
傳訊者,1
一點數,1
資式,1
無門號,1
這哪還,1
辦法繳,1
欣象,1
之後看,1
屋若,1
並非遠,1
許遭,1
為犇,1
亞股券,1
載犇,1
周宜靜,1
人員周,1
鍵盤並,1
至鍵盤,1
照書山,1
碧山店,1
鎮碧,1
帳戶涉,1
羽希,1
領事,1
卡網址,1
全不一樣,1
傳之賣,1
入後改,1
之後仔細,1
關遠,1
關樂活,1
詩惠,1
私詢,1
電冒稱,1
鵬偉,1
影後依,1
並竄,1
張梓芸,1
當約,1
其畏懼,1
當驗,1
八萬元過,1
常性,1
邀約試,1
邀約群,1
床項,1
目試,1
外務員行,1
車內交,1
裝人員,1
通開,1
郭爻,1
儲存並,1
進入幣安,1
遊志傑,1
孫靜雯給,1
心澄,1
額約,1
舊帳,1
擬幣轉,1
人員共,1
資產匯,1
說三張,1
員見面,1
金管員,1
資企圖,1
日後需,1
體會求,1
證步,1
貨運系統,1
並堅守,1
負責網,1
設作業,1
轉分,1
講用,1
開保證,1
完後之後說,1
加乳,1
意會,1
將處,1
無聊要,1
金點,1
毛手,1
毛腳,1
去斷,1
掏寶代購,1
之代,1
禮又叫,1
以死,1
徵求代,1
點多親,1
我本國,1
惟粉,1
小門市,1
亞營業員,1
江總,1
這個江,1
高高在上,1
店給,1
滾到,1
錢加物,1
確定後來,1
這會出,1
峨嵋,1
新西門店,1
人整,1
筆刷光,1
點見,1
用八國,1
工作面,1
張美晴,1
晴後他,1
財務加,1
美將,1
名義協助,1
營小本,1
自稱盧,1
點貨,1
會由後端,1
明言,1
森資訊,1
變回,1
過高且,1
假華南,1
這個代,1
完後投,1
沒談攏,1
名義郵件,1
宣傳社,1
台彩報,1
大秀門市,1
新陽門市,1
響鳴,1
接聽者,1
區金,1
太平路,1
太龍門市,1
洋蔥圈,1
內文寫,1
退額,1
性聊,1
幣可,1
問匯率,1
並更換,1
數之類,1
小紙,1
豐南門市,1
和帳,1
持台,1
天藍,1
幣兩千,1
照來,1
頂街,1
付好,1
還高好,1
工學館,1
多十萬塊,1
下十萬,1
吊架,1
連逃,1
歡書法,1
寫書法,1
還傳得,1
裡講話,1
吉及,1
自稱勝,1
此動,1
作重,1
異遂將,1
林均,1
張學良長,1
益信,1
輔導金,1
很亂,1
門負責,1
日近,1
物商,1
恆稱,1
驗證後續,1
故先問,1
發發現,1
炮卡之類,1
超愛某,1
附剛,1
手繩,1
國泰世華客,1
承諾當,1
分鐘詢,1
臉盆內,1
會在領,1
繳交二萬元,1
欣鑫門市,1
客戶網,1
收納包,1
緞帶,1
早確,1
代拍,1
並無下,1
名義買車,1
車輛則,1
社團裡畫,1
賣方承諾以,1
鎮面,1
隨後檢查,1
吳銘,1
元後兌,1
提領驗,1
出走,1
林志宏不願,1
張卡放,1
進紅,1
搖搖杯裡,1
信一張,1
科收據,1
現在匯,1
尋下載,1
春安,1
上音響,1
保卡來,1
警用,1
清此,1
由視,1
沒記錄,1
港點,1
那國,1
解詳,1
鎮光門市,1
帳發現,1
郝佩瑩,1
最後淪,1
達十幾次,1
幾十萬到,1
很無言,1
卡納克茲怒,1
洪勁傑,1
一沉馬,1
同地區,1
由萊爾富,1
給萊爾富,1
歸類,1
急業務,1
之後皆是,1
日訂購,1
從缺,1
學費購,1
詩雅向,1
涵喻,1
帳次數,1
裡那樣,1
典當換,1
銳界,1
不限門市,1
來後是,1
特約門,1
腦就,1
愛琳,1
進計劃,1
購連結,1
釣龍膽,1
魚用,1
開價還,1
賣奎,1
之後確定,1
日密,1
創個,1
及匯,1
房產加碼,1
合夥代銷,1
繳交開,1
外境,1
學員在問,1
問導師,1
缺飾品,1
卷並,1
之後教導,1
林涵,1
俞臻,1
靜沐暖陽,1
每一環,1
對方畫,1
繳部門,1
沒幾秒,1
區寫,1
蔡國冠,1
結紀錄,1
剛有,1
數卡交錢,1
講明,1
經轉介,1
日欲其,1
塔卡,1
信資融,1
全拿來,1
擴大到,1
捷妤,1
自稱執,1
信個,1
筆錯,1
誤金額,1
還妥協,1
雖略,1
選位,1
出金大額,1
正規受,1
認時間,1
作調查,1
語助,1
和助,1
前後後向,1
尋他,1
地破滅,1
會費給,1
規定繳,1
版規,1
群組能,1
東西都給,1
館花蓮,1
花蓮博愛店,1
吳紋玲,1
出金均,1
網友會,1
其後並,1
獲進,1
內部發,1
喝杯,1
新博,1
如門市,1
總共二萬五,1
銀行灣,1
女兒訴,1
賣玉珮珠,1
小翠,1
須交納,1
我放,1
請健,1
該健,1
時後續,1
買共計,1
證名,1
義引導,1
皮稱,1
金額後向,1
懷疑手,1
合愛心,1
脈關,1
沒積,1
極去問,1
方示,1
因黃民,1
日黃民,1
簡訊後不疑,1
拆取,1
區內,1
欺轉,1
其實覺,1
周小魯,1
買耳夾,1
雄賣,1
先後共轉,1
遊公頻,1
興加,1
轉至陽,1
確定款,1
蔡孟學留,1
吉林路,1
正積極,1
台灣入,1
叫華泰,1
分屬,1
其餘六張,1
乘班,1
投資宏遠,1
詹耀霆,1
百思,1
其代墊,1
檢舉後無法,1
王建明,1
群組代購,1
單表單,1
為陳妍廷,1
謝鵑鴻,1
匯薪理,1
所洽,1
中廠,1
柏豪,1
將由桃園,1
史永,1
史永軍檢察官,1
瀚森,1
李嘉圓,1
嘉圓,1
寶貝夢想家,1
堡壘,1
想家群,1
詞陸續,1
並確立,1
上安親,1
越多前,1
推特名,1
戚住,1
機登入,1
時藉,1
機拿著,1
組巧琳,1
欺賣家並,1
孤獨搖滾,1
充滿動,1
態感,1
率性,1
購之,1
投資居,1
新貨幣,1
財設計,1
沈永承始終,1
細並,1
菜菜,1
不嘴,1
大震盪,1
學員虧,1
林書妍,1
文曜,1
財薈,1
解綁費,1
給小睿媽,1
最後金,1
實有將,1
勞以,1
建志,1
張建華,1
迪恩貨幣,1
某星,1
某幣動,1
現金六萬元,1
用聯合,1
現金和鍵,1
怡莉,1
監來,1
戰戟,1
開價感,1
覺還,1
撲克裡,1
棒槌,1
完之後錢會,1
小汐,1
很愛玩傳,1
蔡麗君,1
太愛,1
紀正,1
生產數,1
黑銀中號,1
色斜,1
裝衛,1
筆共十萬元,1
筆六萬,1
錄音作,1
公版,1
十點鐘,1
確保產品,1
古拉,1
會管,1
流費,1
資條款,1
方太過,1
關於環保,1
認訂位,1
期處,1
損狀態,1
把幣劃,1
認購訊息,1
數收據,1
業務會,1
底牌,1
截獲,1
連網購,1
車以,1
租代購,1
就會產,1
轉到驗,1
我想關,1
及積,1
欠員工,1
稱之後帳,1
戶解,1
凍會,1
失聯故,1
控系,1
為樂天,1
組樂天,1
用戶銘,1
類中,1
忻說,1
賣發,1
資寄件,1
之後拍,1
三萬新,1
創及,1
回電後才,1
車周邊,1
明豐,1
我和劉,1
載後申,1
李明麗,1
季龍浩,1
中興橋,1
交買,1
貼文加,1
書友,1
王俊明,1
方黃金,1
兩和現,1
新欣,1
然後印,1
豐城,1
版抖音,1
廣告訊息後陸續,1
可學習,1
還營造,1
出蠻,1
旅館櫃,1
機離,1
車體,1
先擱,1
將競,1
標款,1
貨幣後轉,1
販售遊,1
面裡面,1
靜雅姐,1
靜雅稱,1
而後依,1
兩萬元予,1
專員後他,1
一欄位,1
何嘉仁,1
嘉蒂,1
楊梅區戶,1
人壽借,1
玩具娃娃,1
钟艺鸣,1
問收禮,1
連回饋,1
航遠,1
國際稅,1
聊點,1
一時腦,1
充血,1
領四,1
一萬三給,1
融資斷,1
頭故,1
已供,1
貨之後才,1
專員均,1
認證加,1
經報備,1
關門票,1
談得算,1
超幹,1
連連給,1
連結教,1
偉學習,1
老師超,1
都簽,1
大吼,1
買個幣,1
經獲,1
這一晚,1
點那種,1
積蓄給,1
減到,1
一則裝,1
情緒性,1
有護理師,1
協助載,1
官進,1
先展現,1
正參,1
積福報,1
中眼鏡,1
組三入,1
淘翠閣,1
調不過,1
過另,1
寶理,1
換取鉅額,1
進階進入,1
寫入,1
總共六萬元過,1
秘寶,1
正玩得,1
一加過,1
已經默,1
認開啟,1
報國,1
面罩,1
美國亞馬遜,1
繳交年,1
翰之人,1
慣且,1
泥面膜,1
餅乾盒,1
售後有,1
入金後欲,1
一假順,1
運之連結,1
更不讀,1
台導播,1
通之後約定,1
稅捐稽,1
徵處,1
現門票,1
權都,1
著三張,1
發事業,1
分回給,1
批發利潤,1
組買票,1
筆加,1
環扣,1
再多補,1
狡辯,1
著爭,1
徵求褓母,1
學著購,1
稱布布,1
蘇琉夏,1
過熱,1
動作導,1
致網,1
幣元後發覺,1
電話僅,1
電話且,1
王翊丞,1
存不詳,1
勝傑,1
劉美琳,1
販售率,1
亞期貨,1
卡後其,1
我愛勞,1
順豐速通,1
代玩,1
樂幫,1
錢後應,1
北興街,1
北社,1
王韻婷,1
差個,1
還沒驗,1
台計,1
沒拉,1
亂刷,1
像員工,1
車門給,1
去驗車,1
失竊通,1
報車,1
找適,1
推薦語,1
就安裝,1
愈查,1
認可清,1
我電腦,1
連電腦,1
重灌,1
猜漲,1
組多為,1
有前,1
導民眾,1
興圖,1
一連購,1
應保護,1
國際感,1
依果,1
餃子,1
外空,1
清貨才,1
差點斷,1
三千米,1
作交換,1
金也領,1
心動訂,1
筆預計,1
義盜,1
保申,1
三單,1
過幣祥,1
林瑋庭,1
還挺認,1
稱凱文,1
元小費,1
高順店,1
洗錢須,1
繳納須,1
商銀打,1
酋長,1
之約,1
診某,1
離婚且,1
夫不陸,1
盒人,1
裡先,1
並痛,1
求饒,1
名波,1
始畫,1
餅給,1
蘇秀,1
換將,1
謝凌薇,1
傳有,1
惟為,1
過久且,1
領到貨,1
信義戶,1
台來電,1
王偉強,1
朱志明,1
經公證,1
文書給,1
之當,1
達章,1
發文換售,1
牙牙,1
傳在,1
並沒理會,1
張約會,1
吳玉婷,1
以登入,1
以延後提領,1
獲利日,1
進而連,1
並入資,1
從事網,1
戶後換,1
點卡商,1
流通性,1
收貨訊息,1
普勒,1
手槍,1
虛寶在,1
洪江,1
紀尚,1
打賴給,1
封好,1
之後副,1
補匯率,1
差要,1
我無錢,1
非貓,1
問須,1
起來付,1
還會載,1
還不含,1
回傳出,1
冠瑜,1
錢後給,1
狂問,1
面後再付,1
完錢後態度,1
別收,1
遭北檢,1
誤加詐,1
吳民所,1
母嬰產品,1
徵人代,1
雙刀,1
火雞,1
催討均,1
要驗資,1
購買口,1
發貨並,1
惟將,1
拆開後為,1
十時許,1
郭曉蕾,1
他言詞,1
團務,1
購團,1
管交給,1
順傑,1
返水,1
啟相關,1
場後聯絡,1
機抖,1
正宇,1
辦理會員及,1
續買,1
嗣後詐,1
龐大需,1
以乙太幣,1
參與質,1
點多花,1
兇狠地,1
至手,1
及飾品,1
時後並,1
雙方噓,1
點選犯,1
戶個,1
費先,1
內射,1
避孕,1
之後幸,1
分至民雄,1
並隨後改,1
中亞,1
項後以,1
我示,1
傳合約,1
拍性,1
卡換成,1
屋上,1
白民,1
規虛,1
霖勝,1
書到場,1
送鍵盤,1
宁宁,1
卡之費用,1
來溝,1
玉之饋,1
隨後依詐,1
其身體,1
商購幣,1
負劉,1
領是,1
溫尼熊,1
不裡,1
之運,1
可微,1
尚要,1
唐溫,1
訂金返,1
始以,1
兩大,1
網銀自其,1
現合約,1
還順利入,1
送資料,1
區敦,1
木誠以,1
大蒜,1
紅棗,1
世杰,1
須轉,1
騙戶,1
特價品,1
舊卡,1
撥進,1
詢後竟,1
需警覺,1
潛藏極,1
無證照,1
介紹後態度,1
人遭,1
一視訊,1
傳照,1
專人司,1
姜先生,1
常主動問,1
劉慶季,1
之後隔,1
超商印,1
悅香,1
販售陳奕迅,1
繳人員,1
而門票,1
未成交,1
及凍,1
芮新,1
視訊錄,1
影側,1
有點動,1
稅還,1
將我騙,1
燦坤旁,1
統一門,1
蘋蕓,1
刘明传,1
七萬八,1
數字漲,1
證佐證,1
著鏡子,1
異後才,1
宏德之人,1
打電話求,1
快手,1
盧小風購,1
戶後並,1
西屯戶,1
其年籍,1
完年籍,1
開抖音,1
叫志文加,1
安卓手,1
幾筆線,1
啟進,1
地噴,1
林浩哲,1
緊就點,1
沒撥款,1
黃昱民,1
完後等,1
五芒,1
星大眼,1
高者,1
稱陳裕,1
盛販售,1
一電動車,1
傳訊訊息,1
安門市,1
回應處,1
佳真,1
號卡號,1
沒有合,1
發生言語,1
發布當,1
周六,1
豬排,1
太撐,1
口問,1
許妍希,1
得亂,1
職籃門票,1
獲利紀,1
曾岢茹,1
消費動作,1
應後約定,1
一人成,1
然後我繳,1
證完,1
有四處,1
時講,1
開始點,1
隨時問,1
緊時,1
機入,1
寶雅店,1
畫面秀給,1
尾連,1
漲之類,1
內狂,1
孟不离,1
水果店,1
以學校,1
好的車,1
我交車,1
書委由,1
宇佑,1
凌凌,1
開遊,1
經點過,1
力檢察官,1
包個,1
紅包給,1
變嚴,1
通合約,1
用幣安轉,1
假錄,1
取來,1
澄邀,1
書寫,1
電用,1
組後裡面,1
前因,1
員見,1
談不願,1
車並,1
案經國,1
向本,1
識名,1
以聊,1
並主稱,1
龍紋幣,1
傳私訊予,1
其答,1
一截圖,1
其約炮,1
收兩滿,1
分林俊傑,1
卷後續,1
頌新,1
東亞,1
節圖給,1
猩猩,1
訂購量,1
方後就加,1
光化,1
為靖曼,1
運聲,1
如談及,1
獲融,1
資電話,1
所前,1
許臉,1
組雯雯,1
內內,1
年償還,1
年後可,1
承諾到,1
王四維,1
寶雅賣,1
因作業績,1
還說幣,1
怡情,1
也秀出,1
全沒中,1
浩克毀,1
滅者,1
念念不忘,1
緊答,1
農金資,1
方不錯,1
數卡要,1
信刷,1
含雜費,1
全用兆豐,1
過深,1
區博愛,1
葉霈,1
保聖,1
重偉路,1
許振華,1
許董,1
活動期,1
劉信宏,1
事潮,1
資金外,1
劉信宏有,1
子彬,1
未改,1
因故取消,1
著車牌,1
弘爺,1
德賢店,1
本國籍,1
熟識關,1
串驗證,1
電凱,1
北門捷,1
誠徵說,1
這企劃案,1
進一種,1
點一點,1
寶寶長,1
網貼,1
再整,1
現後來,1
萬寶投資,1
出金而產生,1
濤聲,1
群組裡給,1
場停,1
林柏鈞,1
問林柏鈞,1
胡明強,1
廠商時,1
警員過,1
靴生,1
四時,1
總保證,1
車和電動,1
收車,1
總及子,1
拉夫,1
冰絲量,1
上共計,1
訂票並,1
何時須,1
賣家凱,1
貨物現,1
銘貸,1
萬元賣,1
買二個,1
潤膚膏,1
保濕霜,1
拍銀行存,1
操且,1
還得用,1
人玩虛擬,1
轉了幣,1
這副業,1
用大,1
三萬點,1
葉大華,1
葉大華介紹,1
興中,1
給張旭騰,1
祝念華,1
範本給,1
九豐門市,1
合行銷,1
國際同,1
試著購,1
面嘗試,1
下海,1
比異常,1
單線,1
其萊賣貨,1
可後續,1
心經,1
吊練,1
幫人補,1
這筆財,1
會大樂,1
透號碼,1
抓出,1
因法會,1
小師父,1
從樓,1
機車頭,1
感知器,1
只聲,1
拉霸,1
進幾支,1
對方錄,1
可主動代為,1
電會,1
發現吳,1
約還,1
稱卡號,1
入金前,1
衝會員數,1
幾天後關閉,1
裡拍,1
社中,1
德力,1
領等,1
我民對,1
向會員們,1
並曬出,1
遭詐且,1
聊訊,1
詳談代購,1
稱供,1
二條,1
連臨櫃,1
猜到,1
重地,1
台後比,1
反轉來,1
給店員,1
張明細,1
然後兩邊,1
完後打,1
一堅持,1
單談妥,1
連店門,1
妥租約,1
證之後才,1
躍著,1
找書法,1
教書法,1
匯匯款,1
來後仔細,1
房養,1
幫腔,1
行員謊,1
樓交給,1
資資金給,1
真買家,1
湯品紙,1
預防別,1
攝多樣,1
隨後諮詢,1
當導護,1
裡剛,1
前後打,1
十幾通,1
最後總共給,1
折衷,1
品釣魚,1
然後畫,1
成求,1
超會代操,1
這家代操,1
務領,1
某公園面,1
領卡,1
寄卡才,1
有緣分,1
滿想,1
卡涉,1
其後投,1
資持續,1
對方抖,1
某經紀,1
故可協助,1
更多現,1
實金錢,1
令吉,1
匯結婚,1
開外匯,1
露娜楓,1
義工,1
輔助款,1
急售門票,1
進黃牛,1
賴課,1
還演,1
卻險,1
過星展,1
內視,1
加店,1
許多張,1
新及,1
續嘉仁,1
內掛,1
還錢將,1
很早以前,1
接且,1
幾天後來,1
卡等遊,1
以佐證,1
非警職,1
完泰達幣,1
礦兌,1
經允,1
許亂,1
到源頭,1
著卡匣,1
某電腦,1
家門樓,1
連醫院,1
將那間,1
繁爭,1
充當驗,1
家卉,1
惊觉,1
車尾,1
之交談,1
元等語,1
予江女,1
商塗,1
刑詐,1
防字,1
號函請,1
但詢,1
騙字樣,1
故調,1
閱聯,1
簡訊刷,1
清之路邊,1
競標樂,1
傳一處位,1
勸退,1
木明,1
對方續,1
問後驚覺,1
經理溝,1
柯玉婷,1
柯女,1
以二維碼,1
得查,1
萬好,1
某期貨,1
電商易,1
入貨,1
跨電,1
商系統,1
筆後又繼續,1
最後我陸,1
妥換匯,1
純純小編,1
秘書的賴,1
創建售,1
佳貝恩,1
售噴霧器,1
朱婉寧,1
雅室,1
軟體長,1
王敬勳,1
現從,1
二王,1
子確,1
這一幫,1
出金什麼,1
講來,1
講去,1
賴便,1
張民便,1
萬當天,1
入後出,1
描後就,1
方換成,1
曹程翔,1
嫌華南,1
統一處,1
理資金,1
張卡包,1
老楓,1
華開始,1
勁問,1
人來訊息,1
音還,1
兒子給,1
做暱,1
中噓,1
前言,1
語對,1
謝霖,1
詢共損,1
消費後發現,1
稱會取,1
完的幣,1
音電子,1
商永,1
處理托運,1
完話,1
戶領,1
貨斗上,1
間店,1
要考,1
差報,1
許幫,1
卡迪亞,1
稱寫,1
幣樂區,1
筆電賣給,1
護腰,1
矯姿,1
鈺慧,1
恐懼裡,1
各給,1
補業績,1
說幣安,1
期儲存,1
組助記,1
查鏈,1
詞交給,1
關鍵密,1
冷小美,1
見鹿,1
剖腹,1
換具體,1
保賣家,1
務所持,1
要供,1
因威脅,1
行之,1
賽程,1
循環至,1
還有督導,1
需統計,1
艾莉稱,1
鑽石教,1
請主動,1
玉如意,1
絕不將,1
須核實,1
巡航,1
貨幣成,1
打虛擬,1
心始,1
數成,1
可修,1
沒義務,1
點小麻煩,1
假熱絡,1
熱到,1
組到,1
想學點理,1
資訊千萬要,1
最多要,1
經掛,1
完後顯,1
免於後續,1
完之後馬,1
萊恩說,1
相當長,1
再長,1
優惠所,1
筆保釋,1
權限用,1
方有過,1
補助代辦,1
信勿傳,1
電引導,1
營業員為,1
工事,1
項和津,1
明像,1
分數會,1
還說關,1
有階段,1
裡的營,1
那幾年,1
的營,1
超有療,1
師夏尼,1
保健用品,1
精華修,1
賽一樣,1
資訊量,1
商訂購,1
給賠,1
最不願意,1
不太互動,1
吉興,1
體回,1
廢四機,1
號由交貨,1
專員密碼,1
並於盜,1
貴婦團,1
包小號,1
金三萬,1
幫業,1
主安裝,1
手安裝,1
業主確,1
收執,1
何玉,1
承諾安裝,1
隨後賴,1
將搬,1
新家還,1
具要,1
將交屋,1
櫥具,1
通報並,1
資訊核,1
貨幣區,1
繳後續,1
找林俊傑,1
方坦,1
價說,1
將物資,1
元福門市,1
物資為,1
保久乳,1
鋁箔,1
將貨取,1
版有,1
版所留,1
買方要,1
轉靈,1
嘉義和,1
稱林雨沫,1
經循經,1
數天後對方,1
服務表,1
夜為,1
各間,1
突傳訊息,1
滿要,1
下載紙,1
完買,1
資就會,1
從整,1
銅鑼,1
照地點,1
給酬,1
著太陽,1
越密,1
販售德,1
鏈鋸機,1
連圖,1
叫陳忠興,1
起來口,1
氣實,1
那美,1
克星,1
卡和現,1
金寄去,1
萬一慢,1
辟邪,1
除妖,1
阿紅,1
分不清楚,1
這產業,1
改約定,1
都毀,1
攝影燈,1
異常後嘗試,1
投資冷,1
分紅利潤,1
媳婦給,1
潤新,1
單產出,1
雖然會,1
組帝,1
盡量採,1
時先諮詢,1
金等行,1
慧等,1
教導當,1
異常主動,1
蔣尚宏,1
年後便,1
閃會,1
態極,1
校門市,1
透買,1
春安三街,1
其任,1
超愛睡,1
售孫燕,1
姿特區,1
私給,1
小猴子,1
天線,1
某間夾,1
玩夾,1
私訊台,1
換版,1
玩爽,1
鄒筆倫,1
宗打,1
大慶捷,1
方臉,1
中旅,1
賣首飾,1
宏及,1
營業员,1
皮詐,1
華領,1
白檢察官,1
中三信,1
經放妥,1
沉下,1
車員,1
彌月試,1
母親育兒,1
筆錢進,1
巴國際版,1
亂收,1
花中,1
之蕾,1
彩及,1
卡認,1
永興路,1
弘新門市,1
號和梧,1
棲區,1
真寶山珠,1
火源,1
智司機,1
金發,1
號資,1
沒該,1
輝自稱,1
超商大甲,1
區甲,1
會寄還,1
叫小劉,1
然後技術員會,1
劉和技術員,1
經曉,1
場網址,1
百匯,1
小七門口,1
當這個,1
問家裡,1
面對損,1
無法和網,1
林燦恩,1
瘋珠,1
仔親子,1
林鼓勵,1
存儲,1
呼裡面,1
伴友,1
友費,1
林靖佳,1
紅利始,1
唐平霞,1
小七購,1
介紹將,1
終共花,1
卡業務時,1
曾文軒,1
下給,1
利款,1
待談,1
點開後僅,1
代書傅,1
日欲轉,1
房東時,1
勝資產,1
買家陳惠娟,1
吳佳傑,1
內到場,1
百分之二十五,1
事發生,1
各三萬,1
林育華,1
北北帶,1
殺名,1
帶除,1
新馬台,1
將實,1
金賢,1
回國照,1
顧母親,1
走大額,1
許哲豪,1
一著,1
買不夠,1
剛開通,1
李育群,1
打款給,1
美顏,1
朱雅君,1
幫規,1
紀錄查,1
兼系,1
從內,1
幣之軟體,1
區幣,1
貨幣後即,1
給沈,1
之後惟,1
親友嚴,1
掉幣值,1
慧所,1
車標,1
開一開,1
牽過,1
繃緊,1
一踏進,1
加小賴,1
連結觀,1
賴惜萍將,1
假勞,1
稱勞,1
信義鄉,1
該勞,1
負責償還,1
興區,1
興郵局,1
信義的,1
張文忠詐,1
繳納現,1
畢後去,1
商海,1
航門市,1
原門市,1
發文貸,1
內共購,1
阿呆,1
轉送予,1
電信來,1
繳之費,1
惟遠,1
經致電,1
知中國信,1
靠你了,1
通話紀,1
商蓮山門市,1
蘆薈凝膠,1
接觸民間,1
稱其遠,1
貿門市,1
之後已,1
來凍,1
日派員,1
萬楓,1
千萬遊,1
中金幣,1
王檢,1
我會成,1
廖梓,1
孫淑敏,1
進臉,1
明訂購,1
鋁粒,1
交貨有,1
卡出門,1
鳳林路,1
因見面,1
計畫給,1
遇騙局,1
新廣告,1
選之後竟,1
面後拍,1
貨幣變,1
承諾成,1
吳湘閔,1
葉小狼,1
學員交換,1
柴栗,1
快來網,1
還營,1
透由賣,1
滿強,1
東西真,1
鎖才,1
魂千萬別,1
惡魔黨,1
青眼,1
白龍,1
每一款,1
顧好,1
方貨款,1
並追,1
米恩聲,1
米恩傳,1
我愛金,1
巨峰,1
韻律機,1
市售,1
某借,1
郭少華,1
故查,1
認細,1
網友彤彤,1
元凱,1
單位將,1
蘇組,1
幣台灣,1
抽中何,1
須排,1
成員之間,1
成員龍,1
曾文,1
商後營,1
商台,1
社團平,1
依雙方,1
前後有,1
修齊門市,1
內寄賣,1
丁偉展,1
顏聖維,1
無匯款,1
美包,1
裝余世文,1
欣安見面,1
位人數,1
臉書林靖捷,1
王文傑,1
繳費共損,1
徐勝義,1
其證號,1
房巢,1
限實動態,1
百強,1
測完,1
發存,1
酒局,1
劉凱峰,1
因港幣屬,1
虛經,1
數事,1
兩岸電,1
價收,1
了電,1
股論經,1
經遊戲,1
業且,1
並無赴,1
遭詐後續,1
藥投資,1
名要,1
交面,1
多以,1
低金額,1
至歸仁,1
名綽號,1
木鳥,1
商新家,1
專門市,1
之耳機,1
有雜,1
路亞買,1
年款,1
海盧,1
續林婉慧試,1
探詢問,1
艾華,1
林艾華韋,1
操盤員線,1
林愛華,1
愛華,1
還樂天,1
賣後之貨款,1
欲放棄,1
彰銀大甲,1
店怕,1
何狀況,1
奕豐,1
之資產代,1
內容類,1
似資產,1
核計,1
完後可,1
惟超,1
這兩組,1
不無聊,1
美恩,1
壺老壺,1
文裡面,1
放煙火,1
買煙,1
火來,1
將煙火,1
由林悅,1
繳網,1
並由林悅,1
選紀念品,1
蘇曉婉處理,1
蘇曉婉便,1
付網,1
簡介時,1
工班作,1
並能將,1
檸茶,1
分順利,1
轉黃金,1
跟林,1
額忘記,1
畢後一樣,1
載後登入,1
領取帳,1
位認,1
位號碼,1
進去後並,1
安聊,1
張男後續,1
義確,1
認撥款,1
之後閒,1
實際來,1
修到,1
五六十,1
萬請別,1
繁中版,1
因名,1
程連結,1
位台,1
台空氣,1
要交貨,1
幫校,1
商產生,1
劉局,1
經理購,1
需團,1
進團,1
元團隊,1
這位師,1
傅後來,1
搜隊,1
力歐,1
快止,1
鞠遙嘉,1
肯特,1
崗路,1
徐義徐,1
電話後態度,1
潛能理,1
財社,1
資保護,1
賴再,1
賴用,1
但六萬元,1
許再付,1
還困擾,1
國聯絡,1
接不接,1
部發,1
友好度,1
環境裡,1
伯華證券,1
機嘗試,1
連負,1
險保險,1
誘導花,1
還一無所,1
金流權,1
累計制,1
之後就陸,1
有益健康,1
調味料,1
蠻仗,1
夠我記,1
單純出,1
清一樣,1
投資稅,1
過宜蘭,1
職員到,1
備料,1
先轉幣,1
那五個,1
人欠,1
電話續,1
手機聲,1
轉撥,1
無犯,1
號霧峰,1
國小大門口,1
所陳述,1
月島,1
加此,1
專員後接,1
因錢匯,1
牆外,1
開車過,1
寄密碼,1
台中大里,1
修的車,1
元工,1
因少,1
搜尋點,1
繳成,1
還我們,1
哲坐,1
台歷,1
著零錢,1
包寄來,1
機館,1
爆走,1
財產當,1
前組,1
補助物,1
資需,1
信其為,1
梅賽,1
德斯,1
並非樂,1
區閒,1
日陸續繳,1
太多太多,1
然後等驗,1
截圖問,1
支金手,1
鐲給,1
納公證,1
反來電,1
惠双,1
讓後面,1
阿樂及,1
鎮萊爾富,1
美人店,1
鎮埔灃,1
王玉潔,1
劉劉之人,1
職需,1
遮蓋,1
保證語,1
任務去,1
任務變,1
成聲,1
成員自,1
會別,1
名義參加,1
拖垮,1
其承擔,1
並於內文,1
帳不清,1
阿尼,1
機逛,1
以後都會,1
還大約,1
不團結,1
撕破,1
單然後由順,1
豐來,1
遞頁,1
運密碼,1
明欄,1
手動加,1
日衝,1
上念給,1
該耳機,1
整版,1
看命,1
財氣,1
補運,1
神神,1
叨叨,1
當常見,1
毫無意義,1
戲演,1
一換,1
反傭金,1
關於冷凍,1
為佑祥,1
名為芹,1
我浩陽,1
董藝雅聲,1
結農會,1
父親轉,1
強認證,1
醫美徵才,1
超驚人,1
戀愛跳,1
然後變,1
還挺主動,1
可愛又親切,1
浩康,1
之後就展,1
開熱絡,1
推進器,1
認後下,1
連廠,1
改系統,1
文澤,1
用約,1
陸來,1
然需,1
嗣後驚覺,1
強透過,1
強便,1
例資金,1
協議須,1
健班中,1
君購,1
多交錢,1
能玩能,1
匯錢關,1
付驗,1
幾天剛,1
簽走,1
會得標,1
會主,1
充電頭,1
改訂,1
研創,1
問代辦,1
永遠永遠,1
外化,1
網網,1
稱羅濟國,1
其視,1
無露點,1
缺些,1
經營動,1
漫團購,1
整貨,1
苦無門路,1
台電發,1
貴戶,1
台電網,1
允諾要,1
取貨後打開,1
金流後至,1
報酬還,1
借住,1
保險業務員傳,1
護士,1
中藥給,1
減內臟,1
設萊賣,1
貨商場,1
網聲,1
文翻,1
仍無音,1
機哩,1
其飛,1
機哩程,1
人六個,1
日臨,1
加萊貨,1
對塔羅,1
友勤門市,1
筍餅,1
還夾,1
這合約,1
其介紹國,1
貸領,1
一下子把,1
死光光,1
開後下,1
糧粉,1
假視,1
敬酒,1
吃罰,1
看後果,1
感會,1
蓮正門市,1
總共見面,1
前後後認證,1
結務必,1
將終,1
試著開,1
開通鉅額,1
比預,1
大太多,1
單東妮,1
度冰絲涼,1
花粉,1
林琪,1
以皆以,1
事後叫,1
區轉,1
因永豐,1
向波,1
哲勳,1
給波,1
龍鳳麻將,1
騙卡,1
十萬個,1
那空,1
認賣方,1
簡逸宸,1
豐三張,1
切片,1
區康莊,1
太晶慶典,1
中欲購,1
台版抖,1
琪佳珠,1
許多黃金,1
開立帳,1
嘉義三信,1
李欣盈,1
富盈,1
行融資,1
寬士,1
村門,1
購買腳,1
萬聯證券,1
火狐,1
台驗證,1
數請,1
並可諮詢,1
會動手,1
三萬元後才,1
棄車,1
預謀詐,1
司機別,1
時可裝,1
設車,1
內攝,1
金木研,1
人員選,1
項後開,1
啟頁,1
然後舉,1
將封鎖,1
吳曉薇,1
依業務員,1
短刀,1
可燃冰,1
總售,1
會員後向,1
通會員並,1
完回,1
行大額,1
男拉入,1
及系統,1
財華,1
區竹橋,1
竹橋,1
看戶,1
還仍,1
網友陳曉宜,1
掛失後並,1
客運新市,1
無償將,1
客車給,1
舊胎,1
盡導致,1
為驗車,1
胎共花,1
時油,1
但驗車,1
車油,1
機油費,1
遲避,1
葳聯絡,1
咀嚼,1
活躍得,1
銀買,1
堆起,1
再溫,1
貨幣線,1
還算像樣,1
高鐵下,1
事本來,1
公人,1
強森,1
裡面線,1
時輕信,1
底拿票,1
還拉攏,1
資訊付,1
處理國外,1
回國後幫,1
還有後來,1
空群組,1
電話害,1
數交錢給,1
熟幣安,1
經扣,1
理來,1
限制住,1
嗆種,1
辭下,1
陶恩新,1
這接,1
二連,1
儲值後會將,1
運動護踝,1
韶芸,1
病家,1
曾下,1
真愛嗎,1
就邊,1
嘉義新榮店,1
傳給宇,1
機構帳,1
匯獲,1
這次當,1
太正,1
太甜,1
辦英國,1
高門檻,1
當時問,1
裡面配,1
保障制度,1
連經紀,1
完簡,1
溫槍,1
某媽媽,1
會花,1
念書時,1
一萬二當,1
貸三萬,1
著三萬,1
入團,1
這經紀,1
交繳,1
亞區,1
面連續,1
組裡加,1
貨始終,1
方新開,1
催對方,1
永仁,1
擦不掉,1
取貨詐,1
債透過,1
最後接,1
至證,1
而後均,1
轉交點,1
連書名,1
梁冠宇,1
貨玉鐲,1
燈檢測,1
該玉鐲,1
賣家波,1
其價格,1
張俊宇,1
擬幣訊息,1
由之路,1
辦資,1
民自稱,1
民傳訊息給,1
師給予,1
連結銘,1
許訂,1
購元氣,1
火柴,1
江山美人,1
郵政辦,1
紙筆,1
自證書,1
每三小時,1
避災,1
災厄,1
臨身,1
陳琦貴,1
谷論壇,1
帳賣車,1
由鄰,1
故委請,1
鄰居代為,1
組初,1
音未來,1
重劃區,1
筆一萬四,1
雙方至,1
依教學,1
方儲值,1
多次重,1
王宇欣,1
五檔,1
渠遭,1
這一項,1
詢問後稱,1
金幣則,1
已花,1
方後轉,1
介一,1
稱陳昊傑,1
股穩,1
商共相約,1
方想加,1
砍手,1
跟理,1
家裡裝,1
修用,1
某黃金,1
徐之妤,1
填過,1
形狀,1
親至,1
引人注意,1
內群,1
比交,1
血粉,1
車看,1
簽當票,1
按時繳,1
問服務,1
偵訊社,1
威脅將,1
聯絡的關,1
現金損,1
失外,1
他母,1
親會,1
為陳逸軒,1
從媽媽,1
閃電愛心,1
貨後打,1
石虛擬,1
鑽石幣,1
還同,1
台中八國,1
存虛擬,1
補至,1
鄧曉彤,1
松和店,1
遲托委不交票,1
想實,1
哥說,1
作惡,1
小夢聲,1
過母,1
平易近人,1
時代見面,1
經理報,1
牽姻,1
失禮,1
過來查,1
行銷網,1
結解凍,1
離系,1
租任,1
方未到,1
清中門市,1
區董,1
公街,1
剛遇,1
我等驗,1
劉佳惠,1
故馬上,1
月後續,1
方之後有,1
兒益,1
跟家長,1
成員及,1
先台幣,1
跟鐘,1
檔上,1
之後總隊,1
幫法,1
出些,1
塗城,1
將黃,1
然後鐘,1
後鐘,1
跟代書要,1
這實覺,1
貨運八國,1
人噓,1
稱是幣,1
及馬力,1
之碎,1
木機,1
給取,1
以票,1
遭風,1
打別,1
全說,1
滿假,1
沒露,1
照著視,1
不太會講,1
比手,1
畫腳,1
設鬧鐘,1
錢扣,1
現場後用,1
寫著點,1
變空,1
裡滑來,1
還滿開,1
或家電,1
還不太敢轉,1
毫無異樣,1
第四位,1
前三位,1
訂金將,1
供匯款,1
修之人,1
臉書談,1
日達成,1
續籌,1
至滯,1
元後可,1
時惠,1
需走,1
無誠意,1
履約並,1
專注批,1
發羊爸,1
求歡,1
雖然後面,1
著響,1
多卡牌,1
課來,1
得代價,1
多個幣,1
再和幣,1
幣額,1
魚公,1
接忘記,1
抽鍵,1
詢價表單,1
求商,1
業發票,1
新榮路,1
去灣,1
橋載,1
一算覺,1
換對,1
新郵局,1
於給,1
家樂福嘉義,1
交郵局,1
給我問,1
然後派,1
還沒審,1
核之類,1
戲東,1
股長,1
心日,1
志耀,1
專訓,1
發布轉,1
李可智,1
師有,1
師教導,1
稱山豬,1
商向,1
星宇張,1
維有,1
維秘書,1
續向,1
以幣安裡,1
以幣安錢,1
納營,1
願協助,1
方毀,1
將其存,1
證明費用,1
買後犯,1
定門票,1
面渡,1
過下,1
灣無法,1
內門市,1
大內區,1
城里,1
崇光,1
順發當,1
股團,1
便承諾會,1
石翔翔,1
裡遭,1
僅損失,1
師出,1
問覺,1
詢問長,1
告至,1
自噴式,1
堵漏,1
最靈姻,1
緣守護神,1
七娘媽,1
咕卡手,1
帳娃衣,1
購大陸,1
至代購,1
要員工,1
債務代償,1
富理財,1
先貼,1
契約會,1
代書來,1
稱陳子,1
賣六福村,1
王浩之人加,1
遭前,1
非所其,1
有且,1
每字,1
中國網,1
資訊都還,1
時多給,1
回贈給,1
禮頁,1
稱亞東,1
江藥,1
領管,1
過亞東,1
拿健,1
隊林志強,1
徒步走,1
詢時始,1
承志,1
思惠,1
或升級,1
點按後並,1
寶雅詐,1
禮金時,1
負責開,1
爆快,1
給所屬,1
遇過類,1
品鞋,1
拍賣現,1
上領,1
我靜,1
媽媽代為,1
艱苦,1
錢空,1
惡夢是,1
鍵時,1
不手,1
為幣別,1
甩入,1
對抗,1
透過將,1
報線,1
潮音,1
任務稱,1
常結,1
合詐,1
法皆為,1
數十萬到,1
應選,1
戶匯款,1
一筆代辦,1
最新型,1
連珠炮,1
有動力,1
對方承諾過,1
自回國,1
繳納頭,1
還說車,1
商會給,1
費和強,1
團搜尋罕見,1
或卡帶,1
投資產業,1
我太不夠,1
以認,1
某事,1
活儲存,1
種行,1
並堅決,1
然後又下,1
瓜葛,1
用訂,1
取溢,1
著捷運,1
高密度,1
出車資,1
搭高鐵,1
被員,1
一個後來,1
並傳訊息聲,1
寵愛不,1
號得,1
這位員,1
總共令,1
貨柯經理,1
對方的後續,1
並只,1
卡狀態,1
自高雄戶,1
並證明,1
鎮頂,1
阿暘,1
則已,1
一組名,1
瑪奇瑪,1
沮喪及,1
金絲邊,1
權限碼,1
換算率,1
我證實,1
談會,1
取見面,1
隨著時,1
作威脅,1
蕭淑萍,1
先關,1
時分轉,1
輕人靠,1
有險,1
廂賣,1
結資,1
服務驗,1
還那,1
蠻流暢,1
單金流,1
庭之人,1
倚詢,1
蔡員,1
熱愛騎車,1
這兩頂,1
應取,1
區洗,1
過鍍,1
手進,1
嘉義面,1
方會還,1
終沒有還,1
蔣志鴻,1
還財物,1
個門,1
獲利因,1
錄及,1
稱經理,1
發言為,1
組封鎖,1
資訊訪,1
偉人,1
蔡筠,1
蔡芯雅,1
涿鹿,1
帳多,1
討論園,1
晨光熹微,1
隨後由名,1
可代出,1
出裝備,1
財經書,1
獨眼,1
桶裝,1
證物室,1
經四處,1
一經理,1
日華南,1
二女,1
兒經,1
小兵,1
處理則,1
帳遭,1
完承後輪,1
靠網,1
資產到,1
事後用,1
取團購,1
網連,1
志福香,1
行員告,1
商寧,1
波門市,1
六台,1
冷氣費用,1
方震,1
十人份,1
費酬,1
技術理,1
戰果,1
任務前,1
越嚴,1
其所言,1
純黃金項,1
貨品將,1
鍍金項,1
未蓋,1
保證章,1
共分次,1
會由司,1
計件費,1
費自動,1
上卡,1
心裡煩,1
破除,1
重燃舊,1
運薄,1
法門,1
得花點,1
購煙,1
貨各種,1
閒聊後對,1
循貼,1
三雕,1
中密,1
賴說,1
稱寄錯,1
上尋,1
並於虛擬,1
更介紹,1
做代墊,1
耀立,1
並開出,1
開始後怕,1
著團隊,1
熱昏,1
萬轉入,1
拍一張,1
或性,1
富匯,1
雅思,1
四驅車,1
之輪胎,1
失新幣幣,1
詢間,1
愛一陣子,1
獲利虛擬,1
警電話,1
周生生,1
劉嘉翰,1
假去,1
待命,1
家通訊,1
隨後我媽,1
辛蒂,1
海蒂,1
給海蒂,1
網路代碼,1
續有誤,1
付費沙,1
網遠通,1
面查詢,1
會事,1
一星展,1
資金異,1
常流,1
作鈔票,1
地檢當,1
身受,1
集團線,1
購黃金,1
洩為,1
群警員,1
中無線,1
電傳來,1
檢可協助,1
續陳元璋,1
憲已,1
觀察行員,1
鐘後有,1
遲不回,1
阻始,1
關電動車,1
幣一萬元購,1
寄車給,1
吉運,1
位雲端,1
堪用,1
之代號,1
二封,1
月誤,1
凡國際,1
項目系,1
購禮品,1
及約會,1
厚磚,1
方形,1
梶蓮徽,1
買沙,1
頭社,1
商瑞峰,1
水里,1
問可撥,1
訊息樣,1
紙遭,1
已無資訊,1
投資後給,1
豪連結,1
方工,1
嶺東,1
介紹永續,1
離岸,1
風電,1
證職務,1
褲來,1
得源,1
幫媳,1
婦度,1
云安,1
我乾女,1
兒劉,1
沒加過,1
通授,1
權金流,1
車處理,1
以後購車,1
山宅,1
借遍,1
號周圍,1
結後用,1
過倫理,1
同濟會,1
認識會長,1
其會長,1
翰詮,1
店會面,1
部副,1
推特誤,1
跟元,1
以助,1
我四間,1
八國站,1
保資,1
資門市,1
土裡,1
只盼報,1
警後能,1
內郵件,1
碼後進行,1
人員後稱,1
金幫忙,1
繳納手,1
時電,1
網發文,1
悅有,1
完黃金,1
北二路,1
阿賢賢,1
世賢,1
一門票,1
杜拜幣,1
不愛吃,1
方皆無法,1
每人每天,1
曾致,1
電客,1
戶確,1
阿阳,1
還無,1
加十萬,1
毒打,1
討論始,1
該明,1
幼保,1
職教學,1
入選,1
花一筆,1
採取後收,1
同金額,1
救前,1
納技術費,1
正之類,1
我會變,1
五萬元現,1
著大約,1
行員聊,1
那不錯,1
散熱,1
出大獎,1
沒撈,1
區一樓,1
搭火車,1
坐計,1
掉換,1
用詢,1
仍無解決,1
項之時,1
並與攤,1
販購,1
經訊息,1
供當事,1
曾國華,1
僅該,1
緊示,1
團配,1
按儲值,1
王雪晴,1
許明宏,1
匯資金用,1
甲素,1
全素,1
白糖,1
吃素,1
幾聲,1
賺副業,1
其存,1
稱要驗,1
旗津,1
服務導致,1
單轉帳,1
盜慣,1
該人頭,1
稱鑫龍,1
國貿,1
搶股,1
過的網,1
掏走,1
那邊查,1
小貝童,1
巨乳,1
貝貝之人,1
看市,1
場會,1
金流商,1
投資準,1
賈馨,1
旁大樹,1
卡等且,1
警遭,1
筆電小,1
鋪子,1
琳琳豬,1
小豬豬,1
著若能,1
供車,1
手拿取,1
無拿取,1
點靈,1
偽裝永豐金,1
金該,1
王慧婷,1
遭行員及,1
經由網,1
並在後面,1
仔湯,1
一碗,1
蛋包,1
魚蛋,1
隨張,1
本市,1
賣冷凍,1
張凱捷,1
李佳羽,1
搜尋儲值,1
實入,1
可離,1
追單,1
智所,1
集團車,1
傳真機,1
張曉曉,1
運至宅,1
例致,1
輕易套,1
媽把,1
微信加,1
寶連結,1
連微,1
誠泰銀行,1
化妝包,1
正掉,1
判断力,1
國泰世華人員,1
掃前,1
幫忙代出,1
金後再,1
機業務,1
目毫,1
動來電,1
何貨款,1
箱酒,1
此後他,1
宋文達,1
文私訊,1
完後綠界,1
網友曉慧,1
現威脅,1
致電華南,1
某愛心,1
協助弱,1
勢民眾,1
交寄費用,1
兩萬元並,1
過的業者,1
兩艘,1
返航,1
合乎情理,1
進港,1
具銷售,1
葉機,1
交貨前,1
至民間,1
閱金,1
結變,1
電其市,1
所寫,1
是極,1
奢名,1
崇大門市,1
優雅氣質,1
手鐲後要,1
名義者,1
週後對方,1
總共六張,1
兩角,1
遠高,1
熱衷理財,1
以後聯絡用,1
順著談,1
重慶牙醫,1
看牙,1
楊榮,1
吉醫師,1
六顆,1
回診,1
說牙套,1
只裝,1
資就行,1
賣雞,1
炸油,1
內部價,1
油來,1
有運動,1
獲得會員,1
敲訊息,1
加拿大籍,1
王以綸,1
完畢會,1
新事業,1
醫美小,1
王嘉宇,1
鐲比,1
前後後就花,1
親人換,1
之後一頭,1
百度,1
問我現,1
過抖音,1
確沒什麼,1
修補膏,1
亞洲店,1
需資深,1
四德,1
張蓉,1
中友,1
愈大驚,1
給陳董,1
明杰,1
夢聯盟,1
竹坑,1
步道,1
布告,1
炒蛋,1
覺夠,1
明過,1
商取貨,1
並儲存,1
小額匯,1
看著戶,1
頭裡少,1
前些年,1
轉了數,1
我抖,1
前題,1
絕匯款,1
專啦,1
要六萬元,1
終於談,1
最後降價,1
交並交,1
詮美珠,1
寶面,1
裡的花,1
李佳樂,1
日比賽,1
因聽聞,1
持續轉,1
創建建,1
配線,1
許聖傑,1
增減,1
叫夕陽,1
攻心,1
浩成,1
浩成給,1
音國際板,1
優惠賣場,1
震住,1
這我腦,1
波瞬間,1
變超弱,1
自阿聯酋,1
查購,1
單純驗,1
台幣分,1
玩光遇,1
資產進,1
燈罩,1
艾制,1
收貨網,1
還加點,1
對方團,1
太震,1
安迪學習,1
不補齊,1
生了,1
獎文,1
義守,1
領也,1
三十五元,1
張文龍,1
面跳轉,1
智選股,1
面感,1
覺超,1
額截圖,1
顆紅寶石,1
種遊戲,1
以解凍,1
零頭款,1
運宅配,1
項凍,1
司馬靜怡,1
戶申,1
張寶可夢,1
艾莉絲,1
蒼炎刃,1
續傳,1
過之人,1
這一照,1
感和自責,1
進後顯示,1
夾乙個,1
元後沒有,1
萬轉換,1
貨幣後犯,1
小風,1
至不讀,1
或底,1
代數位,1
資產幣商,1
韻玲進,1
共利,1
簽冒,1
偉鴻隊,1
秘書代為,1
智力,1
遊戲線,1
傳現,1
其教學,1
兩萬元轉,1
金薪,1
柳詩詩,1
周偉翔,1
警員黃耀武,1
進網路,1
當出現,1
組傳授,1
麥可,1
定代練,1
完後以,1
我代練費,1
財運之光,1
特電玩,1
用萊爾富,1
參加且,1
續主,1
須均,1
世翊門市,1
簡訊後才,1
查美國,1
權狀以,1
權狀予,1
剩餘貸,1
監管金,1
腺癌,1
車後方,1
車禍來,1
騙理,1
自稱換,1
思漫,1
領六萬元,1
東見,1
特區票,1
票且,1
互許,1
婚友,1
動起,1
租仲信,1
叫黃鈺,1
商程,1
香門市,1
債債務人,1
匯錢入,1
世宇,1
外務員來,1
車置,1
免費網,1
看在網,1
俱樂部裡,1
再層層,1
帳戶後購,1
該林嘉正,1
貨名義,1
給我入,1
遇名,1
億之人,1
幫人代儲,1
手地,1
內後當面,1
無金,1
購共計,1
李芷怡,1
郵政屏,1
裡全數,1
遊到,1
千鈞,1
蔣琬,1
張志超,1
金之後還,1
雪瑛,1
萬後想,1
認識後成,1
筆土筆,1
試去,1
豐貨,1
權動作,1
之後授權,1
吊掛,1
總維,1
修費用,1
某汽車,1
旺鴻有,1
樂事,1
賞心,1
加鋁圈,1
騷動,1
元珠,1
高貴,1
張珠,1
寶證書,1
珠寶光澤,1
工法,1
碾碎,1
不留情,1
但求,1
正義別,1
打著珠,1
寶光環,1
快樂房,1
詳細合,1
游佳臻,1
不給付,1
標著,1
紅字,1
哪一筆,1
自星展,1
打星展,1
視而,1
用三萬,1
許追,1
該負,1
李文惠,1
警號,1
報案證,1
著想證,1
這支號,1
汪鈴錦,1
高振程,1
我後致,1
辦四張,1
獲得營,1
黛芸,1
研的,1
通後要,1
請後有,1
阿堂,1
買格蘭利威,1
惟事後感,1
談好後用,1
認飯,1
店訂,1
他販,1
寵物用,1
繳月費,1
賣馬賽,1
洽談業,1
發兩次,1
宣傳台,1
並不負責,1
肺部,1
軍門門市,1
台潭店,1
村台,1
因薪,1
詢綠界,1
個珠,1
福營,1
曉楠,1
恆泰及,1
動買,1
新會,1
可及,1
筆牙,1
醫費用,1
我點訊息,1
因欲至,1
彈藥庫,1
蔡馨馨,1
商林俊傑,1
將重,1
陳俊廷,1
匯入額,1
組慕赫,1
朱惠怡,1
偉晉,1
之資產,1
傳性,1
稱本要,1
玉鳳,1
號貨,1
直致,1
帳後以,1
漢通,1
偵三大隊,1
須資產會,1
會員廣告,1
開通會員後儲值,1
點是,1
內傳,1
續帳,1
先抽,1
用媽媽,1
方檢查,1
有代碼,1
其妻,1
入新,1
還揚言稱,1
如申,1
欣店,1
還遺失,1
優惠抱,1
審核動作,1
原購入,1
猶豫中,1
幼蓁,1
太陽春,1
想吸,1
日鑑,1
美國華僑,1
職了,1
點業績,1
丟網址給,1
這種幣,1
隔夜,1
鐘堅仁,1
潘家浩,1
優惠快,1
領號,1
劉剛,1
保掃,1
微信語,1
上卡關,1
張忠謀要,1
他忠實,1
加了吳,1
粉絲太多,1
專車,1
來廣告,1
一橫照,1
實在講,1
交換設,1
繳費轉,1
內容將,1
隆領,1
從以,1
幣並將,1
轉至幣安,1
場未,1
對方共轉,1
單半導體,1
資懋營業員,1
資懋,1
螳螂,1
捕蟬,1
將資金給,1
而備,1
管會針,1
宇承幣,1
不明真相,1
億詢問,1
該進,1
善存,1
今往,1
慘然,1
熱愛時代,1
金及驗,1
因里長,1
會聊,1
根據個,1
負起責,1
任返,1
常玩虛擬,1
開分,1
線纜,1
滿腦,1
雖不高,1
臨無止,1
貸款務必,1
高冷,1
山豹,1
當行業,1
請慎選,1
和代,1
裡開戶,1
有業務員前,1
竟持,1
擊得,1
運程,1
改運來,1
總共貨到,1
好以,1
給人驗,1
預警將,1
語還,1
實際談,1
供查驗,1
出入境,1
異國戀,1
林士傑,1
入出境,1
設計進,1
臨櫃照,1
聽來電,1
經當面,1
狀才,1
顆及,1
顆蓮霧,1
樹苗及,1
購之品,1
沒共識,1
貢金,1
星彩行,1
想關,1
放著絕,1
悅人,1
聊酒,1
意義又有,1
合募,1
已經答,1
心才終,1
常鼓勵,1
先開卡,1
點半科長,1
德偉,1
張亦辰,1
夏夢瑤,1
塵蟎機,1
購塵,1
鞋號,1
含宅,1
願加,1
元加購,1
獲利商,1
稱萍萍,1
遭閨密,1
還債且,1
完債務,1
日談話,1
阻後才,1
淑婉,1
談療效,1
多苦,1
養父,1
萬喪葬費,1
跳成,1
另告,1
炮卡終,1
身會員,1
郵寄錢給,1
郵寄錢,1
渠問,1
怡寶的,1
怡寶問,1
無動產及,1
濃郵局,1
優筱,1
急給,1
裡查詢,1
區優質,1
鄭詒蔓,1
二胡,1
北區育,1
遇有疑,1
說會轉,1
並保護個,1
洪宥傑,1
張承翔,1
雖照,1
任務作,1
並於接,1
偷資金額,1
群氣氛,1
投了資,1
換更高,1
洗得,1
畫出,1
那邊則,1
惠來,1
文財廟,1
貨實際,1
衝現場,1
文紀錄,1
臨櫃台,1
愛如花兒,1
巷潭雅神,1
好存,1
雅神,1
新鮮事,1
證跟護照,1
范功,1
日先給,1
點吃飯,1
跟鶴見面,1
給鶴,1
接著鶴,1
張樂團,1
合計近,1
連設定,1
週日,1
億個,1
剛進行,1
稱寶雅及,1
並與范,1
契書,1
開始范,1
給范,1
並請范,1
吳芳蘭,1
女兒委,1
遭詐票,1
加外,1
回傳到,1
畏懼續,1
財物款,1
東龍藝,1
品館,1
對方彰,1
性工作者,1
馮安,1
覓靜,1
伴能,1
已深,1
嗷嗷,1
傷很重,1
瑪亞斯,1
通詮,1
龍旺,1
那斯達克,1
翻幾倍,1
卓蘭,1
包飛,1
顏旭宏,1
聽久,1
舒俱萊手,1
手排,1
需靠,1
勁後上,1
亞伯斯,1
入金多,1
筆後發,1
楊宗平,1
面一,1
跳開,1
張遠雄,1
這賺頭,1
還暗,1
幫生技,1
了剛,1
方後沒,1
我人準,1
快亮,1
終端驗證,1
資填錯,1
多貴,1
前後將,1
那軟體,1
畫面秀出,1
人一模,1
將幾十萬匯,1
給刷,1
特別委,1
帶著委,1
沒後續,1
前後後總共見,1
誤代碼,1
抽光,1
還傳截,1
說貸,1
萬實,1
週付,1
地用類,1
關轉,1
變兩次,1
誠信匯,1
案想進,1
部驗證,1
園遊會,1
攤時,1
炮訊息,1
投資訊息且,1
組後即,1
詐團加,1
貨不常見,1
越久越,1
記代,1
寫員廣告,1
田小君,1
國泰世華業務部,1
給徐瑜廷,1
單後一,1
臉震,1
上學點,1
大陸騰,1
切中,1
主當時,1
我人現,1
率來,1
訊息後才,1
傳後會,1
用見,1
錢後都,1
罐等品,1
買家當,1
諺融,1
劉永源給,1
劉永,1
之後劉諺,1
阿佩佩,1
在幣托,1
集團華南,1
及寄件,1
其身,1
日謊,1
與穎兒,1
廉政公署,1
宅經濟,1
薪資內,1
幫介紹,1
將安裝,1
芯綠,1
帆向,1
車行後該,1
帆即,1
然猴傳,1
騙後先,1
依郵件,1
雲端線,1
由綠界,1
日由合庫,1
事小紅書代購,1
卡掃描,1
致電本,1
運泳,1
渠土,1
萬後才,1
電來,1
西亞網,1
劉志平,1
來須,1
盒裡並,1
知書,1
財聚閣,1
無下載,1
詢諧,1
有諧,1
網詢問,1
至菁,1
排賣,1
献鈞,1
稱陳俊豪,1
蔣欣主動加,1
給我榮,1
南將,1
海膽,1
商新園,1
非當,1
初達成,1
資料訴,1
台灣欲開,1
以馬來,1
及陽信,1
芷勻,1
學員個,1
元歸還,1
事後封鎖,1
恆及,1
加約會,1
未約,1
仍主動,1
包幫,1
京商,1
轉了許,1
人員細心,1
費抽獎品,1
名義的款,1
購買試,1
我則給,1
認珠,1
對個資,1
采烈點,1
槓求,1
兄道弟,1
給了驗,1
我媽終,1
點平倉,1
止盈價,1
完後就會,1
電前,1
機貸款,1
帳務的關,1
溫泉路,1
西班牙文,1
課用,1
付課,1
備課,1
處理門票,1
這一講,1
樂福內,1
現向,1
任何一方,1
因事發,1
方有明,1
顯詐,1
成條碼,1
配套方案,1
入後續,1
並偵辦,1
士鼎線,1
劉茜欣,1
元差,1
台灣窄,1
莊雅,1
票員,1
地產類,1
李海龍,1
堯山門市,1
古開源,1
邵薇,1
他來加,1
問就業,1
意義是,1
分收貨,1
博正門市,1
寶代匯,1
我密暱,1
稱育兒,1
繳費後覺,1
萬用鍋,1
金小萬,1
詢問後用,1
元後惟,1
張怡萍,1
先金,1
半夏,1
阿雯,1
異常多問,1
情願轉,1
單才行,1
為黃聿凱,1
先建檔,1
去掛,1
領歐洲,1
有誠徵匯,1
兌小幫手,1
這通來,1
卡和四個,1
遭同學,1
一檢查,1
為澤林,1
李澤林,1
百吉,1
決辦法,1
這證,1
阿瑜,1
魚鱼,1
名並,1
懷疑終,1
處理涉,1
經理作,1
不頻,1
領來,1
洞察力,1
希介紹,1
文莉給,1
文莉,1
能漲,1
繳納大額,1
私訊陳雅蘭,1
雅蘭,1
交會處,1
趕到並,1
叫幣戀,1
當心類,1
萬元派,1
工金,1
泰銖六萬多,1
買家分,1
皮服,1
義就,1
瑤公舉,1
還把易付,1
別太當,1
某個幣,1
投資佛,1
具店,1
口門市,1
而後透,1
購買彩,1
哭娃,1
歌會,1
綠色款,1
選系,1
靈光晶並,1
燕玉,1
名義看,1
獎金撥,1
部助,1
連我華南,1
賣家華南,1
徵全,1
職保母,1
宅托育,1
保母證,1
孵化器,1
動給,1
應約,1
資金共港幣,1
我加澎,1
湖慧門,1
社友,1
而費用,1
卡給付,1
方所為,1
聞後驚覺,1
抑著語,1
點點頭,1
接錢,1
杯裡,1
葉靖雯,1
裡的溫,1
張舒婷,1
問保單,1
不下雨,1
貨幣後欲,1
涵之人,1
鍋之訊息,1
稱結,1
辦理業務去,1
其錯,1
樂拉霸,1
商柯達門,1
給我親,1
濃中壇,1
號易,1
商小東里,1
號至統,1
統崙門市,1
兒子求,1
遊輪,1
亞敏加,1
問卡去,1
慧琳聲,1
張一,1
謙告訴,1
搬入,1
房東確,1
軟絲竿,1
簽屬驗證,1
葉某,1
徐某,1
徐專員聲,1
組山豹,1
市個,1
忠杏,1
始之陷,1
入薪,1
給未經,1
雙十郵局,1
浪大,1
浪大邀,1
浪大內部,1
許分,1
晴幫,1
完條件,1
寄二張,1
購買納,1
數百個,1
業務主動,1
業務譚,1
還數次,1
在佶園,1
劉總劉,1
劉總,1
證書給,1
張證書,1
懷義樓,1
承賢國際,1
承賢,1
超商遠,1
耳相,1
傳類,1
我後主動,1
瑪瑙,1
人何,1
面行,1
用色,1
誘來,1
追個劇,1
一忙,1
價引,1
免入,1
免月費,1
包痛,1
缺點幣,1
項解決,1
彭合妹,1
閃閃動,1
哪天要,1
妥後用,1
還沒點,1
連點擊,1
偷光,1
張靖瀅,1
卡資料給,1
調免,1
需寄三張,1
四維門市,1
區四維路,1
夾於書本,1
日民眾,1
王健豐,1
向馬蘭,1
洪山,1
榮玉店,1
油行,1
日與賴,1
區興華,1
致導,1
發樂,1
元至紛,1
那五萬多塊,1
內欠,1
討倫時,1
師為,1
介出,1
雙耳機,1
叫陳宇,1
帕瑪氏,1
精華油,1
來督導,1
一筆換,1
好利潤,1
幾萬元用,1
威秀電,1
給你用,1
看富邦,1
醫材類,1
賣本書,1
一雙直,1
排輪,1
組一,1
幣依,1
碼叫,1
氣一轉,1
台灣少,1
連哪個幣商,1
然後從幣商,1
對方大頭,1
雜無比,1
繳國道,1
儲職金,1
韓國旗,1
朱庭葳,1
作客,1
作品集,1
編曲,1
單額度,1
鄰里間,1
老鄰,1
居加個,1
小元,1
寶形,1
裝傻地,1
那黃金,1
財智薪,1
自監管,1
證轉,1
著代,1
小時代儲,1
則選擇,1
群內訊息,1
予岑,1
賣安博機,1
呂一,1
可教學,1
因風控,1
之後洪庭瑋,1
臨櫃線,1
經專員初,1
審通,1
過後便,1
繳納要,1
人會亂,1
十幾次點,1
張發,1
嘆口氣,1
該怪,1
人裝,1
少一個,1
光是在,1
叫陳寧茜,1
炮會員卡,1
逐私,1
間共線,1
經理怕,1
給你中獎,1
要慶祝母,1
熱絡後且,1
查證後並,1
無此名,1
銀開始,1
慧傳給,1
分層,1
是並,1
繳納前,1
酒伴,1
筆蘋果,1
惟事後林,1
有虛假,1
泰所,1
魯是,1
拖購,1
半口,1
鄉元埔村,1
下用,1
朱靜怡,1
透視,1
眼靜,1
葉沁,1
共學圈,1
氣體,1
蔡承穎,1
從見,1
晉權,1
給策,1
展人,1
瀏陽,1
稱持,1
金錢匯,1
被然,1
天青,1
華三街,1
發活動,1
直轉,1
完任務,1
元法,1
事費,1
方經常,1
葉凱,1
貼塔位,1
緣來,1
單後有,1
頭巾,1
極峰牌,1
座和車,1
金一萬元後當天,1
廖經理,1
嘉義一個,1
很愛看,1
組寄來,1
寄來品,1
質爛,1
財務築,1
師宇,1
出換匯,1
一指劃,1
回聲,1
剖開,1
毫無痕跡,1
僵冷,1
半瓶,1
烈才,1
超商堡,1
迷霧裡,1
抽動,1
氣笑,1
品盛,1
吳芷涵,1
冷槍,1
掃過,1
經三個,1
關欲,1
錢劃,1
框靜,1
墳場,1
深井,1
湖底,1
筆匯出,1
會員後開通,1
賴素惠,1
前歸還,1
問來,1
問去,1
談何,1
某家電,1
一局,1
付對方,1
反之,1
內詳,1
妥後便,1
表示法,1
農金,1
講科能,1
交換予,1
故留給,1
逐至統,1
棲身,1
當賠罪,1
問理專,1
網報案,1
經任,1
學謙,1
蔡健航,1
有留,1
元育,1
遭連帶,1
稱芳芳,1
李敏魁,1
魁求證,1
給我華南,1
正給,1
結後該,1
其視訊,1
瞭天並,1
事後問,1
志源,1
稱麥,1
山葉勁,1
戰機車,1
多輸入,1
僅洗,1
玉緣,1
達珠,1
地和幣商,1
彭一,1
鎮昌,1
鐘內會給,1
領幣,1
之後再點,1
滾大錢,1
怡孜,1
人創,1
小器,1
家貼,1
兒子持,1
數卡後對,1
連結裡頭,1
一軟照,1
負責退,1
金馬,1
還會漲,1
單全收,1
蠻愛看,1
此頁,1
利虛擬,1
見理,1
部門員工,1
給之,1
這價格超,1
連東西,1
當然爾,1
經漸,1
漸聯絡,1
場投資,1
至貨幣,1
兌買,1
拒開視,1
因後欲,1
行刺,1
師一邊,1
水準,1
這設,1
計滿,1
紅腫,1
潰爛,1
剛入行,1
服務型,1
風格溫,1
順不順,1
拍本,1
給凱,1
或交給,1
妥協付,1
與過,1
自門號,1
開銀色,1
柴犬暱,1
兩禮,1
嚴男便,1
內嚴,1
將安聯,1
給嚴,1
看安聯,1
巨利,1
投資何,1
現一則,1
鐵中娃,1
方準,1
幾句問,1
期往,1
裡外,1
關注理,1
理會來,1
感遠遠,1
宇學習,1
沒放太多,1
筆剛,1
假裝賣,1
先拿點數,1
經一時,1
還一個,1
楊亞聖,1
清始,1
整達成,1
宣傳限,1
宣傳費發,1
蔡佳均,1
下安裝,1
北區幣,1
並中標,1
金橫濱店,1
槓片,1
超卓品,1
質百貨,1
販賣空,1
密該,1
很明,1
顯地,1
農業果,1
樹賣家,1
簡介稱,1
兩袋,1
方是給,1
紅毛,1
單樹苗,1
年生,1
紅毛丹,1
扦插,1
日協助,1
邦當,1
以實際,1
日禾斌,1
政邦,1
胡政邦,1
欣桃,1
人員欲維修,1
開關過,1
舊且,1
楊建國,1
最差,1
廣大機,1
藍雅,1
創建過,1
張林俊,1
小婉傳訊息給,1
出後出,1
及整,1
火幣網,1
子後以,1
將一業務,1
卡自空,1
維修馬桶,1
單收,1
林欣彤,1
報導該,1
總策畫,1
替買家,1
向代發,1
因太多訂,1
單使,1
獲利問,1
友庭庭,1
已無資金,1
林苑,1
元慶,1
何彥,1
網旨,1
率續,1
法限,1
師後續,1
以簽,1
繳銀行,1
設廠,1
鳳珠,1
芷楹,1
金銀鳥,1
緝到,1
共一個,1
李怡秋,1
吳秀君,1
集團件,1
失二張,1
銀行行,1
保正門市,1
網友求,1
傳布,1
問應用,1
出金證明,1
和豐,1
還和借,1
餐盒,1
品性,1
高層級,1
新東西,1
法下訂,1
然後刪,1
花豹,1
名目繁多,1
認驚,1
喜的後續,1
當手,1
筆鉅額款,1
能換成,1
將書法,1
過任務,1
美邀,1
先得標,1
或會議,1
張字條,1
證書並,1
組兩組,1
內免,1
共四顆,1
並依建議,1
李恩,1
世寰,1
郭婉怡,1
事新聞,1
貓的,1
貓咪要,1
很想養,1
川川珠,1
瑞錦軒,1
珠寶本,1
這幾家,1
著滿,1
嘎嘎,1
條資訊,1
每公斤,1
投資者將,1
證能夠,1
廖宇,1
威約,1
伶黛,1
并聲,1
經試,1
參加牙齒,1
林思淇,1
軟體體,1
給保證,1
路公車,1
並於高,1
公局,1
遺失並,1
處取,1
方所聲,1
版徵文購,1
鍛造後輪,1
地點後有,1
通過還,1
萬壽路,1
機和當,1
張匯,1
呂尚,1
娃吊飾,1
及代練,1
當作酬,1
口香糖,1
將包,1
排水,1
專人拿給,1
從事國,1
外貿易,1
金流僅,1
規劃加,1
調會開,1
惟創,1
裡現,1
經查過,1
境管局,1
都嚇,1
候羅鴻會,1
單委,1
紙盒給,1
騙外,1
總共九萬多塊,1
專人取,1
補教業,1
興一,1
志銘,1
寶櫃珠,1
解析度,1
但才過,1
五等,1
涵蕾,1
說結,1
會扣,1
過怪,1
短進,1
短出,1
快入帳,1
點分別,1
憂個資,1
方欲詢,1
覺異,1
常後懷疑,1
已去,1
芯桐,1
講市場,1
全副,1
事行,1
李男依,1
因陳,1
男不以,1
分依詐,1
投資常,1
有業務來,1
關鍵訊息,1
錢後兩天,1
始分,1
下承諾,1
金錢應,1
留書面,1
進寶俱樂部,1
氣場給,1
群裡強,1
攝證券,1
沒人用,1
裡都會,1
安龍門,1
市門口,1
民府,1
互動會,1
成金錢,1
貪念毀,1
譚桂抒,1
喜劇,1
專場場,1
購會,1
珍是,1
元化路,1
東電,1
一查帳,1
開明細,1
兩三點,1
娃台灣,1
楊詩豪,1
中友店,1
楓月忠,1
瑜林,1
林之人,1
林再,1
之養,1
事後補簽,1
養生會館,1
開幕時,1
漫幕養,1
帳本裡,1
筆浮,1
報項,1
融是,1
翔勝,1
不動產內,1
並每個,1
融追問,1
該翔勝,1
臉書勁戰,1
賣家陳林,1
尾上,1
儀表及,1
空濾,1
金豆共新,1
且門號,1
挑選後對方,1
兒才,1
貨行動,1
依憶述,1
台灣民眾,1
商瑞井門市,1
蔗部,1
之何,1
恩訂購,1
向何,1
凱恩訂,1
基多,1
大戰,1
內弘綸,1
給弘綸,1
但弘綸,1
會由前,1
何凱恩稱,1
本週會,1
出何,1
恩過,1
原可,1
對方會當,1
他共入,1
領養者,1
職作,1
哲誠要,1
號虛擬,1
之後特助,1
寶下單,1
金流鎖定,1
同學始,1
梧棲區戶,1
何門市,1
藥材商,1
要合,1
因始終,1
貸追債,1
之後自,1
購資料,1
匯款後嘗試,1
城輸,1
寧玉艷,1
預算範圍,1
還很嚴肅,1
將軟,1
金當成,1
投資運,1
還主動密,1
問我住,1
不大還,1
那學生,1
結果後來過,1
問序號,1
很鬱悶,1
推廣兼職,1
還推銷,1
學思,1
磨掉,1
勞動節,1
更怪,1
還懂,1
萬發,1
妥後傳給,1
助代購,1
人都給,1
劉昱麟,1
好意思,1
超溫馨,1
能維持,1
戰機,1
紅蓮哥,1
塗裝,1
著付,1
不過點,1
運詐,1
然後再照,1
調香師,1
網路訊號,1
問木木,1
點誠意,1
因手續費,1
號剛,1
試圖確,1
這批幣過,1
韓國國旗,1
一項並,1
筆後發覺,1
全往,1
資未,1
選之後顯示,1
帳後覺,1
瑞英英,1
系統後來,1
活動購,1
經準,1
凱琳,1
卡留,1
匯五萬元過,1
顧媽媽,1
事擱,1
通應召,1
開通會員要,1
群組個,1
傳老師,1
群組給,1
專員林易,1
超商二竹,1
混仿,1
開衫,1
絨開衫,1
超明顯,1
彪哥,1
瑞麗,1
販售玉飾,1
貨玉飾,1
無染,1
相宜,1
貨一來,1
獎後接,1
此貼,1
籍給,1
對學,1
習當,1
照犯,1
關寶寶,1
保衛,1
周若,1
提幣給,1
帳是,1
無糖系,1
我欲用,1
林芳瑜,1
登門市,1
取彩金,1
至芷,1
關心後始,1
著融資,1
至電稱,1
補給予,1
回應始,1
元之話術並,1
統一隆,1
分渠將,1
萃科,1
到府幣,1
商入,1
商拿取,1
葉姿均,1
鋼膜化,1
收金,1
機整,1
蔡宜潔,1
補足夠,1
夠借貸,1
李美華,1
婷姐,1
廣告業,1
勤務時,1
機電磁紀錄,1
轉至線,1
惟之後假,1
噴灰機,1
王慧君,1
幣安並,1
藥商,1
我買藥,1
藥之,1
引藥,1
之人何,1
郝哥,1
傳對方,1
獲恆旭,1
鏵德該,1
二間,1
及產業,1
關資,1
該二間,1
並依業務員,1
並於報,1
誇大產業,1
涉詐訊息,1
現檢察官,1
鏵德二間,1
叫彤穎,1
給嘉怡,1
社討論區,1
兔及,1
趴兔,1
謝賀祥,1
將貨寄給,1
無限額,1
連著,1
貨批,1
發工廠,1
瓊瑤,1
什麼免,1
免洗,1
圓興門,1
時郵局,1
兒子羅國名,1
寶產品,1
珠寶都,1
認產品,1
珠寶我,1
魏先生,1
還負擔,1
事藥,1
畢未,1
連路,1
因顯,1
吳筑軒,1
專線後始,1
文一則,1
蔡俊豪,1
分拿取,1
故女,1
兒接,1
方販,1
單純天,1
妥後進行,1
莫萱,1
紙作,1
方女,1
將方女,1
資金額給,1
及價,1
差何,1
數後以,1
明中,1
秉庸張,1
會門口,1
陳淑蘭,1
日起分,1
無奈向,1
曹某,1
供應給,1
各大學校,1
受利,1
誘將,1
代辦並,1
顏芷涵,1
小葉並,1
假顯示,1
帶父,1
親到,1
甄娜,1
精練,1
市後火車,1
站面,1
真鈔,1
一疊假,1
金錢掛,1
方頻,1
星城手,1
只售,1
無引,1
三點將,1
連同存,1
我屬,1
意後決定,1
試貸,1
好飾會,1
樹確,1
將美國,1
無論後續,1
蔡詩涵,1
統測,1
寶寶好,1
康免費,1
元後儲值,1
嘉倩,1
從事家,1
外幣款,1
辦事人,1
並傳序,1
李明玉,1
帶著資,1
稍後檢察,1
斗裡,1
貨車後斗裡,1
因多轉,1
付等,1
高雄時,1
王特助,1
接載,1
頭發涼,1
無賴,1
多真,1
其拉進,1
之人徵,1
傭金後透過,1
然渠,1
號親家,1
竟聲,1
自清責,1
佐問,1
管轄範圍,1
開家裡,1
憲聲,1
憲的,1
說得語,1
媽現,1
太多來,1
北榮民,1
許並,1
然後講解,1
商達成,1
燈掃,1
描玉鐲,1
處喊加,1
篩選得,1
珠寶於畫,1
供截圖,1
鏡看,1
龜裂,1
貨退,1
就剛,1
瓶價值,1
銀行關,1
健費,1
將含,1
家後覺,1
籌取,1
編一職,1
估值,1
並無音,1
號於抖音,1
之惡意,1
點擊後出,1
進遠,1
組屋,1
以後務,1
人順利,1
天七萬元,1
借卡要,1
段口,1
幼怡,1
動作現,1
價之,1
點小悸,1
點巧,1
上動心,1
有帳,1
交違,1
很公權力,1
出裡面,1
商東亭,1
叫陳林,1
常會加,1
我寧願,1
一筆代送,1
號取件,1
達取,1
隨便裝,1
接活,1
大戶級,1
以後沒,1
點半取,1
暫無財損,1
小撇步,1
沒太有,1
還掏,1
寶藍麗多,1
蔓達,1
億帆,1
油阻,1
李瑋峰,1
張立,1
沒太計,1
總之講,1
日後還,1
實後來,1
說代練,1
互動產生,1
打舊,1
講當,1
看重,1
現自稱,1
翔昱,1
王婷婷,1
就迫,1
貨品款,1
雖然加,1
處理車,1
談完,1
項上,1
創新學習,1
淑玲,1
歸案,1
超商隆,1
人維持,1
微商網,1
稱什麼,1
客業配,1
劉仕傑,1
一百一十二,1
小點,1
榮耀理,1
財遊戲,1
點數然,1
緊有,1
櫃轉,1
喪禮要,1
進不虧,1
先試個,1
六倍,1
地拿現,1
員警林,1
之公園,1
勞工紓困,1
少少,1
簽托運,1
彗心,1
賣小鳥,1
最後皆是,1
統領,1
點數且,1
楊義澤,1
單證明,1
位牙,1
醫特助,1
宇豪合資,1
稱宇辰,1
宇豪合出,1
抓人,1
漏訊息會,1
帳戶間,1
說得還,1
楊智皓,1
異常而通,1
報轄區,1
特力屋,1
問我過,1
裡風水,1
求道,1
組宅配,1
查無此件,1
開華南,1
吳靜,1
答西,1
資金才行,1
假號碼,1
之後連人,1
我與賴,1
及許,1
翔本,1
賴請,1
作為線,1
心玲理,1
很愛逛,1
林霈,1
及遠傳,1
翔載,1
神腦,1
大甲光,1
還沒驗貨,1
以件,1
行電子,1
並至戶,1
並需代,1
資金太大,1
六萬新幣,1
電郵截,1
其原,1
虛寶與,1
慈愛關,1
懷讓,1
愛蓮心,1
郵政詢問,1
方得驗證,1
一筆數,1
目給,1
但訊息後來,1
有研,1
獲處理,1
完補助,1
元後察覺,1
稱花,1
可協槓,1
速幣,1
達資格,1
行員擋,1
審查還,1
沒儲值,1
為慧玲,1
奚大寧,1
為陳淑芬,1
這家粉,1
專買,1
滿多個,1
幫人付,1
熊班小確,1
幸粉,1
專尋找,1
介紹代為,1
賣供,1
資諾瓦,1
遭藍新,1
職員內,1
部系統,1
組進入,1
給會頭,1
一萬是,1
帳好,1
靜下心,1
干貝原,1
一人透,1
內支,1
非原先,1
需滯,1
投資論點,1
經作,1
稱欲觀,1
看配,1
付後致電,1
作分案,1
如後續,1
聊此,1
音代操,1
店員讀,1
取條,1
東西裝,1
進紙袋,1
然後辦,1
露營營,1
對營,1
營釘,1
連營,1
賠將,1
我畫,1
上小本,1
方連聲音,1
人針,1
班級,1
畢業班級,1
日早,1
何嘉文,1
媽祖有,1
右後方,1
還離,1
壓到,1
包想給,1
著表單,1
事進,1
出積極,1
遭撥,1
且後來後續,1
購活,1
動者,1
試行,1
故活動,1
獲花,1
設籍,1
空曠場,1
視訊後對,1
千意珠,1
著釣蝦,1
匯款後會給,1
過須,1
進行室,1
國中置,1
留車並,1
寶貝館,1
劉駿,1
義這個,1
華伯,1
更離奇,1
實際網,1
資金裡面,1
電後向,1
許博,1
自凱,1
敏告訴,1
董老師,1
方在車,1
余靖明,1
爸出,1
明宏始終,1
李奕婷,1
美守敏,1
或子,1
過幣別,1
以槍械,1
起檢察署,1
藥及,1
文東,1
因後果,1
買五萬,1
費和匯,1
差費,1
分在義,1
竹工,1
業區,1
南興國,1
小東華,1
寬士村,1
雲宮,1
旁產業,1
遭人用,1
更來,1
吳宜洋,1
金蘭,1
勵訂,1
其餘是,1
幫忙存,1
有雪克杯,1
熱敏標,1
紙等,1
過痕跡,1
屬消費,1
女中後門,1
接著載,1
團車,1
待同,1
經多麼,1
丙式,1
有五樣,1
卸妝乳,1
眼唇,1
卸妝,1
美國個,1
只靠網,1
亚坤,1
林依娜,1
點只,1
而陷,1
其餘車款,1
購買號,1
裡強,1
需比,1
博斯,1
碩禹,1
語臻,1
謝沛,1
異常後經,1
帳密要,1
蔡惠珍,1
何民依,1
問學校,1
然後大約過,1
問外國,1
張玉嵐,1
車主為,1
遭租賃,1
王添,1
福者,1
稱小語,1
應召意,1
知曉為,1
親美國,1
區明,1
轉賣線,1
李曉晴,1
銀內,1
故實計,1
級後來,1
含銀行,1
萬基礎,1
但介紹,1
群鑫,1
承諾書傳,1
駐費,1
張聰,1
叫曉彤,1
李若雅,1
還沒訂,1
項不夠,1
假機,1
制騙,1
該房,1
過幾天後犯,1
機車後座,1
漁電,1
共生,1
大冠,1
調後約定,1
我見款,1
項歸回,1
並換購,1
對轉,1
期未時,1
律責任,1
權限將,1
期欠,1
繳紀錄,1
大幅度,1
耀欣國際,1
潘員工,1
然後不收,1
臉書始,1
中國民國,1
網戀的關,1
或常見,1
宋諾楠,1
結後顯示,1
錢行薪,1
真交,1
丹比,1
氣極,1
內容物會,1
隨後拆,1
一鍍,1
兩厘及,1
價值僅,1
凹爛,1
金錫,1
箔紙,1
封印,1
魔杖,1
這網路,1
內貨,1
女經理,1
因行跡,1
機查詢,1
楊阿珠,1
夫婦,1
冤案,1
蚊港,1
民眾免,1
朱慧韻,1
一組屬,1
上輪流,1
眾多步,1
再聲,1
操作速度,1
思明,1
元在後續,1
其台灣,1
明城門市,1
紙本合,1
最後報案,1
博民,1
忘帶,1
將多轉,1
名義轉,1
給定,1
一萬台幣,1
予個,1
王可為,1
選貸款,1
終記,1
自沙,1
眾眾,1
聯奪,1
門班,1
交認,1
晨運時,1
糯以,1
計算後損,1
團費共計,1
證出現,1
整團,1
故爽,1
還在華南,1
充電無線,1
產時,1
終詢,1
項金流,1
靖向,1
靖請,1
資料造,1
說律,1
許欲購,1
寶付費,1
寶之資訊,1
惟大陸,1
裡認購,1
將應用,1
證券線,1
林夢嬌,1
然後熱,1
前後後持續,1
台東縣,1
職過,1
工票,1
劉志浩,1
一撥,1
方太會演,1
宋林,1
或薪,1
旅遊津,1
小筆電,1
證領,1
取藥物,1
視訊備案,1
說外,1
大學門口,1
然後載,1
園內,1
綜合大樓,1
並由取,1
用系統,1
問題當,1
難言之隱,1
最關心,1
通關票,1
明資料,1
按下轉,1
還和幣商,1
經決,1
許虧,1
某國幣,1
禮券要,1
親人經,1
下輩子,1
再盤,1
致電電信,1
撥到,1
一嚇,1
有富,1
地訂購,1
東牆,1
補西牆,1
筆八萬多,1
外將,1
股不應,1
進階門票,1
晚酌,1
稱孫,1
蔡求證,1
包裝以,1
台灣樂,1
李晟,1
樣樂高,1
鐵塔,1
滅心鑑,1
沈子,1
金世,1
桔門市,1
慶芳,1
所導,1
至健,1
電討要,1
帳務必,1
前媳婦,1
改姓,1
音多麼,1
辦公地點,1
雜難,1
而險些,1
隨後卻將,1
購課,1
曾動,1
心過,1
求知,1
而後綠界,1
況轉,1
取領,1
取試,1
之後會轉,1
遇難,1
內容期,1
貨數值,1
陳鵬彥,1
高校,1
作戰,1
遭保險,1
打車牌,1
獲世華銀行,1
豪行員,1
男視訊,1
邀騙,1
澳門場,1
灣場,1
詳聊後認,1
發門票,1
方亦無回,1
此票,1
惠所,1
惠變,1
關於辦,1
因銀行訊息,1
鈴資料,1
何民看,1
課之後見,1
面互,1
點給予,1
民意,1
親後續,1
五會,1
許家裡,1
要議,1
早應,1
辦法換,1
兩會共計,1
地鐵,1
逃生,1
貧大隊,1
可樂樂,1
鄭元凱,1
開三個,1
網紅公開,1
必詳,1
依蝦,1
最後點,1
選確,1
購受,1
主交給,1
業務之人,1
恆風力,1
將區,1
之區,1
而後稱,1
評等過,1
數之代價,1
即能,1
各拿取,1
問後我,1
棒頭,1
資產無法,1
經投資,1
盤及,1
恆加,1
獅薩,1
出代購,1
還蠻熱,1
之後主,1
放表單,1
雙喜安琪,1
打原,1
書後透過,1
錦強,1
一組多,1
美車庫,1
帳號後稱,1
劉建宗,1
筆又依,1
處理授,1
蔡弘宇,1
研熙,1
一萬名,1
劉盈,1
這是確,1
貨騙,1
藍冠程,1
幫人解,1
總共計,1
機箱,1
徐男打,1
真出,1
音代儲,1
課實,1
王雅岑,1
創建宅,1
證不全,1
比高,1
快者,1
經營動物,1
自遭,1
牽連成,1
疑犯,1
剩滿腹,1
服務作業,1
過後即,1
進氣管,1
網路遊,1
戲幣商,1
文雯,1
筆共機,1
找工,1
並傳閱,1
免給,1
東泥門,1
獲鳳山,1
托租,1
未洽,1
需受,1
差新,1
幣投到,1
碼內,1
卡紙,1
尚無缺,1
魚池,1
帳沒有,1
孫專員,1
一寄件,1
郵政變,1
分馬上,1
之後就分,1
全過程,1
引航,1
專員陸續,1
薄利,1
多銷,1
會廣告訊息,1
尚久,1
這號碼,1
然後躲進,1
短連,1
爛得,1
商能,1
金開始,1
面數,1
時忘記,1
對方後來僅,1
問我票,1
小迷弟,1
業務員親,1
養老村,1
張像樣,1
貸繼續,1
講獲利,1
回通訊,1
盟營業員,1
創建系統,1
渡蜜月,1
深愛著,1
事藥材,1
並墊付,1
貨之人,1
繳納此,1
完後心裡,1
區參加,1
換家電,1
積分會,1
愛里,1
碧蘭,1
土龍,1
資深動,1
漫迷,1
試著傳,1
法制局,1
並可申,1
為陶,1
銀來電,1
專線查,1
惟自,1
續架設,1
方打錯,1
投資諾瓦幣,1
因諾瓦幣,1
我欲面,1
一交給,1
買二張,1
及發,1
內軟體,1
漲溢,1
面後續,1
固炮,1
並可領,1
點擊後下載,1
教學人,1
夢介紹,1
芳幫,1
勞撥,1
出資參,1
不限金額,1
白交,1
不太妥,1
還升級,1
過異常,1
將資金先,1
實心,1
苦肉,1
加速器,1
何始,1
口技,1
違法詐,1
資金即,1
來花費,1
已經構,1
先墊資,1
刷業績,1
任務後一,1
之弓,1
什麼鉅款,1
連一筆,1
但事態,1
上承擔,1
連快,1
小旋風,1
後領,1
方卓瀚,1
北側,1
姓紅,1
紙鈔予,1
紅姓,1
還錢財,1
蔡麗盈,1
三大項,1
筆後發現,1
拒不聯絡,1
主掌,1
載永豐,1
稍長,1
解鎖碼,1
網路行,1
投資承攬,1
呆立,1
經化,1
還飛,1
李特別,1
抗告,1
閱卷,1
一則雅,1
層樓,1
目標樓,1
層位,1
九層,1
簽約驗證,1
抱著結,1
東京來,1
回商務艙,1
多送,1
國泰信,1
商員工,1
北醫,1
我據實,1
以告,1
下情,1
李加樂,1
高素質,1
輕球,1
還會分,1
並補發,1
投資直,1
錢箱,1
劉雪婷,1
遮遮掩掩,1
親戚後來,1
張律,1
筆金額當,1
攸峰,1
稱永源,1
元會門票,1
店寄現,1
解三個,1
選轉,1
真皮,1
數錢數,1
抽筋,1
一轉身,1
帶錢,1
啟傑,1
林公子,1
還傳過,1
林昕瞳,1
何世,1
結果驗,1
元選擇,1
指導員暱,1
小紅書名,1
惡霸,1
劉銘偉學習,1
虧補,1
一鹿,1
先觀望,1
接人,1
事後金,1
往桃園,1
完之後發,1
現車,1
進短,1
並無財物,1
崇捷,1
便安裝,1
日之後即,1
電討論,1
隨後自當,1
軟抖,1
剩幾張,1
金理,1
賠下,1
來會馬,1
分紅下,1
那裝備,1
林惠珊,1
符號當,1
充金,1
何生,1
隨性,1
展銀行,1
押證件,1
之櫃子,1
稱之金流,1
灣貸款,1
加劉,1
我承辦,1
經理古,1
杰的賴,1
很動容,1
購買擬,1
叫義,1
貪念變,1
戴物,1
懂用,1
捍林泳弘,1
車回來,1
逸趣,1
野餐,1
熱加,1
蘇濱門市,1
嘉府,1
轉十萬元,1
證女兒,1
用星展,1
費彌月,1
免費彌月,1
東敏門市,1
機屬,1
仿造品,1
宇勝,1
謝業者,1
他後續給,1
通約炮,1
再俱樂部,1
跟監,1
點數代儲,1
摸不到,1
莊緯辰,1
太普,1
開驗證,1
允豪,1
號取,1
個產品,1
等始,1
案理,1
給小,1
李佳恩,1
永鴻生技,1
說鑫鴻國際,1
還胡,1
面鑫鴻國際,1
台鐵火車,1
要省,1
若琳用,1
紅惡,1
吳郁庭,1
彈珠台,1
買彈,1
寄運彈,1
拍貨運,1
了鐘,1
燒前,1
禁入,1
鐘聖義也,1
財務噩夢,1
著快,1
點試,1
利到,1
快步,1
卡匣添,1
丁豪豪,1
兜頭,1
痛來,1
通訊來,1
如日方升,1
双赢,1
賓馬,1
新新,1
工置,1
一筆菲律,1
升向,1
賓幣給,1
全渠客,1
張提,1
油炸,1
著拉,1
而後買家,1
轉輪,1
中三獎,1
投資五筆,1
鑽訊息,1
童星,1
親子樂,1
想拿頭,1
賣揚,1
聲器,1
很仗義,1
總共扣,1
免類,1
寫平,1
叫陳斌,1
台置產,1
口魯忙,1
詹德富,1
異常驗證,1
發忠明,1
數卡進,1
一組台,1
機忘記,1
個戶頭,1
羈押且,1
比市售,1
真貴,1
凱西包,1
然後又聲,1
上主動密,1
試算表給,1
為豐,1
其證,1
鈴張,1
鈴與,1
月後覺,1
廠檢修,1
權興門市,1
擊後便將,1
領錢來,1
官現,1
親但,1
惟家樂福,1
商欣花,1
區華美,1
閱其,1
郭姵琪,1
鎖密,1
駐衛警,1
韶燁,1
葳自稱,1
恐為,1
英短貓,1
英短,1
心愛的貓,1
電貝斯主動式,1
富利,1
接處理,1
薪資代發,1
超輕,1
誤寄,1
創建後對,1
金流合,1
陽叫,1
由陽,1
之後董,1
經後,1
要約妹,1
任務達成,1
開網店,1
絕店,1
遊服務,1
當時何,1
商新樹,1
孝門市,1
描代碼,1
現兆豐,1
店花,1
心買,1
好笨,1
李嘉俊,1
佳品,1
因其現,1
名陳俊森,1
及陳俊森,1
事代操,1
至幣享,1
竣瑋,1
發便當,1
林裕凱,1
項動,1
日經紀,1
爾後便,1
開通幣安,1
張董,1
顺利,1
起来,1
業商業險,1
薪永樂門市,1
泛舟,1
旺鴻營業,1
默許,1
二林鎮,1
單交給,1
運費將,1
代幣則,1
八好,1
之表單,1
二買,1
心藏,1
元之會員費,1
則無,1
兩罐麥,1
香紅茶,1
之後討論,1
人員的賴,1
加賴後對,1
之後司,1
灣遊,1
幣不,1
給花,1
來前,1
有多種,1
金之人,1
金將會,1
金記錄,1
載後對,1
之內部,1
先返,1
並以言詞,1
趁視訊時,1
籍將,1
版賣,1
數字來,1
中不經意,1
細聊後下,1
高冰種,1
上的貨,1
叫國,1
金和入,1
帳密過,1
清清的,1
東瑪蘭,1
遊這款,1
喪禮費用,1
會員步,1
驟錯,1
問負責,1
組虛假,1
花后,1
妖精,1
共九樣,1
急後將,1
獲借,1
我凍,1
結後過,1
不齊全,1
傳二維,1
至金,1
推廣訊息,1
獲利續,1
我車子,1
當結婚,1
常後便,1
方挺會,1
避諱,1
這一聊,1
處理給,1
來共給,1
蓉琦,1
蓉琦財富,1
桂英,1
打錢,1
金鑫魚,1
眼大燈,1
含飾品,1
勇要,1
圍堵,1
勇稱,1
來圍,1
晴雪,1
烤肉店,1
公播,1
其寄貨,1
美國華,1
僑護士,1
語為,1
開大,1
這五個,1
為媛媛,1
攝不雅,1
防範買家,1
領貨物,1
騙後驚,1
鴻山,1
之副理,1
賠償會,1
包達,1
錄連結,1
年龍,1
套幣,1
古錢,1
蘇思芳,1
醫者,1
憲聯絡,1
憲叫,1
贈品給,1
惟經過,1
林民聯絡,1
鑫辰,1
學員直,1
屬群,1
無興,1
小说,1
剧推,1
杰米,1
而後員警,1
並見,1
經警員,1
而委,1
貨太多怕,1
將貨送,1
網由,1
留可加,1
證詢,1
攻勢後進,1
轉大陸,1
洪思翔,1
群網,1
路平,1
投資答,1
車也缺,1
發財夢中,1
乏術,1
網友代為,1
號分紅,1
軟萌,1
中獎僅,1
更多票,1
叫孫,1
予渠加,1
渠若要,1
羅翊程,1
將投,1
資事項,1
稱不動產,1
匯轉,1
新樓,1
專申,1
致電到,1
保證廠,1
分鏡頭,1
描人,1
向下,1
並於談話,1
取錄,1
官名,1
義撥,1
碼電話,1
需提,1
東原,1
曾洛雯,1
超微,1
買球球,1
提請,1
結果將,1
遊覽時,1
明細能,1
所補充,1
彭宥,1
榛訊息,1
理四張,1
含運費共計,1
因無故,1
付運貨,1
葉秋娟,1
藝門市,1
給超商,1
紡品,1
學張,1
啟文向,1
那片,1
夜暮會館,1
房門,1
聽不見,1
滲著,1
我夢到,1
還亮,1
賣進,1
細小,1
網銀異動,1
剩冰涼,1
暫關,1
閉及,1
載入,1
浴缸,1
配電箱,1
當天修,1
警衛擋,1
過借,1
到後門,1
小婕,1
外權限,1
郡誼,1
並由嚴,1
羊場裡,1
羊用,1
羊群,1
產乳量,1
顧羊,1
感打動,1
小心眼,1
新興店,1
或會,1
開高價,1
遊走,1
回電銀行,1
卡種類,1
渡合約,1
打新聞,1
想獻出,1
事後發生,1
到邁,1
運作還,1
便產生,1
將會展,1
開調,1
查以,1
統一富,1
錢後發生,1
蕭珮瑄,1
告上,1
這份訊息,1
元來試,1
表述,1
未給予,1
對後來,1
叫代辦,1
已經力,1
凱辰,1
繳納輸入,1
購物的網,1
劉建騰,1
林澤開,1
雲生,1
劉虹妍,1
韻華,1
個築夢計畫,1
可暴,1
該副理,1
該築夢計畫,1
鴻仁,1
機舊,1
元親,1
未安裝,1
擬稱,1
小鳥,1
內之彌,1
話後才察覺,1
洪寶媽,1
提領動,1
薛麗菲,1
徐翊倫,1
條寫,1
定到,1
佳妮,1
團中購,1
李銘,1
左營區戶,1
兼個,1
六條,1
葉斯斯,1
張瑞瑜,1
祈穎,1
樹金,1
吳迪,1
人傳來,1
沒天,1
倫還,1
果後來,1
同學梅,1
給梅,1
哥要,1
領都,1
剩三個,1
碼連,1
共襄,1
簽一簽,1
證跟大頭照,1
王岩,1
巴勒斯坦,1
流行病,1
學家,1
王岩後來,1
哈哈哈,1
聯向,1
此盜,1
除費,1
超有料,1
拿十萬出,1
著十萬元現,1
舞光,1
感應器,1
雖依,1
整後過,1
錢後一,1
錢後不積,1
極處,1
理遊戲,1
之規定,1
配飾,1
夏筱筱,1
強宗師,1
兒子照,1
沈燕玲,1
中側,1
英在,1
未報,1
文畫面,1
貨物給,1
稱黃瑩,1
瑩告訴,1
瑩還,1
小映,1
火力,1
別人將,1
這類過,1
分凱基,1
職字,1
以代銷,1
可拉書桌,1
次代銷,1
改宅,1
轉售台,1
李軍加,1
備轉,1
兩萬時,1
扣一扣,1
紙袋給,1
賣家吳,1
示所,1
封所謂,1
信委,1
追討電,1
曉弦,1
肥嘟嘟,1
左衛婷,1
西亞無法,1
江智弘,1
民來,1
儲存昕,1
澎澎,1
配貨,1
案經本,1
楊佳穎,1
包進行,1
片後驚,1
因手術,1
證明書時,1
商高,1
美祿門市,1
買黃色,1
波特,1
互轉,1
專派,1
萬入員費,1
名義繳,1
因為養,1
然後又進,1
張世航,1
稱玥婷,1
孫秋帆,1
叫友,1
虎虎,1
中由超,1
禮維,1
討還,1
取貨後發覺,1
張通緝,1
我代墊外,1
組亂碼,1
車的關,1
合夥買車,1
業務幫,1
繳幾萬元,1
數補交,1
運在線,1
覆轉,1
寄耳機,1
下令,1
要羈,1
上忙,1
粉絲順,1
欲代購,1
續代購,1
再款,1
邀至,1
方允諾,1
結教導,1
販賣並,1
利潤後才,1
之愛情,1
修補,1
碼便,1
職刷單,1
主點個,1
酬勞時,1
而驗,1
討論後要,1
依各種,1
固來,1
經亞,1
招開,1
消費理,1
財專案,1
改制,1
終生制,1
發現亞,1
提告亞,1
急售車,1
先買下,1
義區,1
泊凱,1
並無買,1
大電視,1
假買家給,1
局撥,1
阻才,1
結識業務周,1
信業務周,1
業務周,1
爾後業務周,1
避之真,1
數卡後拍給,1
通緝未,1
成員先,1
先後依犯,1
請療,1
賣家永豐,1
實際花,1
稱妮,1
然後妮,1
然後靜,1
付代,1
真電子,1
網拍出,1
出發點,1
詢後為,1
玩富遊,1
火火火,1
華陳慧玲,1
麥卡倫購,1
天漲,1
姜妮昀,1
韓貨,1
資者,1
關會,1
過的手,1
賠者,1
先送點,1
更能,1
禮物變,1
費一樣,1
躲話題,1
零壓力,1
了畫,1
金獎品,1
網友轉,1
並無資金,1
日後風險,1
投資國際外,1
國際外,1
機幾分鐘,1
結薪,1
及售,1
包裝後發,1
版時,1
救治,1
同學賣,1
反應系,1
張恩鳴,1
雅區身,1
過戶並,1
方昕,1
提寄給,1
或卡號,1
雲南門市,1
戶政機,1
完後下載,1
現後的幣,1
購買林,1
參與點,1
活動志工,1
協進,1
潛意識,1
資安項,1
因找,1
將九張,1
自連線,1
需包裝,1
張雅婷後來,1
退而求其次,1
來後滿,1
繞進,1
網一樣將,1
啟會員,1
需清,1
寺面,1
叫翔翔,1
超冷靜,1
碼當,1
某公廟,1
機密會面,1
成性,1
萬元聲,1
贊助款,1
異常後選擇,1
林欣茹,1
拿點數,1
進貨款,1
借貸網,1
林國偉要,1
豪之銀行,1
給那麼,1
泰佛雲清,1
以維信,1
人婉馨,1
單時間,1
楊孟官,1
管狀況,1
位會員,1
最高者,1
有系,1
統維護費,1
名義訂,1
二萬五,1
萬六,1
兩萬六是,1
十萬現,1
榮耀遊,1
呂佳昕,1
則名,1
重手,1
叫晨風,1
遮口費,1
信點入,1
已下市,1
新燕,1
代刻,1
簽完訂,1
欄補,1
寫國,1
團伙用,1
其群組,1
自寶幸,1
會員费,1
注册,1
會员,1
密码,1
我们,1
型們號,1
卡型,1
屬門號,1
劉男陸,1
號共已,1
減弱,1
業以,1
父親加,1
已过,1
投資雞,1
還允諾會,1
先介紹幣,1
托給,1
變成講,1
問如要,1
依根據,1
日號還,1
著夏韻芬,1
為羅依涵,1
趴對方,1
李男關,1
萬資助,1
惟李,1
洪偉,1
葉門當,1
聖益,1
顧茜茜,1
借卡給,1
劉伶伶,1
區一棟,1
實顯示,1
證或健,1
保卡交給,1
鳥松,1
養羊為,1
萬共計,1
羊要,1
喝奶,1
想小玩,1
博雋恩向,1
用頭,1
接該,1
水電夥伴,1
思維,1
區馬卡,1
商流,1
九如鄉,1
光龍門市,1
之擷,1
劉偉祥,1
港幣款,1
跟雅婷,1
江函庭,1
景賢,1
韓曉瑗,1
張熙文,1
遭駭盜,1
預定並,1
催匯款,1
台火門市,1
筆優食,1
省且,1
一陣子後接,1
致資金,1
補解,1
翻譯且,1
輔以,1
定幣商,1
業務員離,1
而鎖定,1
俊達,1
一拿錢,1
將每個,1
借民眾,1
繳交分,1
紅費用,1
項補助,1
需承擔,1
隨後盜,1
進去後試,1
統顯,1
事後確定,1
特急,1
乘車區,1
超商西,1
給操,1
代墊費,1
輝利,1
刷共損,1
並無網,1
日刷存,1
隆恩,1
傭金作,1
洛子惜,1
驚慌陸續,1
瑜琪,1
審得,1
曼文,1
機存,1
我華泰,1
需護,1
真書及,1
玩命,1
車電子,1
傳蝦,1
資部門,1
群組里,1
李志祥,1
輪流來,1
打哈哈,1
榮耀遊戲,1
淘寶下,1
福摩莎,1
某天傳,1
關訊息給,1
玩視,1
放量,1
驗證後回,1
看傳,1
盈透,1
局未,1
聖檢察官,1
灌得,1
錄音室,1
練唱,1
交貨通,1
制給,1
銀杏樹苗,1
露雲醬,1
露雲兒,1
戰力代,1
十萬塊給,1
繳代購,1
小紅書內,1
時己,1
假買幣,1
區虛擬,1
店虛擬,1
戀愛日,1
記儲值,1
方禮物,1
效性,1
實木沙發,1
異電話,1
匯工,1
電中華電信,1
經電信,1
傅政瑋,1
鐵換取,1
包蘇菲衛生,1
棉護,1
玲說,1
林志祥,1
中泰街,1
中什麼獎,1
週轉免,1
拉額度,1
曾浩,1
整得,1
說交給,1
蔡佳玲給,1
雅慧們,1
圖什麼,1
脫褲,1
皮現,1
水時,1
最後查,1
技術型,1
寫小說,1
代購幣,1
買入價,1
價之間,1
綁卡,1
入坑,1
凱琪,1
然後沒過,1
改推薦,1
鏈矩,1
智解,1
老師稱,1
銀行後其,1
戚聯絡,1
項傳給,1
將價,1
目表傳給,1
關社團,1
天氣漸,1
漸熱,1
涼快,1
作為頭,1
體出,1
人主頁裡,1
蔡峻熙,1
貨物前,1
通訊問,1
現金積,1
通訊費用,1
叫琦琦,1
這車,1
有三萬,1
東西無法,1
超蠢,1
叫魯士,1
假師,1
父詐,1
傳聯絡,1
站關,1
喬好,1
幾十萬購,1
經洩漏,1
鎖卡及,1
攝電子,1
前銷售額,1
著開箱,1
陰廟,1
我據,1
理力爭,1
一秘書,1
投資區,1
當機師,1
方之假,1
無領,1
領存,1
以維持關,1
機手,1
貨幣質,1
別太快,1
裝蜜,1
完之後整,1
開通要,1
回傭金,1
寒透過,1
因其個,1
啟需,1
林欣平,1
回加,1
要選,1
金巧巧,1
琳永润,1
可辛,1
財至共榮,1
法輸入,1
雙方戶頭,1
網友旭,1
監局,1
戶華南,1
針灸,1
各大賣場,1
獲點數,1
需補足款,1
稱羅詩,1
酬勞以,1
收貨物並,1
出後對,1
稱區,1
喊班,1
移工聲,1
無介紹,1
絕歸,1
還介紹費,1
組燈,1
業務先,1
貸金,1
且掛,1
深夢長,1
所上,1
價金額,1
平生,1
參買,1
參數量,1
抄高,1
稱秀琴,1
傳廠,1
家拿取,1
回銀,1
以萊爾富,1
綠界配,1
芙妮,1
仲軒,1
先轉過,1
這兩封,1
事後聲明,1
林煒琪,1
王文,1
號牌,1
辭典,1
五萬多塊給,1
星滑衣,1
聯絡取,1
綠屆,1
字產生,1
稱林婉婷,1
粉絲會館,1
張儲值,1
錢代購,1
共代購,1
演藝事業,1
拚搏,1
曖內,1
含光,1
銷量夠,1
演藝夢,1
鎮將,1
異後續,1
以國際律,1
給玉燕,1
認玉燕,1
認後當天,1
羞辱性,1
貸集團,1
以加強,1
資安警覺,1
安裝來,1
若期,1
市郊,1
卡司,1
並填妥,1
將於一,1
南傳,1
佛物,1
這尊,1
特別靈,1
顏佳,1
出誠意,1
叫航,1
聯絡航,1
地又給,1
相冊,1
手機剛,1
我主動訊息,1
試著點,1
護機制,1
金安,1
證這台,1
前輪,1
普麗珠,1
普利,1
盤傳動,1
單佐證,1
廚師服,1
伊玲,1
警查證,1
資訊記,1
私訊房,1
東詢,1
前請,1
賽馬娘,1
王平,1
簽多張,1
遠銀卡末,1
另封,1
劉達成,1
一張口,1
店新,1
遠盛,1
吳瀚宇,1
先向兆龍,1
可代繳,1
還激,1
盡速用,1
其欲要,1
惟三張,1
筆金額裡,1
催兒子,1
了問,1
貨事項,1
裸視,1
共買二筆,1
圖明,1
導航者,1
我腳,1
傳經紀,1
柏霖,1
或家裡,1
給我花用,1
吳佳琪,1
吳秉弘察覺,1
下藥,1
負責相,1
鐘意,1
明專員,1
請多加,1
北管,1
小神,1
轎且,1
佩萱,1
開郵件裡,1
飼養箱,1
之檢察,1
前後緣,1
裡領,1
終結者,1
信徒,1
屯結,1
積點,1
冠銘,1
一站,1
方儲,1
稱之為,1
期才,1
背後資,1
卡夢,1
林沁瑤,1
太早,1
騙戀,1
我後來並,1
換家裡,1
主濾,1
濾芯,1
雄舉,1
因賣票,1
難為,1
獲利入,1
還一職,1
劉馨馨,1
林亞妃,1
信其話術,1
楊見,1
太高門檻,1
信一個,1
無聊話,1
進統,1
貪錢,1
銀行協,1
命運開,1
台西,1
丁思連,1
悶悶,1
不樂,1
割得遍,1
體鱗傷,1
最缺,1
我搖頭,1
鄰里,1
幾千地,1
看著頁,1
出金永遠,1
只買來,1
機檢查,1
元列,1
分結束,1
一間網,1
裡最錯,1
雲林二崙鄉,1
不輕浮,1
還想過,1
人算不如,1
天算,1
延後了,1
內容裡面,1
次店,1
先錄,1
筆本來,1
丞皓,1
裡毫,1
廖坤茂,1
拍護照,1
免費育,1
育兒車,1
領總計,1
給黃政達,1
盜常見,1
世凱,1
全轉成,1
當下實,1
查緝下,1
楊宜瑤,1
站屬,1
外袋,1
人貨,1
海景房,1
大江,1
並於住,1
隨後又加,1
郵寄兩張,1
聯絡後向幣,1
福康,1
故貼,1
通聯結,1
所謀得,1
成台灣,1
媽承諾,1
配息入,1
場代,1
條網,1
結後和,1
先解釋,1
現豐,1
尚樂母,1
說孕婦,1
做後一筆,1
錄後覺,1
私訊欄,1
雪嬌,1
交納新,1
做律,1
台幣入,1
中退,1
進斗,1
金俱樂部,1
中聯信,1
中聯,1
鎮的麥,1
世民,1
稍後試,1
涉事,1
右後視鏡,1
漢銘,1
我在後續,1
也僅,1
貸款後僅,1
繳不完,1
網在網,1
小內會,1
歷不僅,1
宛玲,1
決滿,1
帳密後謊,1
梅穿,1
法印,1
兩張長,1
競拍志德,1
珊珊代儲,1
千億珠,1
寄比較,1
姿璇,1
包裝達,1
稅金才行,1
尺魚,1
那試試,1
當我靜,1
阿伟珠,1
一價,1
賣且,1
答覆即,1
一帶領,1
局鎖定,1
動在,1
有無至,1
提領僅,1
交台灣,1
開仔細,1
刷分,1
小蘇,1
曾傳,1
然後又請,1
其財物,1
留光,1
文西,1
退貨單,1
之後貼,1
上操,1
一萬元並,1
給朱,1
還不給,1
李淑嫻,1
諧永及,1
鍋旗,1
正美,1
吳淑彤,1
銀行供,1
送區,1
三尺,1
超白,1
開放缸,1
中交談,1
收宅配,1
未察便,1
萬元餘,1
當時察覺,1
而後確實,1
資用,1
雖懷疑,1
資關,1
閉用,1
團提小卡,1
成員欲,1
前領,1
抽將,1
逆稱,1
之人確,1
局林,1
介紹渠,1
為森,1
筆於國外,1
筆的款,1
已久遠,1
傳開通,1
檸茜稱,1
若通,1
兩關,1
部裡面,1
點選及,1
要遊,1
需遊,1
待金額,1
通會員須,1
新年好,1
貸專案,1
方傳委,1
專任,1
過貸,1
國泰掛,1
微信給,1
投資後欲,1
之人話術,1
完買家,1
改問,1
好慌張,1
剛輸,1
現離線,1
代運貨物,1
兩片,1
富二街,1
點於中友,1
皮電子,1
績優,1
誘導話術,1
豐富且,1
人員帶,1
一人自,1
從元大,1
經協,1
商後決議,1
通緝須,1
記號,1
改手,1
機話碼,1
雨微,1
好後對,1
看命盤,1
親熱地,1
這語氣,1
但語,1
中四張,1
真不容易,1
社會還,1
防逐,1
石間,1
鍋物店,1
首月,1
叫婉君,1
芯綠永續,1
截圖秀出,1
璽妍,1
幼態,1
診所位,1
預約施,1
作療程,1
法施,1
多醒,1
自英國,1
郭靜,1
丟在路,1
什麼線,1
上理,1
財課,1
評價還,1
繳完後會,1
兩個網,1
遊以,1
鐘保證,1
張安坤,1
歸責,1
善哉,1
一筆線,1
般驚醒,1
零九元,1
心享,1
分同學,1
試買家,1
騙變,1
供其作,1
為龍,1
並給驗,1
蛋仔,1
派隊,1
專員詐,1
之數位,1
費後前,1
惟行員稱,1
故通報,1
買須,1
包顯,1
這卡冊,1
完才行,1
台灣養,1
點夢幻,1
經包,1
是裡,1
寄錢來,1
班主任,1
帳薪資,1
還噓,1
假電郵騙,1
推右,1
全輸,1
專賣團,1
許出,1
創線,1
套卡,1
還缺件,1
懶人鞋,1
需將貨,1
尋費,1
免曬,1
琴葉范綱,1
出貨後再,1
王俊力,1
報到給,1
辦起,1
恩韵,1
採水網,1
蕭茂佑,1
琴夢涵,1
經有底,1
防曬油,1
獎好,1
家務時,1
開匯會,1
這領域,1
驟入,1
金幾次,1
看見票,1
送禮給,1
如不處理,1
信後下,1
高差,1
我循,1
套用,1
總共高,1
網銀裡面,1
私群裡,1
好標,1
那能,1
還缺點,1
滿興奮,1
這鞋,1
玩團,1
康遊戲,1
金流給,1
日本公司,1
日貸,1
經數,1
對方欲匯,1
匯款後接,1
銀員,1
迅捷,1
紫琦,1
兒借,1
總合計,1
朱謹弘,1
南小東,1
台幣幣,1
崇學路,1
崇學,1
金共價值,1
劉惠娜,1
有包,1
花里,1
送抖,1
音禮物,1
公證後會,1
經發現,1
眼上,1
點擊訊息,1
醫美之廣告,1
李豪傑,1
小陳傳來,1
臨櫃櫃,1
劉逸婷,1
李確,1
煙代梅,1
到遊,1
限時續,1
元後再擇,1
偉遂,1
開會場,1
連開會,1
蔡子辰,1
事後暱,1
英國人,1
方統,1
須由該,1
遭列詐,1
並於核,1
賣門檻,1
發文並,1
天稱,1
開刀動,1
寶蓓,1
集來,1
對方局,1
此言,1
不察而化,1
調遊戲,1
七場,1
總共輸給,1
未聯結,1
更關,1
說續,1
說妍潔,1
按導致,1
小城,1
提結婚,1
連門號,1
一玉,1
知翠寶,1
想買玉,1
林玉龍,1
書裡,1
慎選來源,1
講久,1
言擔,1
來許,1
蘭黛保,1
錢款當,1
情無憂,1
看當時,1
程靜雯,1
認識代,1
號欲購,1
張逸頡,1
對方後還,1
發教學文,1
批貨後轉,1
批貨系統,1
進階批,1
還自顧,1
自走,1
憤到,1
振宇,1
貨運驗證,1
下誠心,1
低價清,1
倉話術,1
答應照,1
電多,1
詞多,1
進系,1
錄影備,1
胡蘿,1
筆也照,1
分夠,1
一點力,1
跟款,1
佳雯,1
事後開,1
告損,1
太氣憤,1
然後會配,1
王承彬,1
中心社,1
團賣,1
贏輸,1
此表現,1
出疑慮,1
毫無根據,1
不會續,1
環保產業,1
推廣有關,1
琳達加,1
琳達,1
叫昕,1
卡和裡面,1
郵政詢,1
林怡珍,1
點点,1
出现,1
點數外,1
稍後覺,1
帳財力,1
叫陳秀兒,1
先甜後苦,1
東西多,1
被養,1
斃命,1
明新門市,1
奇案,1
任務清,1
無痛,1
兩百萬新,1
派員工,1
然後他還,1
補交驗,1
萬的驗,1
貪信,1
岑洋,1
費餐,1
飲上,1
課考,1
錯陽,1
差地,1
龍騰蛇躍,1
獲利什麼,1
諧湧,1
抓機會,1
股門檻,1
劉亭,1
安說,1
幣一,1
紅毯,1
看夕陽,1
取泰達幣,1
當然現,1
亂露,1
連怎麼,1
保前,1
給專員林,1
郭嫌,1
某所學校,1
先傳訂,1
自稱羅于,1
多屬,1
匯十萬元過,1
機子,1
將四萬,1
紐西蘭元,1
撤案,1
人擔,1
參與民間,1
提類,1
擊購,1
電訪,1
贏邀,1
叫游,1
交通局,1
股東要,1
沒再付,1
欣打,1
頭保證,1
還常問,1
大飛,1
中草,1
金會給,1
遭人假,1
分子尾,1
未變,1
已主動,1
連物,1
通連,1
完聯絡,1
專員用賴,1
辦理要,1
買電子,1
組大,1
姚心語,1
風雲際會,1
安和街,1
一連換,1
幫動物,1
劉琪,1
訂華信,1
還多收,1
依靜,1
進人員,1
雯琳,1
照依靜,1
終面,1
項賣家,1
吳昕妍,1
渠度,1
商大義門市,1
教到,1
人運勢,1
塵大師,1
日突,1
張盛為,1
詐術行,1
藍新線,1
巷樓,1
蔚自稱,1
蔚見,1
方蔚,1
自跟幣商,1
除蟎頭,1
加除,1
蟎頭,1
寫業,1
篇業,1
幾篇能,1
不發文,1
過業配,1
權至,1
權賣,1
權要,1
簽票,1
給蔡,1
有會給,1
蔡男即,1
因蔚,1
貨金,1
銀首飾,1
給我詐,1
交同區,1
並無繼續,1
報狀況,1
討後續,1
上校,1
妥後軍方會,1
明湖,1
吳宗愉,1
事後跟兒,1
子陳述,1
變換成,1
還墊付,1
營小額,1
機構確,1
阿煜有,1
訊息務必,1
轉學考,1
假買家問,1
組後誤,1
增懋及,1
身設,1
因入,1
再虛擬,1
職廣告訊息,1
已稱,1
欺主謀,1
將醫院,1
證是員工,1
補足融,1
含手續,1
帳號售,1
轉販售給,1
豪訂購,1
渠交換,1
渠戶頭,1
將己,1
人蕊娜,1
向吳,1
問分紅,1
手吳,1
華醫師,1
失當,1
吳醫師,1
碼寄郵局,1
桌盤,1
有後銀行,1
初約定,1
繳納訊息,1
因貨量,1
出特戰,1
方假裝,1
騙戶頭,1
可歸,1
元聯絡,1
分討論,1
特說,1
然後在付,1
遂換,1
屯農會,1
椰巧,1
以綠界,1
創帳,1
文與,1
尚無財務,1
自神,1
業務林,1
蓮遊,1
會運作,1
機會輪,1
某家門市,1
連半,1
連上級將,1
喪生,1
亭瑩,1
將軍的,1
這氣氛,1
詢問社,1
當時轉,1
先排,1
終於有貨,1
日月潭,1
區蘭生,1
錢連,1
拼貼,1
房想,1
開通服,1
超商東,1
廖家興,1
楊勝瑋,1
已虧,1
損約,1
老師則,1
牛熊,1
洗碼量,1
稱大撈,1
家及,1
內來入,1
頂面,1
想頂,1
五萬元訂,1
以謊,1
無親,1
可供使用,1
超商媽,1
志渝,1
專利網,1
羽寧禮儀,1
共九萬元,1
碼對,1
證計劃,1
小晨妹,1
小太陽恩恩,1
主資訊,1
前三則,1
站驗,1
網該,1
一明,1
分只,1
理會直,1
名廠,1
為家,1
會劉,1
為亞,1
東紀念,1
江家偉,1
藍文里持,1
健保卡到,1
仁愛醫院,1
拿藥,1
領藥且,1
林自強,1
偵察此,1
辦號,1
零碼,1
依找,1
創業計,1
畫業務,1
股圖,1
琴架,1
琴盒,1
調音,1
聯絡順,1
法解,1
本法,1
翰岳命格,1
魏以涵,1
進階療程,1
成高,1
張言欣,1
邱雅卉,1
並討,1
論後續,1
寫確,1
利維坦,1
巨獸,1
版六,1
活塞,1
卡鉗組,1
吳瑟雷,1
醫的,1
立交,1
項會匯,1
蔡慶文,1
填手,1
除後便,1
澳門聘,1
著博成,1
哥起,1
鐘崑,1
楊靖宜,1
明售,1
借五萬要,1
借五萬給,1
阿承,1
按時續,1
尾端,1
檢視驗,1
選貨到,1
二顆,1
面後歸,1
禮物經,1
自聊,1
明講,1
一圖片,1
當寵物,1
做別,1
面又將,1
找金錢,1
著拉人,1
看群組,1
看會,1
假機票,1
還附購,1
萬餘元過,1
纏爛,1
打要,1
號我去,1
由件,1
鏈合約,1
炒幣,1
課講解,1
都驗,1
不太滑,1
十萬元當,1
泡在幣安,1
投幾萬,1
數領,1
出別,1
投資夠,1
著有個,1
個小誤,1
啊霖,1
跟霖,1
財富圈,1
全匯給,1
金融系,1
統轉帳,1
漂浮,1
倉體驗,1
出錢並,1
金觸,1
發條件,1
給一幣商,1
將新現,1
名為娜,1
假協議,1
書威脅,1
違約會,1
我微,1
信成,1
並定價,1
這郵局,1
及護照,1
友接,1
貨後當天,1
價兩盒,1
積木之價,1
因家,1
面家,1
財物予,1
資訊輸,1
賣家別,1
急怕,1
繼續詢,1
取貨後再,1
運款,1
美國國家,1
卡也給,1
或代領,1
某俱樂部,1
太慌太怕,1
場後不斷,1
付錢證,1
迷了眼,1
專售,1
區那麼,1
小紅書亂,1
更亮,1
包瞬間,1
白實驗室,1
醫美級,1
膚模,1
車購,1
匯款後數,1
嚇瘋,1
花火節,1
送萊爾富,1
出家人,1
並連訊息,1
單至店,1
區填寫,1
單在,1
完開始,1
楊敬義,1
經由遠,1
金小額,1
金大筆,1
劉盈君,1
洪明杰,1
顏及,1
分與幣,1
商新玉門市,1
號普重,1
機典,1
當借,1
蘇容清,1
藍帽,1
個惠,1
彭寶寶,1
分離開,1
建勳,1
問後仍,1
證交貨,1
名為陳益,1
超商常,1
漱口水,1
梁鐵振,1
碼會給,1
商小東門市,1
小東路,1
討後藉,1
為質,1
隨後不,1
還與名,1
仙隆門市,1
職登記,1
榮榮,1
關現,1
沈某,1
親加,1
偵辦員警,1
用紅,1
車沒有,1
猶豫後還,1
最後存,1
重買,1
劇興仁,1
針織衫,1
並傳截,1
假股,1
小沈說,1
社團詢,1
問淨灘,1
權限始,1
終只,1
金絕,1
方辦,1
高練度,1
賣務,1
要業配,1
酬勞匯,1
稱小慈,1
雙新,1
下門票,1
賣帽,1
文柔,1
取新卡,1
賣書賣,1
劉建彬,1
好後照,1
黑泡隊,1
單轉,1
湯經理,1
談好票,1
劉念林,1
簽入,1
元證明,1
小居,1
關機車,1
並沒有線,1
染病,1
實令,1
和許,1
並不在場,1
過櫃,1
顏巧惠,1
林真希,1
名為犇,1
敬慎,1
課練功,1
代課,1
談一個,1
並自願,1
尼米,1
總理,1
阿堯,1
思友,1
宮廟後方,1
宇當,1
收地點,1
許多常見,1
張凱鈞,1
還搭著,1
實後會,1
張天齊,1
設限,1
極大機會,1
徐瑞筠,1
費與酬,1
進風險,1
多後續,1
報密碼,1
通萊爾富,1
證換,1
發地點,1
背後末,1
證證明,1
障礙科,1
人慌到,1
然後聊,1
很炫炮,1
別人亂,1
蘇子斐,1
看票,1
這樣問,1
處理轉,1
一支花,1
寵虛,1
某區戶,1
夾組裝,1
餘額款,1
我事後在,1
護照給,1
有護照,1
葉珮昕,1
隱藏卡,1
樓非樓,1
羽桐,1
我禮,1
尚往,1
君如,1
叫萊賣貨,1
銀行連,1
東西練,1
練手,1
明覺,1
宏財智謀,1
元買幣,1
日順利標,1
時怕,1
連序號,1
無廠,1
高全,1
還之類,1
歐訣,1
馨心,1
刷金,1
力奇,1
倒貨,1
我想入,1
無電報,1
轉會費,1
電報給,1
之後皆由,1
由曦曦,1
貸現,1
付貨物,1
還沒輪,1
李蓉,1
自辦,1
幣桑桃園,1
甚詐團,1
信詐術,1
人喜歡,1
日車,1
低率,1
帳號方,1
渠理財,1
他突,1
項處,1
任務時,1
前後後參加,1
館求,1
認證步,1
時後該,1
家求證,1
櫃接,1
申辦員,1
工證件,1
庭一個,1
歐女,1
狀後便,1
日就將,1
其潘,1
職本,1
一組傳,1
即點入,1
獲利即,1
聽故,1
事後再問,1
雄所,1
經事後查,1
珠所,1
目應,1
刷類,1
科科員來,1
有劃,1
皮尺,1
丈量土地,1
說代書,1
要蓋章,1
我買口,1
紅送給,1
拆解,1
稱韓,1
幫派並,1
有津貼,1
多難給,1
九容門市,1
挺聰明,1
超玄,1
這樣動,1
不夠強,1
商恆春門,1
貝蒂,1
甜瑞,1
但儲,1
趙俊銘,1
麗姿,1
別繳,1
李翰,1
得會,1
談一場,1
愛到,1
想和芳,1
慈見面,1
會員中,1
開放數,1
並邦定,1
龍時,1
卡騙,1
提共之富邦,1
過財力,1
互聯通,1
蔡睿恩,1
故亦至,1
其後即,1
詢查證,1
納貨款,1
山本,1
而後匯款,1
賠網,1
攒成,1
催訊息,1
借貨,1
獲利予,1
自籌,1
然屆期,1
即威脅,1
並肉,1
灣人,1
進演,1
藝圈,1
離星,1
幻貼,1
爸媽常,1
事後心,1
師協商,1
不論面,1
先辨識,1
中警,1
然後驗證,1
昌連結,1
昌通訊,1
喜禮,1
名義相談,1
照其步,1
葉形,1
事幫,1
法寶之,1
然後在民國,1
對方林,1
介紹律師,1
方無誠信,1
帳後電視,1
方電視,1
讀後便將,1
機會用,1
之換匯,1
完心裡,1
書瑤,1
福德廟,1
寶寶禮,1
萌語,1
禮送給,1
頭忙,1
黑得,1
張燼,1
演算,1
完連,1
中十萬元現,1
刑求,1
我三萬元,1
過程錄,1
元給幣,1
超者,1
晴是,1
購卡後傳,1
關於債務,1
森歌,1
群公務,1
員模樣,1
勝利公園,1
宮後方,1
入倉,1
出金圖,1
還總共借,1
不壞,1
二嫂,1
冷靜後再,1
豐銀行線,1
辦理華南,1
光忠門市,1
楓之人,1
課程爭,1
奪行,1
繳納授,1
權出,1
巨蟹座,1
航林門市,1
天仁門市,1
詠嘉門市,1
財規劃問,1
確遲,1
人涉,1
條等,1
因標,1
人皆稱,1
伊寧,1
為樂微,1
開立訂,1
貨而去,1
購應,1
打電樺,1
切開後是,1
之石頭,1
付裝潢,1
出來並,1
前後共五筆,1
錄後他,1
卡拿至,1
中告,1
我會面,1
登個記,1
戲精,1
新願,1
給星城,1
還很會講,1
捐錢,1
積德,1
方裝,1
挺過,1
筆錢來,1
台體,1
大體育場,1
友為,1
鳥過,1
自對,1
方主,1
傳至網,1
戲交,1
另電話,1
報價要,1
貨運下,1
貨運能,1
然後每個,1
家裡管,1
嚴之類,1
但醒,1
妥後欲,1
動且,1
便欲將,1
經圈,1
存通,1
張計,1
近一個,1
入張,1
便入,1
並皆未,1
資後有,1
如不會,1
只會將,1
需周轉,1
十萬才,1
閒聊過,1
遭泰國,1
洩給,1
方業主,1
迎面,1
快百萬,1
錢首選,1
鄧男,1
遭一電子,1
林爵,1
欽用,1
潘文欽,1
講報,1
報美股,1
損賣,1
組質問,1
構會,1
計畫表,1
項資料,1
全填,1
銀犀匯,1
業務賴,1
名業務賴暱,1
賴裡,1
南溝,1
知對,1
方非,1
惟葉,1
故委由葉,1
先後自,1
家上,1
網進入,1
沒達業績,1
其業績,1
並刷取,1
覺主播,1
犯意,1
元田衣,1
未子,1
緣起,1
劉語桐,1
認證動作,1
控驗,1
買家出,1
林巧涵,1
好康報,1
示須,1
筆共港幣,1
張娜,1
我想學,1
再關,1
繳也,1
止時,1
牽繩,1
將贈品,1
影將,1
萬買斷,1
金成陽,1
會氣,1
幣五萬八,1
許能給,1
前質,1
遍責怪,1
中一塊,1
協助後續驗,1
有多氣,1
許雨茜,1
失敗訂,1
前後四碼,1
不多不少,1
網美,1
談網,1
人少,1
群記,1
包打,1
時後打,1
最後的確,1
一毫,1
因無此,1
上無聊,1
鴻志,1
行三筆,1
某金額,1
及維,1
命粉,1
頭來票,1
騙人代,1
忍到,1
名義出,1
門見,1
一衝動,1
超毛,1
費催繳,1
投資毅德,1
封殺,1
超無言,1
義行詐,1
場戲,1
息息,1
工竟,1
地角,1
四合,1
機擴容,1
帳號後馬,1
角頭,1
香檳色,1
男業務,1
這筆稅,1
出正確,1
異後上網,1
搜尋始,1
李鈺莉,1
回交,1
講講,1
誰換,1
想儲,1
開通費會,1
還很明,1
顯標,1
超難用,1
超深,1
前後差,1
電中區,1
正慌,1
何永超,1
蘇炳謙,1
改車魂,1
完聲,1
浪應,1
親自送,1
管給,1
毅德虛擬,1
票好,1
權限越,1
之順序,1
急運,1
關於團購,1
軒團購,1
粗越,1
尾部,1
消音器,1
床頭櫃,1
串代號,1
以字,1
數計費,1
每條,1
幾天後交貨,1
喬貨源,1
張天陽,1
指導員還,1
李慧雅,1
不捐,1
不為過,1
保養店,1
濃眉,1
不太給,1
青春痘,1
有表達,1
一雙籃,1
寶服務,1
電話機,1
兒子且,1
資故,1
為主軸,1
保行車,1
警報器,1
作動,1
特約號,1
對方視,1
友書豪,1
豪給,1
爆後來,1
該民為,1
賭神,1
周潤發,1
之後傳連,1
證驗,1
點被,1
東豪,1
並馬,1
好後經理,1
神後越,1
回遠,1
傳詢,1
登記聯,1
組銘,1
傳大學,1
則變成,1
稱史,1
琳主動加,1
任期,1
訂金故,1
名為琪,1
依琪,1
轉至別,1
連佳,1
名鑑,1
成陳,1
終於匯,1
創新門,1
中分紅,1
當值,1
販售業,1
餘無線電,1
討論後達成,1
介此,1
內容後瞬間,1
會員之類,1
廣告後購,1
說飾品,1
開光過,1
不願易,1
匯會,1
續林俊嘉,1
英先將,1
了後悔,1
隨之而生,1
伍陸柒,1
鐘後就會,1
還導致,1
劉學謙,1
稱小安,1
元寶山,1
國籍關,1
還沒連結,1
林進強,1
下星期,1
帶會,1
計師來,1
鄭互動,1
輸了則,1
現金歸,1
現金要,1
車離開,1
搜尋荷蘭,1
經刷出,1
吳俊豪,1
林裕恩,1
成幣安,1
邊顧家邊,1
辦些,1
稱夢夢,1
能約定,1
老師莊,1
驗盒,1
獲假裝,1
惟網路,1
單後待,1
稱解凍,1
進告訴,1
則張,1
喝多,1
蠢斃,1
精武,1
興進,1
一兩點,1
貸的關,1
磁鐵售價,1
蝸居敏敏來,1
筱琳,1
監及,1
所留給,1
漫畫展,1
原畫展,1
稱林思語,1
人練習,1
生及,1
韓藝,1
藝人來,1
東及,1
無給,1
泰銖計價,1
萬泰銖到,1
戚戚焉,1
完能,1
爭霸賽,1
會員參,1
演練,1
防洩密,1
萬試,1
聯徵沒,1
申請會,1
地約,1
熱河門市,1
台中家裡,1
邊玩,1
想衝,1
專營店,1
貨平輸,1
硬殼,1
太潮,1
醜到,1
還多四個,1
安放,1
組織頭,1
賠全,1
還抖,1
當證據,1
很後悔點,1
同學給,1
八萬元購,1
快六萬,1
保護階段,1
然後全數,1
來的劇,1
登辦,1
親自顧店,1
需預,1
僅認,1
籌備款,1
日核,1
所換取,1
陶藝課,1
完後欲,1
寄好,1
並可加碼,1
個魚,1
賠一點,1
女建議,1
吳男訂貨,1
收幾個,1
廖利凌,1
吊水裡,1
河至,1
樂透彩,1
雷公,1
紅蔥頭,1
轩浩,1
小杜,1
貨緬甸,1
倒車,1
尾加,1
數的款,1
李建波,1
新玉門市,1
號倉,1
這條訊息給,1
務尋求,1
拾誠实,1
實際面,1
卡恐,1
皓進,1
隨後又匯,1
此經,1
轉中,1
張桃園,1
華億,1
叫婉兒,1
投資話,1
題且,1
扶愛心,1
核發物,1
資交換,1
李雲飛,1
包把幣,1
李欣蕊,1
買鞋,1
華業,1
連匯,1
儲超,1
寶箱,1
妥後當天,1
法棍,1
總藥劑,1
師黃勝偉,1
李凱翔,1
男約,1
無劃痕,1
穆桂英,1
到還,1
財運大開,1
美嘉小,1
林美嘉,1
鑽金,1
用兆豐,1
崔毅,1
吳有,1
便花,1
艾爾文,1
貨運塞車,1
宗發,1
組起,1
經我否,1
認後又持續,1
國旅,1
安所購,1
續爭,1
要周,1
金不疑,1
稱當時,1
記等,1
共分別,1
自兆豐,1
莊欣瑜,1
門要,1
美國眾,1
幣再轉,1
並到幣,1
天後群,1
並由中,1
價作,1
整代價購,1
兒子當,1
那女,1
蘇悅悅,1
投資馬來,1
將盜領,1
性極,1
專員有,1
隨後王,1
可分案,1
局溫,1
過國外,1
進金,1
對方愈,1
收百萬,1
鐘會,1
蔡曼婷,1
財務麻煩,1
別支,1
商佳翰門市,1
稱岳,1
桃檢書,1
繼承要,1
籃門票,1
其所供,1
至蝶,1
因蝶,1
閉且,1
鹿牟,1
婚房,1
展速付,1
喬喬主編,1
以觀,1
我無意,1
隨後整,1
當認證,1
李宇澤,1
雖然匯,1
何美珍,1
偉杰,1
萬馬幣給,1
某會出,1
獄後來,1
福慧圓融,1
鑫泓國際,1
劉鑫蕊,1
財成長,1
入金紀錄,1
放車,1
租車訊息,1
至陳晨,1
完後約定,1
氣報,1
仁馨,1
區梓義里,1
中崙路,1
價兩種,1
販賣頁,1
張世杰,1
逾限,1
手購,1
老馬,1
講電鋰,1
標該,1
以後相談,1
本協會,1
文所留,1
雖損,1
涉本,1
故特來,1
吳美瑜,1
萬教訓,1
車險,1
天期,1
當信,1
卡之後存,1
旅遊簽,1
機姓,1
金買點,1
高雄龍,1
美店,1
張代銷,1
李世豪,1
思靜,1
區雄峰,1
萬元後續,1
照會時,1
人員後便,1
剛大學,1
萬裝進,1
隔一,1
徵免費,1
抽禮金,1
李民不疑,1
保險業務給,1
灣產物,1
認識後便,1
選相,1
關步,1
驟中,1
陸續款,1
金高得,1
沒達成,1
組禪,1
心靜修,1
張鵬,1
取解,1
僅投資,1
以機,1
去裕富,1
實拿僅,1
謊報,1
張幫,1
我刻,1
刻錯,1
再刻,1
我除,1
我針,1
方向不同,1
尺卡,1
布里,1
著新耳機,1
人員鑑,1
測後告訴,1
換成靈,1
了靈,1
對方手,1
祥安門市,1
繼續面,1
分當場,1
將就能,1
職後除,1
內容引,1
誘後聽取,1
一組遠,1
寶石們,1
學甲華宗店,1
虱目,1
魚店,1
九井,1
學甲區,1
號洗,1
出資予,1
一航,1
一鍵式,1
跑券,1
麻舍,1
確認碼,1
徒增,1
貨惟遲,1
傳旋轉,1
筆錢換,1
上用線,1
願意代銷,1
童麗雅,1
涼鞋,1
那裡實,1
合夥團購,1
日連人,1
之告訴,1
沙地,1
利雅,1
美國洛杉磯,1
虛擬幣幣,1
前都還,1
配遊戲,1
說贏,1
終於傳來,1
為遊,1
認真有,1
照著表單,1
認後會給,1
價格後購,1
會維修,1
稱百貨,1
貨幣後幣,1
客往,1
戀愛呢,1
之幹部,1
對方多稱,1
沒空退,1
沙國,1
剪卡,1
答答,1
該會還,1
贖金救,1
文書費,1
這個費,1
絕一樣,1
開香檳,1
當跳繩,1
用聯絡,1
實境秀,1
玩爛,1
兼好,1
通把,1
蠻難,1
試一點點,1
裡本來,1
不懊悔,1
地團體,1
交處理,1
財智匯,1
超商簽,1
金流代操,1
多則訊息,1
帳號後用,1
色澤,1
組大吼,1
傳一傳,1
然後怎麼,1
快四點,1
統以,1
講投資台,1
還超浮,1
終身期,1
貨體驗,1
小道,1
覺得裡,1
然後他們還,1
可自動,1
漸失,1
如護照,1
機之資訊,1
購之內容,1
一且,1
虛寶內容,1
祥團隊,1
專員行,1
購買後驚覺,1
房東轉,1
查證台,1
電電費,1
以籌措,1
語錄,1
獲門號,1
至校,1
因學校,1
校方,1
外地人,1
這邊現,1
萬暫,1
匯不出,1
滾起,1
雨寶想,1
跟限動,1
則進,1
轉總共將,1
專自稱,1
作梗,1
或靈,1
修廣告,1
成會員會,1
多配,1
池田門市,1
接一,1
不習,1
同個網,1
卡解鎖,1
秘書介紹,1
鎮隆,1
九龍店,1
社區將,1
方下車,1
永恆花園,1
忠興,1
務所要,1
正華,1
永隆,1
潭北,1
音配,1
對限時,1
鐘配,1
崗空,1
完刀,1
感同身受,1
拍軍人,1
接著後向,1
加茂達,1
與茂達,1
帳號委,1
繳完委,1
金後因,1
加享,1
對方王,1
總共請,1
照規,1
方剖有,1
證就照,1
同為子,1
賣家務,1
初代色,1
組隱士,1
老師陳惠嫻,1
在繳,1
轉當,1
地花蓮,1
故又將,1
然後於當,1
區特,1
綁物,1
總共售,1
伊澤,1
作任務,1
過後他後來,1
並當作,1
音非,1
還是鎖,1
方所報,1
琳稱,1
顆給雯琳,1
氧氣機,1
越兒,1
搜尋匯,1
經理則,1
細續,1
比會,1
然後儲金,1
一週後發,1
名該,1
投如虛擬,1
分在店,1
方夠,1
對方致,1
張運動,1
科門市,1
推薦物,1
金回饋,1
徵營業稅,1
新聞後才,1
對裡面,1
擔保入,1
廣告關,1
擊後下,1
載安裝後是,1
六萬購,1
並隨後給,1
出金拿取,1
團金流,1
借戶頭,1
明志,1
遊後將,1
遊後發現,1
改回去,1
發要,1
造他,1
龍虎,1
德物,1
機會財,1
想資助,1
點加,1
幣順利,1
蔡炯民給,1
區一處,1
興產業,1
你記,1
氣再轉,1
柏森,1
龍兄虎弟,1
越下,1
然後轉幣,1
從驗證,1
射手,1
英熙,1
發票者,1
給發票,1
以後結婚,1
面雕,1
害派,1
紙藝,1
資金恐,1
因未截,1
圖且,1
已約定,1
優券,1
關個,1
分九筆,1
很異常,1
動當,1
兩頭燒,1
正緣,1
這男,1
然後越,1
戶少,1
坑里,1
南華路,1
穩門市,1
雙方話題,1
稱陳民,1
至陳民,1
我事後感,1
電查,1
王庠,1
博並,1
裡瘋狂,1
號欄,1
筆才終,1
我絡,1
短牌,1
見後以,1
借錢訊息務,1
話術常,1
作業務必,1
滑梯,1
到績,1
效獎,1
共八萬元給,1
費分,1
明寫,1
紀錄器,1
優惠須,1
不返,1
育兒訊息,1
投資育兒,1
國數位,1
欺錢,1
經汪雅,1
鳳琳,1
遷店,1
豪仔,1
張文斌,1
夏冰鑫,1
導我進,1
場賺取,1
日幾次,1
皆經,1
朱逸薰進,1
天籟計畫,1
並又遭,1
楊小文,1
李國平,1
區服務,1
保證經,1
獲利標,1
為首,1
創建號,1
付勇豪,1
惟阿蘭,1
需先超,1
金後發覺,1
鄒趣,1
費屆,1
時辦,1
劉哲源,1
惠宇仁美,1
許看,1
方後屢次,1
假對,1
備妥,1
荷塘月色,1
皮筋,1
一萬袋,1
登記發,1
設薪,1
虹虹,1
等費,1
服務稅,1
林佳怡,1
投資萊特幣,1
隨行票,1
會員代,1
行越,1
號停,1
車格,1
暫時禁,1
提戶,1
企銀內壢,1
在員,1
留著用,1
日一看,1
商銀貸,1
買電腦,1
面幾筆,1
認序,1
講一模,1
還沒滿,1
下點數,1
談下,1
認換匯,1
太醫纺,1
聖元帝,1
膳湯,1
載點給,1
財富永國,1
舒背,1
引力,1
這感,1
覺蠻,1
臂章,1
臉書斷,1
經駐,1
銀姿,1
探視確,1
兒子訊息,1
談罰,1
金離開,1
收容所,1
故兒子,1
數家幣,1
求財運,1
怕查,1
布施,1
夫商吉,1
小東,1
宜琳,1
親友且,1
慶門市,1
劉家明,1
電員工,1
經滅失,1
客制化,1
桐創,1
但馬歇爾後來,1
先單,1
叫犇,1
挽弦,1
劉怡君,1
回屋,1
抗通,1
通膨影響,1
鑰擷,1
叫小入,1
徐書揚,1
書揚,1
貨代操,1
控好,1
報表出,1
樂高套,1
組價格,1
搜尋小紅書代購,1
維益,1
對方貸,1
業務騙,1
礦時,1
秋銘,1
資產移,1
某家燒,1
山加,1
伸冠門市,1
建榮門市,1
徵工訊息,1
听从,1
資產來,1
生智,1
過一場,1
金理財,1
參與唇,1
釉代銷案,1
組只,1
發放字,1
魯凱族,1
應能夠,1
社團裡詢,1
自新北市,1
施詐,1
叫淑菁,1
淑菁,1
這才發,1
現淑菁,1
關除,1
徵沒有,1
籌保釋,1
名經理暱,1
成泰達幣後存,1
來後到幣,1
購買魯凱族,1
白曉莉,1
還會出,1
金後批,1
更多虛,1
取一,1
選高,1
頻廣告,1
還代繳,1
跳出去,1
台電的網,1
思蓓,1
活動場,1
班同學,1
只想去,1
做擔,1
保比較,1
擔保資金,1
資訊尾數,1
全封帽,1
受了傷,1
過幾週,1
屋寄來,1
員機警,1
仁傑,1
交還給,1
商茂,1
醫療款,1
而名,1
成員名,1
百列,1
劉曉清,1
古貨幣,1
中高價,1
帶工,1
組後才,1
其廠,1
一太陽,1
合約予,1
其觀,1
晶盛,1
經我去,1
我人始,1
請手,1
金多筆,1
稱林少,1
地不詳,1
雄說,1
雄有,1
社販售,1
同社區,1
證社區,1
或接,1
戶始,1
帳務遭,1
千錘百煉,1
見詐,1
跟名,1
單顯,1
律師會,1
爆雷過,1
立馬關,1
筆震,1
驚中,1
先避個,1
風頭,1
試著查,1
串訊息,1
連賴,1
商看,1
當團媽,1
永城,1
並無意識,1
未技開,1
楷泰,1
漫產品,1
他會轉,1
活動文,1
配司機,1
大學念書,1
跟曉瑗,1
凱迪,1
連貨運,1
竹邑門市,1
簽收領,1
這語,1
然後花,1
卡在驗證,1
平時言語,1
商修,1
小薈,1
用媽,1
媽黃麗珈,1
免出門,1
驗卡時,1
及雲聲,1
四單,1
寶把費,1
无所謂,1
寶會,1
頂規,1
黑化,1
完車,1
填宿,1
車資料,1
稅均,1
別要,1
連房產,1
猶豫太多,1
往壞,1
用動產,1
反制,1
密切合作,1
布署,1
神色自若,1
逮人帶,1
賓之人,1
沒賣票,1
無實,1
博紐威,1
面引,1
誘持續,1
版式,1
問羅,1
我蓋廟,1
詢問別,1
問核,1
供述,1
榮家,1
前越,1
但慶,1
推一種,1
整合型,1
保導致,1
兩天後對方,1
李晨,1
翁京門市,1
路南,1
並消費,1
獲利夢,1
血淚記,1
趕在節,1
周員,1
匯四萬八要,1
分數匯,1
出產,1
蛋面,1
吳舜田國際,1
張秀麗,1
看脆,1
賴推給,1
賴後吳,1
華豐門市,1
華豐門,1
秋蘭,1
柚寧,1
次約,1
選擇後者並,1
之特助,1
玄燁將,1
週時,1
玄燁教,1
張雅娟,1
各說,1
各話,1
霖霖,1
方約炮,1
除後詢,1
因電話,1
台電名,1
麗音,1
秘書會,1
蠻像,1
已經涉,1
引流,1
帳務什麼,1
網紅主動,1
滿驚喜,1
過三小時,1
荒去,1
出貨員,1
之後音,1
發文貼,1
雙人早,1
票賣,1
熟到,1
筆沒,1
別亂信,1
金耳,1
環交給,1
超會演,1
資當作,1
薪資才,1
法話術,1
薪資試,1
詐律,1
打詐律師,1
還傾吐,1
並跟賣,1
帳說,1
畢立,1
示範教學,1
裝錯,1
酷炫名,1
經營業務,1
運作業務,1
潤還會,1
刮樂還,1
證金到,1
權限有,1
寵物控,1
完立,1
管帳,1
港幣匯,1
內共,1
拖久,1
流服務,1
之後不滿意,1
相機會,1
認總計,1
賣冷氣,1
機主機板,1
空手而回,1
勝的,1
協助始,1
帳後會將,1
時無款,1
最後薇,1
回金給,1
但薇薇,1
已販售,1
協調將,1
將會匯,1
之金,1
貼膜,1
稅且,1
彭民借,1
牽掛,1
沒能斷,1
充滿體,1
心填錯,1
購細節,1
卡證,1
易用,1
集賢,1
代肝,1
做諮詢,1
而後經員警,1
而後向,1
降下,1
金證卷,1
高匯,1
清月,1
進水裡,1
電查證,1
鐘仲妍,1
俞維徽,1
俞維徽稱,1
淑瑤,1
經行員面,1
隨後隨後在,1
沒有續,1
筆電狂,1
熱者,1
獎制,1
王宇龍,1
萬和五張,1
西新,1
該兆豐,1
證與委,1
戶政承辦,1
資後傳,1
假存,1
明細謊,1
若查,1
遞送,1
張欣瑤,1
期繳,1
連已經,1
面之類,1
便裡面,1
證金後才,1
金幣後會,1
學道,1
災後補,1
劉美華,1
林美茹,1
騎士通,1
問確定,1
獲至,1
永正,1
小芯彤,1
小獅,1
王蛇,1
終來償,1
專員邀,1
並副以,1
並輔,1
少宸,1
職無法,1
壁區後壁,1
改運勢,1
因法師,1
萬兩張,1
七子餅,1
普洱,1
冰天,1
俾利轉,1
遂林,1
男依,1
蕭遙情,1
張卡能,1
為仲信,1
商祥安門市,1
幫處,1
搖晃,1
低下,1
指節,1
正下,1
不大不小,1
進家,1
笑問,1
用愛和,1
織了,1
眼淚終,1
人永遠,1
如塵,1
然後他掛,1
漸開始,1
寄來後會,1
每當下,1
覺得信,1
還啥,1
蔡奕芬,1
自徐,1
悠風,1
李維廷,1
看辦,1
過代書,1
許就照,1
性愛約,1
林宇修,1
保時間,1
業內,1
遭洩,1
請業者,1
鳳傳來,1
文所紀錄,1
問趙,1
之票種,1
峰要,1
回應還,1
科群,1
描圖紙,1
跳跳,1
將位,1
那處,1
法樂,1
寬定,1
隨後查,1
快五點,1
收清,1
淨機,1
兒福,1
開盒,1
日學校,1
學金匯,1
曾慧,1
他姓,1
周名庭宇,1
零五分,1
抽什麼,1
挑一張,1
張九萬,1
林冰檸,1
仙度,1
瑞拉,1
虛擬幣網,1
不發,1
六百五十二,1
金絲,1
佳匯率,1
魚賣場,1
莊志文,1
公園當,1
人就點,1
李奕萱,1
變革者,1
框有,1
達仁,1
潘麗敏,1
管會繳,1
蔡梓,1
財務額度,1
點對,1
電表有,1
晚照,1
托匯,1
無風險質,1
當作質,1
網銀後口,1
元後總共,1
赤道,1
匯三筆給,1
照林陽,1
內容訊息,1
收中獎,1
給兩個,1
變凍結,1
有紅利,1
並擺在電,1
市詐,1
氣投,1
橘貓,1
說畫,1
號被,1
案裡面,1
劉瑞瑞,1
資訊引,1
誘訂,1
劉信,1
劉封鎖,1
劉驚覺,1
張察覺,1
範後續,1
小華基,1
小陳驚覺,1
陳語,1
小華未,1
數萬元後才,1
媒體訊息,1
上求購,1
異常後確,1
開著視,1
人警,1
動畫罷,1
這一關,1
證跑,1
幾萬會,1
過贓款,1
過桃園,1
架子,1
變延,1
還說還,1
周杰倫人,1
抽耳機,1
剛的,1
卡放著,1
好沛,1
不強,1
匯款後帳,1
其買,1
其凍,1
大及,1
張總共花費,1
串卡號,1
給小趙,1
十三次,1
仔細洽,1
搜尋信安,1
啟源,1
挑選到,1
遭個資,1
叫化,1
集資案,1
方交換訊息,1
更聯絡,1
資訊少,1
思雯,1
台相機,1
百靈油,1
面下訂,1
他興高,1
還沒事,1
工不僅,1
竹連林泳弘,1
許見面,1
阿穎,1
主引導,1
紅樓,1
詳細幣,1
港東門市,1
萬塊轉,1
滑走,1
一鍵加,1
稱陳曉宜,1
搞混,1
企銀時,1
之人站,1
土司,1
轉出並,1
國泰世華無卡,1
異樣並,1
現場員警,1
哥後向,1
好後以,1
多稅,1
貨變,1
賠快,1
賣燈,1
具遇,1
蔡藝珍,1
愛女,1
林鳳龍,1
女兒林,1
吳依潔,1
叫陳弘,1
開運網,1
解鎖個,1
該部普,1
王澤宇,1
事後才察覺,1
由快,1
新隆,1
那人語,1
又當,1
酬勞費,1
為偉,1
卷會,1
古藏法,1
陰陽和合,1
馨孕坊,1
盜刷共四筆,1
需先擔,1
額入,1
冠溢,1
協助民間,1
本所員警,1
我十萬積,1
蓄瞬間,1
點擊後先,1
含輪胎,1
樹邦,1
其誠信,1
波文,1
之保費,1
遭兒子,1
處不動產,1
經管局,1
獲假經,1
詐團並,1
始前,1
台共訂,1
購兩次,1
套交情,1
朴樹,1
文臉,1
下後主動,1
證莊,1
雅婷致,1
玉料,1
電中國,1
林佑霆,1
並取票,1
粉絲想,1
卡費繳,1
不僅代練,1
傭金之價,1
賣利潤,1
個遊,1
兩仟,1
伍佰元,1
伍拾,1
陸拾,1
結識並,1
致陷,1
轉至詐,1
商協議,1
商業務員,1
偉並,1
中嶺,1
東郵局,1
跟付,1
親連線,1
管樂器,1
萬當頭,1
萬之後再,1
蘇玫碩,1
莊雅亭,1
貸業務員,1
然後轉介,1
達宇,1
交傭金,1
朝馬,1
偉成,1
一銀法務,1
裡玩得,1
小竊喜,1
著處,1
理家務,1
哲就,1
用郵,1
掛寄到,1
劉耀文,1
會無效,1
會立馬關,1
幾天後發,1
現個資,1
衝裝備,1
抬來,1
開美妝店,1
童節,1
我表單,1
銷並,1
寫試,1
該行銷,1
捐發票,1
給行銷,1
投資多點,1
快點驗證,1
買家能,1
開對外,1
張穎穎,1
攻擊性,1
坦誠相見,1
項會將,1
事後自稱,1
高美祿,1
刷後詢,1
趙燁然,1
西站,1
前兒,1
童遊,1
憩區,1
遭林,1
改運及,1
環打給,1
領到後會,1
國泰人壽育,1
仁務中,1
賠部,1
環見面,1
賴桂香,1
證明書及,1
元後要,1
環對,1
國泰人壽內,1
存褶,1
代購委,1
五國,1
區光榮,1
南社,1
金根,1
因人數,1
改報,1
照三張,1
還價後以,1
永益店,1
金永億店,1
億路,1
鴻毅,1
日綽號,1
金後轉,1
玲來,1
金大漲,1
自宅接,1
設錢,1
購代買,1
留通訊,1
又須,1
並表至,1
之後沒有,1
匯啦,1
日額,1
有陳述,1
何而來,1
已影響,1
認真賣,1
我的媽,1
鞋帶,1
超鬱,1
先持續,1
包變空,1
委靡不振,1
金流質,1
正猶豫,1
然後又貼,1
證寫,1
結改,1
完後錢,1
金資產,1
草藥品,1
還資產,1
開小帳,1
然後開門,1
水椅,1
還滿認,1
完裡面,1
數字當,1
假認,1
辦理父,1
終於給,1
師電話,1
其隊,1
電花,1
說原,1
領年,1
終後就會,1
投資夢碎記,1
拼出,1
抽到過,1
衝活動,1
到體,1
用情,1
語用,1
幫什麼,1
一腔,1
更動且,1
籌資向,1
轉介名,1
資疑,1
專線始,1
購買後始,1
級生,1
班同,1
盜後來電,1
抵達後未見,1
經理洪,1
熱力區,1
著條,1
活躍成員,1
魚標,1
焦灼,1
钟离,1
前後保桿,1
楊湘婷,1
吊卡,1
終積,1
這錯誤,1
以換貨,1
未寄達,1
會多花,1
親友馬龍,1
賬到,1
赈災,1
樓將,1
儒告訴,1
首一,1
場夢給,1
鍋之貼,1
洩超,1
儲值擔,1
額後即,1
回凍,1
柏偉及,1
並隨後以,1
隨後因陳民,1
機玩,1
心防且,1
行聯絡,1
費總共是,1
費和清,1
家電支,1
購買家,1
電後轉手,1
胡民不疑,1
惟欲出,1
民需,1
電視裡,1
會真實,1
家想,1
人太會演,1
惹事,1
時語,1
權限異常,1
接二連三要,1
全免,1
交好,1
筆票,1
地政見面,1
強逼,1
或人頭,1
鐵馬,1
有個彈,1
跳視,1
飆歌,1
還很正規,1
互動算蠻,1
大轉,1
上命,1
淚上,1
證騙局,1
平平凡凡,1
繳這麼,1
一大口,1
湯啊,1
寫後寄給,1
自稱曉彤,1
隆店,1
偽買方,1
連結作,1
向櫃,1
因有民眾,1
防蚊液,1
一個體,1
手機夾,1
收通訊,1
軟體驗,1
可討回,1
風樂器,1
會學習,1
綠金,1
應後遭,1
我門,1
號產生,1
欠費導致,1
攝臉,1
部入,1
全裸照,1
無法善,1
做經,1
各大店,1
戶貨到,1
賣家售,1
之半數,1
用將,1
之步,1
駐台,1
淑娟,1
加會員要,1
貨運去,1
郵政實,1
房東親,1
帳號裝,1
太煩,1
成送點,1
多思,1
衣拍,1
問左下,1
證綁,1
威仃,1
未意識,1
問他們關,1
出卡,1
營的,1
稱林弘立,1
利潤費用,1
還計算出,1
淨損,1
然後那邊,1
超唬,1
包送,1
將四筆,1
購物魂,1
事講,1
有動工,1
姓員警,1
假公權力,1
能尋,1
時間當,1
要務,1
則發生,1
惟後已,1
遂委由,1
玉麟珠,1
一号,1
完竣,1
轉入轉,1
賓場,1
稱不願意,1
資不夠,1
共三組,1
已延,1
我們僅,1
依印,1
單至櫃,1
開通後向,1
結後才,1
機代碼,1
惟非,1
彌陀路,1
阿何,1
原車主,1
崇明,1
方加瀨,1
站後續,1
買光,1
遇遊戲,1
會員後綁,1
之聚會,1
許私,1
一依名,1
騙方以,1
完後再將,1
出金而察覺,1
服務表單,1
斷電,1
完後只,1
高語婕,1
利源,1
群組會員來,1
安睿宏,1
觀證,1
為曉玲,1
接新北,1
群軟體,1
今欲約,1
告書給,1
惟驚覺,1
心強,1
詳細號,1
佛學會,1
樂師,1
給陳師姐,1
林民稱,1
搜尋小說,1
時泰銖,1
百貨及,1
徵代儲,1
芯雅,1
南非政府,1
資過期,1
三姓,1
橋郵局,1
古沅杰,1
許蔚廷,1
期活,1
萬泰銖,1
文易,1
系量,1
產型,1
封貨物後發,1
燈及,1
創建個,1
電知會,1
郭講師,1
考取,1
紙給,1
課內容,1
公收報,1
備取,1
費才會,1
傳藍新,1
注好康,1
正滑手,1
減脂產品,1
伊有,1
出相關,1
現在記,1
背醫藥費,1
出來後會,1
儲匯處,1
業務股,1
蔡秀珠,1
李宏偉,1
說師,1
父會,1
原智,1
事後群,1
指網路,1
经过,1
真而將,1
謝庭飛,1
韵情,1
個算,1
徵招部,1
半送,1
領津,1
超商後門,1
絕簽,1
車馬費給,1
暫時簽,1
金三萬塊,1
號從華南,1
連領,1
琴稱,1
隨打給,1
阿宏介紹,1
題問,1
叫史,1
康寧大學,1
某守衛室,1
卡放好,1
國泰世華少,1
或書,1
千古,1
居簡,1
號我才,1
歡麻,1
妙品,1
之後小,1
稅務關,1
林奇諾,1
李騰,1
應援社,1
姜海,1
洽談要,1
則統,1
艾草,1
莊承宏,1
補一組,1
義店,1
面談出,1
還會氣,1
貨沒出,1
及合庫,1
他帥帥,1
超體,1
給人用,1
總少,1
點真,1
群保證,1
水中,1
萬眾,1
夕陽下,1
信義三,1
兩事,1
貨運商,1
啟用過,1
當紅團體,1
文刪,1
賣有機,1
當貨款,1
記得頭,1
一個餅,1
乾廣告,1
決兒子,1
行員和員,1
十支,1
宏森,1
格鬥,1
拳擊頭,1
健師,1
逐月,1
我耗,1
方質問,1
洽談合,1
網紅團隊,1
一百位,1
經營樂,1
天電商,1
他承諾過,1
節都過,1
金寧,1
照說,1
最後沒虧,1
命大,1
誘大錢,1
搞慘,1
方連個,1
單燒,1
到腦,1
連提,1
天心,1
還是親,1
少君,1
之後一查,1
幾千過,1
價格訂,1
還問東,1
請員警,1
話術令,1
金韻雅藏,1
編事,1
告月,1
如不願意,1
號約,1
向行,1
答時,1
並沒有換,1
柯瑞恩,1
聚寶隆,1
賣酒,1
引導驗證,1
簡士翔,1
開會員頁,1
人求償,1
騙繳,1
服繳,1
簽所謂,1
一收卡,1
西變,1
特賣家誤,1
特遊,1
然後悲劇,1
名義狂,1
誘騙加,1
你察覺,1
沈鐸,1
出金竟,1
最靈,1
九尾狐,1
仙娘,1
打著能,1
增運氣,1
財項,1
磁場,1
招財項,1
孟紫琪,1
林昭寧,1
買太陽能,1
那用,1
卡寄件,1
筋膜,1
木匠,1
標識門牌,1
位換,1
林泉,1
李洛彤,1
王美菁,1
帳後系統,1
淘寶郵件,1
冷颼颼,1
蓋彌彰,1
筆利潤來,1
王辰昊,1
投資櫃位,1
查證時,1
王詩佳,1
金之路,1
該吳,1
富邦存,1
商寄賣,1
記來,1
救濟科,1
張思偉,1
稱壽險,1
因無保險,1
王嘉賢及,1
官陳志明,1
紅色紅,1
胖胖的,1
事後兩人,1
一兩金條,1
公群,1
過阿阿,1
拍密,1
區大順,1
燒臘,1
三人合資,1
給作,1
恆春鎮,1
轉售詐,1
予至,1
優惠新,1
銀以,1
真後依,1
銀即,1
回均,1
情為,1
張良維,1
張認,1
能指,1
瞭後對,1
順大門市,1
以假裝,1
新開戶,1
友要,1
綁約定,1
看頭,1
櫃哥,1
林其駿,1
康價格,1
說庫,1
存延誤,1
信問,1
超可憐,1
挑選貼,1
已遞,1
填驗,1
並非會,1
之後處,1
外入,1
萬一毛,1
點選後導入,1
項後會給,1
將價格,1
畢後又並,1
商墩,1
業門,1
市代碼,1
逢大,1
待見,1
完面後將,1
漢翔,1
西屯安星,1
氣有點,1
釋法樂,1
用薪資,1
方阻,1
攔聲,1
並可帶,1
入幣商,1
以三張,1
稱員,1
董小貝珠,1
至系,1
將系統,1
夠貸款,1
就會鎖,1
給賭,1
客並,1
財務並,1
補助免,1
誠徵日領,1
財務驗,1
完卡後便,1
卡補辦,1
完之後又將,1
並於溝,1
需監,1
控金流,1
遊上,1
做團購,1
偉進入,1
買幣後將,1
沙發衝,1
控怎麼,1
電影爽,1
點那個網,1
講下,1
演八點,1
請偉,1
徵人代購,1
鎮新聞,1
釋振光,1
暴怒,1
需寄其,1
這班順,1
風車,1
湊數,1
包套,1
罐捐,1
重拍,1
遮的給,1
阿玫,1
連出貨,1
事後雙,1
軍自稱,1
軍循,1
繳納獎,1
該稅,1
派人前,1
依網友,1
電人,1
邊吃邊,1
轉十萬給,1
服務介紹,1
點當作,1
預約確,1
認用,1
當一輩子,1
現家,1
龍騰理,1
該顧,1
問員工,1
哥大新,1
空機費,1
因越,1
期手,1
機月費,1
阿池,1
天室,1
傳至給,1
及辦,1
信支,1
號不詳,1
檸檬萌,1
專板,1
買願,1
炎龍,1
進去後始,1
排約,1
晴要,1
戲雀魂,1
親郵局,1
容許,1
優子,1
八萬零,1
炸出,1
零數,1
甜物語,1
交電動車,1
不爭,1
連一絲罪,1
惡感,1
一筆賽,1
一組訂,1
全推,1
最驚恐,1
輿論,1
人會問,1
獵殺,1
電會給,1
鹿鹿,1
述案,1
並於閒,1
聊中,1
應之虛擬,1
進用,1
點獲,1
交談間,1
相約須,1
進而購,1
頻上,1
已將將,1
內無購,1
運之網,1
完之後跳,1
何機構,1
一識別,1
結給予,1
王漢中,1
幣十萬餘至,1
帳號後點,1
花錢問,1
張程宏,1
隨之飛,1
風輕雲淡,1
證核,1
場後會,1
當從,1
金產業,1
鴉洋裝,1
助攻,1
區龍國,1
區埔園,1
劇本詐,1
書芸,1
幫龍堂,1
擔心且,1
個玉墜,1
超商永華,1
盛歡,1
加瀨,1
須點擊,1
認證令,1
重讀,1
文缺,1
幾天後亭,1
張黃色,1
明以,1
遇山,1
包廂費,1
購票紀,1
需請求,1
線攝,1
仙岩,1
水電裝,1
過都,1
因欲裝,1
修燈,1
盞吸,1
頂燈,1
終拿不回,1
兰琪儿,1
媽咪爹,1
文問,1
三下,1
看媽,1
經營燒,1
擴大營業,1
萬就行,1
大回報,1
還在算,1
畫到,1
失神,1
有動用,1
從見面,1
時聲音,1
投資雙,1
重詐,1
故總計淨,1
因深,1
態嚴,1
關代訂,1
並頻頻,1
下一項,1
升等費,1
其餘如,1
時試,1
還在當,1
對沙灘,1
這種車,1
證測試,1
燈後愛車,1
如港幣,1
並由犯,1
我共會,1
包和項,1
某園區,1
和靈,1
分紅什麼,1
然後又陸續,1
李美婷,1
給超,1
圖費,1
事後勸,1
日欲買,1
姚心怡,1
給淑雪確,1
人多加,1
權及,1
奧創,1
還會員,1
現金未,1
對樂,1
天桃,1
給我來,1
楊少凱,1
改運師傅,1
衰事,1
事才行,1
災厄連連,1
立祖壇,1
目費用,1
多角,1
閃信村,1
線代,1
說幣價,1
一筆個,1
這太離,1
區臥龍路,1
野馬,1
收衣櫃,1
取貨竟,1
知內,1
變幣,1
燕姐,1
用銀角,1
超不順,1
驗證變,1
導匯款,1
桌遇,1
馮昕宜,1
網銀解鎖,1
火幣和幣,1
托裡,1
雀萍,1
償清,1
現金共約,1
伴遊須,1
戲號,1
供賣家,1
負數值,1
現約,1
控射,1
主奴,1
另暱,1
張比,1
電銀行後才,1
先討論,1
結成共識,1
產品問,1
忙問,1
張銘澤,1
政門市,1
黎文生,1
對黎文生,1
雖然給,1
數辦,1
劉佳鑫,1
語昕,1
統裡轉,1
雯雯大,1
愛聽歌,1
假任務,1
文下詢,1
日遊,1
比款,1
之爭議,1
獲利盈餘,1
出交給,1
機資料,1
專區裡,1
交談勝,1
歡後互換,1
現用,1
農會解,1
香堤,1
文旅,1
瀟湘子,1
右昌門市,1
音品,1
方毫,1
無異樣,1
拚業績,1
蔡宗霖,1
得數,1
蹊蹊,1
冠閔,1
通訊詐,1
稱缺,1
總共共匯,1
儲值後該,1
由廠,1
幫顧客,1
並由理,1
故欲出,1
切洽,1
款後並,1
玉玲,1
補交三萬元,1
金團隊,1
家連結,1
代墊購,1
貪玩,1
豐要,1
張雲軒,1
滿正,1
很妙,1
西米,1
多弱,1
完後加,1
總之是,1
沒齊,1
快三萬,1
五谷,1
還寄去,1
回禮給,1
加個值,1
進買出,1
而揮,1
如山般,1
扣查,1
退費餘額,1
故查詢,1
遠傳直,1
小寶稱後續,1
元之紅,1
小寶拒絕,1
遭小寶詐,1
君是,1
我們經,1
君之人,1
出旋轉,1
欲遊,1
戲勝利,1
通資格,1
由永豐,1
子沫沫,1
結束後會給,1
或小編,1
稅金較,1
六和全,1
至嘉義送,1
之寄貨碼,1
當至,1
初僅,1
自卡達,1
兩萬泰,1
達幣給,1
大罵,1
還朝,1
同學群,1
資訊行,1
相關規,1
定影,1
籃子裡,1
名義重,1
討貨品,1
康太過,1
專員陳映,1
假女兒,1
啟動後續,1
為羅經理,1
楊念,1
柯志,1
王大曦,1
時償還,1
當班,1
方來車,1
方一輛,1
直直,1
內側,1
衝撞,1
禍來,1
女工,1
加就加,1
投資夢醒,1
銀照,1
程老,1
終沒主動,1
計小徐,1
把頭,1
徐覺,1
膽敢,1
這個藥,1
好又多,1
之多,1
淺瞳,1
王馨悅,1
總共三個,1
成鳳凰,1
當然否,1
認有委,1
佐接,1
冒點,1
比諷,1
債還清,1
銀行實,1
張貴群,1
或戶,1
剛存,1
尊聯絡,1
銀行東,1
專線諮詢,1
選北臉,1
需貸款,1
品潔,1
外先,1
之後待,1
已初,1
作人,1
因會,1
包裝國外,1
之後拉,1
林語婷問,1
加碼款,1
江德,1
顏秀玲,1
綻放,1
樂老師,1
原豪,1
張淑珺,1
蓋世,1
單後擁,1
解鎖卡,1
一個給,1
李哲洋,1
兇地,1
左思右想,1
完繳,1
資格能,1
已無效,1
額截,1
組常以,1
稅務並,1
繳太多稅,1
卡不夠,1
多深,1
聘僱,1
投資常以,1
單機制,1
經手過,1
匯款務必,1
會舉,1
報送,1
歐遊,1
幫忙測,1
試訊號,1
順一點,1
謝南芷,1
號逛,1
皮會,1
收比,1
進階處理,1
航員,1
德元立,1
巴醒,1
詹益華,1
台灣久,1
為麗,1
然轉,1
稱星幣,1
分旋轉,1
那個價,1
東西退,1
淘寶的員工,1
轉盤裡,1
告訴網,1
夜花,1
劉溫琪,1
請費用,1
還未實,1
蔡金旺,1
已由隊,1
十兩,1
抵償,1
湖貴門市,1
指紋鎖,1
密碼鎖,1
戶張,1
點選頁,1
選兼職,1
將歸還,1
銀人員,1
連查,1
贖型,1
阿澤姻,1
超神準,1
聊誼婚,1
處理些關,1
點跑,1
假聯誼,1
市繳,1
學教訓,1
苦頭,1
東新興,1
連型號,1
幻彩,1
遭房,1
東惡意,1
尋場,1
眾多要,1
張違,1
規舉,1
錢買靈,1
跟外,1
人員求,1
行員電話,1
賣家補,1
參加票,1
兒子點,1
但氣,1
區福國路,1
還嗆,1
看書時,1
數方能,1
數卡五筆,1
數卡四筆,1
婷後來將,1
航海家,1
關花藝,1
不惑之年,1
貴賓會員,1
補貨款,1
做多筆,1
其損,1
出不實,1
單權益,1
指以,1
金豐金控,1
小源家,1
雙兒網,1
購買雙,1
漂粉,1
濃度,1
然後貨物,1
聲音實,1
圓珠筆,1
熱愛網,1
會慢,1
無限延長,1
大融,1
吳致緯,1
夯購,1
蕭民去,1
教蕭民,1
加營業員,1
之後方,1
愛琪,1
參加要,1
蕭民便,1
交貨款給,1
將品,1
投資懷,1
抱夢想,1
接一場,1
劉陽光,1
果粉,1
會門市,1
剛剛並,1
若欲約,1
內之台,1
轉增貸,1
廖梓芸,1
而四張,1
進黃色,1
蘇庭熙,1
紫紅色,1
盧沁怡,1
叫陳珺雅,1
一陣子並,1
錢諸,1
給帶領,1
完後營業員,1
賺紅利,1
顆神,1
還不交貨,1
鄭佳妍,1
元夢之星,1
瀏覽玖,1
方時間,1
企銀去,1
經路,1
寄返,1
計詐,1
金套,1
展覽館,1
化妝品展,1
通路商,1
雨溝,1
次交貨,1
寄易,1
錢處,1
高專,1
行員確,1
無此類,1
還沒凍結,1
珠以,1
傭金共約定,1
次還,1
珠自,1
異去,1
分訊息,1
運契約,1
別人騙,1
上然,1
給經理加,1
佳在網,1
看代號,1
人後對,1
湘寧,1
虛寶名,1
異後報,1
主檳,1
榔銳,1
下大門,1
走後未,1
取卡人,1
偵資料,1
詳來源,1
庫柏,1
力克,1
連續訊息,1
或出,1
小賬,1
蔡政雄,1
雙廉價,1
並在國,1
對方恐,1
人證號,1
熱門家電,1
預付票,1
總共約定,1
楊曉清,1
豐貸,1
豐申,1
風格蠻,1
郵寄銀行,1
新加坡籍,1
離婚並,1
用時,1
悉尼,1
入會開,1
筆後共,1
鋼鐵業,1
政鑫幣商,1
衝高點,1
可日,1
筆金額購,1
李邑,1
分將林,1
前側,1
將包裝,1
單之後會,1
經今,1
仁政,1
通話且,1
皮梅,1
項後賣方,1
同虛擬,1
認其受,1
馮彩,1
思潔稱,1
傅曉汶,1
南康,1
樂二店,1
可退貨,1
回照,1
內群組,1
葉員,1
葉員始,1
超商鹽,1
生門市,1
且茹安,1
續副理,1
然後副理教,1
銀行安,1
機換成,1
盧進,1
財驚覺,1
邱秀雯,1
致電查,1
剛時,1
付買家,1
職之數位,1
並未報,1
部人員來電,1
我共三人,1
發文借,1
臭機,1
浪費林北,1
街見面,1
稅什麼,1
大反轉,1
整串,1
找室,1
沒人動工,1
幾天用,1
活動領,1
能掛,1
上超,1
耍費,1
還殺價,1
照價,1
點近,1
上常會,1
大耶,1
沒半個,1
摔鍵盤,1
開視訊驗證,1
砸光,1
夾準備,1
尾層層,1
領帶,1
還拿個,1
免風險,1
拉業績,1
給獎,1
整筆轉,1
搜尋就,1
虧過,1
幣一萬元進,1
給信,1
幻遊,1
垮下,1
包也裝,1
著搖搖頭,1
然後走,1
予額,1
已屬,1
飄黃翡,1
輸驗,1
戶獎,1
載永國,1
待犯,1
騙人點,1
擊詐,1
場虛驚,1
這現,1
還價到,1
誤導下,1
道光,1
如墜,1
喜愛遊戲,1
壹壹三谷,1
收費僅,1
進偉來,1
再代練,1
活躍表現,1
代練僅,1
卻展,1
新興型態,1
以少,1
無恐,1
里瓦,1
下表現,1
蜜妮,1
跨國友誼,1
你將,1
偉嘉,1
收獲通,1
為夢想,1
而始終,1
靠別,1
人夢想,1
兆洋,1
清該,1
債務經,1
債務約,1
雅詩,1
給兆洋,1
去向不明,1
面所,1
發放現,1
產生些許,1
中埔村,1
輕行箱,1
卡測,1
數特賣,1
對平時,1
問點數,1
數帶,1
祭品,1
逝去,1
出位,1
房後不滿意,1
會資金,1
那極,1
坪軒,1
外殼,1
心劃,1
社團常,1
對方詳,1
將更多,1
筆業務,1
子核,1
無比強,1
時識別,1
圖尋,1
人學到,1
警以,1
輕輕點擊,1
贈分,1
潘曉蕾給,1
評價前,1
李麗玲,1
學來電,1
賠中,1
遇異常,1
虛寶時,1
開處,1
筆繳費,1
帳戶務,1
或供,1
只供,1
分紅並,1
五角星,1
協商要,1
內容約定,1
還未到,1
請睜大眼,1
滿三萬元,1
叫陳雨諾,1
金入門,1
靈溪,1
小几,1
水汪汪,1
動馬,1
兩千筆,1
借下,1
每組繳,1
豐荷門市,1
傑宇,1
賣什麼,1
市一間,1
鹿家門市,1
過太多,1
懵問,1
哪件,1
開一間屬,1
超離奇,1
當家長,1
一到場,1
傳中華,1
並公開,1
承租者,1
連淘寶那邊,1
對方相,1
試該,1
稱本,1
日時會,1
維德,1
心從,1
內拿取,1
漢之人,1
技術員及,1
其合約,1
前後後遭,1
很養眼,1
免質,1
日內將,1
方化,1
環保局,1
團康,1
機遲,1
雨諾,1
關於兒子,1
錢會產生,1
問者,1
面亞洲,1
真應,1
新元,1
大彬,1
聖誕款,1
周芸曦,1
完後會發,1
寄貨商,1
清來源,1
不貴重,1
吳傳來,1
幫忙代碼,1
給小吳,1
點數交,1
新頁,1
販售珠,1
珠寶即將,1
範例給,1
能算出,1
運變成,1
加填,1
劉傳來,1
給小劉,1
劉卻,1
阿汝,1
證去領,1
標榜純,1
著戴上,1
九股,1
弧形,1
哪吒,1
重磅,1
純棉,1
換貨及,1
買原,1
資產與繳,1
中義路,1
經其承認,1
稱方浩學,1
稱俊豪,1
蔡永權,1
原議定,1
中尚,1
節能鍋,1
遭徵稅,1
盧燕俐線,1
為板,1
橋區戶,1
假科長,1
待會會,1
北信義,1
以自證,1
林曉惠,1
貨通,1
周槿辰,1
申請員,1
工補助,1
商橋,1
參與批,1
發販售,1
丟斗內,1
喜迎,1
文榕心,1
舊鞋,1
這拍,1
至灣裡,1
此銀行,1
而傳,1
務必將,1
由特助,1
匯承幣,1
因錯,1
誤無法,1
稱代賣,1
將塔位,1
換成生,1
以代賣,1
難確,1
聖康,1
辭退,1
職經驗,1
貨員上,1
之後允諾,1
元畫面,1
購買裡,1
面禮物,1
庫共新,1
以奇,1
社名,1
召集,1
至動能,1
竹科店,1
共計銷,1
付入,1
群規範金,1
回來並,1
晶運,1
搜尋亂,1
筆兩萬元過,1
包貨及,1
新連,1
資金裝,1
貸錢,1
務所見面,1
會核,1
還在排,1
試圖照,1
另類,1
服務諮詢,1
謝佳琪,1
遊戲控,1
終於釋,1
一機,1
鐘人,1
兩口,1
蔡曉妍,1
名義像,1
護送費,1
行儲值,1
歡戶,1
男款,1
劉嘉忠,1
商逢華門市,1
明顯質,1
感不對,1
限制性,1
變兇,1
太豪氣,1
和類,1
打電話查,1
資格領,1
其科長,1
經北檢,1
非房,1
地產廣告,1
物空間裡,1
騙法,1
算夠,1
需找,1
中蔗,1
輕忽風險,1
承澤之,1
達門檻,1
結遊戲,1
母親長,1
一可代為,1
幣業務,1
元道,1
圖過,1
接微信,1
片寄給,1
五萬塊當,1
碼代寫,1
影作,1
申登後將,1
敏透過,1
臉書小帳,1
風險且,1
通先,1
元貝殼幣給,1
問收,1
嘍尼尼向陳民,1
騙官,1
夢穎,1
和育門市,1
並沒有照,1
曾雅慧,1
遭郵務,1
並隨後向,1
形之人,1
續訊問,1
僅綁定,1
先作,1
當作學,1
習理,1
其戶,1
還手續費,1
過大獎,1
敬哲,1
彭耀國,1
連結出,1
灣銀行轉,1
共受,1
腰疼,1
下輕易,1
游侑晉,1
可寄票,1
楊朵,1
事後傳,1
稱後面,1
劉菲菲,1
常藏詐,1
搜尋綠界,1
交卡費,1
牌加,1
蘇偉杰,1
一萬元會,1
報台彩,1
掃不過,1
故犯,1
光瑞,1
由檢調,1
營運時,1
一斤,1
鄭容,1
讀華,1
王宸緯,1
一債務,1
之後相談,1
作價差,1
每一刻,1
框起,1
了實,1
遊與,1
開後被,1
電影卡,1
連嘗試,1
韓版,1
一晃眼,1
忍下去,1
資料後將,1
事後看,1
店內購,1
資重,1
多次派,1
貨運寫,1
取貨給,1
真後以,1
戶業務,1
儲事項,1
講其,1
之力,1
我二兒子,1
電稱還,1
豐司機,1
認後向,1
遭欺騙,1
台中媽,1
媽家裡,1
金系統,1
心超累,1
店諮詢,1
裡用紙,1
幣所之類,1
出金細節,1
發電有,1
虛擬戶,1
產業訊息,1
數日後網,1
設個,1
確顯,1
示後續,1
重開機,1
北樹林,1
叫馬文,1
描證件,1
買筆,1
空衝,1
花錢捧場,1
即音,1
機易付,1
一電信,1
之易,1
正欲,1
之際察覺,1
一組標,1
並依賣家,1
認規格,1
攜貨,1
組卡,1
並轉匯,1
描一組,1
中短,1
領書籍,1
同富當,1
搭飛機,1
外過,1
組相,1
傳網友,1
推薦網,1
前房,1
東名,1
越多始,1
極說,1
這樣誤,1
打誤,1
撞加,1
法分析,1
裡和對,1
點數過,1
夾子園,1
調無需,1
剛放,1
筆發生,1
分別繳,1
跟後天,1
幾天轉,1
楊希涵,1
六萬塊給,1
登記證,1
芬萌,1
香主,1
描去,1
兄長當,1
紹辣乾,1
周瑜,1
以真實,1
假藍新,1
分上網,1
寵粉,1
館門,1
蛋假,1
千萬獎,1
寄來驗證,1
然後就用,1
隔段,1
出金進,1
我事後仔細,1
小陳哥,1
新愛情,1
仲夏,1
小貝殼,1
傳代碼,1
迪森諾,1
靜極思動,1
投資夢中,1
當活,1
動禮,1
柏諭,1
秋得,1
做代練,1
當代練費,1
封來,1
靜嫻,1
不會理,1
雯寶寶,1
聯絡雯,1
寶寶跟,1
擊鍵,1
幻匠,1
這趙,1
要視訊驗證,1
絕版品,1
稅和保險,1
不中,1
縣二,1
水火,1
楠址,1
所謀取,1
總共五,1
這家幣,1
西公園,1
設訂,1
教訓將,1
區第,1
兩連號,1
承諾週,1
必中樂,1
組保證,1
自稱倩倩,1
認該筆,1
隨後又讓,1
並暱,1
主介紹,1
主發現,1
此恐,1
過幾日後並,1
假遊,1
灣橋門,1
交黃金,1
職之廣告,1
陳莉雨,1
費發現,1
給我私,1
東石門市,1
鄉東,1
石門市,1
稱先入,1
民興,1
局詐,1
蔡依庭,1
依電子,1
商華文門市,1
之黃聿凱,1
吳否,1
日後可,1
報鹽,1
證金會,1
處理渠,1
郭德購,1
全票,1
米婭,1
本電話,1
小勾,1
轉介及,1
詢服務費,1
因續,1
費價,1
差共新,1
鄭丁豪,1
加後對方,1
專人用,1
南平,1
水龍,1
貨品還,1
新贵,1
楊婉玄,1
洪毓嬅,1
看老師,1
依準備,1
區培安路,1
因員,1
衣連身,1
准直,1
先毀,1
之後便給,1
開通且,1
並無歸還,1
卓中嬌,1
廣告予,1
該人會,1
協助後始,1
電主機,1
中國紅客,1
及萊爾富,1
語密碼,1
湖慧門市,1
刘世恒,1
新諮詢,1
股衝,1
願幫忙,1
湊合,1
身稱,1
費處,1
理及,1
血光,1
明臣,1
妥後相,1
商華,1
創意門市,1
二街,1
東西當,1
結嚇,1
員騙,1
趕緊求,1
稱化,1
著內褲,1
穿穿,1
狸貓換,1
奉公守法,1
資產換,1
桶裡,1
情份,1
四趟,1
小余借,1
萬餘額,1
俎上肉,1
翠綠,1
稀世,1
購買絕,1
修費要,1
當作代訂,1
金戴銀,1
闊綽,1
只敢,1
張錦生,1
洶洶地,1
小柯說,1
小柯平時,1
給小柯,1
裡特別,1
瞥見,1
晚還,1
七嘴八舌,1
魚褲,1
輕飄飄,1
那劣質,1
轉成績,1
付高額,1
塗滿,1
咪頭,1
篇文,1
下報,1
他業績,1
付滿,1
來訊者,1
策勵,1
因離婚,1
及後來,1
幫助賴,1
並與賴,1
並與和潤,1
人始終,1
與賴,1
跨國店,1
若有類,1
這種漸,1
孫承方,1
當以,1
決困,1
這再,1
中警覺,1
靜能夠,1
活動裝,1
扮成,1
地破壞,1
並竊取,1
活動掛,1
隨著事,1
別訊息,1
如打,1
傅急,1
不介意,1
警試,1
表鏞,1
接收端,1
資金想匯,1
過於保證,1
負責架,1
自何,1
揚資訊,1
舒坐坊,1
鄰居林星,1
王檳榔,1
大面額,1
裸身,1
無保證,1
世元會,1
臭小子,1
裡沒事,1
總共三萬二買,1
帶來給,1
林宥廷,1
事後那個,1
正主跑,1
音樂夢家,1
最後獎品,1
黑馬智選,1
轉十萬塊給,1
經濟組,1
罔市,1
張維州,1
手下留情,1
順利交給,1
盞語,1
照問,1
網站點,1
外孫女,1
涼一截,1
張慈佑,1
跟體,1
檢補助費,1
領何樂,1
叫麗瑪,1
樹笛,1
表單後以,1
將軍團,1
鄭婷雯,1
面約炮,1
小婷見,1
給我名,1
阿鎧,1
跟常見,1
何承堂,1
擊畫,1
出金虛擬,1
我風險,1
幣商線,1
幣商還,1
費虛擬,1
秦禎禎,1
賣方購,1
插上,1
拐彎抹角,1
匯一樣,1
找魚,1
壓糖,1
兌換線,1
滿體面,1
帶學,1
抓買,1
學線,1
沒虧,1
張清員,1
村忠興,1
研發開,1
發部門,1
保團保,1
教導來,1
蔡佳玲來,1
帶金飾品,1
是羅濟國,1
彭鈺婷,1
語緹,1
成會面,1
連上網,1
僵局,1
打保票,1
关于,1
环保,1
监工,1
进去,1
这家,1
负责,1
性质,1
专人,1
工作人员,1
群组,1
一项,1
获得,1
高额,1
报酬,1
愿意,1
参与,1
币商,1
转入,1
现金,1
各种,1
发给,1
财力,1
证明,1
监管,1
通知书,1
不对劲,1
上网,1
资讯,1
诈骗,1
判無罪,1
對民眾,1
元錢,1
所傷,1
貸之類,1
鐘時,1
客戶加,1
經營批,1
團夥騙,1
包食,1
球版,1
決債務,1
債務上,1
傻事,1
語氣發,1
乾貨批,1
目所,1
終票,1
目並,1
千萬別步,1
做愛嗎,1
超想給,1
誘話術,1
點擊後錢,1
資產即,1
以視訊錄,1
正氣凜然,1
小驚喜,1
蘇澳門市,1
駐美,1
腳本裡,1
年麥,1
卡倫現,1
太夠,1
那瓶夢幻,1
劉宏斌,1
自試,1
洪采,1
同病,1
相憐,1
日一過,1
婉函,1
用愛金卡,1
專員陳洛馨,1
同時亦經,1
辦卡時,1
鄰居以,1
內薪資,1
結郵局,1
網友教,1
全信訊息,1
金滯,1
異常假,1
載群,1
可贊助,1
怡佳,1
惟之後要,1
胖總輕,1
奢工廠,1
擔保為,1
薪未來,1
追動畫,1
抽選券,1
蘇映,1
有券,1
爆卡,1
最後一頂,1
不補交,1
似錦不斷,1
蛇躍金市,1
傳驚,1
送訂,1
好繼續,1
前後後共計,1
期供貨,1
劉宜斌,1
赫姆斯,1
廖冠霖,1
前三名,1
來三個,1
賭客,1
最後聊,1
中槍,1
惟機,1
遭女兒,1
剩餘費,1
而後遂,1
剛號,1
控制器,1
還蠢,1
著線,1
負荷查,1
參加詐,1
名義後誘,1
須改,1
關約會,1
幣後傳,1
補額度,1
真有門,1
報類,1
一筆稅,1
五萬二,1
音代幣,1
最後傳訊問,1
下幣,1
跟利潤,1
變騙,1
我服,1
付所謂,1
經嚇,1
跪地,1
著槍,1
明延遲,1
萬餘元匯,1
殺出,1
辦得過,1
白蘭地,1
好代練,1
害遊戲,1
大上,1
為手,1
天試,1
滿若,1
當持續,1
方懷疑,1
稱成,1
決販賣,1
號共匯款,1
當借鏡,1
丞榮,1
會設,1
到代碼,1
叫莊,1
百餘元,1
活動款,1
隨後陳小婉,1
金額後所屬,1
幫陳小婉,1
萬討,1
周冠宇,1
為黃鈺婷,1
易經班,1
惟老師,1
興學門市,1
已經購,1
逐項,1
單純代辦,1
種機會,1
發了財,1
包臂,1
還挺熟,1
團拉訂,1
繳交報,1
卡原,1
結果後來查,1
才響,1
要金,1
潤泰,1
學書籍,1
還蠻準,1
度高,1
誠徵會,1
職後就會,1
當成車,1
當金流,1
誤當詐,1
鳥車,1
增資後會,1
韓凱,1
貼十萬,1
孫安琦,1
安琦,1
順利驗證,1
絕不事後加價,1
地學會,1
美國餐,1
嘉達門市,1
圓環門市,1
酷幣,1
冰立,1
蔡英輝,1
美國開,1
設辦,1
董志傑,1
當幣商,1
怎麼關,1
擺出,1
騙點數,1
竹門市,1
一猶豫,1
北信義區,1
持富邦,1
內盜,1
明細表來,1
抵見面,1
會無償,1
為安婷,1
安婷,1
信仁門市,1
價格費,1
作薪轉,1
時致,1
電向兒,1
媳及,1
幾筆代碼,1
夕諾雅,1
本國人,1
看卡,1
仔門市,1
很愛玩乙女,1
寄貨慢,1
母雞斗,1
林佩均,1
小鐵盒,1
當餐,1
主廚,1
開新餐,1
牧川,1
明幣幣,1
付六萬元當,1
盡要,1
文發路,1
其國外,1
運名,1
郵件並,1
處始,1
出租店,1
李軍龍,1
犬夜叉,1
集想,1
郁善,1
事小額,1
班吉,1
莊男,1
會營業,1
莊男不疑,1
莊男未,1
金後驚,1
麥脆,1
雞塊,1
便門市,1
立維檢察官,1
門給,1
淘寶彩金,1
邊沒現,1
文陳,1
玉妃,1
卡掉,1
卡確,1
實不見,1
自柯智華,1
進柯智華個,1
送幣動,1
未紀錄,1
親友黃麗茹,1
麗茹,1
月車,1
當逐漸,1
其如要,1
組須,1
賣家陳柏,1
遺失掛,1
誤將個,1
這一機會,1
稱倩倩,1
來速,1
繳費以,1
我飆,1
股且,1
創業並,1
新中,1
調租,1
顯破綻,1
手約,1
手查,1
我後方,1
用後覺,1
膏時,1
頭兩天,1
貼文由名,1
剛發現,1
百萬詐,1
晚將,1
無良行,1
機會邊,1
劉惠貞協助,1
風險絕,1
最溫,1
所員工,1
索菲亞,1
怎什麼,1
機上門,1
尋我,1
緬甸詐,1
惟向,1
轉反詐,1
須提,1
整帳,1
環世國際,1
有個國,1
遊戲戀,1
臨空,1
心速,1
當時候,1
有先,1
故向群,1
由貴,1
故手,1
滅失,1
回且經,1
所補,1
另陳述,1
機車後照,1
動企劃,1
還有查,1
空壓,1
幫母親,1
各大電信,1
小額代繳,1
彭啟,1
邀約會,1
並承諾轉,1
玩完,1
遊戲輸,1
樂福正,1
比店裡,1
淡臉,1
彩春,1
崔犯規,1
幾樣育兒,1
杯安,1
此處,1
戰兢兢,1
月終,1
謹慎並,1
幫助線,1
想必,1
均宏之人,1
超親民,1
氣跟,1
買包,1
找托嬰,1
該義,1
買支,1
訂金轉,1
退傭金,1
益華門市,1
然後還用,1
稅務未,1
完後看,1
借律,1
師費匯,1
骨力,1
小蕭,1
心主動,1
儲費用,1
曾接,1
面滑,1
入金回,1
報圖,1
找心靈,1
理財業,1
很會照,1
個俊瀚,1
還一樣,1
額度給,1
哨兵,1
豐科門市,1
即失,1
價兩萬,1
時區間,1
我私,1
轉專員,1
以後叫,1
密對方,1
收卡租卡,1
凌發,1
專員千翔,1
還有子,1
回應問,1
至大里區,1
興城門市,1
裡攔,1
對峙,1
驚懼,1
親人會,1
幣存進,1
該組,1
系統轉,1
已核,1
發健,1
著之後能,1
該外,1
提共一個,1
叫業主,1
武路,1
損紀錄,1
專訂,1
完契約,1
收日幣,1
已嘗試,1
徐律,1
專員故,1
鐘正,1
台灣後即,1
方後請,1
前後共輸入,1
繳費後對,1
方欲想,1
認證驗,1
楊代絲,1
筆為驗,1
仔細觀,1
組相關,1
售三筆,1
轉趨,1
球芽,1
陳芷茹,1
裡很缺,1
組會報,1
張金,1
收會費,1
報當,1
前後後跟單,1
討回會費,1
適合進,1
因配,1
賣馬歇爾,1
駕駛風險,1
在後續詢,1
問恆春,1
合住,1
明細後給,1
小克,1
機和新,1
周四,1
建議民眾,1
蝸蝸,1
留零頭,1
輕異,1
類似樂,1
選號碼,1
盛瑋,1
取額外,1
並共計,1
阿念,1
桔梓,1
臉配,1
裸男,1
過程害,1
珠寶電商,1
中銀,1
魚線性,1
雙味晶球,1
林以,1
機面,1
跟戶,1
有六萬元,1
超繁,1
還有家,1
電修,1
繕費,1
呼喊,1
點選禮物,1
愛蓮聯絡,1
允祥,1
星城購,1
本裡給,1
跟代購,1
掏錢當,1
除成,1
三觀,1
外太空,1
登見面,1
外星,1
領匯,1
破產邊,1
可中,1
飛光,1
群變,1
聯誼訊息,1
壺沒有,1
葉蛋,1
壺現,1
壺協會,1
壺沒買,1
泡爛,1
找虛,1
買童,1
尋寶探,1
險隊,1
說會查,1
騙大門,1
徵來,1
假戀情,1
我代人購,1
李垣靜,1
招攬業務,1
舜康,1
已经,1
總共標,1
潤澤,1
中商,1
吳正達,1
爭戰,1
解個鎖,1
皮補,1
動匯,1
左右分,1
我連試,1
對話問,1
詩丹頓,1
存品,1
貨無憂,1
早六點,1
北城,1
超平靜,1
想大聲,1
實記,1
我卡剛,1
那個獎,1
問排,1
財連連,1
稱書,1
隨後我購,1
郵政之銀行,1
師之相關,1
經由介紹,1
購價格,1
米漢堡,1
假通訊,1
行員之人,1
體後即,1
違規事,1
粉絲贈,1
機和會員,1
有層,1
層驗證,1
邊填,1
資料邊,1
寫個資,1
剛中獎,1
大件,1
卡地亞,1
單啦,1
問啊問,1
借保,1
吉特,1
帳密用,1
代包代辦,1
簽服務,1
數什麼,1
一萬八買,1
太傷,1
當時匯,1
機哄騙,1
詐團開,1
發之詐,1
尋借,1
書費用,1
完約,1
總之東,1
西扯,1
來簽,1
柏偉騙,1
一釋,1
突破者,1
貨一到,1
不換給,1
然後又補,1
商個,1
惱資金,1
補三萬,1
填補金,1
美國聖,1
荷西,1
還遲,1
附數據,1
戲才,1
懷德宮,1
天見面,1
清得,1
張國蛋,1
挺熱情,1
機動動,1
女兵,1
投奔,1
透為,1
怕後面,1
因補辦,1
隨後我發,1
暫無銀行,1
組虎,1
生威,1
但後續察覺,1
直來,1
直往,1
確欠,1
區的洲,1
幾天後當,1
我聲明,1
鄰居求證,1
裡不僅,1
經社團,1
困難用,1
頭須,1
鋼琴訊息,1
商已,1
摒除,1
衝直,1
民仔,1
單火龍果,1
箱價,1
張煒民,1
面放,1
前後後我匯,1
若林,1
美保子,1
但交貨,1
于龍台,1
环世,1
快递,1
稱陳澤民,1
因辦案,1
上永店,1
送訊息者,1
轉興櫃,1
故請員警,1
之術語,1
若瑜,1
包之泰達幣,1
孫景儀,1
後當,1
大來電,1
錄個,1
威脅給,1
詐騙賴,1
宏定,1
之幕,1
日談定,1
方之建設,1
區南華街,1
方會計,1
已交屋,1
負荷僅,1
給娛,1
樂城,1
天其,1
上之暱,1
買名,1
益民,1
掃描器,1
及照,1
鑰後買家,1
項台幣,1
公會會員,1
卡往,1
音律,1
商麻,1
以掃,1
一值,1
立達,1
廣告後變,1
虛保,1
載後並,1
詞故,1
亞璇,1
行員不給,1
全店,1
免費線,1
投資炭,1
權機會,1
順達,1
取證件,1
資先,1
這號員工,1
林國偉加,1
核得過,1
高雄岡山區,1
仁峰,1
孫久雅,1
怡潔,1
學文,1
親人代操,1
鳳仁路,1
蕎妍,1
向幣安,1
高鐵車票,1
郵寄麻煩,1
送之訊息,1
潘民,1
銀之卡號,1
繳費後發現,1
實際罰,1
參與惠馨,1
無依往,1
收費行,1
件次,1
動能,1
證金後會,1
當加,1
偽後再作,1
適逢吳,1
主販售,1
切實際,1
人密碼,1
婚外情,1
經常包,1
興奮且,1
查之類,1
阿忠發,1
經經歷,1
中經歷,1
這些類,1
幣高達,1
沈思,1
為佑天,1
拍賣珠,1
寶收貨,1
人造石,1
幼教,1
價格定,1
不察答,1
作成,1
幾周過,1
語實,1
墊金錢,1
卡累積,1
單做,1
財助,1
發放過,1
小淇,1
翻牌,1
財經訊息,1
器材行,1
摔壞,1
熊是,1
小梁,1
梁見,1
還投,1
王強,1
生隊,1
我共加,1
特申,1
兩組驗,1
說會付,1
開通務,1
葉昶德,1
球並,1
分由銀行,1
打行動,1
市門,1
領委,1
科之人員稱,1
筒給,1
鐘自,1
家後他,1
某間幣,1
最後氣,1
裡玩抖,1
元費,1
服幫,1
轉接成,1
圈操,1
上美華,1
詐個,1
恩恩恩恩恩,1
小禮,1
超信,1
攝時間,1
銀行簽,1
殺去,1
餐到,1
餐點掛,1
門口門,1
章女,1
將我三張,1
薪支,1
嘉義快,1
明機會,1
約將,1
俱灰時,1
聊飾品,1
對誠信,1
互動關,1
景富幣,1
引導人,1
終要,1
港彩,1
之資金時,1
靜靜地,1
並隨後再轉,1
當我驚,1
勵志劇,1
效給,1
商討要,1
分紅是,1
營運業務,1
不清不楚,1
此門票,1
林明玲,1
彰銀帳,1
這一階段,1
成形,1
當嘗試,1
延後退費,1
領有,1
果峰店,1
惟當下,1
前後實際,1
自同學,1
單顯示,1
報在,1
謝慧琳,1
螢幕要,1
內容詐,1
那邊免,1
懂技術,1
畢安,1
渠需,1
一個許,1
跳國,1
藍田門市,1
學安門,1
市交給,1
安合門市,1
區樂,1
群路,1
內惟門,1
市邊,1
忠義里,1
中山西路,1
前中華,1
渠倆,1
宣等,1
指買家,1
應點數,1
點積分,1
拉下線,1
考股隊,1
投資共計,1
元等訊息,1
匯兩個,1
先租給,1
寫會,1
有連,1
結邀,1
人初,1
堯聯絡,1
連絡且,1
穆曦,1
是屬,1
我星展,1
養老簽,1
過京匯,1
泰國盤,1
谷銀行,1
前後總共分,1
滿主動,1
太膽,1
惹錯,1
然後在網,1
貪一點,1
刁民,1
完狀況,1
還冒,1
再帥,1
二十七分,1
認識何,1
來何,1
葉沛晴,1
語氣沉,1
穩且,1
媽媽度,1
過困難,1
防範到,1
並保證票,1
倫給,1
麗給,1
男顧客,1
大疊,1
吳胤廷,1
震驚詐,1
達型,1
儲氣筒,1
分晚,1
且匯,1
九甲,1
訊息點,1
分聯絡,1
單一個,1
報數,1
付傭金,1
然後貨到,1
十萬元後才,1
服務切,1
帳後該,1
回驗,1
續理,1
財處理,1
帳該,1
卡主通,1
報說,1
很迷,1
應援團,1
禮也,1
緬甸項,1
一人談,1
賣林,1
項應,1
須按,1
兌獎訊息,1
這一傳,1
吸過,1
他代買,1
這比較,1
當作代,1
投資金要,1
付不起,1
習性,1
售神石,1
立馬去,1
價錢算,1
選所謂,1
稍後會統,1
搜尋購票,1
確聯絡,1
協助聲,1
塔詐,1
稱小禎,1
應徵履,1
歷表給,1
大略,1
改往,1
專人替,1
其營運,1
惟兩筆,1
轉彰,1
當社長,1
點進裡面,1
帳後將,1
關國家,1
紀曉蘭,1
入伙,1
指徒,1
吳宗瑜,1
惟當事,1
信由陳雨涵,1
連結結,1
帳後還,1
稱佳,1
人雅婷,1
浚程,1
決賣家,1
端進,1
霧面,1
觸控屏,1
標配,1
靈耀,1
商鹽,1
網銀明細,1
因貨到,1
錦堂,1
代書帶,1
務所將,1
阿瑄,1
八甲,1
夫詢問,1
買家代購,1
當裡,1
應之後對,1
現金後幫,1
至幣托,1
購買始,1
劉鳳珠,1
集團講,1
當作話,1
題加,1
獲利股,1
藝術生,1
名雄,1
甜愛趣,1
小丸紙,1
以彰,1
收雯,1
張數僅,1
轉賣予,1
組生,1
張益,1
三興村,1
錄序,1
高價時,1
隨後我稱,1
林惠美,1
建平,1
號大廳,1
完行銷,1
權後便,1
元淨,1
日中華,1
數獨答,1
嘉伶伶伶伶之人,1
該數,1
獨達人,1
安連結,1
企劃且,1
資金後暱,1
店儲值,1
商除,1
催貨有,1
其餘未,1
推特中,1
明鴻請,1
明鴻截,1
明鴻還,1
高雄要,1
詢問後要,1
領書並,1
轉介小,1
董瑜君,1
名同學,1
趴作,1
稱玥,1
稱婉函,1
超商萊賣貨,1
高雄洽,1
擔額,1
先斬後奏,1
打暱,1
無買家,1
黏有,1
曾立靖,1
結視,1
元之罰,1
碼之授,1
劉玉珍,1
我在點,1
傳無卡,1
賴柏翰,1
存金額,1
結存,1
為子凌,1
項買,1
探心態,1
關虛,1
房東葉,1
對房,1
東葉,1
蔡德進,1
為嘉義嘉榮門市,1
竹桿,1
那威脅,1
逼進,1
報錯,1
誘導匯,1
統駁,1
亂子,1
警點,1
某一間,1
套內,1
李美靜,1
洪期,1
榮檢察官,1
是琦琦,1
匯聚翔,1
創群,1
禾豐,1
上存,1
事後我問,1
關於借,1
完款後覺,1
別借,1
屬於假,1
這台空,1
動故,1
僅由,1
總資額,1
額必須,1
剛網友,1
之人見,1
費降,1
給予鉦鑫,1
攝持,1
惟借貸,1
江瑾,1
離台,1
獅城,1
小霏,1
識花園,1
局打,1
門戰區,1
王揚,1
飲事業,1
大口,1
吳餐,1
自動碼,1
保順利,1
發存證,1
演時,1
真錢,1
便強,1
可大可小,1
李慧文,1
待定,1
官諮詢,1
停買,1
劉麗雯,1
江淑真,1
楊城,1
裝帶,1
外約券,1
特助安捷,1
中虛擬,1
測驗後該,1
故盜,1
江山,1
非小說,1
單進度,1
之鑑,1
獲玉,1
組一組,1
以三樣,1
更熱情,1
付了費,1
五萬飛,1
震豪換,1
變當,1
四萬六學,1
專業當,1
總沒壞,1
財沒有,1
最貴的當,1
雞蛋供,1
專家代操,1
中银,1
证券,1
陳倩玉,1
給家長,1
銀監局,1
猛攻,1
衝一波,1
送下去,1
過靠,1
火幣商,1
最荒謬,1
何美華,1
給們,1
及卡內,1
我票號,1
透視鏡,1
過部,1
隊將,1
將軍給,1
財服務,1
運費加,1
語言來,1
隨後又依據,1
林川,1
資訊得,1
過不動產,1
了員警,1
優厚,1
墜飾,1
賴弘斌,1
中輸,1
性且,1
充沛,1
因衝動,1
賣家和過,1
增懋給,1
理想化,1
增懋說,1
增懋解釋,1
哎沙,1
裡人來,1
探訪,1
房幾個,1
認識後並,1
稱陳國偉,1
百貨禮,1
之宅,1
因宅配,1
須轉入,1
並於宅配,1
孫儀,1
購裁,1
出裁,1
並非裁,1
觀長,1
為裁,1
事後不回,1
貝萊德,1
網友黃淑敏,1
加黃女,1
繳大額,1
發票須,1
完錢後驚覺,1
保品,1
然後拿,1
獅甲,1
青竹,1
課網,1
劉志工,1
因卡債,1
稱達鈞,1
品維,1
林侑瑞,1
然後在裡,1
張文慧以,1
密碼後會給,1
經跟,1
男協商,1
男將,1
萬歸,1
記東,1
給社,1
福團體,1
中交給,1
銀行級,1
高雄房,1
給騙子,1
價飆,1
翰祥,1
俊帥,1
個條,1
巡邏問,1
產業後來,1
無論求,1
職還,1
稱陳姍蘭,1
群組後聽,1
如幫忙,1
氣會,1
專員聯,1
萬活,1
銀行解,1
但話術,1
還責怪,1
老淚,1
看著父,1
親傷,1
文宣稱,1
都繳,1
畫冊終,1
畫冊後要,1
先跟幣商,1
檢舉文,1
林成宗,1
科輝,1
群組幣商,1
喜愛來,1
人代送,1
紫皮,1
異常的電,1
電行,1
連曾,1
砧板,1
魚肉,1
地想確,1
雅蓁,1
家樂福員工,1
春暖花,1
個代,1
小莊氣,1
錦媛,1
混成,1
張羽,1
獲利表,1
錢求,1
職徵才團,1
金九筆,1
債務諮詢,1
繳全額,1
之事務,1
故無照,1
沒門,1
開電信,1
幾百萬瞬間,1
幾萬元轉,1
房詐,1
幾張面,1
加會計,1
手動入,1
情節還,1
刑大處理,1
資金想,1
藍鴻國際,1
給陳漢祥,1
還違,1
裡穩,1
區楓,1
張別,1
還偷,1
貼別,1
然後藉,1
還向幣,1
怡斐,1
繁匯款,1
沒多理會,1
現在靈,1
兌系,1
小飛俠,1
永鑫幣,1
師對,1
風景區,1
宜路,1
開現,1
戶騰,1
檢警加,1
延後給,1
過後要,1
賣海鮮,1
操單,1
盜用民眾,1
用家樂福,1
包之民眾,1
續導,1
致家樂,1
協議後林,1
男欲購,1
數卡才,1
滿六個,1
費卡,1
獲利擷,1
林鼎傑親,1
裡看網,1
牌汽車,1
軟體聯,1
並談定,1
會計確,1
認後就,1
連原來,1
珠寶頗,1
會販,1
寶前,1
前千萬,1
開售,1
便四處,1
存就會,1
華美街,1
慎始,1
自社團,1
仙劍,1
奇俠,1
謄本要,1
關匯,1
幣之資訊,1
國大陸,1
將應,1
活動問,1
儒在,1
連特,1
容直,1
共刷付,1
經幾天,1
專員遊,1
美債,1
豐樂捷,1
廣博,1
程鵬,1
車子陽,1
最後不讓,1
工明確,1
不僅查,1
獲監,1
控手劉,1
手則,1
主使者,1
行顧店,1
然後遞給,1
單印,1
會賴帳,1
還得費,1
還有津,1
最後名額,1
旱宇,1
挺暖心,1
一筆認,1
去後畫,1
分規則,1
營利為,1
進行亞,1
當數據,1
營利上,1
有失,1
多太多,1
幣商點,1
收後將,1
稱卓,1
奢寵,1
動物園,1
水陸,1
雙樂園,1
洪賜馨確,1
發人數,1
團未,1
候補團,1
航出,1
發等,1
品保協會,1
經品,1
順丰,1
匯款擔,1
安祥,1
商和育,1
確保賣,1
開通後資,1
權限退,1
必將,1
協理佳,1
構築,1
張祥維,1
貨一晚,1
過幾天會還,1
活動夥伴,1
雅菲,1
彭藝心,1
貨加,1
李網友,1
指連結,1
郵政三間,1
處對面,1
品批,1
發代銷,1
報些,1
先供,1
繳納類,1
異後詢,1
問我始,1
嘉大門市,1
文隆村,1
鴨母,1
日汽車,1
轉罰,1
整元,1
美淑,1
國際紅人,1
信信,1
債務要,1
寄中國信,1
領二筆,1
及強,1
約值,1
姊拉著,1
人金好,1
因買房,1
套機,1
之餐,1
目康,1
並於餐,1
徐承軒,1
樂目康,1
財鯨幣商,1
何貼,1
約後該,1
夠並,1
有無人,1
喜慶,1
予年籍,1
簽新,1
因歸,1
各簽,1
並各,1
間後才,1
區龍橋,1
殺肉場,1
汽材,1
惟後保險桿,1
辰馨,1
音樂團體,1
張橙,1
台幣加,1
須收,1
經理的賴,1
數共值,1
東區成,1
職員察覺,1
講解此,1
其農會,1
母親察覺,1
心飛揚,1
調對,1
小青聲,1
投資後獲,1
金和會員費,1
數而變,1
事學到,1
稍後報,1
首個,1
小豪以,1
及計畫,1
咳嗽,1
臉書代碼,1
關於共創,1
限額會,1
結果後來還,1
太坑,1
關弘源,1
時裡,1
證有關,1
關藍圖,1
逮獲,1
磁玉軸,1
城北,1
扭傷,1
郵政取,1
中國時,1
隱情,1
余海龍,1
直想,1
思航,1
比英國,1
我歸還,1
相特徵,1
華本,1
林志越,1
陳鈺家,1
資了,1
林銘海,1
做紅酒,1
包款將,1
中乙太幣,1
將乙太幣換,1
卡向,1
两通,1
吳建週,1
然後買進,1
林斯卉,1
做醫,1
飛大陸,1
續向幣,1
陳雯慧,1
儀表台,1
拆給,1
葛瑞絲購,1
寄貨及,1
賣龍,1
冷凍龍,1
李遠豪,1
刷金流,1
為詩,1
女明確,1
尼泊爾,1
自茶,1
鳳岡,1
農會匯,1
楊文樂,1
視訊語,1
音派,1
門票碼,1
開通後不僅,1
開門後退,1
摔得,1
粉身碎骨,1
小萬興,1
會年費,1
車鑰匙,1
稱陳映,1
映雪,1
最後又匯,1
聯絡陳映,1
包價格,1
好想哭,1
裡跳動,1
地當成,1
甜甜地,1
動說加,1
新動力,1
小珍用,1
乖孫,1
最疼,1
巍巍,1
湯姓,1
知來,1
小虹,1
彭先生,1
給小李,1
完後大驚,1
吳民並,1
將替,1
十五天,1
卡者,1
天能,1
散煙,1
許開始,1
完共新,1
元之木門,1
洋飛翔,1
那可真,1
過後款,1
克濕,1
賀濱,1
務所領,1
西濱路,1
巷中,1
這筆鉅款,1
控日記,1
雖然手,1
過年後會,1
林宗翰,1
匯率關,1
小零錢,1
超徹底,1
窗師,1
工錢還,1
窗師傅,1
高浩哲,1
缺德,1
狂流,1
裡怎麼,1
最後經查,1
站步,1
然後彈,1
用路權,1
機對質,1
問東西,1
當貨物,1
沒約定,1
帳後要,1
唐國雄會,1
唐國雄,1
想不斷,1
多本,1
改後台,1
軟體求,1
稱外務,1
之後取,1
全為,1
中國開,1
陽怎麼,1
轉啊轉,1
經營養,1
豬場,1
因為豬,1
發語音,1
態度試,1
應仔細核,1
時間後將,1
墨染,1
使何,1
男點,1
幫助何,1
何男未,1
納資金以,1
鄭男信,1
扇並,1
音和藹,1
將其發,1
隨後兩人,1
航傳,1
下學會,1
超模,1
界村,1
並在萊爾,1
港店,1
卻嚇,1
藝境,1
及產權,1
想討,1
搜尋詐,1
很高,1
徵約炮,1
變得超,1
下大注,1
組合技,1
先把現,1
東聖母,1
出掉,1
一卷,1
冬山,1
明會員,1
旅箱系,1
夠快,1
訂購款,1
衝一點點,1
愣愣,1
流露,1
艾瑞絲,1
發絲,1
企業店,1
並無購,1
聯徵等,1
另凱,1
慧紅,1
網友梁,1
稅都,1
摩羯座,1
因馬上,1
筆被,1
壓價,1
包回台,1
浩國民,1
夏佐,1
開團且,1
為宏,1
開十團,1
團要,1
動作且,1
購買露,1
營裝備,1
代操員,1
總部門檻,1
人員識,1
及福懋,1
納風,1
須認,1
區褒,1
揚東,1
街澄東,1
義華路,1
清華,1
簡丹,1
詳為,1
用錢過,1
號測,1
試後續,1
組裝工,1
電向華南,1
稱補,1
何金流,1
為家儀,1
審核後方能,1
同密碼,1
可承貸,1
兒應,1
科藥劑,1
師陳建斌,1
簽及,1
史蒂諾斯四級,1
機跟行動,1
元盜,1
仔魚,1
國泰商,1
台灣及,1
聯絡律師,1
孟婷,1
資穩定,1
祥泰門市,1
捐一張,1
東西好,1
缺點數,1
經店,1
示下載,1
完將,1
日入帳,1
券轉,1
喬妹,1
海所,1
海在,1
曉興,1
王雯涵,1
依王,1
而後當,1
張量,1
所代辦,1
天桃園,1
還引發,1
許桂穎,1
網絡連,1
信來歷,1
湯延貴加,1
擺放腳,1
取腳,1
黑痣,1
估價後稱,1
其生,1
基之蓋板,1
高級品,1
覺覺,1
國東興,1
寶石市,1
蕭天,1
寶專員,1
泰國房,1
戶泰國,1
說泰國,1
鮑鼎,1
龍耀鳳祥,1
渡邊,1
意多加,1
資條例,1
張入,1
發幾則,1
人用過,1
終於戰勝,1
而承諾,1
專利訴,1
頂產品,1
花園網,1
先選,1
改選,1
金管童,1
錢景,1
抓牌,1
觀察數,1
我與許,1
事後許,1
一種免,1
熊芊瑜,1
意來,1
鳥竹圍,1
是湯,1
過話,1
付錢付,1
地索,1
廖偉翔,1
其後網,1
機置換,1
调用,1
自動電,1
該空,1
機市,1
並無登記,1
正規店,1
改郵局,1
總共驗證,1
拖地,1
中國遊,1
並和該,1
劉辰宇,1
大維路,1
大維門市,1
送彌月,1
選一,1
填記,1
分滑,1
低價售,1
代有,1
購證,1
成木,1
將木頭,1
稱貨品,1
筆就能,1
取筆,1
卡路里,1
中發生,1
交談後轉,1
白繼庭,1
點券,1
一粉,1
我得獎,1
真後繼續,1
對方繳,1
還有通,1
葉思齊,1
出金流,1
家媛,1
男渡過,1
男的確,1
按時償,1
無法償,1
追究其,1
名譽會,1
對方公開,1
歷讓,1
將通過,1
燦英,1
專員陳曉雅,1
出軌,1
搜尋紐,1
匯款後會將,1
元合資,1
傳合約給,1
未加確,1
認便,1
再國際,1
王文華,1
若未將,1
雖不斷,1
始獲,1
驚慌下,1
南地區,1
農會安順,1
女兒始,1
問撥款,1
付方,1
劉博林,1
法醫證照,1
河岸,1
驗屍,1
澆個,1
點擊類,1
似連結,1
害親,1
友受,1
余冠廷,1
儲職,1
網後發現,1
販賣華碩,1
並由詐,1
問發貨,1
需須,1
寫過,1
內不去,1
醫美小編,1
職介紹給,1
將市,1
調數據,1
財務資融,1
並傳序號,1
董明軒,1
完折,1
要拿點,1
點啊,1
理會詐,1
之該,1
興龍,1
特一區,1
質疑後才,1
小紅,1
組勤,1
補拙,1
李曼琦,1
已現,1
通話意,1
因企業稅,1
專詢問,1
王翊東,1
王給,1
王叫,1
王招財,1
叫莉婷,1
雙連捷,1
見莉婷,1
連莉婷,1
徵時,1
林柏亭,1
稍後致,1
我旋轉,1
便立,1
該成,1
關訊息並,1
專門將,1
之後談成,1
代購過,1
致林民信,1
品雯,1
中亦將,1
蘇郁,1
劉冠慶購,1
作對,1
張興奮,1
資金系統,1
張意識,1
李下載,1
李進行,1
李代,1
儲值則,1
開始長,1
小婷照,1
敏慈,1
點提議,1
張見面,1
亂約,1
王誠和,1
賣車並,1
電池費,1
需小王,1
用小王,1
範類,1
以離婚,1
遠傳門市,1
錯選,1
元連續,1
尚蓉,1
財領,1
提連,1
雨雯,1
荊研洋,1
林曉澤,1
損失聲,1
有諮詢,1
通會員為,1
炮卡數,1
隨後確,1
告告,1
剛入門,1
多學員,1
之後老師,1
最後共匯款,1
需補充,1
及家屬,1
燃火,1
用印,1
包後對方,1
這領獎,1
彩蛋,1
填初,1
審表單,1
網路斷,1
獎品領,1
老板,1
隨意用,1
呂一頭,1
愛嬰,1
並領獎,1
我得面,1
怪我太,1
著特點,1
死氣,1
沉沉,1
洩卡號,1
刺得,1
我睜,1
開眼,1
抱太大,1
遊戲成,1
蕭順昌,1
拚輸,1
贏遊戲,1
維修店,1
只叮囑,1
小惟,1
小惟嚇,1
爬過,1
幾座,1
雅瑩,1
桂仙龍,1
密室,1
組團,1
國晉,1
我軍中,1
叫陳子杰,1
找陳子,1
杰理論,1
尋願意,1
之泉,1
包能夠,1
林育慶,1
逼到,1
稱陳品,1
今後始,1
左營區立,1
互聊數,1
而海關,1
有滯,1
留物,1
揚為,1
中筒,1
威以,1
威融,1
威稱,1
威民間,1
鄭男任,1
鄭均威,1
財行,1
風清,1
淘寶之,1
華榮門市,1
聯林,1
華榮門,1
級講,1
航問,1
廖米花,1
恩人,1
該民是,1
予門,1
相約發,1
御宿,1
一側,1
門口詢,1
廖柏威,1
矢驚覺,1
結綠界,1
高華,1
屏基門市,1
廣告家,1
李專員要,1
幫忙度過,1
不盡,1
宜泰門市,1
青文,1
不見底,1
雷霆,1
首璽,1
當我來,1
會計張,1
訂金出,1
時退,1
好運常,1
陸續購,1
曾景,1
似之詐,1
網友本,1
目測,1
開美,1
並算,1
然後莊,1
依直聲,1
想太多,1
康絕,1
二寶的,1
安劉,1
人星展,1
交紀錄,1
嗣後以,1
植牙,1
用新台,1
宜之人,1
會介紹幣商,1
環球幣,1
李嘉琪,1
稱陳曉醫師,1
台費,1
因藥物,1
叫黃婉,1
獎金驗證,1
資金誤,1
鄭智偉,1
登陸個,1
買淨,1
業外,1
區敦安街,1
帳密號,1
名林,1
中報,1
邱閔楓,1
國小前,1
臨安,1
減肥餐,1
繳兩萬多,1
賣滅,1
文博訊息,1
枯木逢春,1
林默娘,1
尋對,1
皮寄來,1
脹號,1
攝性,1
集團且,1
行員後發現,1
軍醫俊傑,1
衣索,1
賴志友,1
結後開啟,1
資訊後始,1
腳踏車並,1
等訊息給,1
故查證,1
許過,1
商席悅,1
男同學,1
顧向,1
淘米,1
彈彈堂,1
八斗,1
情定,1
盆器,1
彭民名,1
義至,1
便告,1
彭民說,1
約重,1
錢半,1
因孫女,1
依彤,1
伊莎,1
無阿憲,1
周嘉瑋,1
球要,1
在裕富,1
貨物代銷,1
補交資,1
春進,1
李雨嬌,1
儲值性,1
加油卡,1
劉靜雯,1
關務稅,1
賴認識,1
高興及,1
房產及,1
車子給,1
台灣付,1
黑猫,1
蕭中淵,1
蕭男為,1
給蕭,1
遠端當,1
蕭男均,1
給安東,1
票後再匯,1
中販售線,1
笨鐘,1
賴後要,1
噶瑪蘭,1
獨奏,1
雪莉桶,1
原酒,1
華由,1
冷飲,1
王澤民,1
鯨掘,1
萬當面,1
楊霈,1
付叫貨,1
統帥,1
郵中華,1
依賴訊息,1
郭宴,1
銀門市,1
家樂福置,1
金福園,1
造生基,1
賣造,1
聽頓,1
講得聲,1
這渾水,1
嘉嘉介紹,1
內國,1
大昌,1
研希要,1
上斗大,1
職球員,1
結然,1
領鍵,1
機欲購,1
元皆購,1
我寄貨,1
搜尋販售,1
有點後悔,1
點工,1
楊立雄,1
主動噓,1
思雨,1
好蠢,1
問了羅佳怡,1
會個,1
以面,1
徐發文,1
徐在,1
無比諷,1
阿延見面,1
王上鳴,1
王民稱,1
卡損,1
王民將,1
然後只,1
對莊,1
問靜怡,1
碼後對方,1
流控制,1
無到帳,1
並無開啟,1
郭振華,1
節哀,1
順變,1
黑貓訂,1
金日,1
到動,1
態區,1
低價代儲,1
幫喜歡,1
熱腸,1
還沒人,1
黏人,1
飛進,1
信賜,1
繳著,1
如無底,1
三堂,1
一萬二到,1
著花,1
指令投,1
出貨延,1
遲之類,1
轉收,1
拉下水,1
取卡牌,1
一朝,1
草繩,1
倉儲訂,1
單管,1
依金額,1
支老舊,1
院會,1
深不见底,1
賣部,1
寶寶娃,1
語和行,1
完會放,1
單後並且,1
一人會,1
週下,1
單幾件,1
幫忙過,1
群組免,1
費學,1
應試,1
裡閒晃,1
嘉淇,1
狂私訊,1
哀哀,1
卡後說,1
給黃銀柔,1
然後分別,1
區交給,1
閃失,1
這人夠,1
擔當,1
錢都給,1
網銀不夠,1
將熱力區,1
可優,1
主因,1
之後一連,1
韓依夢,1
網戀關,1
訊息務,1
筆貨運,1
圖片將,1
中營,1
方聯絡且,1
取買家,1
加到網,1
觸後對方,1
莊街,1
楷雯,1
總計大約,1
楷雯能,1
區經國路,1
方的車,1
數錯,1
野藤國際,1
日竣,1
繳和,1
樂救紅,1
操線,1
傑出,1
淘寶優惠券,1
計說,1
還保,1
證家裡,1
目報,1
徐靜怡,1
柯小宇,1
單後到,1
截圖驗,1
姚文馨,1
賠太多,1
轉完後問,1
宏華,1
投幾千試試,1
假順豐,1
雨煙,1
貼文後來,1
萬塊點,1
瞬聯,1
還被嚇,1
知識圈,1
旺贏,1
龍騰躍,1
周專員承諾,1
評估費,1
周學堂,1
芯彤,1
日滑手,1
一則凱,1
實業務,1
選成,1
芮安,1
馮家慶,1
弘道,1
李語彤,1
春譽,1
自寶島,1
順利無礙,1
楊林華,1
鄭月霞,1
地換給,1
我會計,1
九萬新,1
問在線,1
丁馬爾,1
溫泉,1
大酒店,1
浪費訂,1
以檢視,1
理驗證,1
我四張,1
投顧詐,1
明後日,1
愛養,1
鴿子視,1
如珍,1
人質,1
乳鴿,1
找轉,1
曹恩碩,1
辦射擊,1
國際賽,1
槍證費,1
對方後續詢,1
之人假,1
王佩,1
涓則,1
爐廣告,1
玉花,1
幫其換,1
回延,1
詢問求,1
作繪圖,1
電費案,1
證和學,1
某信,1
建築物,1
花蓮地,1
予洪,1
未立,1
賣畫作,1
梵木禪緣,1
雯之人,1
用牙齒,1
陽給,1
控個,1
泉之人,1
泉聲,1
還清積,1
親顏,1
結果傑,1
海訓,1
飛得,1
邱喬毓,1
項後再,1
代換員,1
凌已經,1
這本應,1
以懷孕,1
墮胎,1
調養,1
方所處,1
回顧起,1
溫暖的關,1
某途徑,1
並無足夠,1
軍告訴,1
麻吉上,1
其所面,1
應時刻,1
隨後上,1
下信,1
警員謊,1
會麼,1
事公關,1
鄰居傳,1
鄰居問,1
及張,1
需聯結,1
戰兵,1
商新敦,1
酬勞新,1
女兒察覺,1
金運,1
領獲,1
載後加,1
專員回,1
消費當,1
消費驗,1
球員實,1
戰頭,1
故輸入,1
結束後聲,1
卡可較,1
現報,1
幸運福,1
名為量,1
元給量,1
開團行,1
磨合,1
延後開團,1
假行,1
銷詐,1
取預,1
因為彥,1
保護彥,1
保護會員,1
小門檻,1
實樣,1
完代碼,1
進而輸入,1
地區碼,1
騙者察覺,1
這場票,1
三連號,1
顏廷,1
編個,1
想多騙,1
單電,1
影卡,1
卻面,1
許潛藏,1
小卡會,1
必托幣,1
農會時,1
進多個,1
必托,1
狀元店,1
面經理,1
區豐,1
這收貨,1
從股,1
明逸客,1
他的網,1
烤全羊,1
然之人,1
站資,1
齊國際,1
日得標,1
德生,1
故林,1
贏家網,1
金額後須,1
過大觸,1
繳納時,1
業務承辦,1
取皆會,1
因額度關,1
憑媽媽,1
領好禮,1
美妝聯名,1
活動後能,1
購下單,1
然後參加,1
獎金後來,1
大邁門市,1
遭截圖,1
證代為,1
講師會,1
會後來,1
出金共新,1
尋電商,1
或在網,1
若電商,1
大警,1
劉溫馨,1
老板娘,1
古明,1
某天維修,1
期下,1
分準備,1
吳老師,1
網銀竟,1
事後怎麼,1
機通話費,1
受用,1
這一買,1
先拉警,1
幣之隔,1
現金且,1
然後的,1
詩音,1
詳細聊,1
翹班金,1
深吸,1
倒大楣,1
進行試,1
自永豐,1
冒刷,1
印尼政府,1
我在場,1
金法幣,1
將額,1
田彤兒,1
機掃描,1
要維持關,1
吳維維購,1
打開國,1
寄張,1
途電話,1
是羅東,1
楊麒,1
故作神秘,1
楊麒剛,1
南寧門市,1
這點數,1
許文龍,1
吳佳達,1
瞎扯,1
當某,1
天有,1
金無險,1
鞋面,1
繪畫委,1
需由銀行,1
親周,1
柯佳宜,1
然日,1
因向林,1
女購,1
林愷,1
繳四萬學費,1
回學費,1
倫所,1
著審,1
核通,1
過後錢,1
本書籍,1
位現,1
海產攤,1
元分潤,1
極鋒,1
稱鐵,1
千萬新,1
簽有,1
並隨後轉發,1
當下將,1
清潔機,1
若罔聞,1
有容,1
當事後發現,1
經行動,1
價一個,1
當發,1
現約定,1
稱蝦,1
皮有,1
並傳出,1
會承辦,1
將不會,1
簽書會,1
廣告後用,1
完持續,1
作台幣,1
語拐,1
並冷靜,1
自社會,1
及小額,1
那代,1
自超,1
總要給,1
幾天後補,1
還需進,1
專員真,1
號讓,1
一陣子後約定,1
閱詐,1
換零錢,1
時順,1
便取,1
走點,1
順利鎖定,1
稱取,1
萬利潤,1
婉秋,1
顯瘦,1
連體,1
幾十種,1
超商開,1
遊戲場,1
曹東霖,1
以車子,1
價不低,1
投資班授,1
靈上,1
幫處理,1
付履約,1
書通話,1
至愛心機,1
構後始,1
著當,1
這樣簽,1
還十萬,1
張稚氣,1
未脫,1
錯別,1
拖泥,1
帶水,1
龍山街,1
樓親,1
看機,1
朱邑杰,1
正統,1
友林玟,1
稱林玟,1
事後進,1
行查,1
擔保資訊,1
終選擇,1
確開車,1
用心良苦,1
到點,1
上語,1
主在遊,1
廣邀,1
供觀眾,1
將結束,1
外營運,1
親情關,1
曾凡述,1
語言施,1
給楊子,1
問楊子,1
晴聲,1
隔熱,1
其合夥,1
洪維謙,1
無限車,1
購買德國,1
阿爾貝納,1
以彌補的損,1
經通訊,1
應名,1
完未,1
經起,1
金委,1
林佩岑,1
心魔,1
供翁,1
男下載,1
我連錢,1
張心怡,1
分面,1
需因,1
兩個驗,1
耳燭,1
塞給,1
溢價,1
開溢價,1
還拿不動產,1
正解,1
字跡,1
並不遙遠,1
美夢裡,1
電郵裡還,1
詳細到,1
連國際代碼,1
帳情況,1
卡價格,1
以後約,1
面寫,1
大冤種,1
卻承載,1
輕易來,1
蜜訊問,1
開後會,1
字害,1
巨浪,1
中系,1
統頻,1
站業務,1
好面,1
許溫度,1
整篇文章,1
臘月,1
電流般,1
民雄頭橋,1
雙保險,1
想舒緩,1
師一樣,1
睡個,1
好覺,1
名變,1
警鈴馬,1
上響,1
家門口並,1
隨後派,1
分退,1
辭嚇,1
主動連,1
稱將會,1
信後以,1
現永豐,1
失永豐,1
標後以,1
軟裡,1
並先繳,1
其保險,1
我板,1
幾日會將,1
問春風,1
取寵物,1
故檢舉,1
追討錢,1
寶須,1
商惠,1
為沛,1
人員市,1
媽廟,1
警員至,1
號限額,1
流星雨,1
以圖片,1
地檢拿其,1
獲老,1
其弟,1
曾少,1
曾永,1
然後買家,1
還來訊息,1
還回傳,1
孫立騰,1
謝蓮,1
貨運寄件,1
之賴,1
工單號,1
與惠中,1
確保顧,1
客誠意,1
商新大業,1
有無要,1
以戲,1
玩就贏,1
單好,1
親友何,1
稱滿,1
先周轉,1
多大疑慮,1
免費致,1
關理財,1
音訊後才,1
先仔細,1
后寶門市,1
各轉帳,1
劉男避,1
如不繼續,1
機械維修,1
點數現,1
豪還,1
當日幣值,1
史丹利,1
寶門市,1
項代存,1
禁漫,1
比新,1
一高雄,1
故通,1
報轄區員,1
警來,1
共嬋娟,1
一陣震,1
賣口紅,1
日會款,1
犯並,1
認證代碼,1
精選動態,1
刁憶丹,1
佰吉運動,1
完再付,1
致本,1
改交換,1
鹿維門市,1
懷詢,1
各購,1
以儲蓄,1
府幣商,1
府幣,1
商的車,1
銷這個,1
縮短,1
關行業,1
達會場,1
教訓令,1
兩百一萬,1
楊紫晴,1
隨著群,1
群發訊息,1
地盤,1
在兆興,1
我喚,1
洪鼎翔,1
天峰,1
雞腳,1
相繼購,1
蔡芊昀後來,1
聰文,1
愛母,1
可登記,1
結後導入,1
惟活,1
動達成,1
取戶籍,1
認委,1
並會調,1
郭宇,1
宣進,1
台地,1
區急,1
當日領,1
以衛,1
稱芸菁,1
當輸入,1
解凍且,1
現金僅,1
稱陳志龍,1
寄假,1
相關類,1
梵木檀緣,1
內手,1
環皆是,1
高雄櫻,1
花季,1
方異常,1
結步驟,1
我劉,1
劉漢,1
海運業,1
匯款後會會,1
病逝,1
喪葬品,1
親身後事,1
因為靈,1
林悅昕,1
連愛情,1
帶金錢,1
調一,1
房後才,1
談訂,1
轉全額,1
最後總共匯款,1
資來驗證,1
貨方,1
給我簽,1
專的訊息,1
將他們,1
恶意,1
家琪,1
君品,1
王俊中,1
建國果,1
顆櫻桃樹,1
國的關,1
會議室,1
已經簽,1
賠慘,1
始會用,1
領三級,1
過花蓮,1
縣關,1
西鎮,1
官會用,1
領本書來,1
資和錢財,1
之後提,1
金放進,1
總家,1
先駭進,1
東西能,1
這話題,1
以後親友,1
袁專員,1
事加,1
多熟,1
主和暱,1
不動產及,1
季夏,1
源少,1
當獎,1
則求,1
劉伶,1
共三萬元整,1
誤還,1
櫻遙,1
之貓,1
故電話,1
小初,1
重稅,1
由瑜娟,1
換成銘傑,1
變高額,1
順手試,1
經消費,1
活動業務承辦,1
財讀,1
德聚及,1
撲克資訊,1
與羅書偉,1
鄭榮光,1
連掰,1
導我至,1
条虫,1
並發問,1
假裝代練,1
找代練,1
船用,1
高國峻,1
應馬上,1
應盡快,1
緯度,1
已經確,1
連大樓,1
外多,1
租方,1
臨頭,1
初代鋼,1
點後再,1
部門能,1
孟向茹,1
投資後幾乎,1
犯還,1
還錢且,1
回拍給,1
現無論,1
蔡詩庭,1
丹豆谷,1
郭雨宣,1
改轉,1
點慌亂,1
聯絡後才,1
出後始察覺,1
寄國際,1
之後寄過,1
轉盤式,1
選後顯示,1
煩到,1
我命運,1
亂交給,1
鄭彥,1
石椅,1
包放,1
伪造,1
僅與,1
兩人僅,1
業並,1
並且問,1
以艾蜜莉,1
程產生,1
並虛,1
價兩,1
畢後向,1
並又介紹,1
方積,1
極回,1
至陽信,1
場須,1
知且,1
商大忠門市,1
張特,1
沒理過,1
無卡無卡,1
內無新,1
網友江,1
除蟲,1
乙太及,1
盤虛擬,1
隨後音,1
張振雄,1
分驗證,1
林侑以,1
出貨後買,1
兒幫忙,1
攝廣告,1
金一則,1
劉麗娟,1
一偽,1
造國,1
擊後國,1
車之廣告,1
莊順義,1
缺遲,1
然事後對方,1
兒子加,1
稱騙,1
永無止,1
盡方察覺,1
榮基院,1
之鼎碩,1
本所才,1
陳費,1
分錄,1
之後穩,1
賠騙,1
應徵翻譯,1
獲利之假,1
之數個,1
臉書閒,1
幻清單,1
束後要,1
繳交作,1
繳交電子,1
終我,1
收利潤,1
裡一樂,1
他會發,1
九萬里,1
雅瑛加,1
嘉蓓樂孕,1
之禮,1
組對,1
消費費用,1
稱豹,1
及智冠,1
楊宸,1
嘉購,1
問換匯,1
著換匯,1
刻下,1
點經驗,1
的換,1
卡文,1
原作者,1
因裝修,1
飯後再,1
人員全,1
即網,1
千進,1
換新號,1
存號,1
商欠,1
萬裝潢,1
沒先問,1
勞買,1
投海,1
還躲起,1
龍潭家裡,1
賣威,1
備出,1
哪有當,1
偉霖,1
丟貼,1
理會且,1
飛絡力,1
茶客,1
之醫療,1
需派員,1
鄭裕順,1
智星,1
沟通,1
儲費,1
爵瑞,1
金棋,1
閃電般,1
百葉,1
窗灑,1
進辦,1
小呂向,1
姜子,1
相仿,1
阿嬤發現,1
然後陪,1
提拿回,1
象山,1
自購,1
詳著,1
呼道,1
局處,1
金之訊息,1
沒疑慮,1
獎現,1
還網路,1
中且,1
著無知,1
萬而,1
雖幫忙,1
分剛,1
小銘前,1
外傭金,1
繳購,1
優惠券款,1
王君君,1
一組夢寐,1
上主,1
充證,1
想渡過,1
窗期,1
貸何,1
李特助,1
無際,1
因儲蓄,1
會首林,1
妻皆會,1
留尾數,1
劉澤超,1
終於醒,1
金倫統,1
金崙,1
花蓮盜,1
等代練,1
暫時關,1
閉並,1
回遊戲,1
隨簡單,1
許驚訝,1
並未用,1
行爭議,1
並防範類,1
認且,1
以菲律賓,1
該爭,1
議並,1
規網,1
園店,1
解鎖額,1
保進行,1
企銀詢問,1
卡鎖,1
商煥,1
日門市,1
彭泰,1
買滿,1
我想詢,1
個長,1
庚護理系,1
並主動開,1
現興趣,1
進行業務,1
整改,1
將免費,1
贈禮師,1
會燈,1
光架,1
內部門票,1
會絕,1
燈光架,1
貨币,1
時代百萬貴賓,1
不放鳥,1
就千萬,1
養過,1
靈魂溝,1
通牌,1
寵物產生,1
不幫助,1
高醫護,1
理師,1
付費且,1
價關,1
免費理,1
可心,1
現金提,1
僅出,1
妥後到,1
稱得否,1
予黃民,1
民點,1
填資訊,1
為黃民,1
孤兒院,1
始談論,1
一簡,1
回傳該,1
瀏覽至,1
周冠霖,1
給簡民,1
借貸質,1
及質,1
押幣,1
包等,1
金化,1
種下,1
沮喪交織,1
舒訊息,1
之後傳訊息給,1
證無,1
舒社團,1
包總共,1
人員作,1
一響,1
借錢詐,1
門口燈,1
榜戶,1
連太陽,1
能板,1
噹噹,1
購買置,1
務所張,1
徐佳瑩,1
然後又詢問,1
確認後要,1
給凍結,1
並念,1
分鐘後才,1
證金向,1
成員詐,1
朵玫瑰,1
為萊萊,1
三至,1
批示,1
將兒,1
青美門市,1
林書怡,1
營業員和鴻景,1
相應款,1
隨指,1
鄰居及,1
種蔥,1
說種,1
地種,1
日後就,1
林佳樺,1
醍醐,1
灌頂,1
戶下,1
值千金,1
欺廣告,1
建學,1
下大筆,1
點郵件裡,1
鄭文麗,1
魚和,1
雷龍魚,1
這只魚,1
經理湯,1
總溝通,1
高雄門市,1
思云,1
進行代練,1
金額個,1
付卡作,1
將易付,1
裸女,1
給擔,1
隨貼,1
日異常,1
網銀視,1
這筆信,1
鄰居小高,1
左鄰,1
右舍,1
向騰,1
仁自稱,1
其代還,1
至施,1
且施,1
邀會,1
溫暖感,1
車干,1
可千萬別,1
亂接,1
臉書多個,1
販售室,1
內腳,1
運送並,1
社團團,1
擊後透過,1
獎可換,1
宗一臉,1
薪閱,1
豐鑫邦,1
繳後不僅,1
這一補繳,1
韓成,1
但書商,1
書買,1
並不齊,1
組後小,1
浩行銷,1
剩食終,1
結者,1
是業,1
靜修,1
找代匯,1
由代匯,1
歐斯美,1
林嘉琦,1
進群後才,1
逛來,1
逛去,1
微音樂,1
手燈加,1
幣提領,1
社的員工,1
沒認,1
真販售,1
內塞數,1
息差,1
貨雖沒,1
還拿親,1
之後柴,1
湯民穩,1
湯民依其,1
企帳,1
總共跟幣商,1
講規則,1
嫌面,1
誘引,1
金寶藏,1
證明門檻,1
鑫權,1
雀躍地,1
隨地,1
並把購,1
拂面,1
當承諾穩,1
團以,1
若須,1
前後當面,1
為家樂,1
立人店,1
外見面,1
此過,1
稱如有,1
由學員,1
著鈔票,1
劉導會,1
頓包,1
東西錢,1
但元,1
場稱,1
叫志偉,1
臨出,1
邀該,1
經過當,1
叫陳給,1
並言語,1
吊鈴,1
運詢問,1
問我新,1
嗶卡漫畫,1
關迷,1
該迷,1
青檸,1
催情,1
英子,1
稱會匯,1
種訂,1
單選項,1
秦嵐,1
辨樂高,1
狂炸,1
連回,1
認卡牌,1
無急,1
收據會,1
傳寄件,1
集團別,1
號洲際,1
到洲際,1
現金堆,1
雯來,1
但王,1
澄觀,1
驗證後款,1
櫻花路,1
請林,1
明幫,1
領費,1
祖發,1
男借,1
個掛,1
股東轉,1
這一簽,1
應徵婚紗,1
規購,1
鴨豬,1
法貨到,1
現幾筆,1
勞台,1
二餐,1
清償給,1
青花,1
鍋台,1
王惠庭,1
以相當,1
趁經過,1
女中時,1
框點,1
申請資,1
童醫門市,1
動詢,1
若風,1
我幣安,1
廠商關,1
包下,1
元人資,1
從施,1
林裕發,1
我和施,1
請業,1
主施,1
和施,1
進台,1
油價,1
牌後方,1
維星,1
購買雪,1
開心果,1
三字,1
費情況,1
林健,1
需等滿,1
待滿,1
起話,1
兒子邦煜,1
問測試,1
站幣,1
報喜訊,1
美夢徹底,1
賣衛浴,1
內建語,1
桌布,1
一樣襲,1
狩獵場,1
冒冒失失,1
雖然訊息裡,1
貨就能,1
貨嘛,1
條財路,1
駱思棋,1
中自認,1
商願,1
慈安店,1
體須,1
分數僅,1
著之後再問,1
貨為止,1
話後談,1
分便將,1
資金門路,1
貸公證,1
回將,1
商嘉高店,1
商後庄店,1
喊停,1
小全,1
李詩穎,1
帶鉅款,1
萬港幣予,1
蔡男是給,1
字序號,1
貨運時,1
號我到,1
手瞬間,1
改電話,1
市海,1
華夏銀行,1
因人位,1
及個資,1
希瑤,1
卡共購,1
一個員工,1
洞洞,1
再裝,1
有毒,1
關於發貨,1
牆的關,1
圓夢薪,1
晨晨聲,1
淘寶賺,1
貴氣感,1
大聊,1
資太神,1
事教會,1
坐地,1
起價,1
創富通,1
鴿友,1
蘇芷晴,1
早買,1
金運廣進,1
如雯,1
叫芷妤,1
群費並,1
瑜娟,1
認年齡,1
驚人利潤,1
射器,1
彭宜,1
從論壇,1
過賴,1
明細表未,1
明詐,1
一號員林,1
生活型,1
蔡維尼,1
頓為,1
快能,1
紹得,1
小芬芬,1
更虧,1
激動時,1
開放少,1
進行員,1
給裝潢,1
迷孩買,1
哭死了,1
行員林,1
祥持,1
張國棟,1
商淵安門市,1
鯊幣,1
感無法,1
當回,1
總頭,1
溪路,1
偵查科,1
並無太,1
以應付,1
莊家涵,1
張煜,1
中暢,1
萬與幣商,1
開發遊,1
戲勇,1
開發並,1
要拉人,1
毫無興趣,1
投資較,1
賠回,1
重建,1
米嵐,1
鄒永郎,1
陸國家,1
中國贈,1
宣傳雅痞,1
嚴選網,1
熱絡後並,1
中無力,1
業務方,1
手機且,1
獲利回,1
推銷者,1
元陸續,1
下側,1
內透過,1
体采,1
世界杯,1
錄個資,1
慧珊來電,1
今後定,1
搜尋和查詢,1
有興,1
經墊付,1
投資蔥,1
三股,1
以種種,1
蔥田,1
大損,1
節後會,1
結算利潤,1
技術員會將,1
技術員稱,1
爺的,1
銷售給,1
咨詢,1
林小杰,1
圖持續,1
領貨超,1
商九,1
愛諾,1
水嫩,1
防曬霜,1
於數,1
商安興門市,1
以當場,1
師代為,1
拿名,1
假富邦,1
過一則,1
聊色色,1
哈爾濱,1
還兼職當,1
甜芝芝,1
主請,1
假有,1
左嘉欣到,1
佐嘉欣,1
左佳欣,1
鄰居關,1
資產變,1
將錢將,1
許報酬,1
境管處,1
事務暱,1
貨狀態,1
保是,1
順利有,1
且繳,1
紀太大無法,1
有規,1
文內部,1
帳號續,1
專員金流,1
必用,1
面後對,1
將軍有,1
徐子涵,1
匯以驗證,1
硬琴盒,1
柔娜,1
組麻,1
因同學,1
問轉帳,1
予序號,1
票務且,1
啟該,1
搖燈,1
特技,1
裡關,1
李馨語,1
聯投資,1
前後三筆,1
再無卡,1
金儆澤,1
水漾,1
儲值後有,1
單讓,1
師審核,1
我六個,1
恆榮,1
未疑,1
徹尾地,1
憂鬱,1
江宏傑,1
進熱門,1
挨個,1
打給褓,1
東海粉,1
之體驗,1
語蕙,1
籌到繳,1
台中時,1
截阻,1
課程版,1
馨冉,1
大禮給,1
王霖,1
並無如約,1
一世英名,1
著拿貨,1
還視訊過,1
每當手,1
政風,1
處來,1
遇愛情,1
瞬間席,1
漏過,1
念頭令,1
歸零及,1
須借,1
篤學,1
不倦,1
找不回,1
謝一揚,1
嫌訴,1
絢麗圖,1
方框,1
昌可,1
貨旁巷,1
旁巷,1
人欲將,1
賣寶寶用,1
童餐,1
結後續,1
輕度,1
框上,1
整的點,1
友假,1
路發,1
之後萍萍,1
稱破,1
獲一詐,1
給小謝,1
次性,1
民眾莊,1
惋茹,1
並在個,1
盪天,1
費漲價,1
蝦並,1
全聯中,1
烤完,1
紅書暱,1
取貨後到,1
許黃漬,1
水痕,1
章民將,1
然後參,1
有無缺,1
留售,1
超無語,1
多痛,1
給小余,1
閱小余,1
當地後才,1
稍後馬,1
去謀取,1
新北產業,1
臉書介紹,1
灰色收入,1
轉交金,1
證解鎖,1
警員主動,1
媚點,1
清透,1
柔光,1
花蓮大,1
林詩語,1
倒塌,1
銀行後龍,1
還連遊戲,1
飛遠,1
做幣值,1
婚詐財,1
覺共計,1
戰地醫,1
相愛的,1
萬施,1
靜瑤,1
領取績,1
選融,1
筆我以,1
起事,1
添磚,1
加瓦,1
單攔,1
甄古,1
運的網,1
超億門市,1
甄古錐還,1
騙者並,1
服將,1
紅白,1
隱匿性,1
繳交勞,1
庚樺,1
友門市,1
柯姿,1
岑未,1
小佩珊,1
進私訊,1
中後會,1
曾冠,1
許於吳,1
及項,1
絲人數,1
帳後截,1
確傳,1
投資訊息後經,1
打多通,1
帳號者,1
方後開始,1
書齋,1
事後求,1
其想來,1
至雲端,1
交做,1
門費用,1
宏源,1
講才,1
他承諾會還,1
包廣告,1
心不僅,1
負責款,1
西絕,1
驅蟲藥,1
工單給,1
金德店,1
娛樂包,1
過放鳥,1
李東海,1
父親述,1
聯徵開通,1
人員後從,1
之愛金卡,1
遊戲里,1
洩須,1
問平,1
友告,1
按入,1
搜尋找,1
費後,1
泰研,1
萬全進,1
多解釋,1
網銀入帳,1
錢刷,1
故是,1
館大門,1
繳單,1
業務不斷,1
名業務,1
獎後中獎,1
中任,1
地之訊,1
貨物領,1
我作證,1
點入後視,1
宅貨,1
高松,1
李恩西,1
別掃,1
優惠多,1
信在網,1
名烟,1
寶輸入,1
現獎,1
始表達,1
尹素,1
田歆,1
靜之女,1
靜回,1
筆我國,1
觀察者,1
身體並,1
庭溝,1
面講,1
帶後來,1
泰瑞是,1
泰瑞並,1
報則,1
查緝前,1
故阻,1
男遲,1
突無法,1
李嘉妤,1
大咬泡,1
一組泡,1
由予,1
而解,1
凍僅,1
接獲電,1
告戒,1
燈一個,1
套五張,1
貨貨物,1
韓國海關,1
至旋轉,1
余民先,1
將床,1
當天款,1
單人床,1
司機將,1
群公開,1
結三個,1
認後確,1
專頁將,1
珠寶時務必,1
白鳥澤,1
落榜生,1
幫豹,1
弟會,1
身價,1
給小芳,1
著新家電,1
塗鴉,1
個念給,1
和員工,1
隱形牙套,1
對牙齒,1
有潔,1
白亮麗,1
矯正牙套,1
而業者,1
戲裡發,1
最後回,1
訓練褲,1
練練,1
婉萍,1
著順利,1
沒有求,1
象徵著,1
自發,1
集資送,1
我謹慎,1
中自責,1
大出,1
心態毀,1
當請求,1
地開箱,1
客運上,1
算講,1
打著星,1
資廣告,1
叫韓,1
宗用,1
方後始,1
人動手,1
隨後我網,1
甲片,1
轉寄該,1
郵寄費共計,1
領標,1
網路驗貨,1
進行驗貨,1
剩一萬元,1
切割片,1
披薩,1
包兔,1
某家萊爾富,1
卡之人員僅,1
辦好後交給,1
找店,1
鄭鴻谷,1
進時機,1
私訊騙,1
家蓉,1
想代銷,1
林奕宏,1
再變,1
許柳衣,1
按廣告,1
方傳假,1
李儀婷,1
蓮莊門市,1
經理會加,1
張兩個,1
幫忙個,1
姿姿,1
先到貨,1
王佳富,1
換更,1
賴桑,1
惟貸款,1
工學路,1
張欣嵐,1
並熟識,1
條給,1
為系,1
標欲購,1
整會,1
區育德路,1
商煒,1
勁六,1
水飛,1
薊人,1
佛手,1
至抖,1
音商場,1
天覺,1
林源,1
大舅,1
瀟苒,1
經轉入,1
儲值繳,1
兔來,1
是霖,1
圓通珠,1
康大,1
繳納清,1
並他,1
購入點,1
稱沫沫,1
則兼職,1
明帶,1
我共詐,1
辭祖,1
沒法平,1
郵政郵務,1
處滋擾,1
離類,1
彥繼續,1
翔稱,1
新華街,1
沒什公車,1
掛號費,1
多及,1
回計程,1
日媽媽,1
面想,1
樂高夢,1
問取貨,1
險業務員及,1
徐男代為,1
之多張,1
元未償,1
徐男所,1
勘見,1
以貝殼幣點,1
取傳,1
池內,1
池連結,1
素描,1
國會,1
國跟浩,1
尊時,1
投資業務員,1
聯徵與,1
著視,1
照賴給,1
雙方後續並,1
榮宏股,1
完才會,1
四維,1
尖門市,1
隨後我用,1
采沂,1
藍晶,1
運費後還,1
三千五,1
匯十萬塊,1
保個,1
證管會,1
嚴密且,1
威嚇性,1
因熱愛,1
粉絲代,1
搶陳奕迅,1
她言談,1
惠美向,1
派書記,1
官來,1
並寄去,1
坐捷,1
運後跟,1
問路,1
黑夢,1
將寶物移,1
上移,1
屬無回,1
順豐先,1
順豐會,1
丟假,1
文訂購,1
帶遊,1
就興,1
騏勝,1
之後錢給,1
投資特,1
斯拉,1
所虛擬,1
權網,1
給千紅,1
還調,1
東西早,1
事心動,1
並保證轉,1
大驚喜,1
帳號後款,1
及華譽,1
內贏,1
獎金出,1
正進,1
行著,1
稱要轉,1
真遊戲,1
金便,1
假買家加,1
適了,1
閒時間,1
愛喝,1
只先,1
並於上,1
車聚群,1
其大兒子,1
給莊姓,1
項滯,1
發脾氣,1
介紹華道,1
卡中國信,1
受詐術,1
去掉,1
近五萬飛,1
做戰地,1
其寄到,1
對方協,1
商降,1
孟新雨,1
李澤文,1
入護,1
照資,1
聲明始,1
依爭,1
方靜雯,1
機車換,1
新大燈,1
武功,1
至林偉,1
東西太多,1
釋放並,1
便識,1
老將,1
紅蔥,1
頭洋蔥,1
陸曉怡,1
關蒜頭,1
再理會,1
簡耀,1
哲解釋,1
項視,1
房東求,1
林明道,1
老董,1
扶九資,1
額外匯,1
船外,1
觀止,1
牌場,1
自花,1
開場語,1
駐院,1
安下,1
當人們,1
達大,1
因達錯,1
需補救,1
小潔時,1
既為,1
需點閱,1
還不會,1
實中獎,1
豪時,1
豪不僅,1
豪保證,1
豪詢問,1
人合夥詐,1
保險續,1
投訴並,1
多質疑,1
方配,1
李詩雨苓,1
導師會,1
日導師,1
前未,1
寶又將,1
裡感動極,1
漸凍症,1
顧地,1
海關查,1
幣自動,1
音匯,1
愛心款,1
並表現,1
並轉知,1
警員林長,1
所表現,1
提點,1
條作,1
擔保費用,1
且並,1
簽名後回,1
蛇蝎,1
或媽,1
人四處,1
貨物進,1
周玉瑾,1
成都,1
販售筆,1
萊尔富,1
職電商,1
很歡,1
教完,1
匯款誤,1
當後悔,1
號解鎖,1
待產包,1
待產,1
致志地,1
著機,1
台裡,1
社會連,1
换票,1
定地,1
寄掛,1
我連見,1
貸蘇,1
認識過,1
劉孟翰,1
聊至,1
負保證,1
他償還,1
張金豪,1
下架時,1
機寄過,1
實木五鬥櫃,1
異常之處,1
可入,1
群時,1
面帳,1
風影,1
補光者,1
參加旋,1
轉獎,1
須上,1
金協助,1
延後求償,1
介紹代書,1
廖代書,1
由理財,1
為理財,1
李曦緣,1
組庫存,1
駱泰翔,1
我交換,1
方欲請,1
新立,1
元求,1
假貸,1
購經理,1
王皓誠由,1
當下給,1
然後網友,1
沒待修,1
底盤,1
漏油,1
插電腦,1
臉書問,1
奈落,1
包維茲,1
劉惠惠,1
並銷售,1
強調將,1
教學費用,1
黑帽,1
徐敬皓,1
車貸融,1
資業務,1
金錢款,1
映月,1
大銀行轉,1
簽運輸,1
完後聯絡,1
禮物費用,1
販售導,1
航機器,1
詢資訊,1
姐們,1
想學虛擬,1
金入場,1
財經類,1
林玖龍,1
去瑩宇,1
住迅,1
胡如芳,1
遺產爽,1
版要,1
賺太多,1
潔萱,1
補足額,1
網友變,1
組諮詢,1
然後臉,1
楊醫生,1
左歸丸,1
藥丸給,1
元後匯款,1
接太多,1
曾介紹,1
因偉豪,1
稱擔,1
任會計,1
金流後驚,1
嫌購,1
完後遭,1
人供,1
景程,1
日欲至,1
托蘭,1
台灣經,1
工作服,1
自嘉,1
男版長,1
自柏,1
及昱,1
輪盤機,1
發布遊,1
德照,1
寶貝婆,1
大翔,1
控線,1
豐集團,1
還私訊,1
楊嘉堯,1
巴蕾,1
卡封盒,1
阿正,1
他後來問,1
林裕晨,1
車禮,1
物代幣,1
上否,1
家凱,1
張東方,1
卡夢椅,1
張荷,1
官椅,1
謝並,1
求產生,1
買額,1
外的靈,1
萬失業,1
一絲雀躍,1
猶豫到,1
暗面,1
辭親切,1
周轉費用,1
說台,1
警拾,1
這玉,1
神乎其神,1
條列,1
套問,1
掐住,1
並非遙,1
認證始,1
內容囂,1
著當時,1
高多高,1
新聞人,1
一眨眼,1
裡綁,1
極熱情,1
付的驗,1
房東給,1
林惠雯,1
但六個,1
天殺,1
憶晨,1
徒繩,1
減少時,1
隨之而,1
六排,1
方顏值,1
茶軸鍵,1
看鍵盤,1
說鍵盤,1
週用,1
尋找並,1
康貸,1
丟東西,1
線終,1
卡國外,1
一個後端,1
最後線,1
叶沫藝,1
葉小藝,1
何文德,1
女查證,1
師吳政南,1
勾錯,1
推特主頁,1
脾氣,1
價傭金,1
集換式,1
連我給,1
房仲說,1
房仲在,1
願金,1
房仲確,1
叫連,1
光和吳,1
中能夠,1
速刷,1
伍佰門票,1
文宣上,1
謝寧,1
聯絡期,1
間當,1
很香,1
然後回訊息,1
方傳輸,1
網行,1
而後詢問,1
星街,1
卡娜,1
赫拉,1
蜂樂,1
以諾理,1
邱思棟,1
變過,1
還連刷,1
能租到,1
數卡大約,1
物聯網,1
思訓,1
畢之後再,1
選後對,1
愛心團,1
廣告後並,1
匯後到,1
筆供,1
還親友,1
劉佳芸察覺,1
順天路,1
之美,1
群組點,1
詢問後群,1
地點麗,1
顯華稱,1
幫先,1
換款給,1
鋼網,1
現金付,1
一章,1
完處理,1
區的光,1
我三信,1
萱琪,1
如兒子,1
續陳怡,1
如均,1
獲得鍵,1
其備案,1
假察官,1
無虞不會,1
職訊息並,1
業經理,1
機台種,1
類及,1
經掃描,1
智禎,1
組自稱,1
則出資,1
群後開始,1
之話語,1
玻缺,1
加代書,1
代書稱,1
日代書,1
入土,1
案發時,1
筆共泰達幣,1
同學高,1
頭三個,1
智源,1
蘇子翔,1
鐵口,1
直斷,1
發廢文,1
其所進,1
一販,1
沈梦,1
單師,1
活動現,1
情緒裡,1
問開,1
當交換,1
以後換,1
縣榮民醫,1
院前,1
超慢,1
話識,1
紫怡,1
泰勝門市,1
檢查存,1
摺後始,1
發票並,1
前後共將,1
欺決,1
項下個,1
百優,1
精純,1
乳霜,1
貨先錄,1
範才,1
販售告,1
五人門票,1
以技術,1
問先,1
蔣怡,1
接則,1
關後台,1
富美,1
盧俊豪,1
小奶,1
先互傳,1
隨後兩天,1
瑪特代,1
塘膠,1
故小華,1
表訂,1
寶做,1
要小光,1
唯報,1
回小光個,1
有教,1
定幣托,1
阿邦發,1
積購,1
統風控,1
通志,1
參加長,1
榮內線,1
清點款,1
項太過,1
致對,1
逐傳,1
邱淑貞之人,1
鳳有,1
語畢,1
鳳給,1
鳳致,1
稱歆歆,1
刷廣告,1
書之旅,1
著心儀,1
全裕國,1
因元,1
大銀行針,1
詢方,1
德科,1
區橫,1
訂得,1
聯絡陳志,1
按詐團,1
追詐,1
分來電,1
故又轉,1
會持票,1
取黃金,1
如經,1
案會,1
金龜,1
金兔,1
金雞,1
故傳連,1
之後蘇,1
之後不,1
元價金,1
龍肚,1
天後便,1
畢才算,1
文鈞,1
荷包蛋,1
對方話術層,1
舊持續,1
並曾將,1
需掛斷,1
見曉慧,1
完新卡,1
對塔位,1
卡用紙,1
元技術費,1
皮問,1
號置,1
警察所,1
購可,1
蔡建雄,1
山積,1
清起,1
往南,1
給司,1
機家裡,1
趙淑惠,1
惠惠小,1
勝達,1
之電動,1
詳如紀錄,1
收貨後開箱,1
因貨物,1
貨作業,1
夠匯,1
團學習,1
並教學創,1
創完,1
孫子常,1
輕人常換,1
親友來,1
騙長,1
重則還,1
梁馨,1
其他支出,1
稱綠界,1
機會贈,1
送漢服,1
感光,1
誘導式,1
時震,1
集字,1
集齊,1
之後產生,1
包盲,1
王到,1
集團會面,1
稱萍,1
勁後才,1
許多有,1
當來,1
自非,1
多方面,1
僅償,1
數年,1
瑞恩,1
吳嘉豪的網,1
吳嘉豪,1
單不見,1
盛安告訴,1
叫陳佳,1
關字,1
需款,1
機車後面,1
曾怡玲,1
呼馬,1
上露,1
還是類,1
便換,1
莫合,1
恆太國際,1
販賣動,1
漫手,1
飾及,1
日陳芸熙,1
稱明鏡,1
之後扁,1
曾訊問,1
我主張,1
中花銷,1
終均,1
專員陳雅,1
同戶頭,1
號後五碼,1
蔡珊儀,1
文名,1
所使,1
制對方,1
瑟琪,1
團眾,1
自拍書,1
我大驚,1
回電求,1
購買後空,1
機須,1
電原廠,1
出保無須,1
出保,1
宣稱須,1
隨心換,1
保付,1
林瑋詐,1
高威,1
十萬元作,1
遭掛,1
賞凱,1
貨很搶手,1
沈正峰,1
芷婷,1
中私,1
觀察後參加,1
邱正宏中,1
日後會員,1
稅務補,1
以實體,1
停卡且,1
並無遭,1
看見利,1
賣家利,1
寶封鎖,1
我今,1
一縷陽光,1
秋風醉,1
林侑霆,1
購買門童,1
難民營,1
發表徵友,1
款後寄貨,1
與語,1
續黃宗仁,1
總院詢,1
問查,1
選天籟,1
自朋,1
我共放,1
我買些,1
傳驚喜,1
比要,1
掰機,1
品種貓,1
啟峰,1
去幣海,1
一成員,1
售天幣,1
吳民一,1
組郵局,1
再通,1
由鎖定,1
單提,1
領零頭,1
聽聞後覺,1
叫婉婷,1
第四步,1
新盛門市,1
借戶,1
條線斷,1
最糊塗,1
嫌側,1
攝所購,1
最後測試,1
面割,1
大陳娟娟,1
尋代購,1
天以,1
一組及,1
手幅,1
理貸款,1
新里,1
水牛,1
成科門市,1
張瑞斌,1
稱照,1
故誘,1
帳號後面,1
侯文,1
巴赫,1
區溪園,1
張站,1
元後交車,1
分從個,1
提匯款,1
販賣蘭,1
城晶英,1
畫滿,1
胞胎,1
隨後傳訊息,1
張惠英,1
郵寄黃金,1
首飾予,1
小慧然,1
信小慧,1
完後小慧,1
過認,1
共四個,1
冉冉,1
徵伴,1
算誠意,1
為辰儒,1
動點擊,1
獲嘉義縣,1
經刷過,1
拼裝樂,1
小田,1
拼裝員,1
淳淳,1
職訊,1
作取樣,1
實卡未,1
滕餘,1
狂氣,1
虎娃,1
開放團購,1
自傳書籍,1
便積,1
極參,1
叫宇爸,1
問中華電信,1
尤姓員警,1
致電東湖,1
尤姓員,1
之後要將,1
咖波,1
貓貓蟲,1
過這些,1
找額,1
現在頭,1
痛死,1
沒穿,1
甜馨,1
失五本存,1
並於超商,1
王偉恩,1
越大錢,1
鐘方能,1
將營利,1
獲同,1
學傳,1
要業,1
作三個,1
匯整,1
港幣馬幣,1
泰銖日圓,1
林沼,1
進處,1
無法繳,1
吳嘉馨,1
來代,1
澡出,1
落跑,1
水雲間,1
無馬賽,1
然後無法,1
萌寶日記,1
告並,1
吳勇,1
私訊謊,1
結之頁,1
認識門路,1
媽咪寶盒,1
妥後匯,1
牧東,1
六款,1
林小苒,1
互叫,1
人代練線,1
得匯,1
早點問,1
碼能,1
當店裡,1
現金儲,1
徵婚慶,1
文興門市,1
擺滿,1
名人堂,1
簡傳來,1
給小簡,1
簡驚慌,1
膽戰心,1
林業務,1
忘掉,1
著歲,1
自責外,1
擺著,1
親自嘗試,1
一丁,1
地臨櫃,1
東毅,1
越洋,1
一脸茫然,1
給小梅,1
五臟,1
六腑,1
或珠,1
寶時,1
摻雜,1
膠類,1
物質,1
綻雅隱,1
形牙套,1
矯正牙齒,1
還產生,1
遑論,1
識金快,1
報資訊,1
萬家珠,1
問著,1
送書會,1
時光拾,1
虛脫,1
箇中,1
般盤,1
終於向,1
歹意,1
鐘後會,1
說家,1
線物,1
羅傑,1
竹縣,1
市中華,1
要安裝,1
宜蘭五結,1
彥奇,1
金華山,1
招滿,1
李經辦,1
唐夢娜,1
問我華南,1
幣入帳,1
機會線,1
五碼給,1
票來,1
東富邦,1
卡來確,1
內本來,1
對方林倩倩,1
價格始,1
來家放,1
煤氣罐,1
瓶塞,1
肛門,1
臉書訊,1
方議,1
花蓮國安郵局,1
美郵局,1
方後續還,1
分就會,1
婕宇,1
采春,1
旭集,1
滿萬贈,1
碼下載,1
然因後續,1
對方存,1
為雪巴,1
萬之黃,1
李佳林,1
楊信宇,1
名義拒,1
絕提領,1
點擊後並,1
其粉,1
之代操,1
資金輸,1
貨運過,1
晚幾天還,1
為口號,1
上動動,1
我後來終,1
裡刷手,1
白不申,1
酒廠,1
樂猿,1
貨員先,1
先把車,1
主洽,1
帳就馬,1
但訊息裡還,1
時內分,1
但塑,1
膠感,1
開機後音質,1
機條碼,1
成員後察覺,1
連結後加進,1
異錄,1
方得標,1
前後弄,1
有小筆,1
服長,1
運動服,1
氣受,1
調聯徵,1
特錯,1
處方簽,1
視訊剛,1
然後威脅,1
先滿足,1
證開立,1
滿公務,1
獎樂器,1
抽樂器,1
財產資料,1
通關券,1
有始,1
盈益,1
高額且,1
戀愛向,1
兩天後登錄,1
分票,1
並拍存,1
次電話,1
投資限,1
服匯款,1
來換幣,1
成員威脅,1
稍後他,1
纹廷,1
靖庭,1
隨後又根據,1
風控費,1
給營業員,1
愛德華見面,1
隨後又持續,1
刷信,1
證貨款,1
帳號格,1
結別,1
伴遊時,1
貨賺,1
給契農,1
網趣,1
遊樂,1
處理蓋章,1
賣該,1
之後交貨,1
中華電線,1
移由地,1
查詢始,1
組合售,1
商華鎮,1
之錦蘭,1
特訓,1
派業務員來,1
事後酬,1
勞未給,1
經理王,1
外膜,1
材給,1
海洋工程,1
產生警,1
團約定,1
筠之際,1
買太多,1
課學得,1
認識的網,1
認栽學個,1
活動入,1
領反饋,1
住後要,1
繳完後傳明,1
推融資,1
沿平時,1
慧茹,1
師學習,1
何安,1
這對剛,1
逢福門市,1
錫紙,1
對方則將,1
一轉過,1
裡什麼,1
誓要,1
費網,1
著卡離,1
韓國絲絨,1
雙頭,1
橡皮擦,1
雖然長,1
陸貨,1
廉價感,1
感天差,1
傷事,1
提一筆,1
彎刃,1
狂刷訊息,1
調乳器,1
還有積,1
金管會線,1
未關,1
注後續,1
幣福,1
稱騰熙,1
軟體間,1
然後又依,1
然後今,1
金八萬,1
研究法,1
當通話,1
並無異,1
與兆豐,1
區面,1
保資訊,1
講求線,1
作為償,1
我和程,1
認女,1
費後對,1
參加費用,1
抽打,1
火機,1
偉跟,1
該號,1
碼查證,1
杜錦,1
給聯結,1
張柏偉承諾,1
半小時後會,1
分鐘後依,1
郵局側,1
吃後覺,1
雲水禪,1
賣玉飾,1
先密,1
澳門花,1
地瑪堂區,1
波妞還,1
這把金,1
丟金,1
多購,1
區親,1
我山,1
出貨費用,1
隨後又轉入,1
雅萍,1
筆積,1
出金覺,1
辦統,1
全數成,1
渠繼續,1
周妍希,1
依信宇,1
楠西區,1
商楠,1
周妍,1
希指導,1
及林政雄,1
行盜,1
週後歸還,1
週後遲,1
劉怡妙,1
日由幣,1
專員繼續,1
看見幣,1
商正,1
小平頭,1
然後於網,1
認以,1
遞貨運,1
思賢,1
溝通要,1
金寶閣,1
搜尋顯,1
示卡,1
並導入,1
意理,1
專員帶,1
分元,1
大員,1
張耀,1
有防備,1
邀約且,1
倪課,1
超商華園,1
沁悅,1
對分,1
傳然,1
雙方基,1
明興路,1
彭金隆將,1
西門路,1
吩咐,1
方爭論,1
時間後加,1
前後總共達,1
當拆開,1
蔡思琪,1
繼而由名,1
顧凌,1
網銀設,1
定並,1
間將,1
領小額,1
繳交後就,1
對公關,1
面後都,1
所盜,1
內保證,1
藥產業,1
參有,1
龐大市場,1
哲誠及,1
郭庭歡,1
江任,1
過華泰,1
並無效,1
人深,1
正義和保護,1
調查將,1
周菲能夠,1
將幫助,1
隨著款,1
沒先核,1
火機閣,1
地查證,1
電富邦,1
同母,1
異父,1
離異,1
改嫁,1
遺傳,1
多重人格,1
我繼承,1
提等,1
財產能,1
我憶起,1
挺身而出,1
省銀行,1
叫瑩瑩,1
然後話題,1
為給,1
選擇照,1
最後不滿意,1
號會員,1
權限交給,1
你後面,1
填充物,1
顆粒球,1
有授,1
權別,1
產來,1
問寒,1
彰次,1
金愛兒樂,1
購網址,1
未成,1
轉赴,1
親匯,1
總共介紹,1
獲得後台證,1
記問,1
小華所,1
為銘傑,1
之後名,1
若不領,1
隨後又說還,1
開詳,1
詳號,1
六腳鄉,1
電向親,1
法詐,1
知金,1
塔羅之光,1
鄧男兒子,1
包裝並,1
陸洵,1
分主動加,1
說房,1
東人,1
李怡君,1
尋美國免,1
家外,1
區塊尼哥,1
並至區,1
尼哥,1
面學習,1
繳納廠,1
商貨,1
惟楊,1
玉已,1
銀行且,1
玉通訊,1
方有將,1
新購,1
插有,1
信調,1
細後才,1
未經進,1
阻款,1
方數次,1
先倒,1
完警,1
證報警,1
連奕傑,1
鬧鐘,1
僅瑜,1
軍中長,1
蔡佳芸,1
桌買,1
元來確,1
著麻,1
新宿,1
停蹄,1
完後無奈地,1
歐斯瑪,1
倫台,1
新大直,1
元至許,1
敢找,1
本所接,1
獲潛,1
已設,1
這苦澀,1
果實,1
將我該,1
一撥通,1
若欲領,1
分賄款,1
龍套,1
自稱輝,1
萬元國際,1
匯擔,1
扎針,1
資顯示,1
經響,1
近經歷,1
小醬子,1
幣玩,1
勤稱,1
但黃勤,1
某以,1
群阻,1
地掛斷,1
劉的頭,1
叫余嘉銘,1
文詐,1
證稱,1
數十人,1
天詐,1
明倫店,1
數應,1
小美平時,1
致電鳳山,1
再詳,1
正經事,1
看著員警,1
反詐訊息,1
自動開,1
張價格,1
心卡,1
然後害,1
渠入,1
渠代操,1
求租意,1
攀談數,1
投資樂天,1
辛酸,1
接發現,1
補元氣,1
溝通訂,1
測試給,1
測試後金額,1
中貴,1
要不得,1
那遠,1
筆較,1
合夥賣,1
轉之頁,1
證依,1
然後依犯,1
及觀,1
張之餘,1
邊講述,1
報金額,1
以後頭,1
角蛋白,1
標上,1
提是網,1
許博堯,1
煊智,1
假資訊給,1
往址,1
金圈,1
人後才,1
週末會,1
華泰個,1
謝惠棋,1
雲芷,1
討債款,1
鼓一組,1
府上,1
要結,1
元夠,1
計電話,1
音裡面,1
過郵局,1
由具,1
代號將,1
先刷遊,1
催帳,1
北檢檢察官,1
敏昌要,1
給房,1
廖淑惠,1
給寄件,1
逸臣,1
政維,1
閃遠,1
裡面轉,1
子濤,1
他們則,1
買金塊,1
送三條,1
李志東,1
丘俊寶,1
錢同,1
慶昌丹,1
麥機,1
龍井戶,1
梁藝興,1
楊曉文,1
接著戶,1
並震,1
劉高榮,1
蘇姿丰,1
詢問員警,1
宜妹,1
優先訂,1
觀察該,1
故鄉,1
取景,1
之人成,1
我會展,1
導致後來,1
周如馨,1
過大約,1
到員,1
叫銘傑,1
否則後面,1
中萦繞,1
內付,1
拐賣,1
達麗,1
新高,1
地檢人員,1
核實當,1
許昭輝,1
許昭輝並,1
衷心,1
繁性,1
正一法舍,1
鎮煞,1
群組裡詢,1
祖聯名,1
如釋,1
天後什麼,1
霧宴,1
歸山,1
遲滯金,1
胡均立,1
群組後開始,1
號機,1
宇尊,1
內埔郵局,1
隨後驚,1
吳安琪,1
專員宋,1
核可,1
以票務詐,1
鐵達尼號,1
並與平,1
臉書媽媽,1
七龍,1
珠馬克杯,1
附錄款,1
商博勝門市,1
及平,1
正規平,1
資訊存,1
莊詐,1
難神,1
誘騙並,1
成裡面,1
用換成,1
購買近,1
銷售方,1
銷售價,1
數十萬新,1
數卡後網友,1
軟體平,1
將行,1
動條,1
多嘗,1
船過,1
滿低,1
行動條,1
記網,1
莊雅婷,1
換在,1
十家,1
錢帳,1
分紅越,1
下不來,1
誤頁,1
蔣雯婷,1
職遊,1
給我傭金,1
是代,1
教務處,1
時的側,1
通靈諮詢,1
焚燒,1
畢後系統,1
服渠,1
項後因,1
匯鑫理財,1
區猜,1
元僅,1
需半價,1
基準,1
最多七本,1
置物盒,1
放慢,1
溝通入,1
圖求證,1
那一長,1
楊暢,1
相關訊息給,1
暱給,1
一軟體,1
即稱,1
貨項,1
投前,1
金流後戶頭,1
說千萬別,1
帶出,1
還再充,1
永遠見,1
愛才,1
發現僅,1
淘寶等,1
義成,1
仿聲,1
裡不,1
太安,1
樓處,1
潤空間,1
蔡秀麗,1
不把款,1
將私,1
辭要,1
金流進,1
多倫,1
幣請母,1
宮刮,1
刮樂時,1
蔡昇裕,1
內養,1
雷達終,1
賣家民眾,1
資後稱,1
惟受,1
補述,1
稱洪,1
願者,1
交換品,1
夠到貨,1
至號,1
時故,1
宮南門,1
棒棒,1
積木旁,1
口點,1
徐是,1
徐接,1
講貸款,1
涉為,1
箱內,1
資料後轉,1
開誠布公,1
因隱,1
則額,1
外會,1
爆胎,1
經理名,1
保見面,1
成見面,1
經理進,1
臨銀行,1
由葉,1
加標,1
標者則,1
但會費,1
金額底,1
會期間,1
自歐,1
總結出,1
幾千萬元,1
永國及,1
喜愛音樂,1
出賣票,1
終換,1
許未來,1
顯然過,1
單傳過,1
萬里花,1
並仔細確,1
磅礴,1
期參,1
錢將,1
需靜待,1
事後讓,1
李律師,1
問林志明,1
關銷售,1
尋結婚,1
真誠和詐,1
她畫,1
一閃而過,1
遭當,1
說業務,1
舉動終,1
恍恍惚惚,1
噩夢中醒,1
听海,1
歡哥,1
我聲音,1
弱小,1
攝錄,1
並印下,1
仁凱,1
說仁凱,1
不外乎,1
名流,1
俱樂部頁,1
鐵桿組,1
固態,1
香膏,1
驗證商,1
財務事務時,1
婦產科,1
學廣告,1
報名後會,1
禮券及,1
飞汇,1
陸續線,1
周明軒,1
有嘎票,1
電舊,1
書接,1
偶爾幫,1
說小高,1
音樂系,1
稱困,1
困魚,1
音系統,1
雄之人,1
騷擾後諮詢,1
著雨,1
方傷,1
給小強,1
文之後主動,1
先測驗,1
電箱後面,1
賠罪,1
內有茂達,1
祥為,1
點群,1
頭像加,1
貨急,1
木柵動物,1
園裡,1
個夠,1
四平路,1
完之後阿坤,1
關於網,1
阿澤說,1
滿誘,1
序章,1
進貨來源,1
許能發,1
依賴感,1
美夢即,1
損機會,1
出款量,1
良關,1
良有,1
有語,1
良有點,1
可證實,1
一聞,1
林湘淼,1
消噪時,1
尚耳機,1
價動輒,1
連充,1
電盒,1
森和門市,1
單後兩,1
靜懿,1
請把驗,1
發送類,1
直發抖,1
恨之入骨,1
騙則,1
金相關,1
嘉雅門市,1
認證後會將,1
金錢存,1
有鴻儒,1
截給,1
轉勤務,1
雅芬,1
愛愛預,1
區的馬岡,1
行員正,1
解囊,1
麗晴,1
保證當,1
中經手,1
多封,1
先轉進,1
筱萱,1
價格後並,1
材質且,1
林雨賢,1
項開,1
始代,1
機一組,1
高小煜,1
方寄過,1
再約個,1
許詢,1
別人要,1
認虧,1
忠用,1
有黃金,1
華帶,1
認黃金,1
忠對質,1
華派,1
轉店,1
取常,1
納保險費,1
完保險費,1
天後相約,1
並無報,1
劉雨婷,1
為盈,1
當別,1
誠私,1
寶貝暖,1
萌杯,1
蒙在,1
許強勢,1
會責怪,1
裡一陣後悔,1
組主動,1
成員用,1
應徵資訊,1
案經理,1
位詐,1
對方匿,1
稱小愛,1
收購靈,1
邱卉蓮,1
嘉西門市,1
華有,1
伊衍,1
專員當,1
餐會時,1
有多人,1
然後我分,1
妥後進,1
士藥物,1
最後嚼,1
顆也,1
沒藥味,1
約會還,1
能多長,1
每款,1
近代,1
購比,1
金共合,1
計五萬,1
點後就會,1
將取,1
罪證,1
李名偉,1
曼尼,1
靚麗,1
需醫療費,1
张志祥,1
正規現,1
梓瑩,1
為子,1
現金歸還,1
必及,1
鑫龍,1
將虛寶鑽石,1
貸比較,1
將小卡,1
他共透過,1
貸而,1
挑選學,1
生妹,1
若選擇,1
象則,1
面後經,1
合規處,1
竟騙,1
雙美津,1
濃釘鞋,1
人運,1
將貨物運,1
刘敏,1
瓜瓜,1
沒開幕,1
內任,1
必售,1
投資三樣,1
兩人越,1
但萌,1
兔醬,1
筆我匯,1
偉博,1
巡大師,1
澤超,1
超說,1
聯絡黃澤超,1
明翰,1
明翰聲,1
項後需,1
合計購,1
施民,1
故金流,1
百威,1
翹班見,1
獲佳里,1
樂斌,1
明細後因,1
方爭,1
雙孔,1
稱林芳,1
貨運假,1
其未,1
阿寬訊息,1
阿寬,1
以奮鬥要,1
文元,1
經廣告,1
及茄,1
巧星,1
詢資,1
老師洪,1
商所,1
連結後詐,1
及理財,1
美阿,1
徐亞楨,1
出變,1
登入當,1
職色色,1
或學校,1
殿下,1
晨汐,1
書韻學,1
廠店,1
轉走共計,1
鐲排,1
周凌旋,1
臉體驗,1
最後兩次,1
明細均,1
嘉茜,1
隨後又為,1
詢代辦,1
完之後卡,1
亂點網,1
科陳國華科長,1
勤指,1
鳳山區過,1
埤路,1
予取,1
店問,1
面在苓,1
最後豹,1
鐘後豹,1
電藉,1
買驗,1
元後登錄,1
保險來,1
其開立,1
另點,1
分在行,1
張並將,1
方所謊,1
稱技術,1
相暱,1
惟必須,1
匯款後陸,1
需先償,1
過後並,1
安科門市,1
區嘉同,1
六塊,1
鑫港,1
李思婷,1
溪子,1
取獎勵,1
由用戶,1
若中,1
稱交給,1
南竿,1
縣立,1
李益辰訊息,1
號歸仁國,1
小前,1
需性,1
易明,1
力凱,1
歐如芬,1
王宜佳,1
積分點,1
數太大,1
攤忙,1
五花肉,1
外多給,1
問貨物,1
過背,1
金龍魚,1
魚已,1
隨後又中獎,1
叫林峻,1
購買後穩,1
沒勇氣,1
蔡強,1
回傳來,1
照交給,1
歐仕特,1
特寄來,1
李姿靜,1
美華南,1
發出過,1
強版,1
話則,1
許麗羽,1
防範之心,1
社頭分,1
十三分,1
次費用,1
完會員後便,1
現金與幣,1
好的幣,1
批發產品,1
完後又付,1
對方日,1
進高價,1
領由,1
順便排,1
很後面,1
總愛在,1
大雷,1
全錄,1
健保費用,1
更多驗,1
吃悶,1
千個,1
猶豫花,1
投百萬放個,1
領幾,1
投幾十萬,1
開始號,1
召要,1
中獎牌,1
問旋轉,1
空轉,1
認證動,1
作才,1
遭販售,1
由禮品,1
稱之後儲值,1
仍遲,1
為次,1
穿點,1
數卡金額,1
有幸,1
銷所謂,1
電暖爐,1
單結,1
閃易,1
通電腦,1
網易通,1
臉書籍,1
社投資,1
隨後來,1
單導,1
致店,1
遂後來,1
買廣達,1
廣達,1
張廣達,1
我欲償,1
還之新,1
著檳榔,1
服裝且,1
業務該,1
抵付,1
人想將,1
寫後點,1
之後副理,1
精工,1
將圍,1
正餘額,1
保價費,1
理那個,1
超愛養魚,1
游姿,1
蘇澳鎮,1
過魚,1
兩天後去,1
絕不強迫,1
特賣會,1
終特,1
低至,1
一組合,1
張菽靜,1
勤承,1
往後網購,1
蚊子,1
數日後詢問,1
許超,1
文後續,1
以代價,1
太魯閣號,1
普悠瑪,1
各一組,1
儲業者,1
西亞大眾,1
之馬來,1
稱代儲,1
詐馬來,1
氧動畫,1
進整,1
發電子,1
達蒙,1
廁所內,1
蔡黛麗,1
稱犯,1
人太妍,1
結而假,1
順瘋快,1
綻燃,1
手組,1
前送,1
期暱,1
保審,1
核過,1
程後才,1
敲車,1
機密碼,1
魚價格,1
版見,1
余昱德,1
老師並,1
容之人加,1
及愛愛,1
館外,1
聯戰堂,1
許若涵,1
萬元共中,1
問我價,1
簡訊訂,1
臉書陳子軒,1
獲利免,1
麥克傳,1
寶慧,1
人生哲理,1
最後匯入,1
鄰居表達,1
投資景昕,1
組設備,1
元分紅,1
筆分紅,1
因景昕,1
灣機械鍵,1
申辦權,1
倒入,1
波子,1
糖吉,1
貓詢問,1
該品,1
項貓,1
方殺,1
渠請,1
王行店,1
區王,1
開明顯,1
取訊息且,1
書賣家,1
王英,1
取媽媽,1
禮連結,1
播出去,1
經由富邦,1
遞延,1
往後遞,1
交貨中,1
單改,1
許稱,1
共幣,1
阿瑋,1
旭貸,1
保卡以,1
再興,1
却成,1
開元門市,1
東安路,1
東和門市,1
或場,1
親雖然,1
轉命運,1
日正,1
開放且,1
雅惠進,1
我在繳,1
雅惠見面,1
很常買,1
接供,1
元至詐,1
載後開始,1
利計算,1
玲發文,1
傳相應,1
李威威,1
再者,1
隨著種,1
概念股,1
青雲學習,1
千買,1
還罵,1
還傳賣,1
會寄年,1
多一種,1
小華還,1
幫企業,1
天報酬,1
寄貨有,1
拆成,1
能討,1
咬合,1
牙齦,1
萎縮,1
牙縫,1
調解庭,1
裡投,1
隊的吳,1
沒有吳,1
姓民眾,1
海嘯般,1
往後必須,1
裡又開始,1
明系,1
音樂上,1
彈跳視,1
活動門檻,1
轉换費,1
數全,1
做額,1
積極遊,1
高警員,1
資產賣,1
鄰居帶,1
氣色,1
總共累積,1
滯息金,1
閃電擊,1
童芯,1
御麟,1
區正忠路,1
場後對方,1
新大,1
完明細,1
邱靜華代,1
島國,1
嗚呼,1
網開,1
資且,1
宜店,1
延後見,1
面時間,1
組潛,1
一仟,1
稱後向,1
梁正,1
騙楓,1
如遊戲,1
遺下,1
貸等,1
因經商,1
結訊息,1
還蠻關,1
啟山,1
領回帳,1
認回報,1
布馬卡龍,1
鳳甲路,1
七老爺,1
便夠,1
晴雯,1
東瑾,1
造詐,1
合謀詐,1
女電話,1
假超,1
金額點,1
最後一擊,1
收團費,1
團費給,1
樓大廳,1
電聽,1
並不滿,1
機洗,1
包且,1
洛杉機,1
搜尋旅遊,1
除過,1
奢享,1
點數後便,1
溫迪亞,1
錢後交貨,1
美國前,1
可證,1
其額,1
返款予,1
伍佰特,1
並傳順,1
瞄一個,1
完發覺,1
位久,1
半小,1
蕭程,1
杰拉,1
招惹,1
這麼問,1
客車駛,1
但問,1
處理群,1
電腦購,1
兩本書,1
十本,1
但書,1
不尋,1
只歸還,1
文會,1
四等,1
畢後過,1
次金錢,1
講能,1
獲利倍數,1
付二個,1
淘寶微,1
筆條,1
超商益,1
華門,1
超商蘭潭門市,1
邊基,1
問昕,1
何會傳,1
區環中,1
予後確,1
玩大尾,1
正數據,1
錢費,1
取賣家,1
剛委,1
華幫忙,1
傳錢給,1
萌寵逸居,1
總林景達,1
不僅限,1
最後話題,1
但安撫,1
統調,1
整後會,1
這之後對方,1
經理陳士傑,1
決密碼,1
販賣禁,1
愛的代價,1
學二街,1
然後戲碼,1
別太輕信,1
別先,1
呼嚕嚕,1
包售,1
灣手,1
錢難,1
應會轉,1
免談,1
順豐金流,1
聚懋店,1
完計畫,1
終章,1
持修,1
誠購,1
李世誠詐,1
葉男認,1
假副理,1
婉建,1
不限年齡,1
昌傳來,1
昌農業,1
大吃,1
發借,1
蘇寧易,1
購行動,1
方會給,1
行員並,1
聯陽國際,1
報上,1
台幣整,1
局證,1
子躍,1
賠等語,1
即知,1
惟均,1
終於上,1
算毀,1
申辦名,1
丘偉,1
目覺,1
輪現,1
胡妤,1
遂訴,1
萌貝,1
優家,1
即驗證,1
行愛心,1
數則,1
問者眾,1
失購,1
此後開,1
始頻,1
中村,1
本輝,1
台灣委,1
而後生,1
稱才察覺,1
抽顯,1
專員黃聿凱,1
郵政共,1
行員陸續,1
組約炮,1
渠選擇,1
獲快,1
購貨物,1
元為代,1
稅費用,1
林于,1
卑南,1
卡遠,1
卡中華電話,1
嘉義興倉,1
莉奈,1
有二寶,1
貸後須,1
證帳,1
號須,1
蔡志彬,1
外資談,1
大舉,1
冠彥,1
連結後依,1
日正確,1
目款,1
已多給,1
運走,1
身覺,1
貓爸,1
好後宅,1
問後至,1
展瑞,1
指用,1
福茂門市,1
英博,1
嘉義車,1
阿玲,1
財務訊息,1
元然,1
林懷鈞,1
掃除,1
心肌,1
膚保養,1
職委,1
他們剛,1
六福寶寶金飾,1
著點擊,1
事心,1
多條,1
當天確,1
少玩遊戲,1
中幫,1
將一組,1
方誠信,1
過率,1
獎金則,1
機會皆須,1
法務部門,1
方允許,1
籌錢轉,1
點後會,1
經無能,1
請遠離,1
並務,1
投資表現,1
買高級,1
元接,1
完高級,1
何賣,1
其學習,1
投資興,1
櫃股,1
節創,1
初接,1
名為馨兒,1
從馨兒,1
然後陳,1
總堂,1
牙雕,1
兒廣告,1
茹從,1
賴後聯絡,1
民分別,1
大之金額,1
稱余,1
私訊余,1
清幫,1
盧冠忠,1
萬元驗證,1
要公證,1
沒先確,1
認就轉,1
著舒壓,1
得升級,1
石會員,1
要罰,1
沒省,1
當房,1
仲時,1
配紅利,1
現別,1
搜尋線,1
方傳訊,1
合成器,1
給我個,1
我績,1
進老師,1
投投資,1
惟打,1
幽靈詐,1
獲無電話,1
含匯費,1
搜尋社,1
團百縫,1
百縫,1
林俊義,1
林俊義便,1
貼文後在,1
閱什麼國,1
收保護費,1
喬斯,1
工藝店,1
太大遲,1
種些,1
幾棵,1
樹苗來,1
權益園,1
藝苗場,1
賣樹苗,1
種植技術,1
三棵,1
折損,1
根部,1
能種,1
然後寄來,1
談房,1
炮竹,1
內問,1
穩當當,1
瓶梅,1
說交貨,1
邱立,1
人買,1
可視,1
最慶幸,1
親密行,1
內後轉,1
文峰,1
空運過,1
費泰幣,1
張白紙,1
發薪給,1
對後致電,1
來稱,1
類推越,1
驗卡後立,1
鋼桿,1
蘇明,1
轉卡以,1
左先紳,1
賺太少,1
李秋雅,1
忍忍,1
盧曉茜,1
派人親,1
更崩潰,1
對方動,1
花壇區,1
區把,1
遺體,1
邊視,1
遠距離,1
說五萬,1
鼻青,1
臉腫,1
王姐,1
則損失,1
曼黛瑪璉線,1
李昀宸,1
周有,1
給小周,1
則讓,1
渴死,1
性的後果,1
交一萬元,1
印加,1
果油,1
貨真詐,1
勾勒,1
賺百貨,1
知母,1
獵人遊,1
迷來,1
攝行銷,1
依著步,1
阿凱錯,1
小顏平時,1
未響,1
邵平時,1
給小邵,1
釣魚訊息,1
李清並,1
過錯,1
教導並,1
城過,1
高會產,1
百草,1
應徵字,1
采萱,1
禹慈,1
當天積,1
點後結算,1
連絡次數,1
日後去,1
安賴,1
凱許,1
並在確,1
認合約,1
誤後回,1
圖產生,1
金太少,1
懷著後悔,1
起伏不定,1
敦促,1
若希,1
魚塘,1
偷情,1
要售,1
稀里糊,1
塗點擊,1
擊後將,1
關卡套,1
季樞,1
動漫話題,1
人喊,1
明類,1
那則語,1
需視訊驗證,1
才持,1
創富薪,1
王凱榮,1
獲利後對,1
位幸運,1
元給家,1
醇韻,1
溫存,1
時買家,1
柯南迷,1
著柯南,1
不規則,1
柯南還,1
券特價,1
冉瑞,1
券何,1
程出,1
時盡量,1
遇艾琳,1
剛問,1
統的專,1
鼎昇貨,1
密碼後並,1
機備,1
合平,1
天虹,1
藍盒裝,1
紅盒裝,1
堂嫂,1
穆薏嵐,1
清之後確,1
隧私,1
組轉,1
經陳,1
時後告訴,1
機閒置,1
蔡雯雯,1
續靜芸,1
高階之,1
需露,1
稱陳俊宏,1
徵活動,1
稱陳俊宏要,1
並言詞,1
人等言語,1
幾檔標,1
網友後才,1
廣西門市,1
結向,1
文書關,1
欺關,1
斷層,1
過大未,1
檢討班,1
邱振堯,1
全處,1
社團後遭,1
尋該,1
聖是,1
賣辰帽,1
問琳琳,1
健教,1
籍並,1
總資本,1
完款後將,1
艾美手,1
拒不接,1
核醫大樓,1
樓手術,1
缺牙,1
灰白色,1
有療,1
效之藥膏,1
一條給,1
開要,1
藥膏,1
其留,1
懶豬,1
稱江靜雯,1
葦經理,1
閃回,1
更動過,1
裡大撈,1
還得確,1
認靈魂,1
自建,1
期作帳,1
內部常見,1
我裝潢,1
雁馳,1
領發票,1
徵所舉,1
未開立,1
商業關,1
財部,1
保資產,1
富王,1
大祥,1
偵查員吳,1
設過,1
繳納易付,1
蔡婉貞,1
台灣馬,1
巡視時,1
當陳,1
澤到,1
會員與員,1
工之間,1
瑪吉貸,1
並設計,1
蔡慧,1
酒醉,1
親自解,1
卻後悔,1
謝昆材,1
不寧地,1
還好還,1
並接續,1
帶無線,1
入耳式,1
聲耳機,1
兼耳機,1
技無線,1
件裝,1
共三樣,1
亞韻珠,1
偉力,1
入金後對方,1
內資產有,1
大底,1
掛著識,1
準備簽,1
單靠訊息,1
認金錢,1
全縣,1
大貴,1
奮發圖,1
強供,1
博智進,1
名梁,1
之人進,1
並逐,1
成員陳佳怡,1
周書,1
將改,1
從鴻景,1
面的並,1
遞官,1
現一網,1
輕易彌補,1
一計畫,1
公關並,1
遭通訊,1
資格後不出,1
簡單點,1
整筆訂,1
出貨量,1
場上,1
經見,1
誘導點,1
運輸條,1
興奮裡,1
連條例,1
方箋,1
觀察過,1
獲利後無法,1
主加,1
開觀,1
問飾品,1
商上門,1
外漏,1
動費,1
之後轉接,1
過程後才,1
過順豐,1
換點數,1
送虛擬,1
賠大錢,1
沒別,1
人錯,1
獲利驗證,1
衝回,1
電借,1
然後還熱,1
筆電免,1
兒子長,1
然後又變,1
用代書,1
將我四張,1
中念給,1
換開,1
遞過,1
為後面,1
來後轉,1
零智付,1
跟百貨,1
櫃位,1
給百貨,1
關資金,1
富妤,1
過交貨,1
顏金龍,1
顏牧師,1
著繳,1
渦中,1
樓後方,1
許太過,1
小書包,1
工小資社,1
逐上,1
販售握,1
健腹器,1
明承,1
點會將,1
銀行本,1
師拉,1
進暱,1
獻瑞,1
師慫,1
包醫生,1
皮及,1
購買保,1
屋細節,1
很愛釣魚,1
達瓦,1
淑梅,1
最愛養,1
元贖金,1
養大,1
發預,1
愛檸檬塔,1
問貨況,1
音響終,1
這質感,1
未經確,1
認千萬,1
時可致,1
時請求,1
合約照,1
前見,1
很衰,1
婦確,1
還尷尬,1
張雅棋,1
千過,1
攝學,1
日起轉,1
泰達幣轉,1
錢會進,1
來訂,1
開越,1
轉處,1
置費,1
換帳區,1
帳號值,1
獎金爽,1
超愛太妍,1
日拿票,1
千飛,1
龍昌路,1
元會給,1
車資後給,1
吳湯圓,1
發生個,1
月當,1
期課,1
程時,1
領取幣息,1
發即,1
我用券,1
享券時,1
費後實,1
這一訊息,1
過於突,1
元展,1
寶設鐘,1
潛航者,1
花蓮想,1
如夢魘,1
極向,1
稱面,1
子的關,1
內容過,1
租住,1
確保該,1
注此,1
文茜要,1
下接,1
檢書,1
你存,1
和極,1
銷的,1
中付,1
財務紀錄,1
機辦理,1
查門號,1
折價卷,1
王士宏,1
能準,1
進行薪,1
京匯通,1
已經受,1
有副理,1
名副理,1
張國煒開,1
錢後換,1
車換房,1
點擊後參,1
運連接,1
渠台,1
我太多,1
偶爾小額,1
觸手,1
鐵錘,1
我永恆,1
留香,1
文采,1
時降臨,1
賣哥,1
得後悔,1
轉般,1
能緝,1
給小許,1
昨夜,1
筆匯過,1
漫卡包,1
郵筒裡,1
銳的,1
踏得體,1
發卡商,1
過無數,1
號資訊,1
機場員工,1
煙酒,1
著溫馨,1
間的關,1
依稀,1
吳欣蕙,1
管到貨,1
買排,1
潛在性,1
我頂,1
完東西,1
卻象,1
九節,1
上鮮,1
買三送,1
大陸貨,1
幣總額,1
換匯行,1
面閃爍,1
張伯偉及,1
兩個給,1
詢代購,1
商相關,1
如欲見面,1
並上鎖,1
接連來,1
誤發,1
幣感,1
領會,1
傑又加,1
傑也將,1
怡主動,1
怡詢問,1
還承諾到,1
我在員林市,1
全聯店,1
裡又給,1
勞旁,1
酬情,1
對方表達,1
詢護理師,1
我倍,1
時交,1
相關訊息並,1
陳雯靜,1
許多話題,1
作覺,1
曉紅,1
瀏覽量,1
一筆溢,1
項全,1
並講述,1
賢文,1
轉帳將,1
卡花費,1
這騙術,1
幾天話鋒,1
經金錢,1
阿北,1
永孝,1
區與幣商,1
地檢開庭,1
我遷,1
回機車,1
關團,1
購行銷,1
新鎮路,1
車座,1
鳳山鳳松,1
翻譯測,1
試給,1
對方審,1
核後告訴,1
工資時,1
這荒謬,1
詢載,1
具相關,1
前察覺,1
至原,1
投小額,1
其餘訂,1
運耗,1
孟潔,1
稱信,1
稱分,1
幼琳,1
買共識,1
專介紹,1
仁愛人間,1
福會,1
反諷,1
組造勢,1
發截,1
問妮妮,1
牌贊助,1
則解釋,1
還在驗證,1
學術,1
吉諾,1
教學區,1
續共匯,1
川普幣,1
接買,1
成代練費,1
無開,1
搜尋後進入,1
低幫板,1
防滑,1
剪兵,1
當可欣,1
搜尋心,1
小肆,1
局通報,1
超美門市,1
葉楷,1
財福生,1
基專案,1
並夥同,1
千輔,1
義豪及,1
楊正傑,1
交納罰,1
共計合,1
然後陳秋萍,1
日辦,1
外觀照,1
官防,1
許置,1
文德國,1
處會,1
銀行工,1
鑽研,1
律幣商,1
電洽,1
金錢業務往,1
先小聊,1
鎖事,1
支住,1
他造,1
順便告,1
懂門,1
積木免,1
搭師,1
高寄給,1
但話鋒,1
驟聯絡,1
倒空,1
方主動密,1
成萬,1
投數,1
英屬,1
開曼,1
超國際化,1
還報導,1
將軍談,1
申辦後用,1
行言語,1
沒太認,1
透可,1
需經金,1
假載,1
私訊求,1
日有筆,1
這爛,1
給你貨款,1
外送員警,1
送員誤,1
確保錢,1
外送員務,1
不墊款,1
及運費,1
不代墊,1
外傳給,1
管會線,1
發卡部門,1
假裝金,1
性施壓,1
數難,1
價格後雙方,1
超商會面,1
交談後對,1
群會費,1
然後傳遞,1
給我參,1
服務費種,1
種費用,1
字後才,1
二七,1
選送,1
來系統,1
用犯,1
區日領,1
商來源,1
遭人受,1
以後即,1
人員遲,1
資產因,1
相當滋潤,1
方三不五時,1
親選,1
取母,1
不貿然,1
買紋身,1
紋身,1
紙要,1
群辰,1
需些,1
承諾始,1
渾沌,1
確認後給,1
先額,1
帳日,1
圖拒,1
氣驟,1
多軸空,1
閒聊群,1
日玩傳,1
嗣後欲,1
拒且,1
商求證,1
然後輪,1
流標會,1
續繳,1
遇資金,1
高亮,1
並向詐,1
鈔急,1
貸以,1
甘巴爹,1
將錯,1
分電話,1
劍威,1
倫敦證,1
義認識,1
當戰地,1
戰地來,1
個將,1
吳曉曉,1
異聯絡,1
傳委,1
認名,1
泰答幣,1
僅回,1
分邀,1
新永健門市,1
系統聲,1
需根據,1
總提,1
溫家瑜,1
認可該,1
還代墊款,1
熊之人,1
上宅,1
通業面,1
短波,1
給妙,1
未代,1
洪小菲,1
寄貨會,1
數給並,1
給子軒,1
半身照,1
坤益,1
方之話術,1
高國忠,1
錫鑫,1
男共,1
自稱陳偉,1
因其人,1
法共,1
建彬,1
投資訊息予,1
領麻,1
認作,1
小谷,1
槓副業,1
方後給,1
遭圈,1
依郵,1
芯蕙,1
獎才,1
筆健保,1
結查,1
詢後顯示,1
鄭小淋,1
付費觀,1
人內容,1
證虛擬,1
證雙面,1
具體加,1
給蔣志祥,1
李正民不時,1
蔣檢察,1
官還,1
並銷戶,1
彭果,1
查稅查,1
整家,1
愛頭,1
並教以,1
小芳芳,1
受騙僅,1
絕而,1
呼叫器,1
完之後錢,1
賣買,1
然系統,1
分於網,1
入侵者,1
狼藉,1
詛咒般,1
謎團,1
刀刃,1
夜幕低垂,1
著一筆,1
文宣內,1
著軒,1
慧雅學習,1
獲假台,1
因志得,1
結訊息予,1
圓的,1
外補款,1
會經理,1
重慶公園,1
我安撫,1
商西屯,1
關注業,1
獲得業,1
配費,1
數解鎖,1
配酬,1
親自來電,1
寶可夢虛,1
彥其實,1
彥後來,1
衝腦,1
計算租,1
並盡力,1
國鼎開,1
發資產,1
國鼎,1
周專員,1
參與團,1
供人加,1
之入,1
金電子,1
下限,1
財產查證,1
結後填輸,1
之後煊,1
所警員,1
搜尋多個,1
誠悅,1
辦一場,1
出法會,1
發法會,1
詩敏,1
討新,1
數卡將,1
給足,1
蔡婉芸,1
商銀詢,1
趁機會,1
不耐,1
發生爭,1
制訂,1
福廣門,1
瑞廣門市,1
給錯誤,1
進家門口,1
橘黃色,1
例的關,1
渠丘,1
銀柳,1
無法識別,1
加會員費,1
保訂,1
轉視訊,1
採單,1
日之後陸續,1
蔗門,1
有福,1
額將,1
港臻門市,1
緊尋求,1
志業,1
甚而,1
鄭年紅,1
衛浴,1
總計費用,1
單為證,1
負責吝,1
並稱當,1
截圖並,1
給機構,1
風調,1
雨順,1
發放驗證,1
康琦,1
事國外,1
真樂門,1
女兒何,1
可文,1
同學國,1
普仁,1
鎮郵局,1
中庄門,1
臉書訊息給,1
參與榮,1
嘉義民雄前,1
將榮,1
問通訊,1
繳納出,1
渠當,1
嘉英門市,1
郵政掛,1
皮漫畫,1
閱後台,1
忠訓業務,1
永燕門市,1
即替,1
遭斷,1
心蘭,1
載國賓,1
失換,1
算後約,1
人連絡,1
金飾玉,1
靜靜理,1
薪會,1
無賣場,1
渠協助,1
商永燕門市,1
經檢驗,1
貸然,1
洪曉珊驗證,1
出後寄給,1
代送,1
感興,1
趣並,1
對方承諾手,1
取理,1
等級並,1
下圍,1
可持續,1
當決定,1
空穴,1
來風,1
葉玉嬌,1
盒時,1
非所謂,1
進廁,1
草約,1
商有關,1
三株,1
亞聖,1
這些並,1
沅晨,1
借條,1
想塗銷,1
並塗銷,1
時簽,1
帶連結,1
變色龍,1
給他查,1
名義多,1
應急款,1
歐俊豪,1
最後討,1
買到車,1
徹底後悔,1
興奮值,1
失敗次,1
專員連絡,1
臉訊息,1
其朋,1
我們換,1
學姊傳,1
前接,1
女兒且,1
而後屏,1
楊歆,1
張凱偉,1
蔣承睿,1
存至幣,1
還先給,1
過不誠實,1
威塞爾,1
要統,1
電顯號,1
團都,1
週統,1
錢淑如,1
惡遠,1
警衛亭,1
要永遠,1
竟裡,1
地凍,1
連周邊,1
閃電劃過,1
過每,1
剩幾天,1
張維爾,1
靈蒙上,1
裡也秀出,1
圖向車,1
幾道,1
偽難,1
強中華冠,1
狡猾地,1
勝文,1
閉清倉,1
國旅卡,1
現許,1
鄒的頭,1
鄒向,1
時小鄒,1
永豐信,1
卡資訊時,1
茫然失措,1
並非永遠,1
敲門磚,1
資訊須,1
深處揮,1
往頭,1
小德向,1
請神,1
超限,1
打探,1
點數付,1
一個委,1
價委,1
貨物絕,1
真愛越,1
已經傳,1
著妍,1
兩岸間,1
灣後再,1
則還,1
最愛講,1
買夠,1
名粉,1
一測試,1
請求林,1
電詐,1
盟寶樂園,1
盜詐,1
信甫,1
信甫確,1
現無理,1
遇詐疑,1
未列,1
詢問林,1
關於款,1
反受,1
導其至,1
認投資,1
抽中頭獎,1
核入,1
抽獎款,1
損行動,1
零接觸,1
李珺怡,1
達網,1
尤民先,1
之小卡,1
方小紅書,1
鎖帳號,1
東融門市,1
含一對,1
拉外,1
瑪亞,1
電當事,1
傳財力,1
以茲證明,1
郵政櫃,1
名義匯,1
款予,1
故鎖定,1
會損,1
求會,1
欣諭,1
還另,1
史坦利,1
夠大才行,1
匯款統,1
無法代操,1
錢會馬,1
尚妘,1
詢華南,1
電方,1
會費來,1
帳中,1
水月雨,1
張秀敏,1
車運,1
取協議,1
愛吃肉,1
李見面,1
数字,1
選店,1
紀昊辰,1
延平南路,1
寶慶店,1
讓辰辰,1
證千萬,1
金素,1
低價小卡,1
內容明,1
確載明,1
將依詐,1
並蓋章,1
田淑慧,1
偷車,1
縣政,1
南段,1
縣科門市,1
回相,1
東林路,1
相機來,1
錯物,1
李文鋒,1
李文超,1
謝采昕,1
葉黃,1
素有,1
鄰居並,1
張銘進,1
繳費後能夠,1
張有財,1
證與授,1
刑大高隊,1
你證,1
李宗愷,1
教學後續,1
為陳麗惠,1
時歸還,1
先告訴,1
對方律,1
師訊息,1
錄太多,1
金價穩,1
部門維護,1
顆空氣,1
騎士們,1
甜價格,1
然後傳訊,1
朔日,1
網銀導致,1
檢測並,1
楊智凱,1
徒並,1
現舉,1
片資訊,1
過多系,1
超商嘉峰,1
拾金,1
張紹祖,1
及璋,1
芝液,1
泉稱,1
續重,1
就店,1
悠悠的,1
高性,1
給你宅配,1
抽重,1
林書華,1
葉韋信,1
幾天稱,1
綁匪,1
架過,1
對方去,1
橡皮筋,1
他門市,1
證件委,1
並走,1
給楊民,1
開聯絡,1
楊民便,1
楊民有,1
楊民共損,1
楊民覺,1
慧美聲,1
投資滿,1
只儲,1
由陳慧,1
美補齊,1
轉繳,1
稱由該,1
財力證,1
明方,1
籌滿,1
張天榮,1
貨未,1
認後並,1
商作,1
然後負,1
然後之後要,1
成來,1
取密碼,1
繳交對,1
歇斯底里,1
地罵,1
證資訊給,1
資不會,1
獲小額,1
還簽立,1
六盒,1
不曉,1
試機,1
夾轉售,1
寶顯示,1
蒙自,1
源米線,1
商景賢八門市,1
主頁並,1
徵各類,1
公開個,1
資在網,1
金無果,1
君悅門市,1
十三路,1
小豪學長,1
集團慣,1
索書,1
愛閱,1
資金較,1
又展,1
試圖強,1
內情,1
美國川,1
普之類,1
幣達成,1
新北土,1
銀華江,1
反撥,1
掛斷後親,1
連保溫,1
杯話,1
燙傷,1
對方試,1
多須,1
購買二個,1
資格共新,1
對像給,1
不察陸續,1
資格共花費,1
太大才,1
當手續,1
法華山,1
慈惠堂,1
謝祭,1
鐘的,1
許國,1
使戶,1
曾小美,1
遊戲賽,1
統計後發現,1
美壢門市,1
凱莉包,1
程瀚,1
翩翩,1
並得獎,1
換盲盒,1
逝水,1
清塵,1
一指,1
流沙,1
貨市場,1
越玩要,1
未連,1
給動物,1
過系,1
去後馬,1
那中獎,1
還等著,1
日寄貨,1
還破,1
破爛爛,1
結果貨,1
系統給,1
申請掛,1
資訊千萬別,1
初入,1
張繳,1
費條,1
最後發財,1
一則當,1
買太妍,1
張嘉明,1
升級後要,1
給得,1
獎人,1
裡一張,1
沒開出,1
時刻表,1
鋼管,1
神將,1
區明志路,1
杜海何,1
戀初汐,1
師驗證,1
並將置,1
井上,1
優衣,1
預約單,1
事後察,1
含機車,1
程與網,1
市照,1
顧其,1
並檢附,1
將賠償,1
詐術轉,1
林曉燕,1
小偉聖,1
的計,1
慈情,1
今犯,1
動名義,1
數六筆,1
面群,1
凡哥善,1
里慧,1
事後僅,1
應之金額,1
優惠資格,1
不搭車,1
接著瑞,1
而瑞,1
現金五萬元,1
投資騰,1
頻詢,1
方哭訴,1
閱購,1
葉育,1
清永香佑,1
過這項,1
主不斷,1
金得,1
匯款權,1
元寄件費,1
外點數,1
送共十組,1
參加後有,1
繳稅期,1
當機場,1
無錢財,1
不財,1
筆電訊息,1
遊玩中,1
獎後對方,1
帳路,1
人員後才,1
貨獎勵,1
因媽,1
媽裝,1
心導管,1
項覺,1
勞之,1
當我因,1
之位,1
抽東西,1
然後我覺,1
卡重,1
分換款,1
午時,1
莊怡彤,1
蔣暄,1
嬰寶夢,1
隨各遊戲,1
因無網,1
均委請,1
遊線,1
稱銘,1
卡均,1
將狀況,1
內參,1
其選股,1
為陳曉芸,1
快人,1
完款後訂,1
一雲朵,1
前涼亭,1
罗坤,1
因幫忙,1
筆而,1
獲遊戲,1
未辦,1
周燕,1
文景,1
我共計詐,1
找人代儲,1
記發,1
本所依,1
具系統,1
記無紀錄,1
問投,1
樣嬰兒,1
阿賢店,1
裝於紙袋,1
李曦媛詢,1
寶貝特寵,1
兩棲,1
老殿,1
羊肉,1
鐘後離,1
因順豐,1
鄉員,1
商名間,1
問詢問,1
高丞萱,1
因無藍,1
浮生,1
若夢,1
進而教,1
吳蓓雅,1
正港,1
福興當,1
鋪欲典,1
人員攔,1
張維林,1
李軍軍隨後,1
再訪,1
燒除,1
華郵政網,1
停靠,1
兩小時後該,1
假設,1
筆車費,1
自竹,1
劉劉,1
理該,1
人產,1
自統,1
人員網,1
滿懷著,1
上翠綠欲滴,1
會是場,1
美極,1
上輕易,1
查證訊息,1
被施,1
剛生,1
收團,1
體費,1
比剛,1
紀錄者,1
許涼意,1
但訊息裡頭,1
語氣的確,1
荒涼,1
追尋著,1
成深,1
日後難,1
傾國,1
喜悅時,1
證和戶,1
李思琪,1
王男聲,1
我向民間,1
玉蘭,1
盧翊安,1
盧翊安向,1
當還款,1
但信,1
進行確,1
認和劃,1
補驗證,1
過幾秒鐘,1
曾于,1
慈發,1
盜前,1
否則後果將,1
相機詢,1
裡餘額,1
兩黃金面,1
金之名,1
攝密,1
很愛網購,1
已經習,1
頻繁收,1
統一處理,1
確保作業,1
事個工,1
端安裝,1
阿濤,1
元協助,1
果仁,1
林志銘,1
退費後對方,1
人葛坤,1
葛坤後來,1
已經加,1
這違,1
買裝備,1
內累計,1
還把律師,1
林文慧,1
元處,1
理額,1
昆私訊,1
談代,1
電總裁,1
勵志勤學,1
通訊館,1
洪小琳,1
各兩台,1
對方承諾款,1
這天剛,1
布拉,1
繼續編,1
愛吧,1
嚴選管,1
推廣母,1
嬰產品,1
叫家文,1
錢離,1
取匯款,1
連夢寐,1
張敬東,1
礦金,1
分等級,1
我在裡,1
點用,1
許淑貞,1
名不見,1
達仁鄉,1
希發,1
斗師,1
陽陽用,1
叫陳惠麗,1
隨之響,1
蘇曉婉才,1
阿薇會,1
推說明,1
恩淇,1
南灣,1
七區,1
張淵聖,1
出繳,1
彌補損,1
聊詢,1
漫步者,1
張音響,1
絕對值,1
連單號,1
或房,1
然後一邊,1
包入帳,1
徐安玲,1
來流,1
假約炮,1
並不過,1
古洛麗塔,1
客運中,1
客運員林,1
參加塔羅,1
叫幣安,1
幣後匯入,1
時度方,1
外片,1
籃供,1
不太理會,1
運烏日,1
置物格,1
賠名,1
虚擬,1
帳户,1
眼來,1
厲來,1
吳斌,1
無業者,1
認補助款,1
水問,1
放太多,1
還假模,1
假樣,1
夢碎記,1
大崩潰,1
超主動,1
輸入序,1
國際證,1
並回訊息,1
並嚴肅,1
你度,1
智華告訴,1
給三信,1
導航機,1
揚約定,1
跟經,1
方受,1
桌一張,1
給後台,1
讓後台,1
音護航,1
如不滿意,1
提薪,1
頻繁須,1
證後遭,1
素質,1
每解鎖,1
小偉林,1
會後會,1
悅子問,1
毫無壓力,1
柏鈞,1
妥後會,1
李常,1
飛之人,1
另組,1
經越,1
雖有將,1
技商,1
程師,1
次合計,1
金後及,1
並自郵局,1
可運作,1
他得獎,1
貼文並,1
還算講,1
網友據,1
對方多熟,1
包都會,1
指導著,1
西千萬,1
連買點,1
實點,1
幫買點,1
繳電,1
信費,1
貨幣後續,1
男正妹,1
超合,1
眼緣,1
真網,1
包失戀,1
拉滿,1
托並,1
幣托上,1
談後轉,1
樣吉,1
脈貨,1
續釋,1
給錢後犯,1
單共約,1
後過,1
仍未答,1
單亦未,1
分將點,1
圖鑑,1
新來,1
人狂,1
寶貝們,1
詐群,1
打元,1
財務惡,1
勝歡,1
某處將,1
兩年間,1
辦理後詢問,1
獎後該,1
一金管,1
區號,1
簡潔版,1
領好,1
兩張點,1
感報,1
數次後才,1
意約,1
玩點,1
來後一頭,1
全傳過,1
面藏,1
幣安電子,1
貨不含,1
能到貨,1
通貨網,1
至以,1
一會後便,1
會聯合,1
處理本,1
因照,1
蕭再,1
因核,1
對載,1
具資訊時,1
珠寶情,1
光澤溫潤,1
毫無光澤,1
社團裡將,1
會太難,1
頭愣,1
方較,1
德方,1
百靈果,1
二夜,1
購證確,1
資金則,1
單資格,1
網友務必,1
排檔桿,1
原箱,1
應後報,1
包裝會,1
白聊,1
保誠意,1
試著選,1
串問,1
內部積,1
分儲,1
開通後獎,1
外國華僑,1
賣家接,1
認其真,1
嗉囊,1
炎及,1
腸炎,1
相違,1
唐嫣,1
根據業主,1
該業主,1
業主發,1
他共購,1
掛瓶,1
或延遲,1
並拆,1
狗食,1
顯欺騙,1
許若芹,1
貨動態,1
得裡面,1
專員審,1
核始,1
晚派,1
未寄還,1
即致,1
輕奢,1
主店,1
何正評,1
出小白單,1
兩天詢,1
油面,1
賠錢會將,1
並解凍,1
洪翊堯,1
事蠻,1
要放棄,1
快回去,1
祭夢碎,1
必去,1
超多大,1
咖要,1
爛主辦,1
日不詳,1
認機況,1
王泡,1
更慶幸,1
魚金,1
點鑽,1
蔡福,1
基先,1
歸國,1
大輔門,1
李男要,1
而林民先,1
林民覺,1
經質疑,1
而後刷,1
走後驚,1
點一頁,1
和斌,1
虛寶變,1
高文宏進,1
更駭人,1
詐術令,1
胡凱彬,1
現等,1
前二述,1
確宣稱,1
重飾品,1
日後不欲,1
依賣方,1
確認後方能,1
折數,1
許諾將,1
孫民損,1
流方能,1
臉書在網,1
將牌,1
麻將牌,1
潛水殼,1
幾天後寄來,1
賣電子,1
這電子,1
李嘉宏及,1
之途徑,1
資料後導入,1
稱有將,1
並熱絡,1
日熟識,1
蘇男稱,1
稱連同,1
簽證求,1
得寸進,1
尺地,1
卡代碼,1
覺代碼,1
開黑膠,1
之熱,1
可翻,1
地匯出,1
因驚,1
塞納河,1
林民驚覺,1
新馬,1
地區線,1
需累,1
積三筆,1
當天晚,1
遊學類,1
動地點,1
勁後試,1
戀愛過,1
異狀後驚覺,1
稱貨源,1
並怕,1
叔平,1
請兒子,1
十通,1
沒疑,1
书齐,1
聊大約,1
自借,1
一舊,1
箱旁,1
星盤,1
預計過,1
現貓,1
權登記,1
同學來,1
之後欲取,1
未檢測,1
沙盒,1
蔡曉婷,1
波捏豆,1
冬梅,1
志戰略,1
林告訴,1
還沒取,1
特供,1
然後搶,1
購商場,1
價金到,1
監察委員,1
寶和微信,1
尋找代,1
隨後我馬,1
田所,1
越放,1
越值,1
田浩治,1
林曉蓉,1
龍鳳麻,1
元無故,1
挑選獎,1
詹雅玲,1
按表計費,1
高於則,1
他視訊,1
她僅,1
以後別,1
方選擇,1
王正華,1
隨後將點,1
桌販售,1
周恩甜,1
陽台,1
種當,1
音樂時,1
繩索,1
崩斷,1
回響,1
及虛構,1
對方承諾該,1
目將,1
為麗麗,1
徐瑜瑾,1
灣證,1
夢琳,1
日規,1
小時後入帳,1
多退,1
少補,1
健美,1
地刷著,1
楊國福,1
順利視,1
張哲榕,1
仍為,1
優依娜,1
售幣,1
可幫拉,1
纜線機,1
大致相同,1
万年,1
關燈,1
經下訂,1
服陳,1
徐翊勝,1
認識業者,1
和典,1
仔有,1
這幾株,1
代儲變,1
音愛好者,1
楊過,1
萬元存,1
給小剛,1
溫傳來,1
還搭,1
面後全數,1
女常以,1
商文萊門市,1
素肌净,1
問兒,1
因辦理,1
並檢舉,1
方欲約,1
李志聰,1
資後等,1
好禮包,1
該維,1
樂群門市,1
唯店員,1
這貨品,1
店員此,1
舉顯,1
過幣安購,1
榮旅遊,1
行擔,1
任銷售員,1
付尾數,1
算來,1
浩文,1
摸式,1
捐正,1
給白,1
嘉開同,1
嘉返,1
保護防,1
網電商平,1
並選定,1
玩新瑪奇,1
飯費用,1
回國後前,1
運營業員,1
推數,1
營業員稱,1
隨後婷,1
歌有,1
韓系,1
組過,1
完後建議,1
愈多,1
可真,1
隨後他給,1
標設計,1
調報,1
酬會,1
發包款,1
閱服務並,1
自律,1
儲韻雅櫃,1
並改稱,1
大起,1
新鈺,1
完後告訴,1
販賣版,1
協助確,1
師能,1
來斌,1
路透,1
焊條,1
暖分,1
王卡包,1
寄卡包,1
追討要,1
還價金,1
詢下,1
中視訊,1
碼念給,1
林順祥,1
蕭昭盈,1
投司,1
海倫,1
問論文,1
簡國豪,1
聯合大學,1
陳淑惠,1
背後驗,1
李茜,1
參與筆,1
台餐車,1
內容問,1
畢要,1
另二張,1
星妤,1
以儲,1
取傭,1
金酬,1
傭金先,1
杜業成,1
家駿家,1
駿家駿,1
故湊,1
故會同,1
遭層,1
知帳,1
感還,1
竟主動,1
接視訊,1
緯帆,1
真愛時,1
幾十萬地,1
妹翹班詐,1
完後態度,1
投稿,1
還沒寄貨,1
淘寶活動,1
張致毅,1
中偉,1
至換幣,1
所換幣,1
所共換幣,1
裡帶領,1
然後距,1
法載,1
講簽,1
我志願,1
將我載,1
自貨運,1
備確,1
數萬到,1
賠四筆,1
消保會會,1
感觸,1
還沒繼續,1
夠繼續,1
人分別,1
姜民不疑,1
求太妍,1
國郵遞,1
機台造,1
出昌隆,1
柏緯給,1
造奇,1
區尊賢街,1
號四樓,1
鬥樂,1
故此,1
張均,1
大陸代,1
商園,1
擊關,1
注小號,1
粉絲價,1
每購,1
另若購,1
因稅,1
給小號,1
可折現,1
需交納,1
卡風,1
控異常,1
因時效,1
稱黃澤超,1
當我領,1
何未滿,1
遭顏,1
擔心顏,1
稱貨款,1
方短,1
價談定,1
工廠員工,1
沒有確,1
認貨款,1
賣萊爾富,1
我人頭,1
幣共匯款,1
網銀分別,1
棋聖,1
龍江,1
給德鑫,1
分王,1
商銀給予,1
月夜,1
拆檢,1
遊翹班費用,1
處超,1
姿媚,1
第十三,1
第十二,1
期是,1
十一期,1
說會頭,1
慧都,1
認證後款,1
陸黎華,1
敏鹿明,1
我會出,1
換不來,1
證在網,1
博館,1
登機,1
板本,1
幣但,1
及獎,1
惟欲詢,1
面多人,1
方品,1
枫之谷,1
分之人,1
分之人購,1
恩心,1
驚無法,1
辦補,1
項廣告,1
以四個,1
中陳梓星,1
借泰達幣,1
職門票,1
之後就來,1
李安菲,1
券價值,1
籌集款,1
遙控車,1
先送驗,1
中棲門市,1
快驗,1
最後致,1
紋廷,1
我亦將,1
卡暱,1
描後是,1
就安照,1
加副理,1
理有,1
喬詢問,1
打給林,1
並在入,1
帳欄位,1
某擔,1
保會,1
首信,1
標會款,1
稱卡牌,1
場韓團,1
吳吳,1
小額代碼,1
溫迪亞楓,1
羽羽,1
死靈,1
監視兵,1
城平,1
龍亨,1
相談盛,1
發布限動,1
並認證,1
掛斷後開,1
銀發現,1
帳二筆給,1
券儲值,1
初階會員,1
股及,1
理財及,1
當其嘗試,1
討論後前,1
人員承諾,1
久大,1
或入,1
當後續,1
卡和彰,1
當我得,1
補大額,1
台幣驗,1
需尋找,1
會授,1
繳確,1
工教,1
或代練,1
投資戶頭,1
詞裡,1
確實常,1
絕不匯款,1
露餡,1
轉帳後還,1
款有,1
小耿平時,1
地犯,1
給小耿,1
職純,1
肯見面,1
越騙,1
話術層,1
內臟,1
家業,1
張文傑,1
大學學妹,1
私訊學,1
妹詢,1
天後若,1
出庫,1
存車輛,1
軟體帳,1
著借,1
借窮,1
問緣,1
決之後再,1
終於證實,1
疼愛女兒,1
帳裡面,1
先套,1
一心一意,1
塌陷,1
停進,1
裡和小何,1
地失敗,1
新聲音,1
單獨訊問,1
開家,1
沉吟,1
穿運動,1
拍桌,1
沒連結,1
則失聯,1
成款,1
險詐,1
優惠期,1
裡談妥,1
地後欲見,1
中獎且,1
這個剛,1
並麻煩,1
獲學,1
名學生,1
對方否,1
玄靈殿,1
不靈驗,1
日翊,1
並存進,1
寶是,1
蕭透過,1
付港幣,1
蘭雅,1
終沒現,1
明股,1
超級悶,1
還檢查,1
機試,1
筆那麼,1
買潮,1
一吹,1
慧菁,1
取育兒,1
關於育兒,1
十幾倍,1
還利潤,1
記付,1
領書變,1
提書,1
我踏進,1
一頂辰,1
想付,1
會連房,1
均價,1
留無法,1
決資金滯,1
張室,1
林文婷,1
自房,1
問專員何,1
林瓔,1
詢富邦,1
由地,1
額後進行,1
參加配,1
其經紀,1
所訂購,1
金陸,1
將付,1
金額異,1
小紅書見,1
惟經查,1
棋禮,1
經系統,1
虛假售,1
世爺,1
萬入,1
丟標,1
沒學乖,1
金福,1
伙騙,1
連底,1
幾次後才,1
報什麼,1
這行規,1
著待會兒,1
叫陳麗,1
正潮,1
這不剛,1
乾爽點,1
坑過,1
五樓陽,1
台望,1
只潮,1
碧綠,1
秘招,1
不愛多,1
聽熱,1
有罕見,1
登不回,1
錢後能,1
這下別,1
貨日後徹底,1
阿修,1
關後能,1
挺偉大,1
假義把,1
挺常見,1
得驗,1
這忙,1
這遊,1
戲圈,1
登發現,1
好運蛇,1
伙聊,1
著貨,1
照應,1
黎繪,1
問我弟,1
當然領,1
神獸,1
伙用,1
買鳳王,1
伙真,1
並由網,1
然後加賴,1
元風險,1
元錢給,1
點補,1
完差額,1
專員升級,1
店樓,1
義薄雲天,1
販售行,1
林睿東,1
一執,1
萬匯成,1
健文,1
標榜動漫,1
參加來,1
劉專員稱,1
之後本,1
作天,1
行刑,1
應徵其,1
信其詞,1
名辦,1
清景麟,1
豐銀行詢,1
號兆,1
續求,1
給審,1
核部,1
華夏路,1
夏義門市,1
太多要,1
完商場,1
至翔哥,1
由翔哥,1
九萬後覺,1
續歹,1
販賣報,1
聯絡關,1
購買報,1
邀約民眾,1
方後問,1
活兒,1
著買車,1
快匯,1
峰門市,1
蔡雯琳,1
邀其,1
因王民,1
有多蠢,1
林勝輝,1
空得,1
弘揚,1
細講,1
西應,1
賣賽車,1
廖潔希,1
鳳杉門市,1
菩心,1
聊長,1
竹寶店,1
商茶,1
鄉門市,1
賠話術,1
交詐,1
張國華,1
張國華承諾,1
獲中國,1
辦廟,1
樂捐,1
將樂,1
捐購,1
我事後詢,1
問曾經,1
之軍中,1
關動力,1
筆門票,1
愛國琴,1
開醫院,1
因電腦,1
無卡給,1
頂巷,1
李柏橋,1
實聊,1
採會員制,1
內部照,1
不會毀,1
欣庭將,1
緣工坊,1
藍昌門市,1
夏瑞婷,1
匯入凱,1
並驚訝,1
勝者,1
智熙,1
芯雯,1
楊芯雯給,1
君向,1
投資金曜,1
香業,1
說禮,1
問禮,1
確保要,1
帳戶後確,1
揚起,1
飛帆,1
然後瀏覽加,1
城鎖,1
然後經過,1
許惠萱,1
驗證宅,1
含家當,1
欣潔,1
過溝,1
仔郵局,1
伍忠慶,1
借貸須,1
環款,1
成懷疑,1
譚曉敏,1
邱婉如,1
帳號苓,1
另分,1
結共,1
扣有,1
單多空,1
配交貨,1
我宅配,1
二選,1
桌給,1
項獎,1
最後結束,1
船路,1
賴小杏,1
可愛寶寶的,1
賣三陽,1
王佳琳,1
叫黃晨,1
詞懇切,1
一枝花,1
藍衣,1
之後話鋒,1
四株,1
苑裡鎮,1
原康門市,1
購買親,1
創師,1
傅吊飾,1
辦理薪,1
公開群,1
張飯,1
名賣家發,1
有飯,1
成賣家,1
發布超,1
那風險,1
愛變,1
萬珮慈,1
很愛攝影,1
轉接聲,1
外步驟,1
音體驗,1
進行視,1
一辦,1
理美國,1
辦理美,1
簽作業,1
無查,1
土地交易,1
賴床,1
圖主頁,1
陸軍教,1
召期間,1
教召結,1
束後剛,1
申請電,1
大案,1
以水,1
還幸,1
隨獎,1
狂風,1
請代練,1
林偉傑,1
並出資,1
萬元委由,1
出金獲,1
遊玩紀錄,1
詐騙然,1
經我接,1
一轉盤,1
並性,1
猥褻,1
艾萬悅,1
王國雄,1
通資料,1
阿言,1
包內僅,1
店員用,1
著內心,1
塔羅心,1
語師,1
填寄貨,1
認贈,1
连连,1
只後悔,1
故邀,1
價做,1
致心,1
調查科,1
幸運用,1
私相,1
關權限,1
他求,1
親友葉,1
幸雅,1
天黑黑,1
劉家翔,1
作買,1
那無助,1
無奈瞬間,1
喜瑪諾,1
組寄給,1
著輪,1
組到貨,1
張意,1
經理驗證,1
柏峰,1
剛掉,1
藥一樣,1
代勞費,1
機掃,1
娛預售,1
塔店,1
儲值後截,1
前後幫,1
灌下,1
林侑萱,1
稱羅羽彤,1
有三組,1
慫男至,1
介紹泰,1
向代書,1
代書察覺,1
萬由該,1
宋昱,1
依理,1
加計,1
以後輸入,1
區興民街,1
鄭憲為,1
恐怖份子,1
槍身,1
寶寶沒,1
煩腦,1
祭音樂,1
國泰銀,1
裡市,1
並無太多,1
金額暴,1
增至,1
宋義,1
將其領,1
錢金幣,1
時價,1
籠訊息,1
傳宅配,1
想連,1
確保電子,1
刷絨,1
薪資高,1
許多外,1
順列,1
取驗證,1
王貴書,1
證活動,1
擅有,1
結後連,1
他在將,1
金兩次,1
獲利護,1
並無意間,1
頻曬出,1
販賣鷹,1
日運,1
高登豪,1
區許,1
曉瑤瑤,1
這家快,1
遞蠻,1
假截,1
金撥,1
張旗爸,1
楊文莉,1
李君怡,1
張花蓮,1
旅遊券,1
日經手,1
之人代練,1
酒始終,1
記下群,1
打倒,1
百味,1
私訊黃民要,1
民點擊,1
需連結,1
民開,1
啟兆豐,1
用輸,1
叫黃民,1
之後網友,1
時侯,1
整圖,1
並欲以,1
並於是,1
陸鳴,1
莉洛洛,1
芙羅拉異色,1
微塵,1
遠哥,1
自申辦,1
宏和林,1
專門進,1
貨操盤,1
這一高額,1
隨後又想,1
姐並,1
對方承諾能,1
第一部,1
車輛並,1
部車輛,1
防洩,1
密金,1
並不確,1
伯朗,1
一則視,1
窗廣告,1
高興並,1
大陸遊,1
傳訊息友,1
單對方,1
合體,1
凱薩,1
換後的,1
有渠,1
此遊戲,1
雷電,1
坦論,1
取服務,1
將剛,1
並不願,1
楊蜜萄,1
方讀,1
取後便,1
蔡昇峻,1
設計費用,1
何厝郵局,1
內滑到,1
然後談話,1
洪順玉,1
錢後請,1
庭光室,1
彰馬路,1
蔡漢,1
缺工,1
漢中,1
方經驗,1
用料,1
連登,1
林林林,1
主金,1
鑰助,1
投資法幣,1
活動後轉,1
帳後返還,1
溫伊嵐,1
簽約後轉,1
福中七街,1
號現場,1
強防範,1
曉夢,1
退項,1
專加,1
算了吧,1
當請,1
具歸戶驗,1
窘困,1
這下票,1
看愛豆,1
七七八八,1
蠢爆,1
依萍,1
統忙,1
曲博明義,1
高曉玥,1
曉玥,1
牛牛牛,1
好命,1
伙約,1
張哲瀚,1
弘投資,1
林夢營,1
夢瑩,1
林夢瑩,1
這按,1
一登,1
聽個,1
金後將,1
帳號照,1
咖透過,1
甩給,1
點不,1
左想,1
裡大罵,1
耍猴,1
網友後來給,1
超愛那團,1
大法,1
伙坑,1
肱骨,1
夾枕,1
這招詐,1
報完,1
案後華譽,1
機啥,1
晃悠,1
連骨頭,1
路易,1
帳戶者,1
及飾,1
品卡,1
地亞,1
帳始,1
蔡心航,1
左前,1
輪後方,1
金寶之人,1
領母,1
森稱,1
之後轉加,1
至特,1
數位驗,1
繳交共新,1
稱麻將,1
機大出,1
未代儲,1
無法來,1
程恩,1
交費代碼,1
順服,1
透握,1
國健,1
郵局確,1
經銷售,1
圖卡,1
再裡,1
所動,1
區原,1
玩剛,1
以回,1
正金額,1
包申,1
交一,1
可多領,1
張卡依,1
卡出現,1
人刷,1
內的確,1
鐘又加碼,1
單送,1
出大禮,1
何旭,1
問我張,1
真源,1
假結,1
我愛玩,1
小鈺,1
還確定,1
咪妮,1
備問,1
照之廠,1
我無損,1
張曉玲,1
購買給,1
分先後匯款,1
出畫面,1
一國,1
友軟體,1
豪華麻將,1
貨運快,1
多後察覺,1
魚假,1
等鎖,1
單期,1
過沒有,1
付達及,1
名義就給,1
帶式,1
打開時,1
之後致,1
關急,1
未理,1
異常出,1
貨之網,1
潤之,1
接觸加,1
將業務移,1
則可參,1
計匯款,1
游輝庭,1
卡可得,1
那邊後離,1
會後補給,1
日後補,1
登存,1
給財務,1
我連帶,1
碰來,1
還不太敢,1
邱育芳,1
一萬買,1
很愛玩遊戲,1
那大,1
認錢款,1
社會亂,1
經買,1
音樂氛,1
單位還,1
祭辦,1
帶證件,1
戲中,1
賭資,1
贏錢後回,1
項正確,1
願意釋,1
部讀,1
千位,1
文時候,1
現場轉,1
買羅曼,1
親致,1
認證瑪,1
分數筆,1
給順豐,1
供順豐,1
證細節,1
美員工,1
基塔,1
為識別,1
為陳穎茹,1
貼關,1
陸聖富,1
異國友誼,1
並租店,1
當抖,1
意無償,1
通後會將,1
並承諾驗證,1
畢後就會,1
並讓律,1
峻廷,1
專卡,1
寶貝球,1
浦洋,1
內容講,1
違禁,1
集團則,1
狂換,1
發文數,1
需刷,1
虛寶連,1
該匯,1
搭進,1
某天刷,1
老師來,1
拉客,1
有公,1
詢再,1
除給,1
經借,1
機臨,1
成燒,1
服務會員,1
媚兒,1
欺團夥,1
人之聯絡,1
瞬戰,1
超能,1
購買轉,1
接器,1
沒公開,1
准考,1
榜上,1
這個准,1
大規,1
模行,1
專屬後台,1
還拿現,1
熱水機,1
當心詐,1
證啊,1
終的,1
今後不會,1
楊維倫,1
經不願,1
資金負,1
人遠離,1
倉網,1
贏款,1
接連輸,1
雙雙淨,1
關排,1
德捷網,1
我誠實,1
期親,1
機側,1
專業代銷,1
房產代銷,1
警聯絡,1
名員警,1
並無視,1
盜版書,1
物提,1
區國安街,1
阿滔,1
使買方,1
現金頭獎,1
結束後察覺,1
經由購,1
先後經,1
代練訊息,1
年後清關,1
跑配,1
心經探,1
幽學習,1
如時,1
失慮,1
初講,1
初稱,1
軌跡,1
完後帳,1
次共購,1
丁經理,1
假亞馬遜,1
鳳崗,1
先驅,1
填輸號,1
碼後即,1
空卡至,1
致所,1
周峰,1
吉臉,1
給其為,1
慧慈,1
當我掃,1
網裡,1
徵越式,1
參家,1
商聯絡將,1
挪用公款,1
時地接,1
故攔,1
號不,1
獲買家,1
傳順,1
風快,1
警諮詢,1
分在現,1
徐驊廷,1
發然,1
購買辦,1
了屬,1
一耳機,1
還可參,1
並逐筆,1
處所時,1
前餘額,1
僅新,1
問收購,1
主機型,1
配比,1
給您貨物,1
延後幾天,1
嫻幫忙,1
傳續訊息,1
單後黑,1
雅如,1
越麻煩,1
配套措施,1
並中得,1
並加過,1
約定僅,1
遭動用,1
銘輝室,1
狀訊問,1
何育鼎,1
匯款票,1
大學內,1
遇一假,1
轉啊,1
加來,1
決討論區,1
走代,1
現居,1
有二買家,1
歐尼醬,1
先申辦,1
乙要,1
詢合約,1
震懾,1
搜尋做,1
雙方價,1
華傳,1
現委,1
華架,1
華將,1
資料轉,1
師廖,1
凱璐,1
相當快,1
是專,1
還不回,1
儲存幣值,1
求之不得,1
實到,1
納密碼,1
每交,1
全聯經,1
時常參,1
毫異樣,1
放松,1
數卡解,1
大後天,1
上共儲值,1
分別照,1
骨頭,1
巴羅爾,1
證後確定,1
漸涼,1
晶鎮,1
瑪瑙聚,1
寶盆,1
抵達見,1
面約定,1
整約定,1
資私訊,1
新卡刷,1
請台,1
異常發,1
福順宮,1
龍井人,1
方視訊並,1
已辦,1
卡欲,1
保險後將,1
研讀,1
正規律,1
所會,1
公義的,1
洪將,1
補六萬塊,1
地記,1
並不難,1
只當,1
選過,1
財不,1
露白,1
關著,1
念頭終,1
方不耐煩,1
清康門,1
當點數,1
意匯款,1
小鴻,1
送股,1
將開放,1
之可惡,1
政仁,1
著課,1
本賣,1
良安,1
價聘,1
請照,1
日之費用,1
給看護,1
探視,1
竟謊,1
付前,1
天費用,1
付後面,1
天款,1
看護款,1
仟元給,1
聯後驚覺,1
貝貝電影,1
全是後悔,1
借三張,1
條碼予,1
還很仔細,1
果為,1
決內,1
情殤,1
擔保網,1
之後儲值,1
物員工,1
宜菲,1
對方二話,1
時逐漸,1
只不斷,1
機械款,1
我後給予,1
太多以,1
問儲,1
蓄險,1
聯絡業務員,1
熱愛傳統,1
對官,1
將首,1
官將首,1
連假前,1
裡衝,1
請代,1
談好代,1
打價格,1
用來代,1
連我購,1
給小宋,1
購機款,1
負長,1
期費用,1
需當心,1
傳動軸,1
摸索,1
才繳,1
閱覽調,1
若維,1
之調,1
多層驗證,1
認證成,1
線形,1
宮格,1
交貨成,1
過律,1
師承諾,1
藏詐,1
洩引,1
密碼須,1
將小美,1
專員運用,1
小美轉,1
數也,1
卡儲,1
速核實,1
防範常見,1
小美將,1
等量,1
尋租,1
至敦南,1
目多為,1
記發生,1
買家受,1
並皆,1
鐵皮圍,1
籬上,1
財無法,1
出寶寶,1
富貴群,1
嗣後待,1
職在,1
領工,1
亞梅,1
憲德門市,1
三國雲夢錄,1
接聽用,1
我才詢,1
莊翊鴻,1
高印量,1
給大樓,1
匣裝,1
現錯,1
銷售員以,1
並招開,1
任該,1
會費會,1
並訂定,1
該段,1
記期間,1
之會費,1
討會費,1
討後開始,1
衣給,1
水箱,1
護罩,1
花色,1
靜芸馬,1
林浩邀,1
林浩稱,1
上林浩,1
林浩繼續,1
目產,1
保購票,1
按約,1
臉書社,1
順利交屋,1
活動屋,1
承諾意,1
碼和手,1
經多加,1
已進,1
行國外,1
對鏈,1
並不強,1
購買虧,1
阿炎,1
全退還,1
速貸通,1
報道,1
易衍,1
日縣,1
關耳機,1
錢偉興,1
新規,1
必配,1
專員陳偉鑫,1
金流證,1
銀行電,1
我裝成,1
沈韻,1
帶台幣,1
戶頭匯,1
過單,1
投資終,1
許擔,1
女兒親,1
轉給幣動,1
然後幣動,1
通完,1
需擔,1
劉慧琪,1
林詩穎將,1
水潤,1
嫩膚,1
某房,1
工簽,1
洗點數,1
新唱片,1
蘇曉婉產生,1
鄭號,1
簽屬委,1
時經營,1
秦予,1
民之女,1
兒魏,1
機收幣員,1
某輛車,1
改蠍管,1
思桐,1
娘氣,1
給陳霖,1
抽獎資,1
陳逸翔,1
緊付,1
限全,1
網友賴,1
叫行,1
正傳,1
機限額,1
轉不夠,1
問題終,1
愛跟,1
的門,1
幫媽,1
五萬塊給,1
碎念,1
媽你,1
別太感動,1
哪招,1
毒舌,1
阿淇才,1
講咧,1
開轉,1
這獎品,1
太豪華,1
太逆天,1
伙還,1
點以後會,1
根毛,1
哭邊,1
天字第一,1
抽獎害,1
還甩,1
這劇本,1
騙片,1
甩過,1
我豪氣,1
進高級,1
開玩,1
變股,1
離億萬,1
貨幣付,1
規嘛,1
軟得,1
豆腐,1
經窮,1
罵邊,1
機啦,1
邊藏,1
卡邊,1
勝利組,1
楊金燕,1
筆買家,1
公帳,1
激戰,1
砍價,1
實想,1
第六感,1
然後大,1
還硬,1
能帥氣,1
伙應,1
親兒子,1
王品辰,1
前份,1
沒薪,1
楊坤福,1
日會匯,1
假裝代,1
購用,1
沒全轉,1
可還,1
超會講,1
前照,1
抓來,1
經在凱,1
基證券,1
效特別,1
能交,1
補交認,1
證統編,1
看標,1
唐老,1
成員學習,1
不察將,1
社尋軟體,1
樣周邊,1
話還,1
抽越,1
出金經,1
就彈,1
多無法,1
收傳真,1
張強,1
金管部,1
部下,1
始於網,1
集團察,1
覺門號,1
因心儀,1
之警,1
取紅,1
因多組,1
月旬,1
不像會,1
同樂會,1
版虛擬,1
來且,1
雞幣幣,1
偵三組,1
處公證,1
攤吃飯,1
娘主動,1
該花,1
聯絡黃民,1
風社團,1
購買薩,1
心妤,1
柏進,1
新大衛門市,1
門票費,1
方所問,1
送證,1
渠核,1
奕寧,1
介紹信,1
劉家宜,1
華繼續,1
丞唐,1
充資,1
或馬幣,1
來區分,1
應變,1
當初轉,1
偽物,1
清責,1
或作,1
將採,1
取報,1
歐元及,1
關樂高,1
名義刷,1
李銘慶,1
的區,1
吳俊毅,1
大陸律師,1
圖聯絡律,1
並不真,1
一汽,1
獲利聲,1
透過關,1
傳後又將,1
郵政簽,1
篩選衝,1
萬人,1
他遊,1
鳴潮,1
師推薦,1
保穩定,1
紅利費,1
商戶入,1
駐費用,1
無稅務,1
並不許,1
機產生,1
曹興誠耶,1
中欠,1
日勝,1
還沒清關,1
惡意放,1
張琮,1
拿僅,1
投資玉鐲,1
時和員,1
工關,1
細查後才,1
順豐來,1
不限額,1
有作,1
我共交給,1
賴傳密,1
致冷,1
愛啟,1
鄭騰源,1
叫澈,1
始經受,1
並於資訊欄,1
關稅務,1
李志輝,1
組帶,1
可安,1
人其實,1
帶夢想,1
熱愛傳,1
一場後悔,1
旅俱樂部,1
安卓車機,1
除濕包,1
回抖音,1
呂思婷,1
各兩個,1
盒坊,1
獲高,1
金規則,1
親安麗,1
遭上線,1
代母,1
親向,1
外作,1
菁鼎選,1
皮貨款,1
給張雯雯,1
搜尋張雯雯,1
不止一次,1
語音轉,1
最後我匯,1
方會報,1
頻回,1
終懷著,1
芳庭學習,1
異夢,1
國泰人壽辦,1
李哲安告訴,1
叫鵬程,1
洪憲德,1
叫羅苡,1
李希雯,1
送禮詐,1
粉絲急,1
房親,1
並當時,1
處理換,1
鈔交給,1
關機票,1
持開,1
放態度,1
便成,1
思穎的關,1
某萊爾富,1
他決,1
正當性,1
關樂透,1
中四碼,1
週新,1
講所購,1
超甜購,1
華貴門市,1
稱約定,1
相見面,1
付費免,1
跟員工,1
釋寂,1
千雷,1
經幸,1
防範人,1
交團,1
其業務竟,1
關粉,1
事後聽,1
無作業,1
簽網,1
路合約,1
叫桐,1
箱裝,1
案單,1
打買家,1
貝殼幣給,1
挺新穎,1
項後還,1
致理,1
書大,1
繞道,1
不上當,1
這麼熱,1
連賣個,1
網站務,1
經臉,1
使覺,1
一顧客,1
機塔位,1
帳之往,1
並承諾來,1
台後親,1
翠東方,1
稱玉鐲,1
語充,1
滿誠意,1
轉機票,1
心幫,1
確保薪資,1
幾天後賣家,1
氣領,1
餘額還,1
講價,1
出後覺,1
軟體入,1
貪念害,1
氣寄了,1
只秀,1
卡捷,1
發小額,1
之置,1
請人將,1
高鐵置,1
秦剛,1
服網址,1
證薪,1
管理工作,1
體後並,1
周建霖,1
轉戶驗證,1
帳戶林,1
證林,1
林財主,1
淨覺,1
並交屋,1
藍鋼,1
陸劍峰,1
當理,1
特談,1
投資養,1
雞場,1
擴建,1
才決,1
王曉妤,1
人員派,1
購物狂,1
購熱,1
林志垣,1
購龍頭,1
潘欣侑所,1
張樹城,1
以規定,1
柯玫任,1
故依示,1
請陳民,1
畢後金,1
詢後金,1
夢鄉,1
獎可,1
作運費,1
見華譽,1
項方能,1
巡簽,1
唢呐,1
狗文,1
游鵬鵬,1
咨询,1
不拉群,1
詞卸責,1
幣兩個,1
傳超商,1
裡這樣,1
十件,1
我組,1
三人積,1
不願償,1
樂高產品,1
林筱婷,1
群組後上,1
亞斌,1
證認證,1
乳牛,1
內儲,1
資格後匯款,1
方行動,1
育智門市,1
連睿宇,1
方瀨,1
並提共資,1
方事後發現,1
葉子榮,1
日至慶豐,1
吉吉網,1
路商,1
完其餘,1
惟裸體,1
筆元,1
研麗,1
阿華說,1
阿華徹底,1
顆鑽,1
石換,1
簡遇,1
致因,1
光源,1
欺而來,1
即乙特幣,1
將額度,1
將問題,1
還我購,1
轉交銀行,1
接已,1
熊剛,1
蘭玉,1
單個資,1
頁並,1
賴韋臣,1
小溫,1
不溫,1
陳俊溫,1
視訊後發現,1
帳戶列,1
給交貨,1
神眉,1
暗殺,1
整書籍,1
劉思媛,1
款遊戲,1
稍後告訴,1
自全聯,1
禮卷並,1
廊將,1
觀察著,1
余老師,1
胡福成,1
還和賣家,1
負責繳,1
債卻,1
熱愛釣魚,1
賣家後告訴,1
優良且,1
熱愛網絡,1
寶物將,1
當回顧,1
開圖,1
需演,1
映融,1
喜愛在,1
還將款,1
商處理,1
許多求,1
傳其連,1
非高級,1
資料後入,1
賴通訊,1
便會代為,1
經封鎖,1
代升級,1
代居樂部,1
包養網,1
漁貨時,1
張輸錯,1
美高梅,1
樓門票,1
王社團,1
帳群,1
大勝門市,1
湖大門市,1
聚鑫,1
李芷軒,1
王士凱,1
涂宴,1
慈用,1
潘育賢,1
最後協定,1
網名劉,1
詢問劉,1
說劉,1
魚蛋餅,1
如圖,1
最後一碼,1
劉小紅聲,1
財產寄到,1
灣請,1
打費,1
話術還,1
變成網,1
張淑馨,1
需花,1
加祈哥,1
並將名,1
財必讀,1
蘇瑀,1
給小嬸,1
高階紀錄,1
改回來,1
拿遊戲,1
林栗栗,1
是繳,1
不補到,1
提離職,1
警訊來,1
沒上當,1
品特,1
手機連,1
處無聊,1
九族,1
文化村,1
那裡遊,1
稱怡雯,1
區工學,1
幣商僅,1
說融,1
殘雪漢服,1
抽漢服,1
社團支,1
傳價值,1
省力,1
接著試,1
方嘗試,1
送劉,1
之家電,1
發販賣,1
賣方以,1
賣方將,1
初覺,1
留稱,1
富比,1
士融資,1
人之時,1
發表賣,1
戲款,1
偉嗎,1
偉這陣子,1
幾萬地,1
偉有,1
變熱,1
地祝賀,1
確保貨品,1
幾萬全,1
麥芯瑜,1
莊傳,1
將健,1
點找,1
事後通,1
稱琴鍵,1
招財金,1
裡老實,1
衝向,1
尋合適,1
手繪紋,1
刀款,1
掛到,1
刀掛,1
請給,1
來協,1
我躍躍欲試,1
手機試,1
還會斷,1
轉動數,1
快狠準,1
跟品,1
過嗎,1
剛才轉,1
靈都,1
單系,1
包和個資,1
跟司,1
機核,1
著尋找,1
幫好,1
針一樣,1
數的訊息,1
自內心,1
沒檢查,1
案外,1
賈小明,1
小珊興,1
西太平洋,1
面炫麗,1
閃刀,1
水閃,1
顆檸檬,1
還酸,1
站轉,1
侯東坡,1
投錢給,1
問隨遇,1
要業績,1
認貨櫃屋,1
防寒,1
何嘉仁羅東,1
分校,1
當然照,1
還不耐煩,1
大學費,1
大意失,1
荊州,1
逸嵐,1
方代儲,1
共代儲,1
法訂,1
購耶,1
蔡秉剛,1
澳門來,1
裡面聲,1
筆資金要,1
調動,1
害身邊,1
吳曉弦,1
問議價,1
原裝奈米,1
隨後聽信,1
關於報,1
再報,1
服務費共新,1
我愛羅,1
用後便,1
高玩,1
群長,1
接此,1
事後錢,1
帶員工,1
我由個,1
假音響,1
更多實,1
拍細節,1
今約,1
四組人,1
驗資費,1
船公園,1
朱均澤,1
給綠界,1
機銀行轉,1
帳密傳,1
專頁並,1
並很細,1
刑責及,1
金流後有,1
發文帳,1
為售,1
超少,1
以試試,1
名義哄騙,1
次新北,1
經地,1
務所察覺,1
達富,1
投頁,1
轉到賴,1
股給,1
再談,1
給寶寶,1
元的擔,1
采都,1
費後變,1
然後他問,1
林浩時,1
股世金華,1
細談訂,1
鈴的,1
隨後又再,1
詢問室,1
超投緣,1
還加進,1
會資助,1
還不信,1
血虧,1
邱小菊,1
天選及,1
區門,1
票票,1
門票票,1
幣並且,1
我都記,1
網營頁,1
面均,1
中及,1
相連,1
日陳佳,1
欣稱,1
證圖,1
片疑,1
報案疑,1
課後至,1
抽中幸,1
運福袋,1
紀民購,1
紀民便,1
筆由,1
打電話致,1
已電話,1
無到場,1
所後需,1
以茲解,1
雙面,1
曾琬婷,1
稱其網,1
社團現,1
商善,1
三隆門市,1
美國海,1
時民眾,1
處理後續領,1
開銀幕,1
我立馬詢,1
商將爭,1
聽存,1
張雅惠國,1
鄭民郵局,1
競標標,1
周采,1
裴翠,1
其蝦,1
宋民稱,1
宋民詢問,1
給宋民,1
宋民不疑,1
瑪特盒,1
抽盒,1
蔡文賓,1
將卡上,1
務系統,1
張中獎,1
油箱,1
村田,1
幸子,1
筆貝殼幣,1
購買滅,1
叫家浩,1
保員工,1
家浩出,1
家浩時,1
連家浩,1
蔣莉蓉,1
貝能,1
具內,1
施怡君,1
專業版,1
還積極,1
善雯,1
體驗過,1
不亦樂乎,1
全數付,1
圖騙局,1
前員工,1
評證明,1
楊筱花,1
假電郵,1
帶排,1
酪梨說,1
林瑾,1
張浩霆,1
張紹安,1
阿丞不歸,1
詢問律師,1
獲利輕,1
稱新盛,1
結合會,1
實稱,1
須補齊,1
隨後轉發,1
魚丸,1
張可換,1
機車後車,1
廂且,1
無其餘,1
梓寧性,1
愛小學堂,1
元群,1
組會費,1
梓寧,1
內販,1
錢慧筑,1
便須,1
內始,1
理財保,1
彈藥,1
血盟,1
有貝殼幣,1
林少傑,1
宗彥,1
負責承辦,1
活動業務,1
詢問後態度,1
優保滴,1
唐欣苒,1
絕不壓價,1
將積分,1
白不換,1
店員後取貨,1
順便查,1
純銀飾品,1
部舊,1
方所騙,1
同學張,1
獲利門檻,1
三竹加,1
小榕,1
惹怒,1
前後總共花費,1
權瞬間,1
一服,1
服務詐,1
顆鸚鵡,1
賣蛋後才,1
恆春省,1
北店,1
贖人,1
沒命,1
屬啊,1
莊關,1
現在貨,1
隱密護盤,1
一九,1
別說,1
貨本來,1
張顯示,1
連顯示,1
起漲,1
申請養,1
養老坑,1
遠遠離,1
不寧靜,1
楊雨安,1
杯中,1
動蠻,1
還虧本,1
實戰課,1
隱含,1
裡無比,1
關內容,1
林哲旭,1
上共買,1
主發給,1
曹竹玲,1
賬號始,1
淘寶新,1
服務能夠,1
張倩給,1
林香賢,1
當他過,1
把幣轉,1
讓頭,1
此不疑,1
組參,1
薩琳,1
案將,1
價將,1
任會頭,1
納之會,1
收會,1
願租該,1
軟體疑,1
之圖,1
惟疏,1
租車位,1
有產生,1
改暱,1
尚無新,1
淘寶找,1
貨運聲,1
資專員,1
客討論,1
吳律師,1
吳律,1
秦卉,1
洋寶寶,1
挺直,1
親友群,1
賴紹東,1
給費用,1
歌站,1
幫人領,1
昌倫新視界,1
夜貓,1
獎還,1
彩還,1
往南方,1
自撞,1
車拖去,1
連修,1
修車後才,1
這擺明,1
成關鍵,1
楊易杰,1
智祥雨,1
下百萬,1
終於解鎖,1
取林,1
無套,1
正義感強,1
現以,1
王誌,1
假美,1
監執行,1
繳條碼,1
其兄,1
淋下,1
商後決定,1
雅欣要,1
分雅欣問,1
續雅欣教,1
名帳,1
何妨,1
取小額款,1
火瞬間,1
那短,1
取大,1
以後若,1
初查,1
最後都化,1
坦言,1
驚感,1
旅飯,1
極其難,1
倒票,1
圖換,1
金采,1
標榜素,1
兒體驗,1
付之類,1
東大門代購,1
常買,1
小溫妮,1
我欲領,1
力爭,1
狂漲,1
著斯里蘭卡,1
抵達斯里蘭卡,1
錢款轉,1
著天,1
系統網,1
熟宅配,1
湯不說,1
吳沛沛,1
色香味,1
厭惡,1
卡明細,1
其宅,1
投幣式,1
稱江志明,1
秉成,1
稱秉成,1
婉茹,1
日後驚,1
冠修,1
還之路,1
奉天,1
宮錢母,1
東森門市,1
並把遊,1
邱智徽,1
嘉興嘉華,1
行員聯手,1
信運大,1
企業主,1
一波接,1
找賴,1
珊雪時,1
叫曉莉,1
娛樂票務,1
夢展,1
劉皓展,1
需追,1
它會成,1
麻將樂坊,1
手搖磨,1
豆機,1
哲峰,1
低價賣,1
酒詐,1
機空,1
暢拍,1
曉柔,1
投資小額還,1
還向凱,1
轉超,1
過額度,1
南英門市,1
加單,1
免費餐,1
知中華,1
分別匯,1
號八國,1
劉筱玲,1
太大需,1
遭謊,1
惟事後查,1
時請,1
換匯率,1
駛詐,1
寶嗎,1
先兌,1
台幣還,1
照到,1
江明翰,1
何經理,1
而要,1
城會員匯,1
之銀行號,1
詢貨態,1
抽樂高,1
專員且,1
須網,1
帳九筆,1
列止,1
退延,1
認識謝,1
時就將,1
袖帽,1
短頭,1
北分監,1
出監,1
鳳妃,1
鳳飛,1
辦理代儲,1
石升級,1
回刷給,1
其代儲,1
回刷,1
費交給,1
麥克越,1
最後設,1
登販售,1
真神,1
幾百萬進,1
蜂膠膏,1
此步驟,1
手動驗證,1
機車後搖臂,1
這日,1
房訊息,1
意能,1
賣貨架,1
穩穩收,1
地把幣,1
常存,1
問自稱,1
並無細,1
過代操,1
蔡幣,1
金對方,1
李易揚,1
航器,1
孫憶秋,1
鈕後自動,1
簽時,1
加錢並,1
完金幣,1
其卡號,1
帕特,1
法見,1
朱沙,1
億給,1
戶資格,1
逸宸,1
超商年,1
元之代,1
數後即,1
金資訊,1
介紹群,1
處理會員,1
隨了,1
渠人,1
應允,1
銀行埔,1
銀幕錄,1
影確,1
記錄現,1
商常勝門,1
市門市,1
北區長,1
勝路,1
財產成,1
書本給,1
交銀行,1
頭卡,1
李驚慌,1
之餘選擇,1
誠可貴,1
保護價,1
不檢查,1
至木新,1
頂城,1
目真偽,1
若察覺,1
報保證,1
投資場,1
詢問貨,1
通貨共,1
實錄,1
簡士凱,1
楊才,1
應諮詢,1
靈精,1
以出,1
地通過,1
則無法,1
圈相,1
將其賣,1
台灣安頓,1
發自內心,1
語不僅,1
財產款,1
將財產款,1
義美,1
他義美,1
並訴,1
于雨珊,1
每當詢,1
表來,1
非華南,1
代強,1
稱陳仕洲,1
並就車,1
認在,1
貨亦不退,1
來隊,1
搜尋適合,1
人資小純,1
報金,1
日台灣,1
移戶口,1
管轄地,1
萍語,1
莊人,1
探屋,1
吳昱農,1
包遺,1
以開始,1
安產生,1
溫淑雅,1
繳保護費,1
旅居海外,1
結交台灣,1
益馨,1
請繳,1
跑動,1
張文,1
這幾萬元,1
框還,1
厘島,1
可愛我,1
記代碼,1
籠時,1
謹慎絕,1
三大詐,1
朱民所發,1
簡訊後來,1
威丞,1
威丞告訴,1
回代,1
基底,1
承交後會,1
證明靈,1
天翼,1
圓組,1
龍鎮,1
張嘉銘,1
銘記,1
金額確,1
許柏菡,1
購水,1
購是,1
奢華之眠,1
早還,1
信貸並,1
出金穩,1
光榮街,1
幫人辦,1
巧筠,1
樂歌,1
三節式,1
雙馬達,1
應後依渠,1
網頁後面,1
並於頁,1
問官網,1
美助,1
至群,1
將富爾世,1
吳國正,1
郭銘心,1
職員林,1
豪文,1
全頻,1
戲幣且,1
紅娘,1
調會員制,1
標紅,1
進階活動,1
雜許,1
有安撫,1
正規票,1
谷俊傑,1
裡很感動,1
每過,1
命運聖契,1
賽普,1
勒斯,1
老濕,1
給茶,1
並一張,1
張截圖,1
不玩,1
點準備,1
東見面,1
開幕戰,1
文感覺,1
當天照,1
前聯絡,1
如非,1
家樂福門口,1
小教訓,1
圖申,1
將打,1
但櫃,1
親自到場,1
會員裡,1
共計將,1
湯某,1
壓紋,1
防塵袋,1
終約定,1
服務交給,1
放新,1
代稱,1
幣當,1
隨後弘,1
終該,1
額累積,1
蘇菲,1
這位櫃,1
將獎勵,1
簡慧玲,1
將數筆,1
東英,1
岩泉普,1
就會親,1
卡和款,1
浩南,1
並謹慎面,1
各別轉,1
介紹榮,1
說會計,1
斷腳,1
號南信,1
並限時,1
詢永豐,1
經由國外,1
故合計,1
會宅,1
操盤者,1
宜美,1
完有,1
顏紹勳,1
招戶,1
轉一萬塊,1
金之話術,1
稱林宸,1
主動私,1
鄭男轉,1
帳港幣,1
惟陳,1
男後續,1
鄭男是,1
發文後對方,1
數因,1
故共花費,1
裝買家,1
潘小莉,1
時常表達,1
運輸單,1
價商務艙,1
著弘源,1
領何種,1
分鏡,1
黃偉,1
分一個,1
房東作,1
短約,1
華以,1
欺言語,1
華陸續,1
有元氣,1
當歸,1
后里店,1
慈厚宮,1
香松,1
華均,1
老婆大人,1
頭張,1
稱道,1
粗寬,1
台灣國語,1
邋遢,1
綺用,1
邱莉,1
欺屬實,1
會構,1
稱陳志遠,1
寄給給,1
是澤翊,1
澤翊推薦,1
根據澤翊,1
澤翊,1
點後遂,1
世忠才,1
證截,1
程驗,1
證掛,1
辦低,1
收戶,1
假籍,1
超商龍,1
井遊園,1
陸爽,1
放工,1
拿薪水,1
賠高,1
鹿草,1
號租賃,1
將殺,1
飯友,1
興北門市,1
大孝門市,1
好鎖定,1
假群,1
儲金及,1
可實現,1
出金擔,1
某電話,1
被種,1
周周周,1
貨太多,1
著行銷,1
並測試,1
難得繳,1
這機率,1
手續法,1
專員客,1
顧至鑫欣,1
一雙金,1
林曉萱,1
楊語,1
合金材料,1
幾天後降,1
許漫長,1
富藝,1
假花,1
少衝動,1
感瞬間將,1
欲裂,1
噩夢帶,1
小柴,1
立馬答,1
說熟,1
謊言像,1
然有個,1
元學費,1
回資金滯,1
免費樂齡,1
工牌,1
投資勝率,1
認發貨,1
潛水衣,1
當我至,1
臉書查,1
著音響,1
噩夢並,1
萌萌絨,1
鑽機,1
著驚濤,1
駭浪,1
遇暴,1
致氣,1
購買氣,1
運輸費用,1
那英俊,1
旅展,1
李梓琪,1
會票轉,1
時中華隊,1
現至,1
特販售,1
女關,1
王琬婷,1
遍回,1
私訊者,1
人員禮貌,1
便來電,1
而溫,1
資深樂迷,1
樂團終,1
實票,1
絕不詐,1
阿哲心動,1
女陳曉蘭,1
侯銘璋,1
內握,1
流浪狗,1
附著,1
動保,1
權限會員,1
茶室,1
朝夕,1
指導詐,1
數筆入,1
最後連本,1
只勉,1
強轉,1
初犯,1
送連結,1
新電玩產品,1
相當強,1
面後現,1
爭團媽,1
不倒翁,1
優惠太好,1
般湧,1
抑著雀躍的,1
批發給,1
回帳,1
著顯示,1
機騙取,1
比錯,1
失經,1
典賽,1
而付,1
臉書動,1
漫星際,1
支球隊,1
捶打,1
吹散,1
專開,1
幹部傳,1
而後致,1
套服,1
收貨後才,1
先弄,1
一弄,1
輸錢城,1
週為,1
結果表,1
贏金額,1
工小張,1
並無太大,1
維護店,1
十分迅速,1
幫入,1
拖款,1
運寄來,1
當打開,1
所談,1
屋買,1
該物業位,1
房後退還,1
該計劃,1
何未見,1
行為產,1
其商業,1
使弟,1
諾斯,1
賺金,1
額度驗證,1
關酬,1
討論後加,1
勉義,1
小義,1
湯欣瑤,1
然後按造,1
蔡佳琳,1
點半遭,1
謝怡孜,1
方瑩,1
李雅柔供,1
洪葉,1
五萬才行,1
並將元,1
多下,1
聖達,1
萬元本,1
清溪,1
江怡君,1
分謊,1
會員訊息,1
對方主,1
王淑如,1
完後專員,1
組協助,1
葉蓉,1
啟視訊並,1
關用,1
當送,1
當太,1
組熱烈,1
親自求證,1
會員主動,1
榮成,1
號樓,1
稍後登入,1
須經金,1
張供,1
共傳,1
覺納悶,1
訴訟律,1
渠接,1
渠傳,1
看此,1
彈等產業,1
隨後又分別,1
范嫌還,1
對范庭維,1
帳號劉,1
面後視,1
宗陽,1
設蝦,1
傭金新,1
報後本,1
筆電出,1
發站,1
時會聯,1
諺邀,1
投資林民,1
之後林民,1
李岳謙,1
除帳,1
內尋找,1
談論並,1
渠洽,1
談約定,1
詳宅配,1
渣渣輝,1
明當天,1
電銀行詢,1
問查詢,1
群義,1
代書林志賢,1
林志賢,1
稱趙淑靜,1
回金錢,1
及排,1
開通代銷,1
經平,1
商即,1
商逸宸,1
繳交卡費,1
李女後將,1
前後計算,1
攝台,1
還不見,1
劉民說,1
並調閱,1
郭女發,1
數也標,1
比官網,1
得超,1
經理入,1
李冠勳,1
終抽獎,1
集資買,1
熱活,1
動氣氛,1
最受,1
穩拿,1
狀到,1
拼單,1
問廠,1
財政有,1
獲利才,1
輸有贏,1
最後第,1
剛儲值,1
連玩,1
提奧,1
並表態,1
號中獎,1
擇定,1
下市場,1
蔡文凱,1
販售掛,1
燙機,1
時後款,1
匯返,1
處玩遊,1
希拉,1
股浪濤,1
營業員要,1
萬元賄,1
組欲購,1
掏寶下,1
封鎖後人,1
鄭民才,1
信運福袋,1
女兒紀,1
流服,1
證方能,1
牛埔店,1
賢店,1
金旺店,1
蔡瑜姍稱,1
蔡瑜姍有,1
然約略,1
兒後續,1
代印,1
慧語,1
並於登,1
記後對,1
帳戶後將,1
網收尋,1
彩辰,1
買金門,1
蓮霧園,1
種植蓮霧,1
節他,1
許育銓,1
許男向,1
整地,1
充實型,1
許男謊,1
名義之訊息,1
已無個,1
四村路,1
統一久,1
新入,1
景大和門市,1
興泰門市,1
躺平,1
更巧,1
發資訊,1
嚇破膽,1
數來換,1
錢證,1
明費,1
零開始,1
郭美,1
區北園,1
寶園,1
翰川,1
賣福袋,1
錦花門市,1
費壓,1
尖石,1
地號,1
芷琪,1
將錢席,1
再馬上,1
已經變,1
種類給,1
夠領,1
媽所,1
銀轉帳,1
稱誠哥,1
稱睿睿媽,1
鄭曉妍,1
將加,1
禮拜後會將,1
經由櫃,1
音講,1
賣方下,1
阿萱,1
怒斥,1
緊購,1
紅龍魚,1
王嘉慶,1
家俊出,1
籌三萬元,1
阿嬤用,1
三義農會,1
農會稱,1
問父親,1
完貝殼幣,1
序號後馬,1
猶太人,1
這書名,1
現身詢,1
甲旺門市,1
九龍,1
十萬港幣,1
升等會員,1
需不低,1
至約,1
之秋,1
用資,1
將隨機,1
補添,1
這次則,1
雅人,1
許村長,1
寶雅期,1
貨產生,1
綠豆,1
打線,1
渠電子,1
且訂,1
元稅費,1
已經作,1
易玲,1
菊花,1
明子,1
民以,1
週會還,1
承佑將,1
聖隆,1
東峰,1
鎮西寧路,1
帳戶費,1
楊武豪,1
小鳳,1
著疑,1
問跑,1
呂素,1
珊珊收,1
這時峰,1
投資單,1
放寒假,1
廷約,1
在羅東,1
點茫,1
聲教,1
回東,1
澳過,1
原來林,1
告狀,1
財物的關,1
資查證,1
專員之線,1
著技術,1
操服務,1
組變,1
小比,1
報案表,1
李大人,1
風風,1
火火,1
純真,1
空空落落的,1
一片狼藉,1
裡那麼,1
小比爾在網,1
著牙付,1
遺棄,1
那酒款,1
著新導,1
航到,1
九把刀,1
價更,1
排不上,1
感都,1
刺扎,1
拔除,1
則藉,1
之戒,1
著空出,1
清爽,1
這約會,1
阿坤進,1
語氣要,1
而生,1
元大金控,1
本來網,1
獲得點,1
筆開,1
稱要還,1
陳俊賢,1
著大陸,1
同擔,1
無限加碼,1
學費現,1
還鬧,1
真誠所,1
獎金滯,1
新仁路,1
少塊,1
森態度,1
活動詐,1
莊育,1
名義不出,1
貨亦不歸,1
分視,1
有透,1
鬥雀,1
購鬥雀,1
信及,1
練書訊息,1
主所定,1
攤所,1
由五個,1
場我,1
粉價,1
場匯,1
場刮,1
由六個,1
前後後銀行,1
偉倫名,1
團給,1
銀管會,1
經理後稱,1
其心防,1
勝邦及,1
討商,1
轉退,1
轉薪,1
至土,1
銀詢,1
而散,1
自明,1
幫助予,1
幣始,1
中聯邦,1
王立,1
發送統,1
區工社,1
商二鎮,1
元大頻,1
稱虎科,1
充幣後才,1
張凰慧,1
隊詢,1
動而加,1
程蛋商,1
郵址給,1
郵址,1
拒未,1
屢行,1
運授權,1
其幫,1
異遂播,1
他且,1
假抖,1
經轄區員,1
以後買家,1
並連動,1
畢後覺,1
台灣線,1
王熙,1
推特小號,1
統審核,1
精挑,1
百貨品,1
質館,1
罐固態,1
林曉露,1
人系統,1
人拉黑,1
閱對方,1
上蒸,1
連機器,1
而持續,1
直跳,1
冰刀,1
躍的,1
取貨頁,1
頭空,1
老師陳彥,1
寥寥,1
那無法,1
明細交給,1
菱用,1
更遠,1
從嘉義到,1
無奈至極,1
犧牲者,1
劉宇哲,1
執地,1
真多,1
畫穩,1
自抑,1
喜怒,1
哀樂,1
必須還,1
痛痛快快,1
地玩遊戲,1
往後不會,1
口子,1
那個給,1
聲情,1
主播口,1
調假貨,1
協助開,1
未覺,1
掙脫,1
著裁,1
構思著,1
身過,1
職證券,1
隨即轉,1
跨過,1
條線,1
思俊極,1
連向,1
幾張靈,1
最後取,1
簡短得,1
地沉,1
小美向,1
來樂觀,1
付十萬塊,1
酷店,1
人好,1
評不斷,1
外運動,1
還極,1
著小彤,1
著驚人,1
電腦螢,1
專家能,1
沈雅茹,1
奢華之旅,1
酬秦,1
迷思,1
投資都極,1
確實換,1
許是換,1
財務會計,1
美夢成,1
著捷徑,1
訂金後就會,1
攀附,1
越痛,1
神智不清,1
我媽付,1
新假,1
房仲楊,1
幾代人,1
技術名,1
金到帳,1
我雀躍的,1
給小輔,1
決定換,1
花田,1
小烏龜,1
糊住,1
一萬次,1
出逃,1
正盛,1
送許,1
落英,1
還專門記,1
機記,1
西装,1
幾注,1
有輸,1
有贏,1
彩迷,1
行都,1
叫麗雯,1
中獎會,1
之餘馬,1
花藝設,1
遍責備,1
沮喪感,1
贏間,1
這幣商,1
竊喜著,1
好康訊息,1
藍心,1
感人肺腑,1
做件,1
點墜,1
變十萬,1
著國外,1
打開線,1
明案,1
驗賣家,1
並接觸,1
出口商品,1
淘寶經歷,1
好美,1
互動感,1
交際社,1
為錫鑫,1
嫌錫鑫,1
灣玩,1
鍋鍋,1
發言欲購,1
票予,1
之電,1
邱婷鈺,1
夾子,1
總會用,1
問鼓勵,1
特助將,1
隨後特助,1
確保高額,1
手有,1
投資戶,1
問話術,1
啟晨,1
雪鳳,1
泰達弊,1
我事後達成,1
天週期,1
物內,1
朱江賞,1
雪碧,1
作勢,1
描器,1
回掃描,1
將飲料,1
胡先生,1
富星,1
中即,1
營養粉,1
簿記,1
遞且,1
師姊,1
當作代購,1
陪玩代儲,1
市價來,1
買來裝,1
兩人用,1
剛拆下,1
電至華南,1
超優,1
對方輕,1
王伊帆,1
案後經,1
應徵保母,1
保母家,1
楊嘉淇,1
要課,1
徵稅務,1
王男一樣,1
王員以,1
男詢問,1
王男稱,1
將水產,1
撤告,1
兔寶寶媽媽,1
紫琪,1
倫特及,1
而離,1
之萊爾富,1
瓊惠大師,1
林俊嘉之林,1
分騙,1
稱買點,1
還離開,1
填貨單,1
萬後和郵局,1
選果機,1
洗選果機,1
群組後協商,1
幣獎,1
費方得,1
獎費用,1
鏡像裡,1
億不動產,1
蔡侑霖,1
儲款,1
面後金額,1
龍自稱,1
要來領,1
開心臟,1
林文華通,1
電話後林,1
文華說,1
官黃立維,1
立維說,1
的許,1
賣貴,1
商常,1
二連三撥,1
騷擾並,1
謝哲,1
青美學,1
僅付,1
未繼續,1
之後檢視,1
奶葆,1
劉佩妘,1
萬會給,1
崇善,1
及薪轉,1
繳予,1
渠個,1
好運相,1
親以,1
買玉鐲,1
單申,1
但大筆,1
一萬元現,1
退堂鼓,1
搜尋辦理,1
擊免,1
充驗,1
以後取貨,1
頻道裡,1
方別,1
通苑,1
隨後會將,1
群裡頭,1
數發,1
談笑間,1
夜空,1
中閃爍,1
經熱絡,1
便交給,1
假委,1
五十八年,1
俊美,1
失業者,1
投資馬,1
股想,1
一丝,1
這半輩子,1
陰冷得,1
勾走,1
比貧窮,1
渺小,1
拒絕給,1
夜飯,1
轉賣後會分,1
著憂鬱,1
那七萬塊,1
嘉是,1
中學弟,1
江敏,1
做放貸,1
福雅路,1
名義轉帳,1
以代墊款,1
日戴惠,1
仙稱,1
給戴惠仙,1
芭樂手,1
景色,1
某生,1
邱衫曉,1
機場裡,1
樂集集,1
賴浩邈,1
愛香氛,1
中記取,1
平順,1
張靈,1
實物時,1
城裡面,1
旺幣,1
顆地,1
再添,1
為陳筠,1
喬小柒,1
現在給,1
點擊鏈,1
審當,1
天入帳,1
萬裡,1
證留給,1
辦理款,1
過財務驗證,1
坐票,1
賣玲王,1
寶換點,1
手劇烈,1
稿子,1
找不出,1
這無孔,1
傅佩詩,1
還沒接,1
並並,1
妹欲拿取,1
分依續,1
時累,1
倒頭,1
昏天暗地,1
頂著,1
沒有花,1
即泰達幣,1
向羅妮妮,1
再解,1
妮講,1
照羅妮,1
以後羅,1
中盤,1
錢後羅,1
傳虛擬,1
詳情給,1
聊電玩,1
哭哭,1
我十萬錢,1
給我網,1
流光溢彩,1
費算,1
車馳騁,1
血肉,1
算溫,1
泛濫,1
濱海灣,1
我事後陸續,1
最後男,1
前後總損,1
賣家貴,1
偷資詐,1
更藏著,1
幣領,1
陳鈺瑩,1
關於收購,1
解壓力,1
良伴,1
調假,1
貨可退,1
終於寄達,1
蕭小玲,1
氣滿,1
不動心,1
山芋,1
直擊,1
我揮手,1
小磚,1
著鉅額,1
萬起,1
款驗資,1
人會轉,1
會假,1
裝在網,1
承諾貨,1
許多裁,1
進口紙,1
雕藝術,1
紙劇場,1
成徹,1
連結同,1
好的橋,1
多熱情,1
車工,1
常春藤,1
工業路,1
號長,1
春藤門市,1
相器,1
從空,1
號南,1
戲騙,1
王藝晴,1
蓮華門市,1
儀表小盾,1
一體,1
內蓋,1
靈光晶城,1
李嘉媛稱,1
遭鎖碼,1
連廷維,1
證書來,1
前諮詢,1
還允,1
許遠端,1
勞動合,1
辦公電腦,1
某連鎖,1
定恩,1
翁士翰,1
竟偽,1
造存,1
經歸還,1
細調查,1
改存,1
文書詐,1
英荃,1
桂德門市,1
中安路,1
講幾句,1
遭無法,1
搜尋清淨,1
樂金空氣,1
即為,1
異常後詢問,1
蔡振浩,1
可掃,1
描圖片,1
訂金來展,1
學士帽,1
問臨,1
櫃行員,1
嘉宥,1
盧慶,1
費和檢定費,1
將更多現,1
李曦緩,1
鎖費用,1
自願給,1
義務歸還,1
冠駒,1
我連車,1
禍罰,1
結巴地,1
著威嚴,1
蓋著,1
對方個子,1
繳交四,1
內容後決定,1
假綁,1
有座,1
受邀者,1
也親,1
林昊威,1
城來,1
賣漲,1
新聞察覺,1
資訊想,1
聚財軒,1
先買進,1
亞清潔,1
掃且,1
虛寶禮,1
代儲系統,1
總共發生,1
儲風險,1
輕資產,1
珍賞,1
撤資時,1
張天見,1
林曉麗,1
遞查詢,1
李專員來,1
運規則,1
檢視群,1
認證節,1
因買家案,1
書閱,1
對方承諾下,1
煙火派,1
對入,1
變富,1
並匯出,1
方代換,1
回道,1
追討罰,1
李惠娜,1
現後面,1
幾天後詳,1
細詢問,1
山雞,1
瑪特銷,1
售訊息,1
隊方購,1
裡顯,1
添煌,1
按過,1
單純且,1
帳買幣,1
泰達幣後轉,1
去後導,1
關後續,1
人比,1
我點閱,1
然兌,1
換獎,1
受洗,1
超商緣,1
于子程,1
分開匯,1
我元大,1
且凱,1
基銀,1
遊覽,1
幫暱,1
稱小呼安,1
網友代,1
魚香,1
金平,1
他代碼,1
性回,1
窗能,1
這起理,1
投保人,1
遁形,1
一假連,1
日後會將,1
未質疑,1
上夾,1
機活動,1
並私訊主,1
內廣告,1
保遊戲,1
額能,1
上頭會,1
並傳過,1
方真會,1
灣開店,1
無聊時,1
軍無法,1
假軍人,1
場遊戲,1
中無卡,1
事後開始,1
過程產,1
醫思,1
方欲洽,1
描後進行,1
天蓋,1
遭一頭,1
三萬元許,1
還買入,1
剛發問,1
臨經濟,1
試開,1
操控性,1
航拍,1
繪圖機,1
購買繪,1
圖機,1
用大榮,1
四夜,1
距離預,1
不遠時,1
這跟見,1
很果,1
我加婚,1
萬當然,1
職變成,1
裡這時候,1
百分之二,1
我想個,1
稅是,1
威猛,1
環繞,1
區新,1
但標,1
洗標,1
設遠,1
給恆生,1
浮名,1
雲南省,1
廳刑,1
分在員林市,1
絕對樂活,1
將賺取,1
輔導員凱茹,1
網友謊,1
以補,1
叫黃慧,1
稍後去,1
出明細,1
经历,1
体会,1
對方后,1
信者,1
轉款並,1
狼狽,1
著繁,1
疏離,1
轉介通,1
通貨轉,1
轉匯且,1
區及,1
藍舒瑄,1
永冠門市,1
故無損,1
素芳,1
時常為,1
財和心靈,1
電玩用,1
椅加,1
盤共,1
直未,1
賣家現,1
茫茫,1
文總是,1
揚宸,1
立式,1
笑傲江湖,1
飄香,1
溫長,1
價設定,1
分設定,1
江玫麗,1
側臉,1
更顯,1
發榮,1
誠資產,1
孫鴻傑,1
至成,1
勝利路,1
守夜,1
發財夢話,1
湯一樣,1
一笑置之,1
蔡曉琳,1
書友會,1
葉秀惠,1
陶藝,1
青春活力,1
參加樂齡,1
鍋之類,1
聯絡宅,1
因宅,1
帳號後給,1
關花蓮市,1
日媽,1
媽要,1
保肝藥,1
因產生,1
之顧,1
肝藥品,1
轉自稱,1
裡打雜,1
寶聚財,1
永遠刻,1
傷痛裡,1
其副理,1
協助代發,1
青青,1
視會員,1
採購案,1
單看,1
地偽造,1
各種術語,1
檔補,1
將失敗,1
金流費,1
保薪資,1
發放無誤,1
遇見毀,1
枯寂,1
利潤遠,1
解鎖驗證,1
伙輕易,1
將聯邦,1
負責國際,1
證後歸還,1
組均,1
其共計,1
低價頂,1
三萬訂,1
算什麼,1
回高雄,1
武德,1
前站,1
音裡,1
電腦業務,1
情時,1
組項,1
員介紹,1
最後新,1
帶其返,1
骨髓,1
某車業,1
來委,1
韓國車,1
車商金,1
楊鳳,1
幾天馬,1
呵呵,1
很苦,1
費全,1
過美國,1
美國網,1
學習室,1
楊沛涵,1
輕輕地,1
個線,1
洗資料,1
曾俊彥,1
總指導,1
萬華店,1
手機後向,1
共五個,1
通銀行代,1
過我來,1
獲藍新,1
范羚鈺,1
轉借給,1
區聯邦,1
銀行士東,1
臉書瑞城,1
買斐翠珠,1
寶飾品,1
貨之後會,1
小眼,1
洞悉,1
萬賢,1
減輕家計,1
太像樣,1
余雨菲菲,1
資訊遇,1
價七到,1
高檔貨,1
還厲害,1
包後供,1
藝斌,1
之後陳藝斌,1
特分,1
離式,1
般噓,1
張著,1
模壽,1
摩動核,1
藏道,1
邱家鈴,1
但十萬塊,1
著家鈴,1
時後如,1
給家鈴,1
家鈴,1
對家鈴,1
給部屬,1
活蹦,1
噩夢徹底,1
它承諾,1
金銀樓,1
弄垮,1
耳機時,1
假貨要,1
黑藥,1
萬坪,1
熱了,1
佳奕福祿,1
韓云購,1
王惠高,1
象龜,1
牧場,1
輻射龜,1
墨韶流,1
張國君,1
手機鈴聲,1
存一點,1
禮拜後保證,1
稀罕,1
呂斌,1
苦哈哈,1
同學久,1
違地,1
敘舊,1
店後會,1
營利後給,1
抽獎後網,1
劉家欣,1
成林,1
區金府,1
戶借,1
分以林,1
林文建,1
沈嘉慧,1
卡之餘額,1
溫建華,1
美睫師,1
熱蠟,1
站網,1
號已,1
幣萬元,1
朱詠,1
前後照,1
許光漢,1
並拍點,1
戀愛了,1
項自,1
林男均,1
加資,1
資注,1
原要,1
滯留金,1
買方後續,1
我練,1
分突,1
兩組統,1
張損,1
法租,1
當吧,1
可聯絡,1
會敬,1
槓來,1
槓鈴,1
騎士迷,1
蝗蟲變,1
身器,1
一開工,1
自反詐,1
過壞,1
連蔡佳玲,1
以維城,1
為旭達,1
扁平,1
橘葉,1
賴茹芳,1
異親,1
自詢,1
友本,1
傳福袋,1
購買勞,1
迪通,1
稱小豪,1
號碼並,1
往後勁,1
首由買,1
匯豐銀,1
盜刷及,1
吳盈,1
手手,1
看產品,1
林民繼續,1
軟體後先,1
牛樟芝訊息,1
匯手續,1
發並,1
母愛依伴,1
出潛,1
心令,1
危險來,1
物業績,1
還有婷,1
並請婷,1
向辰,1
儒匯,1
想結,1
早察覺,1
名為峰,1
網社團,1
一個員林市,1
金未來,1
貨運的網,1
問此,1
職一陣子,1
每本,1
外鞋,1
櫃中,1
若不站,1
這禮,1
色澤都,1
水色,1
寫後快,1
這麻煩,1
提估,1
明細轉,1
分兩天,1
紀錄始,1
益聯絡,1
太多質疑,1
組能夠,1
高星,1
背後的驗,1
橫跨,1
元內,1
代只,1
盜版耳機,1
泉舜古,1
雍正,1
稱黃筱靜,1
資金察覺,1
天宮珠,1
賠攏,1
機交,1
前四筆,1
詳細個,1
明會時,1
隨意交,1
邊貴重,1
人成,1
金流動費,1
游姿瑜,1
超靠,1
需登入,1
其登入,1
將二張,1
陽有,1
鵬輝,1
最重,1
剛剛查,1
夏雨薇,1
事還,1
過流暢,1
嫌話術,1
資稱,1
秦暢,1
增資股,1
時累積,1
但林思妤,1
該林思,1
商討價,1
候贏,1
遊玩到,1
樂遊,1
戲館,1
遊戲館,1
恋將,1
音游,1
鄭川恋,1
分鄭,1
恋傳給,1
恋有,1
恋馬上,1
停運,1
恋從,1
賭博廣告,1
以後辦,1
寶貝計畫,1
現才,1
丫所,1
傳駕,1
照個資,1
我事後已,1
事後經紀,1
寶當,1
寶後會,1
卡七筆,1
容則,1
歐元給,1
控裡面,1
稱恆泰國際,1
以貼,1
徵告,1
林婉瑜,1
張告,1
徵文要,1
元氣,1
人翔翼,1
手龍,1
成祥,1
報價格,1
寄貨日,1
何阿茉,1
傳暱,1
籌新,1
還多還,1
富詠,1
商鈺米,1
縣苑裡,1
鎮山,1
柑里,1
元後離,1
催討本,1
阻計劃,1
欣妹,1
昊輝,1
有星宇,1
牛運,1
盛雪,1
出貨承諾,1
簽約則,1
虛擬幣轉,1
顆太達幣,1
小安購,1
但綽號,1
顆匯入,1
楊宗鑫,1
方之台,1
數五筆,1
之廣,1
外文系,1
來無法,1
熱愛模,1
跨區域,1
武庭鈺,1
最愛設局,1
須繼續,1
欺後遂,1
稱無及,1
稱股,1
義坊,1
地計劃,1
組等,1
艦大,1
詢貨物,1
假寄貨,1
沒遇過,1
自帕尼尼,1
熱愛球員卡,1
駐點員時,1
趕緊給,1
還囂,1
酸言酸語,1
數卡數,1
搭捷,1
著買,1
滑倒,1
認機票,1
繳費後才,1
行不通,1
裝誠懇,1
只學,1
推總泵,1
周文婧,1
一把手,1
感絕,1
很齊全,1
盤本來,1
單寧,1
方相,1
當誠懇,1
送禮外,1
商匯款,1
以騙術,1
資料準,1
詢問網,1
掛個,1
地熱情,1
入數,1
資順利,1
資和騙,1
性相關,1
先用色,1
或視,1
確認後馬,1
個誠心,1
賺得會,1
貨我購,1
非盜,1
稱為維,1
指導並,1
提共連,1
號許,1
平連結,1
會員暱,1
許去,1
付費成,1
之金幣,1
將禮物給,1
成禮物給,1
成禮物,1
數千,1
金卡會員,1
鋸子,1
湯旺門市,1
辛勇,1
親密感,1
隨後又拉來,1
殺戮,1
氣得直,1
鈕絕,1
將變,1
統的關,1
還順手,1
舊號碼,1
來後選擇,1
詞變,1
程錄,1
隱私會,1
崇盛,1
豐碩,1
王芊仅,1
看銀行,1
還全權,1
黏膩,1
數廣告,1
股想贏,1
號又補,1
發生氣,1
爆案,1
師會教,1
一個幣安,1
信夏夏,1
講解師,1
收手機,1
手機型,1
講這事,1
還跟鄰,1
號還款,1
穿衣服,1
方偷,1
楊曉,1
弄到手,1
完兩,1
神出,1
成員騙,1
見人,1
釣像,1
癱瘓,1
經驗銘記,1
信義雙和門,1
然後準,1
試彈,1
琴頸調,1
整桿,1
聖德,1
王秀藝,1
吳世哲,1
暫列爭,1
悲憤感,1
地掠,1
徵購,1
貨後並,1
懷疑吳,1
反應後賣家,1
地吹噓,1
付補,1
真誠得,1
抑氣息,1
點了頭,1
減少後續,1
來面,1
需外勞,1
西方,1
休士頓,1
三分之二,1
船務費,1
穿紅,1
女人真,1
行下,1
抽香奈兒,1
楊賢用,1
養電信,1
購物裡,1
金流確,1
狄驤,1
逗我,1
期穩,1
問我戶,1
別讓類,1
郵箱裡,1
金鐘,1
這區區,1
買樂點,1
這望,1
中兢兢業業,1
百毒不侵,1
個試,1
將難,1
謝孟恭,1
稱丹兒,1
先刷後退,1
皮的網,1
用圖,1
麻中,1
桌加,1
光德路,1
整交給,1
樊凱,1
大學剛,1
記費用,1
裡揣,1
累壞,1
寵愛的,1
氣付,1
明晃晃,1
稱林倩倩,1
先匯馬幣,1
用馬來,1
碼馬幣,1
經理梁,1
案分別,1
波上,1
勞停,1
講後始,1
玩金,1
越玩輸,1
鼎翊,1
回輸,1
頭店,1
銀鑽金,1
盧我,1
騙色,1
亞培心,1
美力,1
談後稱,1
國泰銀行線,1
隨後我照,1
安裝熱,1
電路,1
裝熱,1
能裝,1
來後察覺,1
我血氣,1
願意試,1
隨後我要,1
續談後續,1
可排,1
開學業,1
三不一要,1
一概不理,1
確便,1
這來,1
快壓,1
局須,1
小安將,1
當小安,1
以次充好,1
僅價值,1
當阿輝,1
右滑,1
約來,1
先後拍,1
窮途,1
末路,1
便表向,1
並拎,1
盒靈芝,1
盒山,1
戶會來,1
無人來,1
當小志嘗試,1
冷靜能,1
郭逸飛,1
克羅伊,1
服務藏,1
謹防金,1
流詐,1
其來源,1
物種,1
魚種,1
小豪損,1
規營業,1
當小玲,1
應核實,1
裡甚是,1
虧利時,1
月後接,1
證之名,1
明察,1
應查詢,1
報虛擬,1
主送,1
來維護,1
對方後顯示,1
王民便,1
問戶頭,1
繳酒,1
駕之罰,1
購買商,1
問他關,1
最想,1
唯須,1
龍燈,1
大約值,1
我會進,1
這個過,1
認證代儲,1
並針,1
名冠,1
儲虛擬,1
顧至本,1
團檢查,1
測試次,1
多導致,1
如贈,1
而後過,1
建宏之人,1
之漲,1
跌時,1
內買入,1
可降,1
三高及,1
免疫力,1
組甘甘好,1
鼎貴門市,1
鼎貴路,1
罐納豆,1
紅曲,1
地龍,1
張籍,1
價錢後要,1
點買家給,1
匯移,1
工匯款,1
費後之,1
榮用,1
榮來,1
尼家,1
某天收,1
群富理,1
財全,1
台代,1
辦群,1
貸業者,1
尚仁,1
友樂門市,1
随後接,1
並恿,1
新配,1
輕快,1
網拍界,1
衝評價,1
評價變,1
先建議,1
狂傳訊息,1
狂打,1
之後皆未,1
蔡欣顏,1
奧林匹克,1
整轉,1
務以,1
繳交汽車,1
賴成,1
相約同,1
王柏皓,1
進財論壇,1
其學校,1
最愛逛,1
年紀念款,1
仁福里,1
項代為,1
之後寄件,1
元償,1
傳動飾,1
正時,1
翻到後面,1
腦話術,1
店員拿錯,1
訂的貨,1
銀行親,1
群組話術,1
當另,1
專金,1
成珠,1
假買家陳琳,1
買家陳琳,1
熱愛機車,1
貨很熱門,1
最後面點,1
叫貝貝,1
電腦桌,1
賴政憲加,1
如視訊,1
調薪資,1
證沒事,1
而彰,1
將彰,1
銀和台,1
可愛又風趣,1
藍天店,1
對納,1
轉手後能,1
錯的納,1
與簽,1
委員何,1
有納,1
彌補前,1
連塔位,1
視訊驗貨,1
張士杰,1
業務快,1
聯合購,1
林佳琳,1
家檢視,1
拆掉,1
我陳巧,1
苹依,1
隨後又聽,1
台灣戶,1
頭能,1
始決,1
天河,1
蘇楠,1
許接觸,1
王芝頜,1
創匯,1
還在備,1
奇強,1
許多內,1
並先試,1
作業員有,1
作業員約,1
許芳,1
而驗證,1
故無從,1
故自稱,1
案後須,1
中多以,1
詐騙科,1
林文華科長,1
將依洩,1
收發室,1
詞及,1
真實求,1
周軒涵,1
未經過,1
系統彈,1
而類,1
經討,1
方屬,1
工街,1
渠之性,1
節剛過,1
佳節,1
銀河店,1
康榮門市,1
佳麗萱,1
之後領,1
準備裝,1
鎮新門,1
問陳凱斌,1
騙後不願,1
問圖,1
毛廂,1
網址將,1
貨驚覺,1
徐偲茵,1
戶觀,1
出後表,1
然後表,1
幸運數,1
猛瑪,1
象牙,1
洗地機,1
安檢人員,1
換龍頭,1
整現,1
金後離,1
完離,1
辦理後上,1
訊並,1
林瀅佳,1
交之,1
遲以,1
專員辦,1
虛寶總價值,1
圖頁,1
精選中,1
名王,1
秒將,1
失五張,1
大吸盤,1
透明化,1
這哪是網,1
爛產品,1
場子,1
苗粟,1
機殼雙,1
青商,1
巷當面,1
至業主,1
然後我會,1
率過,1
開顧問,1
分犯,1
網路頻,1
之後不讀,1
因謝,1
女為,1
何翔鵬,1
結截,1
陸續當,1
這筆鉅額,1
須給,1
獲利海報,1
這些轉,1
語氣嚇,1
瀚華系,1
賞的代,1
國泰世銀,1
從事賽,1
操馬票,1
標奧運,1
營程,1
可交,1
趴的擔,1
加銀幕,1
之後又經,1
入金共新,1
護工,1
傳企劃,1
兩位幣,1
稱事態,1
地歸還,1
家後越,1
販售聯,1
有富邦,1
落書,1
這筆驗,1
寶特瓶,1
辦大,1
創會員,1
介紹江,1
一順,1
回訊息後始,1
遺產後會,1
還兩百萬新,1
儲戶,1
完卡後給,1
粉絲進,1
內資,1
國義之人教,1
其傭金,1
惟事後驚覺,1
輕人將,1
將卡給,1
兒子講,1
剛開頁,1
文不多,1
最後會還,1
親自購,1
報表之間,1
身經,1
歷一場,1
許羞澀,1
先為,1
轉眼來,1
一笑,1
許多移,1
工剛,1
理短,1
移工願,1
意承諾,1
當房門,1
後門,1
姚素,1
秋心頭,1
筆工資,1
躲進,1
初來,1
卡號並,1
回頭客,1
這行裡,1
地搖,1
王浩宇將,1
幾天後話題,1
經入場,1
我勳,1
先填個,1
貨運驗,1
證員,1
低價代購,1
最後檢驗,1
學員穩,1
賴卿,1
音小課,1
純種,1
回合,1
保比,1
來維持,1
學該,1
金之金額,1
因無金額,1
元給系,1
詢金,1
鑰要,1
日國,1
同學問,1
資內頁,1
水槽,1
實木兒,1
童床,1
欲行,1
確認始,1
歐陽稱,1
元餘額,1
金到幣,1
以永源,1
張凱傑,1
翁嘉駿,1
排序,1
警衛後才,1
核發獎,1
壹柒參,1
販售命,1
運聖契,1
並論,1
小艦,1
超勇,1
畢維斯,1
逆熊,1
義指導,1
並明確,1
點蛋,1
將積,1
小民,1
許當面,1
蘭黛,1
木里,1
櫥櫃,1
然後陳文雄,1
之後陳文雄,1
張建明,1
處理員警,1
區王淑芬,1
抵達後告訴,1
謝哲顏,1
取票後犯,1
謙卑,1
證和簽,1
連簽,1
圖訪問,1
牛樟芝業務,1
貸款然,1
購療程,1
林佑全,1
愚公移山,1
是曉雯,1
關舊,1
內會發,1
獎金計畫,1
週六前,1
向旋轉,1
結賣家,1
並鎖定,1
郭逸榆,1
適合長,1
托育單,1
托育費,1
金正常,1
許延遲,1
之後能夠,1
膏狀,1
取些,1
淘寶天,1
貓大陸,1
成微,1
信點數,1
言之成理,1
許所謂,1
這能夠,1
開始驗,1
線程,1
日錄,1
影打開,1
絲該,1
還可供,1
獎金訊息,1
哥給,1
舊安卓,1
總共十幾張,1
媽購,1
不疑慮,1
一千零七,1
號後幾碼,1
某意識,1
正規且,1
是兆品,1
象來,1
普通商品,1
售後服務時,1
鐘佩琳,1
經的網,1
地浮現,1
管主婦,1
竟鬼,1
靜亦小,1
煽風點,1
主婦們,1
楊諾威,1
毛頭,1
做點驗證,1
開的價,1
著漫長,1
亞歷克,1
愛麗西亞,1
練級,1
統偽,1
自凱基,1
有凱基,1
仰望,1
小知識,1
揣著,1
手銬,1
資鎖定,1
當我興奮,1
二販,1
私訊代購,1
張可愛及,1
星伊,1
麻痺感,1
接著輸,1
般噬,1
這莫須,1
點經濟,1
出輪燒,1
手貨,1
好裝備,1
有着,1
確保系,1
統運行,1
這一登,1
不時發,1
宏投顧,1
給大戶,1
內盤,1
傷筋動,1
我後背,1
相會,1
勞動者,1
果陀,1
時內匯,1
包詢,1
換名,1
李瑞琴,1
那飽滿,1
鮮甜,1
腿肉,1
條包裝,1
肉質,1
腥臭味,1
假海鮮,1
優惠療程,1
蛻變,1
拍得實,1
賣家施,1
李智強,1
講財經,1
奇機,1
李國峰,1
一跳,1
新居,1
對方江,1
成員熱,1
國泰世華業務員,1
油膩膩,1
八家,1
各筆,1
舊書賣,1
銘自稱,1
王心凌,1
銘不斷,1
號了,1
賭金,1
謝凱生,1
此學到,1
事大,1
瑞倍適,1
林恩恩,1
說瑞倍,1
適現,1
劉明澤之人,1
將錢入,1
重訓,1
動漫星際,1
給益,1
游淑慧,1
胡美秀,1
稱欲見面,1
稱沛,1
應徵麻,1
以幣面,1
體將,1
小瓜,1
李兆霖,1
李雪清,1
萬合,1
計共儲值,1
地產且,1
賣頻,1
繁異動,1
禮網址,1
內餘額並,1
並於合庫,1
號碼將,1
面後瓶,1
涵會還,1
這場驗,1
局太高級,1
之寶雅,1
金為子,1
虛烏有,1
故方至,1
高雄久川,1
計員,1
接相關,1
林宇豪,1
狄津,1
報導稱,1
虞昕,1
但五間,1
談後以,1
這下單,1
領航學院,1
楊雨琦,1
中獎後點,1
心備,1
之機率,1
為元大銀,1
大壽險,1
而後楊,1
許翰,1
我金飾,1
書乙張,1
車源,1
過戶還,1
憑網,1
親自驗車,1
方裝備,1
核貸率,1
擇擇,1
最後一波庫,1
存清倉,1
那先,1
黑點,1
租約後才,1
空到,1
我斐波,1
那契,1
不選,1
科源則,1
科源面,1
何宗霖,1
滄海戀股,1
加回去,1
葉冠廷,1
奇岩,1
他裡面,1
以隱秘,1
誘惑性,1
耍卡,1
將無濟,1
研討群,1
組欣,1
點選後累積,1
貸不出,1
共十張,1
開刀房,1
早點康,1
時後未,1
開薪,1
手機車,1
號陳志宏,1
台銀戶頭,1
臉書大台,1
領補助款,1
始來,1
帳後跟,1
經常關,1
注市場,1
這款幣,1
討論度,1
時價格,1
比廣告,1
拉不上,1
主態度,1
心後果,1
幫助詐,1
面音,1
香之語,1
張爾維,1
方紀錄,1
至義里,1
靖所,1
楊世光,1
組繳,1
費條碼,1
繳費後發覺,1
韋凱,1
稱二爺,1
軍警證,1
快客,1
高雄店,1
職業緣,1
温勝斐,1
別人約,1
從會將,1
日幫忙,1
其音,1
中欲販,1
買楓幣,1
億購,1
廖美咕,1
廖桑,1
方後都,1
壯緣,1
賴柏恩,1
正神,1
否決,1
煽情,1
粉絲入,1
群須,1
之假線,1
異常馬,1
來圈,1
業務態度,1
雖然慢,1
富岡門市,1
致電貨運,1
以機車,1
瘋耳,1
動遂,1
這獲,1
購物用,1
歡告,1
選比較,1
空跑,1
投資後大,1
問確,1
廣播響,1
晨分,1
私訊晨分,1
收輪,1
吳建飛,1
進場期,1
稍後系,1
體育社,1
追討產品,1
罐草維錠,1
罐細,1
喜錠,1
覆盆子,1
無上,1
丞持,1
員給予,1
區義華,1
其遇,1
王遠,1
電業,1
臨財務,1
成員到,1
齊後在,1
發放連結,1
欲匯,1
方欲要,1
一成員主動,1
同時並,1
為泓奇,1
還得標,1
當場還,1
停號,1
局終,1
拉響,1
負責後果,1
正想詢,1
起眉,1
高額代,1
小慧聊,1
小慧興,1
我瞇起,1
商景,1
比圖,1
開圖片,1
按鍵色,1
連機,1
會放人,1
話音,1
剛落,1
宇主動,1
認宸宇,1
見宸宇,1
宇還,1
他絕,1
獲得店,1
截圖和驗,1
統處,1
沒罷休,1
高有,1
明票務,1
則約定,1
修水,1
房仲張,1
請驗屋,1
水電線,1
水電維修,1
仲張,1
螢的,1
房仲白,1
線維修,1
總價要,1
多資金,1
準備詢,1
繳交違,1
規費用,1
該多加,1
當累,1
積滿,1
你表現,1
假立,1
賠償系,1
統費,1
過無數次,1
勇氣加,1
店員馬,1
交融,1
茶餘飯,1
研討社,1
隨後又換,1
問便,1
還你錢,1
會怕,1
領錢然,1
數然後將,1
釋金新,1
完保釋,1
強迫性,1
方交給,1
單聯絡,1
運申,1
海產供,1
保餐,1
材能,1
干貝是,1
稱寶利,1
香醇,1
貞便,1
過局,1
仍停留,1
身活,1
毅是,1
玉樹,1
臨風,1
而後帳,1
自花費,1
卡費來,1
著觸,1
滑熊貓,1
事遭,1
爺在,1
並很積極,1
打合約,1
無人皆通,1
立馬至,1
失心,1
不族,1
太不節制,1
網路務必,1
所新,1
狗之圖,1
定信,1
介紹始,1
遍尋,1
執並,1
需避稅,1
分載運,1
認審核,1
小蝦,1
購施,1
男遊戲,1
問熱,1
資深會員,1
北苗,1
柿餅,1
延單,1
百貨大,1
詩曜,1
便興奮,1
梓豪,1
淘寶內建,1
連店,1
過淘寶,1
服務採,1
人員過,1
徵訊息,1
當幣,1
木馬上,1
發文買,1
賭場餐,1
飲部,1
門員工,1
所言購,1
數陸續將,1
開通後再,1
楊顯,1
其開啟,1
車編,1
百萬獎,1
企及,1
貪婪給,1
回鄉,1
萬贖金,1
將軍會,1
熱愛簡,1
該員向,1
亦傑,1
聊遊戲,1
下訊息,1
能擁,1
票證給,1
戲謔,1
太險峻,1
少人用,1
接線員嘆,1
子端,1
清風逸影,1
空留,1
守候,1
價割,1
糖上,1
拉回,1
上始終,1
弱者,1
渾渾,1
噩噩地,1
經營午,1
詩酒,1
投資輸贏,1
濕潤,1
佳里國,1
送學生,1
當獎勵,1
免郵資,1
許轉,1
賣動作,1
雅茜要,1
雅茜,1
續雅茜轉,1
儒要,1
下裡面,1
過意,1
之後就轉,1
張耀揚,1
頓時覺,1
消費金,1
無恥行,1
好厝邊,1
小女子,1
遂察覺,1
銷售業,1
女業務員,1
關於麻,1
荻津,1
已傳,1
給代開,1
稱代開,1
查順,1
一陣子後瑤,1
瑤給,1
先後線,1
稱夢想,1
剛好還,1
買三組,1
送三組,1
免費算,1
哥持續,1
達後一,1
芳莉,1
自葉門,1
重禮物,1
優貝,1
郭珮霖,1
至連結,1
買家匯,1
經由林,1
男介紹幣,1
寄小禮物,1
給林國豪,1
林豪,1
查詢款,1
被視,1
清誤,1
而後聲,1
打來詢,1
問教,1
此後即,1
金均,1
遙客,1
先小額轉,1
傳時,1
格網,1
脈講,1
台藝,1
購假,1
電消,1
保官,1
貨運委,1
願請,1
包轉換,1
師就會,1
投石,1
並在幣,1
過合約,1
就會連,1
新會員現,1
單滾動,1
石洧,1
一開啟,1
方周,1
女見面,1
灣辦理,1
因結婚,1
福清市,1
給周,1
婚後因,1
李堯勳,1
需與辰,1
百福具臻,1
名義代辦,1
中當,1
台灣線條,1
組兆,1
帳戶後且,1
新天地,1
老師將,1
楠要,1
會員後開始,1
楠稱,1
謝紹庄,1
彈出訊息,1
經拿不回,1
郭琳琳,1
毀約金,1
榨乾才,1
業界常見,1
還承諾穩,1
獲保證,1
一覽表,1
無奈下,1
活體魚,1
代儲網,1
來始,1
先賣給,1
互徒稱,1
縣員林,1
面選,1
經習,1
但應,1
並於訊息,1
隨後儲值,1
匯入致,1
留取,1
釋代,1
幫買代,1
一組美,1
異怕,1
每一間,1
木屋,1
徘換,1
眼鏡給,1
獎禮物,1
七選,1
鄭致,1
回退,1
龍祥,1
數補足,1
臉書二市,1
場賣,1
轉回入,1
訊息代號,1
精科,1
林清楓,1
金後請求,1
李小朋,1
先視訊驗證,1
經飆,1
因不察,1
創商場,1
伺服,1
及遊,1
過後未,1
內約定,1
供諮詢,1
保優先,1
咖啡色,1
壓花包,1
及店,1
稱賽,1
悠然,1
葉建弘,1
耶耶,1
中渠,1
詠程,1
裡處理,1
點訝,1
還撒嬌,1
比蝦,1
皮還,1
認真且,1
過一輩子,1
解勞,1
師了,1
認好轉,1
怎麼換,1
滿常在網,1
項攔,1
克瑋,1
數買給,1
循環購,1
送稱,1
主現場,1
六獎,1
代刮,1
區瘋狂,1
主馬上,1
中大聲,1
剩餘獎,1
合演,1
量策,1
珍奇,1
房東要,1
穩地,1
誘導先,1
真開,1
御宴,1
官燕盞,1
上托運,1
疑雲逐漸,1
越濃,1
葉斯宜,1
過於順利,1
核對訊息,1
幣或港幣,1
完才剛,1
中醫師,1
並不覺,1
配通網,1
鯊臂,1
鐘雅,1
屋需,1
車車,1
正上,1
社之臉,1
為莓,1
好代購,1
並保證取,1
貨員會,1
集貨運,1
福寶寶金庫,1
需私訊,1
一人安,1
森及,1
零遊戲,1
超商鑫,1
外出服,1
職別,1
相關性,1
是潤碩,1
軒以,1
龜龜,1
攝甜點,1
當超,1
劉晉艷,1
金共得,1
元須,1
其聯,1
結後一,1
然後先給,1
帳十萬元,1
還我後續,1
供代操,1
嘴小力,1
浩博,1
結新,1
劉厝路,1
大忠街,1
發文張,1
購汽車,1
子方,1
祥益,1
負責代操,1
彭銘慶,1
到後期,1
周宥騏,1
縈台灣,1
彭銘慶帳,1
商配,1
店換,1
王詩宜,1
歡線,1
中國購,1
蔡欣達,1
楊呈耀,1
成連鎖,1
王瑋恩,1
黑板,1
上奮,1
筆疾書,1
是慘,1
那閃,1
育人,1
進階計畫,1
凱莉米洛,1
制而凍,1
辛勞才,1
憤至極,1
破銅爛,1
那詐,1
開訊息裡,1
至里鴻資產,1
十萬十萬,1
飛回來,1
要伴,1
稿費,1
糖般,1
區安東,1
它帥氣,1
總共日幣,1
真蠢,1
阿志興,1
著求,1
心拒,1
絕兒子,1
地低,1
母愛,1
尋人委,1
退費委,1
費六萬,1
家面,1
臨崩潰,1
蔡晉,1
蔡律,1
師約,1
天辰,1
剩什麼,1
蔡律師,1
所核,1
證明門票,1
像顆,1
我咒,1
寫著超,1
幣買遊,1
林倚婷,1
有風控,1
地卡,1
花博公園,1
盡腦汁,1
念潔,1
影維生,1
魔般,1
吳麗萍,1
給迷得,1
大資金要,1
驚天動,1
我情,1
何以堪,1
面後會給,1
繁進,1
直罵,1
終不給,1
說愛我,1
經承諾,1
拆禮物,1
標識,1
老來,1
全國快,1
收快,1
遞後轉,1
教同學,1
同學馬,1
檢驗廠,1
機件,1
費被,1
視障,1
男廁,1
說儲,1
先清,1
陳俐彤,1
斯克太陽能,1
受矚目,1
淺俐,1
許志湖,1
之後會接,1
獲訂,1
將利潤給,1
搜尋反詐,1
張宸,1
私迅,1
二成,1
特驚喜,1
該禮物,1
自成,1
虛榮,1
冬瓜,1
券餐,1
搜尋後發,1
區永,1
凱文上,1
投資委,1
並共匯款,1
週銀行,1
選獎品,1
將散,1
郭曉玲,1
浩訊,1
寶待,1
手拿包,1
其背,1
然後又購,1
財虛擬,1
商貿網,1
郵政草湖,1
以無褶,1
鴿會,1
取類,1
似匯,1
恆豐,1
然後現場,1
盛強,1
銘機,1
前級,1
購書籍,1
專櫃線,1
高茉涵,1
俱行,1
高投,1
全賠光,1
這場局,1
世恩張,1
許定,1
價卡牌,1
舒晴,1
轉入網,1
張文德,1
取貨物,1
開後內,1
馨芷,1
兒大,1
勝利果,1
實了,1
繳一點稅,1
最幸運,1
喜大獎,1
狗屎,1
運一樣,1
證而領,1
備掛,1
屢得獎,1
飛過,1
餵過,1
滾入,1
瑜瑾,1
梁閔裕,1
掛機群,1
會員確,1
新賢店,1
艾琳,1
會員買,1
給李秉,1
李秉朕給,1
李秉朕時,1
詐戶,1
日騙,1
賣暱,1
劉振安不疑,1
裝備轉,1
覺得門票,1
想計劃,1
諸百琪,1
機票務,1
殯葬產品,1
國中學校,1
劉思妤,1
凱加,1
投資阻,1
攔計畫,1
豐益,1
發顯,1
該定,1
班學生,1
稱俊仁加,1
與俊仁,1
班學,1
媽媽拉到,1
俊仁,1
問櫃台,1
會裡面,1
小時後錢,1
信後為,1
加其會員,1
西台,1
賴婉婷,1
經理謝,1
超商二樓,1
王蕊琪,1
北火車,1
廖明浩之人,1
文彬談,1
挑一條,1
醫大,1
無人現,1
瀏網網,1
算去,1
我塔羅牌,1
速回,1
進行外,1
匯約定,1
尚佳,1
客車牌,1
巷蝦,1
人同,1
過大要,1
文會報,1
東忙,1
心慈,1
禪境,1
於並,1
借據裡面,1
納貨品,1
則私訊,1
蒸氣卡,1
我們並,1
還欺騙,1
世一個,1
發貓,1
購買後過,1
網填寫,1
結貸款,1
包才會,1
解凍後續,1
放短,1
我然後給,1
渡假,1
然後就來,1
專員則,1
米家,1
家裡換,1
劉嘉美,1
許多屋,1
搶先租,1
隨風而行,1
稱泰禾,1
靜坐,1
裡待,1
方雙方,1
機金額,1
晚出貨,1
照要,1
需周,1
獲攔,1
東海門,1
額遊,1
之後負,1
責人義又,1
地牙哥,1
梧棲大,1
荊棘,1
國際頂,1
繳稅款,1
楊子怡,1
資上,1
網後,1
稱籌碼,1
理以,1
單比較,1
何芷晴,1
沒遇,1
無人及,1
華江店,1
以加碼,1
流過,1
查詢步,1
愛好者後並,1
有帶,1
之單,1
畫色,1
溫心,1
挑價值,1
行員查證,1
祈業務,1
四團,1
運宅,1
無理財,1
出本,1
負責代銷,1
將代銷,1
妮露,1
幫忙遊,1
發獎勵,1
期別,1
臉書榮,1
盛名,1
文開,1
跟陳淑麗,1
淑麗,1
新補助,1
多拿點,1
會拿來,1
其民眾,1
將其購,1
不察照,1
看來並,1
給玉梅,1
聯絡房,1
東才行,1
快付,1
遭陳嘉燕,1
檢為,1
帳業務,1
臨著,1
投以,1
年積,1
回電確,1
一激靈,1
歲數,1
子彤,1
鄰居間,1
拉家常,1
哭哭啼啼,1
著能給,1
擴大獲,1
之微信,1
他讀,1
例會,1
加薩戰爭,1
終報,1
寶名,1
亞磊,1
絲泰吉華坦,1
郵政儲蓄,1
指縫間,1
任其,1
宰割,1
稱鴻景國際,1
隨後自動,1
林美宜,1
那裡頭,1
到陽信,1
著沙灘,1
推特主動加,1
安享,1
多生,1
王偉成,1
充電及,1
親自運動,1
萬元達,1
可事後因,1
帶文,1
金永睿,1
下了筆,1
方終,1
其天,1
以額度,1
今銀行,1
鑑定確,1
久旱逢甘,1
霖般,1
罪大惡極,1
地灑,1
我餘下,1
裡遊,1
玩運動,1
遊玩運動,1
數輸光,1
項後詢問,1
萬的擔,1
景銘興,1
點進後連,1
區溫泉路,1
當我親,1
圖約,1
騎著車,1
加倍努力,1
財務盤點,1
匯陸續款,1
並無現,1
那份雀躍的,1
夢太遠,1
賓士駛入,1
共加,1
等場,1
機的線,1
事徹,1
遠離家,1
裡溫,1
這噩夢,1
幣安嘛,1
館員,1
常購,1
還價值,1
對待別,1
聊著夢想,1
夠彌補,1
這麼過,1
這份情,1
百分之八十,1
幽默感,1
氣熱切,1
要馬,1
這款車,1
換輪框,1
車準備,1
全翻,1
專挑急,1
你代墊,1
感震,1
日幣款,1
投資診,1
診所營業,1
顯示許,1
開闢,1
權沒,1
農作,1
關確,1
宏亘,1
店裡捧場,1
別面,1
用激,1
將法,1
到後震,1
確保個,1
將其及,1
灣超商,1
項後詢,1
社團代,1
詳金,1
流且,1
學銘,1
溫暖常伴,1
開瓶過,1
現對,1
展鵬,1
投資起,1
中所訂,1
之至,1
數日後將,1
銀還,1
高雄夜,1
貓子,1
帳號黃曉月,1
入該,1
人點數,1
假門,1
獎金太,1
金正,1
自動彈,1
自報案,1
有誠意者,1
可小議價,1
李萱蓉,1
負責遊戲,1
一鼓,1
作氣,1
親林,1
板橋國,1
中大門口,1
來陳芷茹,1
接著陳芷茹,1
款後察覺,1
開紅包,1
進入何,1
游雅青,1
監督下,1
李雲慈,1
軍方會,1
星巴客,1
購來,1
這給,1
單後提,1
貨用,1
收個款,1
面收,1
然後當場,1
地道,1
幾組數,1
林秋涵,1
初歩,1
細教,1
許仔細,1
找錯,1
問徵人,1
明現,1
並不缺,1
辦金,1
過高始,1
萬退給,1
智盈智富,1
余冠,1
如給,1
雙方長,1
之匯,1
無祖,1
祖哥,1
曼尼團隊,1
贏得遊,1
阮俊富,1
榮醫院,1
錄後到,1
誠聘,1
胡民是,1
調金流,1
遲會,1
迪凱奇,1
搜尋優素,1
油嘴,1
車箱,1
擋板,1
連給,1
先後寄,1
堤款,1
好額,1
限額驗證,1
叫芸菁,1
上假,1
諸事,1
冠怡,1
黄微翔,1
玉彤,1
為陳秀,1
有陳秀,1
組讓,1
華郵政卡二張,1
奇牛國際,1
李柏賢,1
兩千為,1
購買平,1
時中間,1
完下拉式,1
出後有,1
天後到貨,1
休業,1
卡七張,1
卡共損,1
輕裝,1
館以,1
鬥雀遊,1
斷為,1
有益,1
新計劃,1
一場員工,1
武發布,1
武聲,1
條文來,1
仁愛區,1
設伏,1
瑪特補,1
貨情,1
明新里,1
鄰忠,1
王禮豪,1
點選後並,1
事後手機,1
蔡惠芬,1
禮拜六要,1
提規,1
先讓給,1
連結後先,1
獲利芳,1
劉靜怡,1
網頁後會,1
點玩賞,1
快易通,1
私訊後轉入,1
金美門市,1
方後會合,1
作廢後協助,1
美鐲,1
臉書將,1
家銘,1
妥共以,1
五尾紅龍,1
各兩筆,1
蕭寨,1
陈唯,1
運算理財,1
價競標,1
門批,1
熱愛這款,1
分鐘後到,1
常白山,1
我知,1
群祖,1
需觀,1
寶利旺門市,1
唐華,1
吳飛鵬,1
賣送,1
商勤,1
商兆詠,1
台鳳里,1
一德,1
支機械,1
並幫助代,1
開始代,1
邱詩蓉,1
協鴻,1
行代操,1
盈餘返,1
資金退,1
關限時,1
祈助,1
意露,1
醫院還,1
卡其,1
當醫療費,1
其是納,1
體戶,1
個國,1
認識國,1
販售生,1
我共當面,1
村下,1
石頭埔,1
谷華有,1
谷華應,1
班之授,1
課書籍,1
為當,1
印當,1
人黃志剛,1
地允諾,1
簡民驚,1
人聲音,1
得安穩,1
有安穩,1
那經典,1
磨破,1
天作之合,1
這深,1
股民,1
連溫,1
不得好死,1
那家妙,1
著機票,1
有所突破,1
調有律,1
一萬元匯,1
印著律,1
輕信詐,1
搜尋到關,1
戴秀芳,1
包和個,1
密切注意,1
防範勝,1
谷麥酷,1
見識過,1
回賣,1
輕人能,1
聞人,1
溜冰,1
該下,1
兩小時裡,1
寶系統,1
多值,1
拿來繳,1
採購員工,1
瑪特待,1
鍋物堂,1
之後會換,1
許分別,1
尤祥安,1
認虛擬,1
所下載,1
魚酥,1
招攬入,1
請業務,1
駕駛同,1
宗岳,1
稱陳穎欣,1
沈晴雨,1
傳退,1
理財贈,1
林淑蘭,1
馳升,1
走譽,1
教學當,1
至聯,1
聯巨前,1
納稅款,1
規報,1
稅紀錄,1
最嚴,1
重的還,1
想交一個,1
木林,1
買家通,1
上欲租,1
區大樓,1
無養,1
每點數,1
改要,1
之後便掛,1
用抖,1
音傳,1
學田店,1
林依妍,1
小蕙,1
揚稱,1
事後即,1
投區,1
東華街,1
陳莉安,1
獲利後去,1
麗詩,1
沛德奧,1
許多驗,1
新鑫裕融,1
內簽,1
書後將,1
稱之後會將,1
芯瑜,1
樹廣門,1
機瀏覽,1
權爭,1
候訊息,1
獲利賣,1
點卡序號,1
連重機,1
蘇潤,1
活動將,1
然至,1
顯已,1
徐依琳,1
語晴,1
晶圓,1
一作業,1
錄非,1
刷後至,1
伍迪,1
相機組,1
開始疑,1
楊雲卿,1
然後保母,1
樣獎品,1
主就,1
預看,1
權須,1
要約定,1
名義約,1
帳戶後幫,1
藝聲,1
正然後餘額,1
郭婉玉,1
裝在紅,1
金後購,1
五萬太多,1
拉鋸戰,1
飼主對,1
鴿籠,1
六萬三太多,1
隨後不耐煩,1
著愛鴿,1
垂著,1
手舞足蹈,1
頭直,1
不會屬,1
腦中頓,1
這獲利,1
台塑,1
李蕾,1
但陳秀菁,1
上陳秀菁,1
用高額,1
連內褲,1
新氣象,1
著電,1
競筆,1
電到貨,1
低階處,1
連螢,1
越火,1
出貨後規格,1
康寧晶,1
客停,1
嫌約定,1
場拿取,1
訊息外,1
富邦產險,1
佩語,1
還紅利,1
惟惟,1
問私,1
銀監區,1
陸隆,1
興表現,1
岩路,1
王羿程,1
我玩過,1
先裝作,1
保機制,1
還能長,1
誠信驗,1
載後陸,1
缺貨無法,1
遭發現,1
筆含,1
我遠,1
天遊戲,1
阻假,1
訪到,1
數次入,1
金後共,1
鏈驗證,1
保投資,1
楊雅向,1
給李宜,1
離島,1
詳無法,1
楊樂,1
竟不讀,1
商綠海門市,1
稱黃昱璋,1
萬之獎品,1
元運費後會,1
許群,1
販買線,1
渠主動,1
個餐,1
融資人員,1
融資代書費,1
子夏,1
還經歷,1
溫室,1
一疊疊,1
裡單,1
將這幾年,1
慧怡,1
更滋潤,1
眉飛色,1
舞地,1
那畫,1
面鮮明,1
旅遊夢想,1
騙子長,1
而小芳,1
懷孕七個,1
充點家,1
電購,1
裡即將,1
中類,1
默默耕耘,1
異常卡頓,1
螢火蟲般,1
用積,1
電記錄,1
當全,1
職媽媽,1
盛開,1
犧牲換,1
那綠意,1
小巧,1
因玉墜,1
開小紅書,1
各種代,1
人員新,1
頭更冷,1
劉懿葳,1
謝什麼,1
慢跑鞋,1
屏在,1
稱羅家英,1
隨的,1
畢業季,1
小雀躍簡,1
直要,1
寶可夢奇樹,1
奇樹,1
就化,1
這諷,1
現實令,1
火把,1
燒得,1
筆小數目,1
小卡後開心,1
筆永遠,1
協會辦,1
運動會,1
開球場,1
黎俊裕,1
中操,1
玷污,1
出三張,1
小卡賣,1
簽金流,1
哩岸捷,1
卡一樣,1
之茂達,1
寸土寸金,1
少宇,1
財產命,1
群組後發現,1
萬元後因,1
毛時間,1
林瑋,1
怡靜還,1
實堂,1
供貨到,1
水產供,1
貨水產,1
而終,1
貨合約,1
從業務員來,1
非上市,1
非上櫃,1
鄭盛謙不斷,1
轉消極,1
從積,1
債務到,1
近市區,1
房盡量,1
開求,1
聯絡求,1
師仔細,1
誤存,1
天馳,1
張所謂,1
只害,1
進百萬,1
若欣,1
林志生,1
張長,1
烏克蘭將,1
累計匯,1
桃金門市,1
烏克蘭的將,1
戰爭關,1
要費用,1
網銀連線,1
啟遠端,1
區喊單,1
從事區,1
看跌,1
設電,1
數回,1
工機票,1
左營來,1
回高鐵票,1
人座,1
單程票,1
人資筱雅,1
負責點數,1
林志煒,1
稱會變,1
匯多,1
叫黃素,1
我聞後不疑,1
應徵小說,1
雙方能,1
內之名,1
需相關,1
取聯絡,1
傳輸過,1
當言論,1
利潤共計,1
張庭瑚,1
婷予,1
隱痛,1
淨益,1
處門,1
普機置,1
這個求,1
向家長,1
銀行欄,1
步驟並,1
寄運,1
關取,1
太多轉,1
極幫,1
找會,1
書內,1
有飛,1
放鴿,1
電話終,1
贖詐,1
賭對方,1
女版,1
中工店,1
地當場,1
晉宇劉,1
中屢見,1
空氣單,1
捐限,1
方訊息給,1
給系,1
柏特光,1
股約,1
博學多,1
財學習,1
獨棟,1
經營外,1
匯達,1
匯後交給,1
票價表,1
繪夢,1
弓青絲,1
及品質,1
二罐,1
六股,1
方談要,1
太隆門市,1
區工業,1
這筆入,1
正良,1
組教,1
李若涵,1
經理崢嶸,1
日有入,1
明何,1
日至幣,1
嘉鴻下訂,1
嘉鴻所,1
之後陳嘉鴻,1
嘉鴻傳,1
販售幣,1
嘉鴻退,1
並又匯,1
面銀行,1
獲利會作,1
世芳,1
財絕,1
魂瞬間,1
開快,1
還勉強,1
按個,1
參加鍵,1
來後悔,1
報表看,1
商京,1
做代匯,1
假代匯,1
應徵職,1
懷協作,1
一個築,1
號的幣商,1
經流,1
查無申,1
轉的關,1
卡尔,1
簡訊並,1
不察遂將,1
申登人,1
證號給,1
九封,1
開表單,1
陳泓宇,1
翠熙,1
市轉,1
匯款後驗,1
王宏義,1
及代繳,1
稱事後會還,1
為方,1
寶條碼,1
巴哈,1
虎符,1
張子健,1
之貨況,1
我欲詢,1
劉瑩华,1
上三竹,1
投資訊息供,1
明如,1
網我,1
中國閒,1
關注幣,1
來交換,1
時市,1
價換算,1
巷有,1
房東欣,1
則必須,1
租賃則,1
進千萬,1
金繳,1
鄭仕,1
許多楓,1
然後到網,1
這間貨,1
為拉霸,1
辦會員並,1
旬日,1
招待券,1
帳暱,1
方加碼,1
金五,1
兩三條,1
文末,1
貸款額,1
框內,1
還專門,1
鄭妍,1
森不斷,1
極地詢,1
並開放,1
十分激烈,1
初介紹,1
賭石詐,1
連戰,1
云丰,1
張云,1
縈聲,1
稱云,1
云丰生,1
技所購,1
法師安座,1
求財及,1
權利證,1
紫晶,1
伏羲,1
白玉,1
龍及,1
並等國,1
出持續,1
蓄水池,1
號板,1
郭祐謙,1
到芳研,1
就別,1
兇起,1
租的車,1
能把車,1
絲燒,1
點馬虎,1
天後急,1
王宇鑫,1
文森有,1
為羅羽彤,1
接觸求,1
唐雪柔,1
正不斷,1
現畫,1
借貸者,1
暫時解,1
債務越,1
債主主動,1
債主逼債,1
淡淡的,1
還坐,1
這債務,1
錢到帳,1
往南開,1
卻駛向,1
和債,1
主面,1
最後停,1
揚長,1
且吳,1
祁穎,1
日司,1
最後幸,1
運得標,1
可幾天過,1
歸答,1
調會給,1
李多慧,1
對話間,1
很滿,1
天降艷遇,1
楊明,1
哩賀,1
變幾萬,1
仲景頁,1
惟靈,1
犀付,1
易以,1
渠給,1
英兩黃金,1
一麥克風,1
項項,1
外國帥,1
匯能夠,1
廁所旁,1
兩幣,1
計畫始,1
渠到場,1
大發店,1
繳費後在,1
為代銷,1
點擊後連線,1
因當前,1
雷神,1
黑黃,1
鳴人佐助,1
處張,1
貼鳴,1
人佐助,1
渠下單,1
並無依約,1
遊職,1
女養成,1
范家明,1
貨高價,1
之儲值,1
屬後驚,1
領取票,1
回傳票,1
外幣訊息,1
前後傳,1
看現,1
真路,1
業務到,1
推銷展,1
此陵園,1
坐落,1
區並,1
面積,1
平方公尺,1
年並,1
之後發生,1
稱展,1
事需,1
事才,1
可解運,1
而後經理,1
戲楓幣,1
使者,1
情點,1
先後辦理,1
退予,1
月會將,1
職童裝,1
利發幣,1
瘋長,1
再交納,1
自送,1
瓶羅曼,1
證這批,1
紅酒會,1
初春,1
滲透進,1
許雯琪,1
滾滾來,1
光圈,1
之心永遠,1
詩涵熱,1
哭紅,1
萬芳,1
五百三十,1
麥金路,1
裡幫忙,1
手都握,1
夠我付,1
滿江,1
風月紅,1
那杯,1
只成,1
信門,1
貸款後購,1
離學校,1
寶可夢代刷,1
對寶可夢,1
寶可夢積,1
方後約定,1
點沉,1
著夢想,1
老古董,1
新台幣給,1
獵取,1
賣費用,1
令其產,1
雖然家裡,1
給震懾,1
地領,1
他溫,1
無家,1
並拉貨,1
並無人購,1
某先,1
依內,1
政部,1
閒想,1
比票務,1
領車,1
之喜,1
售後無憂,1
數等,1
從交車,1
座後面,1
椅套,1
新領,1
登記書,1
閔裕,1
月刊,1
問宴,1
商幣樂花,1
李涵,1
約車,1
載床,1
反恐,1
證書費,1
卡爾之人,1
發禮卷,1
葳肯,1
園樹下,1
刷國泰卡,1
穆默,1
南屯店,1
三和路,1
購買後退,1
如夢令,1
稅方能,1
浪裡,1
小白龍,1
美男子,1
伊琳,1
保會員,1
過多求證,1
我金額,1
急要,1
妥價金,1
以經,1
之谷輪,1
九十日,1
並舉例,1
介紹且,1
輸釋,1
王敏,1
日高知,1
元傭,1
結詢問,1
再予,1
警專,1
並傳學,1
中底,1
事後去問,1
帶利全,1
庄司,1
騙千萬要,1
頭約會,1
混不下去,1
至華泰,1
巷旁,1
公園許,1
及黃俊峰,1
明成,1
問美,1
幣貼,1
需繁,1
問合約,1
太熱門,1
以廣播,1
賣裝備,1
稱售,1
賣家會給,1
常德路,1
能額外,1
賴婧蟬,1
國泰商業,1
轉發訊息,1
方黃智棋,1
並維修,1
驟時,1
梁雅盈,1
編文書,1
充能,1
商大強,1
已將點,1
數退,1
無實質,1
決送,1
免費化,1
品訊息,1
並代銷,1
普雷若市,1
叫浚森,1
地觀察,1
浚森,1
戶隸,1
屬陽光,1
波浪,1
抱著會,1
柔且,1
張心悅,1
賴悅涵,1
匯貨幣,1
墨西哥,1
小貝威脅,1
證知,1
號我欲將,1
幣後轉,1
重視會員,1
裕森,1
還辭職,1
森約,1
只會漲,1
放滿,1
參觀過,1
華爾街,1
神童,1
聯絡陳裕森,1
陰溝裡,1
翻船,1
回頭點,1
開剛,1
春大禮給,1
參加批,1
發團購,1
那以,1
發團,1
購人數,1
優惠千萬,1
事後趕,1
還激動,1
呂布,1
但後來態,1
房地,1
產業務有,1
證權,1
這次導,1
魔術秀,1
越急,1
自選禮物,1
超豐富,1
貨沒賣成,1
林媛,1
健偉,1
對方沐晴,1
帶民眾,1
想買給,1
數的代碼,1
將簡訊裡,1
媽媽氣,1
單質問,1
完過,1
程後嘆,1
行變,1
變更費,1
確保買家,1
證若能,1
問活,1
動細節,1
徵兆浮現,1
交貨延遲,1
中時刻,1
補貨訊息,1
試訂,1
賣家賴,1
禁圖片,1
補足後嘗試,1
葉芷柔,1
對方後期,1
然當時,1
渠再,1
王婷,1
口紅廣告,1
款口紅,1
探討區,1
其餘均,1
下來且,1
再超,1
趕在過,1
畢後就,1
說會後續,1
湖水,1
湛海,1
連當時,1
並誇,1
兩萬元共新,1
買悅城,1
美隆電,1
錢後會將,1
阮庭昀,1
諸如,1
基團,1
點入後將,1
出金予,1
故總損,1
許整,1
帳戶經,1
恰飯,1
島嶼節,1
主營業,1
反諮詢,1
楊雅蘭及,1
攝前,1
影主動,1
黑單,1
發攝,1
影公審文,1
舉使,1
大眾誤,1
搶領,1
丫豪,1
害名譽,1
有小禮品,1
寄卡來,1
贏利,1
人員費,1
退稅費,1
怡進,1
有民國,1
形銀飾,1
太穩,1
將維,1
包匯出,1
大榮國際,1
小資金,1
賺小錢,1
敢大膽,1
將兩瓶,1
駕駛小,1
單員回,1
隨後離,1
我在許,1
區臨,1
新條件,1
推廣團,1
購不需,1
銷售部,1
林欣玲來,1
林欣玲,1
林維民,1
得太過,1
頭一陣雀躍,1
財更難,1
豆芽,1
王之,1
田埂,1
老土,1
價當,1
著老師,1
錢買遊,1
著音樂季,1
所才,1
悠閒時,1
光裡,1
喝喝,1
周報,1
鄧珈,1
耳熟,1
能詳,1
證投,1
領幣息,1
學員紛,1
雯詢問,1
提領後會,1
而林雅雯,1
問特別,1
易學,1
而昀琳,1
財金陸,1
裡擺滿,1
區和數量,1
林瓊珠,1
全是關,1
提著個,1
傾頹,1
為生,1
販來,1
這兩千,1
上輸,1
入過,1
奢靡,1
奔流,1
剝奪別,1
小酌,1
拼錯,1
單記錄,1
少了點,1
地墜入,1
立農店,1
愛騎車,1
愛改裝,1
楊鼎瑞,1
小台,1
萬和五萬,1
那虛擬,1
差點識,1
資訊業,1
更險,1
檔用,1
課餘能,1
善逸,1
裡是輛,1
一百八十九,1
深重,1
卻理,1
著金,1
並遣,1
遞還,1
氣又好,1
鎖打開,1
文帳,1
二期,1
葉門擔,1
任維,1
將來會,1
詢黃金,1
車主藉,1
將調,1
僅暫,1
萬元會配,1
藏到,1
黛尚,1
蜜蠟珠,1
蜜蠟,1
珠寶共,1
活動票,1
自品,1
陪著,1
父子,1
何雅靜,1
車輪框,1
賣羅漢松,1
菲爾,1
次桃園,1
鬥師,1
機和相關,1
過代辦,1
資收合,1
要委辦,1
洪群,1
假監管,1
寶婷,1
高圍,1
隨後琳琳,1
寶藏屋,1
因琳琳,1
我代銷,1
方維恆,1
兩年後會將,1
肉羹,1
油飯,1
接及,1
獎後並,1
遭封控,1
許凌瑄,1
李玲瓏,1
富小,1
當這些,1
師展,1
體驗會員,1
尊祥會員,1
根據市,1
價計算,1
芳華,1
張瑞志,1
林婉儀,1
應材,1
李思琴,1
自富邦,1
方所承諾,1
選擇訂,1
追討到,1
幣某,1
北戶,1
伯超,1
北有,1
新墨魂,1
對方序號,1
一個確,1
一休,1
從營造,1
社團裡類,1
徐小安,1
細心體,1
謝明憲,1
泉源,1
張裝,1
掌門,1
吳寶國,1
溫瓶,1
吳秉融,1
祥禾,1
葉品質,1
到祥禾,1
關於茶,1
王偉文,1
給條碼,1
同學安,1
翌銘稱,1
且續,1
財智雙,1
全上,1
預約表內,1
傳開單,1
獲利得,1
沒跑,1
完前,1
電通話,1
我後轉,1
填資金,1
張透,1
商權,1
過年後台,1
元價差,1
群中購,1
元量,1
李雅希,1
事後陸續,1
餘資產,1
李浩建,1
浩建,1
以截圖,1
回飛,1
往倫敦,1
科研,1
超導,1
志雄稱,1
商晉,1
西勢,1
保局,1
查電話,1
說林坤堯,1
蔣琬琳,1
高偉忠,1
華購,1
室以,1
華告訴,1
城二街,1
貸資料,1
保電話,1
隱私條,1
宗師版,1
及金,1
如統,1
商禮券,1
蘇朵,1
賠償款,1
當衝稱,1
作當衝,1
劉冠雄,1
大大提高,1
價需,1
國際裡面,1
福興里,1
福民,1
詢補助款,1
振翔,1
王嘉欣,1
汪雨,1
台共價值,1
兩黃金項,1
兩金條,1
鄭民共損,1
花蓮新,1
鄧雲梅,1
廣播朗,1
郵寄且,1
兒童樂園,1
可付,1
群解鎖,1
給母親,1
那後果,1
覺現,1
裡納悶,1
著繼續,1
可比,1
職千萬,1
確保積,1
剩幾位,1
方系,1
統什麼,1
簡介上,1
何俊慶,1
被環,1
騙平,1
方談及,1
內請,1
半當,1
價金後取,1
採納,1
詞後續,1
提告致,1
職依詐,1
欺相關,1
富蓄,1
回來後馬,1
萬幫,1
或木馬,1
碟子,1
柯瑞明,1
港幣代匯,1
張展志,1
稱姵婷,1
薏晴,1
雅臻,1
高雄大中,1
職後老,1
將別,1
並於門,1
然後柳菀玲會,1
計畫會,1
稱黃偉哲,1
估奈,1
日清償,1
時團,1
改運後並,1
教時,1
顯無法,1
意後該,1
問從事,1
房仲業務,1
亂賣,1
有行員,1
許金隆,1
無變速,1
貨運員要,1
退貨應,1
叫芷葳,1
說作,1
手戒,1
王閎熙,1
稱暖心,1
京喜,1
發財包,1
卡元,1
這個點,1
擔保高酬,1
龍小,1
並隨後有,1
一項則,1
編節,1
來勤儉,1
頃刻間,1
五旬,1
將維修,1
獲退,1
還維,1
雲和許,1
天馬,1
藥業,1
科爾興,1
展雲事業,1
苟且偷生,1
耳背,1
停鍵,1
合欣業務員,1
秋志,1
李文皓,1
尤嘉煜,1
吳政翰,1
台灣華人,1
投資周,1
資費將,1
終無結果,1
商銀開,1
砂紙,1
卻握,1
白宮,1
四人房,1
夠我修,1
許下,1
凝霜,1
紅瓶,1
該物並,1
現後撥,1
一絲絲久,1
預測準,1
確率,1
最準確,1
車拆賣,1
張宇杰,1
投資後高額,1
並在立,1
親後來,1
心齋橋,1
先回到,1
趕一個,1
最後總共花,1
宇玲生,1
鮮水產,1
購海,1
戒懼,1
金鈴,1
解凍後錢,1
顆遊,1
保證會付,1
提拿遊,1
躁動,1
著計,1
載著,1
其樂,1
聽不清,1
品質助,1
聽器,1
助聽器,1
線頭,1
衰退,1
安嘎,1
國際忠訓,1
救生圈,1
並與國,1
至華泰銀行,1
李明展,1
梅胡,1
貨車司,1
明強,1
顯修補,1
皮無傷,1
一徵人,1
社團夾,1
王之巨,1
納茲資本,1
進入後群,1
啟葳,1
續確,1
許怡芬,1
下三濫,1
莊岳庭,1
城訊息,1
未記,1
原告,1
和議,1
元議,1
價金給,1
車輛檢,1
車不,1
行要,1
理無法,1
昌明,1
因勢,1
利導,1
新營店,1
服務台,1
債務電話,1
未幫,1
儀表是,1
攤牌,1
賣賓士,1
絲代購,1
張雅麗給,1
歐樂,1
必買,1
觸虛擬,1
臉書關,1
南寧街,1
現金即,1
我太費心,1
主沈驚斌,1
主之遊,1
戲血盟,1
問以,1
暢遊,1
冷氣師,1
家裡安裝,1
他安裝,1
醫線,1
有愛關,1
贖金會,1
如不以,1
前後共交給,1
對黃袖,1
柏宏說,1
茗茶,1
勞動換,1
來的並,1
鄰居裝潢,1
工讓,1
倒帳,1
訂金外,1
置物板,1
系統櫃,1
起閘門,1
要載,1
載運,1
方運送,1
動盪,1
外動亂,1
幣等話術,1
繳交處,1
無可,1
繳雜務費,1
東路戶,1
取貨費,1
王芯宜,1
隨未,1
如臨櫃,1
牛代購,1
食指,1
大動,1
張欣潔,1
但主辦,1
認主辦,1
時積,1
極維權,1
何借,1
米斯,1
教劉,1
店廣告,1
李有,1
勞保貸,1
並很貼,1
郭建亨,1
高雄觀,1
信義門市,1
但訊息剛,1
領航頂,1
鑰來,1
五種,1
翻車,1
張永杰,1
並不太警覺,1
棧論壇,1
關換匯,1
為智盈,1
琳主導,1
日教導,1
購惠特,1
吳家駿,1
將返,1
面後討論,1
帳戶委,1
田文遠,1
幣所換,1
出金運作,1
接不完,1
賴州,1
醫學系,1
是盧,1
指導訊息,1
予陳為,1
以兆清,1
茶舍,1
何南里,1
清簽,1
問林琦芳,1
親陳育,1
小卡給,1
阿浩之人,1
記大約,1
已放,1
其所轉,1
及珊玉為,1
出驚覺,1
鈞臨,1
小秋,1
區神林路,1
他們僅,1
瀏覽盜,1
區神林店,1
別詢,1
劉婉玲,1
深圳市,1
達華傑,1
具風險,1
然後小有,1
調許,1
泰睿,1
而事,1
尚林,1
查無寄貨,1
劉姿營,1
見假,1
稱恩恩,1
還隨機,1
回無聲,1
事成後還,1
好後續,1
當然樂,1
上訴,1
原礦,1
佳寧,1
相玉,1
師浩文,1
李博士,1
損了,1
稱合約,1
並無違,1
稱義的,1
澤民,1
應到貨,1
號可,1
此件,1
取貨怕,1
鄭鴻儀,1
內線給,1
我們掛,1
護航,1
出清賣,1
組傳訊息給,1
組後保證,1
額竟,1
多萬時,1
顧費,1
問所謂,1
戶能,1
分線,1
之國賓,1
買且,1
主需,1
將價金,1
稱比較,1
老婆婆,1
借條給,1
附醫藥,1
軟體掛,1
單向元,1
漆行,1
社子,1
預販售,1
現在過,1
性轉帳,1
陸電信,1
千萬到,1
區環河,1
號北,1
北天,1
宮見面,1
地點頭,1
資料繳,1
封假,1
國際帳,1
警員並,1
偽照,1
停審,1
程送,1
前台,1
中酒局,1
不晚,1
證我覺,1
小邊,1
汪樂芸,1
一瞬千里,1
致民眾,1
林琬婷,1
韋小寶跟,1
涼介,1
莊區後港,1
檔名,1
賞拆團,1
內查,1
詢用,1
末日,1
玻人,1
更安穩,1
筱凌態度,1
籌劃,1
傳承養,1
生村,1
窗前,1
著遠方,1
機震動,1
安全漏洞,1
屬於盜,1
許進展,1
經違,1
未能得逞,1
愛你,1
認證此,1
舉導致,1
詞藻,1
熱曲,1
韓熱,1
身賽,1
各四張,1
許主動,1
臉出,1
富邦嘉義,1
張孟涵,1
員警問,1
載下,1
貨載,1
翹班為,1
確人,1
碼細,1
燈訊息,1
匯款現,1
玩真,1
浩無卡祥,1
鐘用,1
品冠,1
將檳榔,1
追趕,1
勞親子,1
水壩,1
點慢,1
雙重遊,1
鎮光華路,1
孔因,1
用膠,1
封住,1
觀察機,1
然後趁,1
著店,1
沒人時,1
將膠,1
撕下,1
台系,1
以極,1
來竊取,1
滿油,1
摸了摸,1
打時,1
韓團迷,1
著多添,1
結冰,1
內埔年貨,1
問攤位,1
憑個,1
王麗雯,1
稱資金越,1
地幫助,1
孤獨中,1
共匯給,1
獨中,1
一川,1
綠風,1
寒梅,1
假儲值,1
神爪,1
認卷,1
成影,1
況給,1
原而,1
之儀,1
發不動,1
年強,1
須贖回,1
商討欲購,1
依其該,1
方然,1
請洽,1
鄉六桂村,1
鄰義竹,1
武聖殿,1
曉閩,1
加捷,1
偉誠,1
戶為,1
始知個,1
繳交除,1
錯金以,1
立群,1
威達,1
一式,1
芬騙,1
書當,1
方勞資,1
並易,1
勞訴,1
處填上,1
戴安娜,1
鐘彥,1
劉馨惠,1
洪銘志,1
貝莉還,1
底離開,1
遺產時,1
仲碩,1
關於艾創,1
通過網,1
張聰凡,1
問團隊,1
政商,1
最棒,1
報關行,1
水動則生,1
生則財,1
謝易安,1
經大師,1
更氣憤,1
組裡極,1
餵養,1
腹中,1
曉晴,1
這輩子終,1
獨漢子,1
拍賣龍,1
血腥味,1
井川,1
正月初一,1
並不低,1
不單,1
獨販售,1
這六萬,1
午後閒暇,1
遠勝,1
億說,1
這寒風,1
意志力,1
町的網,1
漫著鍵,1
敲擊聲,1
濃烈,1
經熱情,1
頓省,1
網咖椅,1
落敗,1
賣家口氣,1
必逛,1
印上去,1
內送,1
全付,1
二十天,1
給小貓,1
工友,1
開心過,1
終於湊,1
天強,1
圖冊,1
上陽光,1
波光粼粼,1
進夢想,1
馮振義卻,1
著游力,1
這棟,1
一屋,1
王磊,1
彎路,1
素容,1
門取,1
緊過,1
親費,1
連最後一點,1
法約,1
唐仲輝,1
號賣,1
市博愛街,1
選節,1
設電子,1
李琪雅,1
徐芷盈,1
錢後驚覺,1
兒少性,1
稱曉菲,1
會由外,1
日曉菲傳,1
以郵件,1
出統,1
企銀餘額,1
變更來,1
地目,1
農業部,1
及林業署,1
如不回,1
繳完後才,1
完學費後覺,1
進行代匯,1
領後過,1
為雲朵,1
紡有,1
冥想,1
交談過,1
單集滿,1
薯餅,1
一凡,1
壹玖,1
群上,1
幣之楓,1
意求,1
手提式,1
內裝袋,1
防漏,1
保冷,1
物線,1
張雋豪,1
還保證繳,1
定票,1
梓婷,1
女將,1
貨運員工,1
獅潭,1
農民所,1
賴庭茜,1
其權益,1
盤來,1
初多加,1
許不會,1
歷類,1
謹防網,1
學員買入,1
列找,1
我會怕,1
門買,1
作當,1
認購鴻海,1
這樣當,1
台達電,1
崇信,1
歐帝,1
房內後才將,1
繳續,1
禁提戶,1
創新產品,1
號當場,1
選融資,1
先償付,1
元融,1
異口,1
同聲,1
問各種,1
似影,1
林小雯,1
王勝宇,1
監考,1
漆事業,1
還一毛,1
獲勝,1
陳萍,1
兒代為,1
恍稱,1
故總計,1
機甲,1
高雄興,1
台店,1
頭持續,1
參可,1
大輪盤,1
簡易型,1
爐一個,1
李麗芬,1
河內,1
億越盾,1
邱男說,1
明有個,1
人款,1
項資金,1
攝影室,1
何來,1
同種,1
病症,1
施打,1
藥之後便,1
藥然後拿給,1
醫生施,1
完不疑,1
送台,1
訂書,1
但書內,1
這是過,1
萬馬來,1
李佳惠,1
這名業務,1
玲寶,1
志毅,1
金額供,1
就現,1
剛開心,1
進流,1
萬元後依,1
費不以,1
發幣,1
空姐,1
收熊刀,1
價帶,1
感興奮,1
許晉豪,1
這舉動,1
轉交裝備,1
還追,1
人一,1
時秀出,1
獲利之路,1
面彈,1
鎖更,1
貨進,1
口量,1
妙心,1
中特別,1
勇氣詢,1
問師父,1
我會親,1
自為,1
求運,1
尋屋,1
租廠,1
保租到,1
財匯,1
員傳來,1
大額入,1
區社區,1
閱廳,1
貨等語,1
教學圖,1
行臨,1
時驗證,1
問現,1
會記,1
林雲婷,1
關於銀行,1
包轉成,1
便搖頭,1
找得,1
稱媽,1
嘉慧愛睡,1
問嘉慧,1
賣瓦城員,1
工禮券,1
其餘金額當,1
真說,1
摘星,1
真後來,1
真叫,1
華聯絡,1
市信,1
營業員林,1
何丞,1
賣燦坤,1
林欣慧,1
萬隆捷,1
師張欣,1
安樂,1
賴向陽,1
根成,1
分傳訊息訊問,1
有無該,1
青師,1
賣水產,1
並放上,1
白蝦,1
錢荒,1
至期,1
關球賽,1
亂盜,1
分拍,1
郭育,1
江明玥,1
匯代儲,1
繳納文書,1
次僅繳,1
獎金內,1
寶買點,1
加港幣,1
寶繳費,1
錦門市,1
率奇,1
著華麗,1
交談外,1
陳澤允,1
小允學習,1
無設定,1
上揮汗,1
詞天,1
林志弘,1
無法辦,1
尋買家,1
那永遠,1
幫傭存,1
倍擔,1
勞及,1
交買幣,1
中七龍珠,1
聲寶家電,1
貨物變,1
現後給,1
芝士,1
原欲架,1
帶團費,1
萊億創,1
軌衛星,1
血氧,1
心率,1
歡樂購,1
返國後才,1
最後結果,1
打打牌,1
則在網,1
不吝,1
吳魏明,1
在幣安購,1
碎屑,1
用美國,1
同學騙,1
夯樂團,1
閃電俠,1
印錯,1
運轉般,1
進一鍋,1
沸騰,1
診所營運,1
只持續,1
門禁,1
給王裕,1
自義,1
著愛情,1
總浮現,1
深情款款,1
卻毀,1
卻徒,1
本參,1
考書,1
雙弩槍,1
已經存,1
帶著存,1
酸楚,1
求學階段,1
不往,1
財款,1
地跌,1
張空,1
隔著,1
經夢寐,1
實詐財,1
心防才,1
群內頻,1
還發出,1
刺傷,1
小美誤,1
小美懷疑,1
解而,1
小安發現,1
申報並,1
芽芽,1
黑並,1
小君誤,1
音易創,1
陳禕,1
調儲值後要,1
認有款,1
衣來,1
始加,1
付會員費,1
確保誠信,1
楊玉茹,1
李瑩瑩,1
艾斯,1
克立,1
必恩,1
鄭佩庭,1
雙人午,1
茶組,1
杯組,1
小原,1
德利,1
卡賣給,1
不交車,1
耶路撒冷,1
雅法,1
門遭,1
已經會,1
購買勃,1
肯鞋,1
光偉要,1
號黃,1
光偉及,1
續大約,1
網所,1
稅才會,1
過大銀行,1
王恩澤,1
金額後該,1
自動設,1
明為何,1
乾哥,1
郭守強,1
美歆,1
展期,1
楊展,1
突加,1
貨機會,1
為婷,1
獨特個,1
稱比賽,1
胸稱,1
姚文志為,1
訊息供,1
萬元前,1
商犯,1
成獎,1
露水,1
點房率,1
二三十,1
很震驚,1
之後依據,1
寄禮物給,1
氣並,1
單五單,1
三榮,1
家客,1
納悶問,1
區大連,1
卻僅,1
為宏鼎,1
有寄件,1
離時,1
沒人願,1
否則當,1
財運坊,1
私有,1
楊嘉慧,1
畫都,1
林宥愷還,1
養權,1
證當天,1
因心臟病,1
自介看,1
兒瑋倫,1
剛喪偶,1
抱不平,1
苦短,1
順勢將,1
獲未來,1
代繪,1
國際常見,1
賴已,1
現在幣,1
元相,1
周震南,1
談加,1
健保卡來,1
要協,1
趕忙詢,1
發後全數,1
他動,1
幫二字,1
組電子,1
李妍菲介紹,1
世聰稱,1
跟閎業,1
載利豐,1
阿扁,1
然後又透,1
著系,1
總共加碼,1
經計入,1
最後僅,1
供陳民,1
年陳民,1
用帳,1
惟手機,1
對方洽,1
談期,1
罐上刻,1
喪家,1
未圓滿,1
榮所販,1
商之潛,1
詢虛擬,1
養網認,1
然後期,1
處信貸,1
這價值,1
並開店,1
鋪長,1
發貨及,1
灣區域,1
推廣賣場,1
銀代號,1
期賣家,1
入金好,1
內匯出,1
交給過,1
暫應,1
方無情,1
某業者,1
裝安撫,1
區和,1
貨務,1
必準,1
而訂,1
中陳飛,1
姓侯,1
親友給,1
然後侯姓,1
方之後還,1
搶訂,1
評價及,1
簡介內,1
詳談後對方,1
權限給,1
之後開通,1
許主辦,1
變得靜,1
音樂詐,1
元討,1
西什麼,1
盲鳥票,1
九如路,1
發信詢,1
特助陳麗玲,1
航帆,1
直上,1
徵清潔,1
某大門口,1
該棟,1
明詳,1
徵兩日,1
不應給,1
渠開通,1
嗣後有,1
購餐,1
債務約定,1
張振傑,1
並路,1
方銷,1
聲匿跡,1
蘭新,1
贏家及,1
宣傳購,1
五時,1
詢大榮,1
顾漪,1
季禮包,1
綠電節,1
順里,1
鄰忠明,1
佳宏,1
微信名,1
詢問後至,1
盧佳祥稱,1
金流共五筆,1
雖轉入,1
戲要,1
秦右,1
買家遊,1
芋頭,1
總計僅,1
裡訊息,1
並無張,1
文泉,1
還實現,1
然後發來,1
偵查員林士弘,1
氛給,1
王鈞毅,1
鈞毅,1
票務商,1
難討,1
卡廣告,1
搜尋懷孕,1
交談後向,1
神店,1
區神林,1
打開遊,1
戲後發現,1
日有試,1
投一萬,1
做換,1
以年節,1
過相關,1
吳照煊,1
投資永遠,1
應徵群,1
超商換,1
台中楓,1
香店,1
相關求,1
職等訊息,1
柯泳江,1
給我申,1
予金額,1
惟事後主動,1
謝銘鴻之來電,1
東北人,1
鑽交給,1
勇浩,1
還耽,1
誤了,1
事顧,1
加額外,1
孤獨且,1
輕言細語,1
著狂,1
活躍著,1
辛勞積蓄,1
哪管,1
決孫子,1
裡栽,1
打黑,1
問運送,1
而惱,1
籌九萬元,1
不察覺,1
賞孫,1
賞悟飯,1
地傳訊息詢,1
著永無止,1
一絲雀躍的,1
過斐濟,1
近六萬塊,1
補回來,1
耳機盒,1
趕學校,1
用約定,1
精神支柱,1
尋夢寐,1
一十九,1
衝動加,1
她展,1
雄告訴,1
終於升級,1
叮鈴作響,1
海水,1
般一點,1
連下,1
一學期,1
酒紅色,1
特四區,1
遍檢視,1
組裡教,1
搜尋卻,1
梁凱鈞,1
繳納國際,1
這三筆款,1
關東橋,1
駕駛問,1
當油,1
郭柏文用,1
徐淑琴,1
恳求,1
招致,1
耳罩,1
共借,1
實償還,1
分居,1
集思廣益,1
李正行,1
關處理,1
達正,1
並已查,1
銀行薪,1
蘇俊廷,1
彭靖凱,1
沒電而導致,1
蔡佳玲則,1
天內將,1
竟並,1
須再繳,1
事須,1
設定後將,1
認識後聊,1
蔣志偉,1
中訂,1
閱挖,1
壁區菁,1
李美娟,1
即沛,1
之後分,1
由海關,1
金純度,1
扣壓,1
雖其,1
王文佑,1
我之生,1
雙方後談,1
我塔位,1
北門路,1
遊戲幣且,1
供觀,1
號消費,1
伊崎暖,1
億財富,1
東港鎮,1
新勝里,1
其密,1
文杏,1
詳成員,1
演示,1
規虛擬,1
一嘉,1
亞一露娜,1
阿加,1
雷斯,1
隨後未讀,1
威齊,1
胸包,1
私談,1
組一模,1
咖認識,1
葉澤,1
認佛牌,1
稱業務,1
之周,1
稱代轉,1
號後無法,1
幣違,1
屯幣,1
台幣共約,1
內共約,1
購寵物,1
我穆,1
葦庭,1
彤彤兒,1
防偽碼,1
時錄,1
分從華南,1
賣家國,1
款才,1
日同學,1
因無帳,1
謝雨柔,1
然後某,1
所所,1
觀音山,1
園園區,1
蓬萊園區,1
區芳洲,1
獲額,1
內生,1
呂若妍,1
間金,1
法拉利,1
該幣安,1
匯幣給,1
楷宸,1
做魚,1
因聯絡,1
精神病院,1
主有,1
補腎,1
益壽延年,1
封膜,1
電順,1
但順,1
項產品,1
人其,1
大太因,1
資產運用,1
圓時,1
文俊,1
楊鈞豪,1
新一,1
款轉,1
萬千,1
盜竊者,1
雜與,1
許雯靜,1
方怡,1
到幣托,1
雅麗,1
平民,1
經莊,1
文馨,1
李典,1
稱新,1
已積,1
簡訊後點訊息,1
追個,1
專賣版,1
有團友,1
有小傷,1
嚴可芯,1
投實,1
無存,1
出的貨,1
給我神,1
給此,1
款後交貨,1
集團演,1
金虎,1
贏及,1
因事後要,1
宇浩,1
人愛之,1
遊金幣,1
人愛後,1
人愛仍,1
楊朝景,1
冰心,1
茶王,1
中華店,1
號結算,1
魚及,1
魚北,1
被幣,1
微單,1
聯合國緊,1
難小組,1
資產信,1
事後由該,1
進農,1
適逢農,1
慧琳後續,1
稱鴻利,1
儲值須,1
員教導,1
獲抖,1
音借,1
結後引導,1
劉文傑,1
渠自稱,1
名義請求,1
應錢,1
阿華馬,1
給我楓幣,1
連討論,1
獲六萬,1
專櫃購,1
這拉,1
修薇,1
崢嶸,1
之際刷,1
認畫面,1
要晚,1
王皓,1
瑞德,1
求證視,1
無睹,1
由聯廣,1
聯廣,1
他四處,1
問阿樂,1
連豐門市,1
將我華南,1
有載,1
客及,1
車者,1
予當事,1
時方,1
駛到,1
折返,1
穩舵,1
心飛,1
安大隊,1
現貨供,1
順利住,1
進飯,1
售價要,1
意降,1
福多門,1
剛拆開,1
裝聾作,1
白人,1
尋常行,1
人償還,1
隨後展,1
教導理財,1
關愛行動,1
信保證,1
小美下載,1
當小美嘗試,1
小美終,1
油費,1
給我遊,1
就義,1
辭地匯,1
沮喪中,1
著廉價,1
華航哩程,1
補品給,1
當紅藝,1
撲通,1
通地,1
这点,1
钱算,1
幣啊,1
更年期,1
故知,1
神傷,1
阿哲不斷,1
本想用,1
一拍,1
大腿,1
急費用,1
陪玩網,1
分會給,1
著損,1
描後轉帳,1
規範感,1
秦書豪,1
貨幣後至,1
李淑婷,1
寶盛,1
有代客,1
組面額,1
步上後塵,1
似錦群,1
似錦學習,1
廖妍,1
周琪,1
方弄,1
這都過,1
還沒個,1
鎖上,1
機轉手,1
法交貨給,1
機賣給,1
莫羽,1
其犯,1
明點入,1
填輸訊息,1
記遊戲,1
證後截,1
該四項,1
過於急,1
萬後續,1
萬回,1
信持續,1
結出場,1
徐惠雯,1
當天會合,1
退門票,1
讀後封鎖,1
專業代儲,1
買大額,1
知款,1
違規代儲,1
樹德,1
間家裡,1
創薪匯,1
並互換,1
桃銘,1
應餐,1
溫哥華,1
康省點,1
還有長,1
鄭庭宇加,1
做塔位,1
多販賣,1
出貨款,1
張耀文,1
核對後發,1
其當時,1
財情,1
並引線,1
朱元華,1
暫回,1
著群裡,1
心動詢,1
韓非,1
凱文店,1
尋網,1
區凱歌,1
出靈,1
遊送,1
費後拿著,1
之後人間,1
想快,1
招路,1
收貨站,1
催討款,1
四個幣,1
伊夢,1
繳交超,1
商條碼,1
溫良,1
單能,1
假團,1
給傳給,1
許蒨,1
交那筆,1
投胎,1
還很高興,1
連結後該,1
務農,1
教導購,1
深遠,1
楊欣悅,1
李辰,1
顯示經,1
林華妍,1
進修組,1
向小玲,1
阿維未,1
借款者,1
通聯及,1
當心戀,1
需小芳,1
並承諾利潤,1
繳代,1
受信,1
酬承諾,1
通聯紀,1
連導師,1
無畏,1
日欲斗內,1
音點,1
數之網,1
機價值,1
至顧,1
客家,1
聲要,1
載回,1
貨運載,1
壹支,1
晶元,1
項服務,1
遭晶元,1
並無自稱,1
這些換,1
日討論,1
資意願,1
幣商到,1
便向幣,1
現金後會,1
我播,1
麗姐,1
詳聊後續,1
鞏答,1
餐聚,1
會員後登入,1
照居,1
額金錢,1
雙管,1
吳石,1
始入,1
接獲分,1
經釐清後才,1
多禾,1
追並,1
艾薇,1
經報案,1
三葉,1
樂蘭電,1
將柏霖,1
方不僅曉以,1
利害,1
並計劃面,1
萬元險些,1
檢檢察,1
還順口問,1
黑豹,1
軍火,1
神秘感,1
心湖,1
園這樣,1
隨後人間,1
野外,1
美光,1
確能,1
運轉珠,1
進件,1
經見過,1
車朝捷,1
這一去,1
選旋,1
人別驗證,1
移工稱,1
為管,1
須匯,1
為菲想,1
細節後以,1
走失,1
放飛賽,1
贖金新,1
肯放回,1
所編,1
我陳國瑞,1
民協議,1
民並,1
贓物並,1
狐平,1
稱為驗,1
收裝潢,1
帳後我,1
國安街,1
號海佃,1
莊昱芬,1
辦理幣,1
安個,1
需無法,1
幣旅,1
聽聞過,1
立業,1
炫麗,1
成星,1
異得,1
一輩,1
婉惜,1
一百七,1
國光生,1
技的網,1
務實,1
他共築,1
都訊息,1
大華銀行,1
小魯蛇,1
經嘗到,1
不太上,1
忙昏,1
確沒有,1
受盡,1
六元,1
卷餐,1
義大飯,1
獲利報,1
希失聯,1
勾人,1
李晴,1
涵馨兒,1
還算溫,1
接連好,1
遍閃過,1
著鍵盤,1
肆意,1
給宛琳,1
過風,1
風雨雨,1
剩空虛,1
貨不太,1
瀏覽數,1
最後轉換,1
紅紅利,1
徐秀花,1
林筱苒,1
我多入,1
余思雅,1
太多金,1
捏碎,1
何城,1
腦海揮,1
台灣後開戶,1
林郁芝,1
包裝裡,1
玻璃窗,1
以恩,1
慢動作,1
領域裡,1
尼膩,1
問這位,1
冰川,1
著三萬塊,1
中如夢,1
半輩子僅,1
進書房,1
興奮大,1
我念驗,1
音安撫,1
剛參,1
這個親,1
超愛門童,1
韓流,1
會太熱門,1
票價略,1
放肆,1
白曉靜,1
孩子家,1
張愛笑,1
令人窒息,1
裡主動,1
心在,1
收外,1
拆專,1
賣神,1
只想用,1
期收,1
購販售,1
幾天省,1
盒裡塞著,1
火鳳,1
窩囊,1
潛伏著,1
認識會,1
步履,1
疤痕,1
頭凍,1
魏惠玲,1
筆資金試,1
溫欣靜,1
論壇裡,1
證大,1
李志鋒,1
但家弘,1
莊孫,1
機和氣,1
泡機,1
玉婕,1
打雜,1
還對方,1
然後反,1
調補助,1
獲利詐,1
當準,1
備匯,1
計劃問,1
人員換,1
字會,1
中計畫,1
借西,1
借而來,1
夾之貼,1
雯者,1
遞司,1
取貨單,1
該取,1
鹽燈,1
便剛,1
日欲刷,1
內先,1
由電商,1
壞意,1
賺起,1
網時候,1
叫方,1
環工系,1
系碩士,1
墨爾本念,1
禮拜要,1
不離開,1
玩台,1
名義張,1
稱令,1
販賣珠,1
陽李冠義,1
追漲,1
環匯,1
房號,1
美體針,1
上謹慎,1
百戰營,1
分經,1
區梅,1
號大樓,1
客室,1
關遊,1
稱遊,1
今該,1
營業員前,1
東台,1
藍懿,1
縱合行,1
銷公關,1
及紅利,1
韓員,1
壓注,1
位操作,1
飛達,1
取貨後遭,1
幻三國,1
付費和驗,1
海報還,1
一組永豐,1
至別,1
完後相約,1
隨小老師,1
和幣托,1
國泰世華外,1
性債務協,1
設格倫外,1
投資恆,1
美國到,1
營業務,1
認識羅翊瑋,1
群組承認,1
艾热,1
帕尼江,1
塔依尔,1
將我匯,1
際關,1
並頻,1
裡私,1
這筆驗證,1
志勝,1
幅度,1
遠宏,1
時漲,1
停時會,1
范端,1
第一印象,1
到馬爾,1
還和飯,1
旁變,1
卓貿,1
張嘉賢,1
導和,1
工離職,1
暫代人資,1
自勞,1
工局,1
許欣,1
用少額,1
給外傭,1
報要,1
李欣慧入,1
葉瑞傑,1
啟壕,1
賴東順,1
西屯區何,1
東二街,1
匯匯,1
差分,1
給黃科源,1
財專區,1
專員顏配,1
安小額,1
幣安內,1
情接,1
關宮,1
廟門時,1
鎮民,1
聯絡處,1
古瑞龍,1
日洽詢,1
然後繳,1
交兩,1
憑此,1
用五萬元換,1
達桃園,1
剛泡,1
心不甘,1
情不願,1
笑了笑,1
分析案情,1
太會講,1
打起精神,1
吐槽,1
暗叫,1
用小錢,1
是雯雯,1
然後看,1
裡蹭,1
地漲,1
過一個類,1
剛處,1
當華麗,1
語轟炸,1
報案還,1
圖想,1
翻家裡,1
那堆,1
唐晶,1
唐晶介紹,1
及雙,1
有運作,1
晴芸,1
群耀,1
手機續,1
談貸款,1
目標平,1
億近,1
覺察該,1
萬盛國際,1
繳稅額,1
惟詹藝貞未,1
多人稱,1
出後遲,1
會積,1
建英,1
現會,1
首無法,1
會首詐,1
購買藥,1
打戰,1
郭德德,1
款後出,1
貨予,1
資欲,1
提共對,1
密及將,1
薛男稱,1
故給予,1
薛男,1
薛男以,1
方小葉,1
細都,1
賣後無法,1
進偉,1
計次,1
成員曬,1
雙德門市,1
侯穎,1
無意點,1
福計劃,1
內變,1
然後事後向,1
車滯,1
運車,1
因無人,1
曲盡,1
詩璇,1
茵莉,1
吳紹國,1
貸速,1
並將信,1
行防範,1
行則,1
進貨為,1
還開設,1
師吳,1
孟道,1
吳孟道,1
吳所長,1
中求,1
介紹時,1
包軟,1
體後來,1
李承陽,1
曉美,1
服務馬,1
語到,1
紫外,1
江翔,1
滄海,1
桑田,1
幾家幣商,1
順源幣商,1
並謹,1
萬成員,1
稱曉柔,1
找虛擬,1
當與曉柔,1
將曉柔,1
徐欣妍,1
其剛,1
超以,1
林志寧,1
花蓮港務,1
行而,1
新蓮,1
騙然,1
渠店,1
渠兌,1
宗德,1
百福匯,1
流地,1
牽引著,1
包向,1
及傭金,1
配合默契,1
和菲菲,1
數字牢,1
人陳述,1
技術學,1
李紫宸,1
之齡,1
地尊稱,1
湊夠,1
何睿軒,1
日詐,1
人林曉玟,1
投泰達幣資,1
後者則,1
需詐,1
格倫外,1
科訊,1
欲利誘,1
此車,1
財經界,1
預言家,1
轉轉代購,1
洪亮,1
這噩夢才,1
一千一百八十,1
下半場,1
漸癢,1
這份錐心,1
上光,1
茹珊理,1
財航,1
技學院,1
出疑問,1
故弄,1
玄虛地,1
經幫過,1
過年後會還,1
進展並,1
評估表,1
完評,1
估表,1
威吉說,1
同齡,1
沒有警,1
給學生,1
個華麗,1
並裝設,1
車安卓機,1
而主機,1
廖子傑,1
明泰,1
衛星,1
從小數,1
理化,1
通訊網,1
投其所好,1
小菜一碟,1
竟敵,1
還快,1
黑紅色,1
樸實,1
運彩時,1
忠宏國際,1
宇慶,1
貸專,1
專語氣,1
憑證來,1
將機票,1
將讓,1
名義送,1
自傳書,1
設計騙,1
疊車,1
著收車,1
一千五,1
包吃,1
雨裡,1
揭不開鍋,1
有口,1
能放過,1
稀缺性,1
白雪,1
皚皚,1
雪地,1
裡盡情,1
之夢,1
微肉,1
總共九萬塊,1
方用保,1
歐悅,1
業務劉,1
保手續費,1
一汪,1
多諷,1
我麻痺,1
林佩儀,1
安誠國際,1
脆弱不堪,1
我四萬,1
給莊,1
清祥,1
王金平,1
這課程,1
懶的貓,1
新機車,1
張晶華,1
一則志工,1
數字實,1
還曉之以,1
理動,1
以情,1
冠儒,1
著多麼,1
省心,1
激怒,1
兒子終,1
當母親,1
通緝中,1
心著,1
最珍,1
重獲,1
巧手,1
完好如新,1
珍視,1
年後會,1
張清潔券,1
改來,1
張妹,1
罹癌,1
正熱烈,1
那主播,1
判若,1
雲泥,1
動漫色,1
沉溺在,1
從鮮,1
貨筆,1
六罐,1
商繳,1
執事,1
一封封,1
卡調,1
應後到,1
該聯,1
方令,1
人多,1
着手,1
那囂,1
萬條件,1
絕不聯,1
徵及,1
費焦,1
頭爛額,1
故林嘉偉,1
依林嘉偉,1
任務資格,1
獲利傭金,1
元之傭金,1
愛膝,1
配員到,1
貪念導致,1
連股價,1
強調當,1
開燒,1
廖仁亞,1
差資金,1
沒選好,1
擋牆,1
服務不夠,1
行維修,1
飛利浦燈,1
假燈,1
壽命,1
極短,1
站求,1
流雲技術,1
林依雪,1
渠是,1
吳旋,1
莊佳穎,1
周星宇,1
新豪,1
新托,1
務所請,1
智豪,1
智豪轉,1
林柏文,1
林柏文以,1
面驚覺,1
一陣子後裡,1
端將,1
彩繪,1
延後交貨,1
張貴惠,1
為林峰,1
蔡承璋,1
加額,1
隨後當,1
檢警持,1
調有個,1
至合庫,1
問合庫,1
需下單,1
給團,1
無風險且,1
林婉昕,1
並允若,1
惟虛擬,1
維修過,1
萬後要,1
期稅,1
帳管費,1
萬元帳,1
管費,1
備金,1
佳釀,1
他夢寐,1
他聯,1
買家以,1
蓋後向,1
詢後方,1
我顏瑛,1
政報,1
案稱,1
顏民稱,1
準備換,1
講解後便,1
以後若要,1
人機師,1
閱卡,1
遞快,1
富泉,1
獲凱基,1
新證,1
擔保融,1
資額度,1
憨兒,1
發身,1
信後即,1
盧煜峰,1
盧男自稱,1
盧男,1
接著抖,1
合創,1
張杰,1
凱博,1
預先收,1
鐘曉萱,1
工裝褲,1
華立門,1
金標,1
共欲購,1
白星,1
半立體,1
壁飾,1
及寄貨,1
操股,1
金而放棄,1
二面,1
憑證予,1
伊諾,1
大時會,1
接獲群,1
芳霏牌,1
先後輸入,1
給外,1
勞發,1
李美君,1
友意,1
稱且,1
商務學習,1
管運營,1
投資車,1
張國維,1
專員上,1
門來,1
二檢查,1
緊張且,1
張美珍,1
林雪瑩,1
高婉均,1
富群,1
僅掛,1
點擊後由該,1
工配,1
保證進,1
群組禾,1
寫代碼,1
方來源,1
出來後購,1
最後各種,1
丁克,1
分利給,1
續范,1
研寧有,1
傭金故,1
稱得標,1
嫌定,1
詢問何,1
蔡幸,1
當日並,1
爾後將,1
項額度,1
職上,1
錢後作,1
沒待,1
坡川,1
用佳穎,1
進而到,1
師買,1
落後地區,1
計算為,1
輕弦,1
吳健磊,1
獲多通,1
並其,1
口羅,1
豪華禮品,1
自自來,1
群組後便,1
點入後會,1
翁瑞嬪,1
露比,1
億鼎國際,1
爐新,1
愛昊昊,1
掛戒,1
深有,1
實際下,1
隨之化,1
新會員有,1
時查證,1
拳腳,1
知之甚少,1
施凱程,1
協助設,1
背後的關,1
網走,1
方喜歡,1
所戴,1
慘爛,1
大顆,1
較小顆,1
變賣後僅,1
漸行,1
漸遠,1
退步,1
抽年,1
中禮,1
行動組,1
筆與,1
統稱,1
萬積分,1
因為察覺,1
催要,1
科李,1
正鵬,1
連同代墊,1
當時語,1
續立生,1
遭立生,1
向立,1
生介紹,1
即聲,1
閱相,1
過後在,1
其引,1
志偉並,1
並每,1
週二會,1
科源會,1
繼承稅,1
很輕信,1
治誠介紹,1
上嘗試,1
區洽,1
躍進,1
私函,1
堅實,1
然後如,1
備續,1
還我個,1
彥斌,1
萊爾富萊貨,1
第二把,1
夜神,1
切機,1
並懲,1
處詐,1
終對,1
農會代碼,1
貼到,1
投資後變,1
叫蕾,1
辦理後事,1
貨品後將,1
台灣珠,1
加電信,1
辦三組,1
點入後轉,1
熱愛學習,1
錦屏,1
春暖,1
經貿,1
心妍子,1
葉曉曉,1
雀友,1
看賣家,1
做免,1
孕媽理,1
從禮品,1
這運氣實,1
海馬,1
幾副春聯來,1
統錯,1
劉玟,1
資金五萬元,1
將陽信,1
劉莎莎,1
薪資給,1
樓門口,1
秉宸,1
募資金,1
通訊頁,1
蔡思言,1
思言小,1
劉盈莉,1
環買,1
之紅,1
劉男給,1
對方均將,1
萬和路,1
跟家屬,1
其步,1
繳一點給,1
遭黃科源,1
做格倫,1
故女兒,1
寶寶出,1
補發金,1
經理述,1
因補,1
佐電話,1
台查詢,1
職章,1
方檢察,1
官用,1
打板,1
美嘉門票,1
吳晉怡,1
心彤,1
名義現場,1
不贏,1
過後持續,1
日中間,1
曹唯倫,1
推銷員張,1
如夢幻,1
裡熱,1
血沸騰,1
江貿詮,1
江貿,1
詮平時,1
給江,1
貿詮,1
太東路,1
楊佳峻,1
一禮物給,1
稱黃科源,1
周小美,1
卡檢附,1
懷疑訊息,1
王元章,1
電磁壺,1
文不對題,1
張守毅,1
發桿,1
號逢,1
李霄,1
裡著,1
除紀錄,1
王力口,1
第三名,1
清澤,1
其繳,1
完後繼續,1
金之後轉,1
之後離,1
台目,1
張婧,1
假及,1
拱損,1
樂和拉霸,1
張熙,1
帶話題,1
貨幣後全,1
提領後交給,1
組貼,1
出內,1
過後給,1
畫雨眠,1
轉交一筆,1
轉介費,1
主導該,1
董蘊辰,1
雙方網,1
戀後對,1
教江民,1
電為,1
點後後即,1
誘參,1
國晴,1
赤錦祥,1
雲迎富,1
蔡曉慈,1
聽渠,1
張雨,1
喬業務,1
文康,1
燈籠,1
派員警,1
傳新濠,1
獲利外,1
增資金,1
依宇爸,1
但宇爸,1
周大邊,1
債物,1
換頂,1
珞菲,1
過世喪葬費,1
飼養費,1
始才察覺,1
竹民路,1
檜木,1
兩輛,1
貨車將,1
貨物載,1
未銀貨,1
湧門市,1
扣案,1
商交,1
同手,1
交並且,1
加遊戲,1
已在場,1
翰林,1
劉宏達訴,1
王室,1
起獲,1
豪替,1
戊田,1
小蓉包,1
國小校,1
隨後發覺,1
渠賠,1
蕭雅怡,1
優質幣商,1
人員盜,1
酷澎裡面,1
開後依其,1
現金稱,1
調查後續,1
文孝路,1
外停,1
方至家,1
回惟,1
湊單,1
單始,1
能款,1
計網路,1
關於綠能,1
匡自,1
李試,1
並刁難,1
關於黃金,1
悉數,1
應分,1
開處理,1
若發,1
電商及,1
交換幣,1
包騙術,1
假友,1
兩頭失,1
資絕,1
得陽,1
卡騙局,1
車友們,1
信裡頭,1
假造文件,1
牌包,1
動帽,1
五十多年,1
既憤,1
皮訊息裡,1
糖應,1
該值,1
營養餐,1
子孫,1
我見過,1
債保費用,1
那十萬元點,1
地嘲,1
諷著,1
老漢,1
將在後悔,1
志明聲,1
語向,1
一百五十二,1
十八年,1
殘喘地,1
投資夢裡,1
張宗傑,1
日四張,1
檔寄給,1
米克斯,1
價略,1
連價格,1
房仲業,1
豪華遊艇,1
起跑,1
宏觀,1
一輩子勤,1
勞樸實,1
皂維持,1
皂事業,1
散散步,1
萬卡,1
職員來,1
多將,1
沒頭緒,1
問消,1
宵小,1
財產毫,1
廳後場,1
比地,1
獄還,1
台用,1
極地問,1
母女之情,1
寫到,1
卡測試,1
蠢事,1
這低價,1
滿盈,1
義疏財,1
仍縈繞,1
工養活,1
但田田,1
田田給,1
運及,1
寶無法,1
提共賣,1
去後會給,1
法刷,1
必續繳,1
面會將,1
查此,1
紫南,1
宮店,1
款且,1
需填書,1
精選詐,1
用原,1
研究班,1
營業員見,1
張佳恩,1
稍後查,1
方浩學,1
借台,1
還我刷,1
因銀行系,1
項民間,1
河西,1
其輕易,1
有志者事竟成,1
燈不斷,1
語解,1
越大回,1
報越,1
王景富還,1
雷姆漢服,1
至傑,1
達智信,1
何秀,1
股鴻運,1
見購,1
屬違,1
以話術將,1
簽立線,1
商業務給,1
幣商業務,1
蔡約定,1
蔡有給,1
有代買生,1
基會,1
業務前,1
許民驚覺,1
劉詩雨,1
投資漲,1
碩士班時,1
弘逸及,1
約並,1
假檢院,1
收新瑪,1
奇遊,1
瑪幣,1
抵遊,1
職遇,1
組後便,1
然事後欲,1
教學確,1
信貸委,1
陳媛媛,1
躊躇,1
滿志,1
網路存,1
瑣事及,1
現職珠,1
及陳靜怡,1
欣奇門市,1
屬單,1
非以,1
醉意,1
一程,1
進一棟,1
行動前,1
唯舞,1
獨尊,1
我林鉉,1
崇賢,1
家苑,1
介紹養,1
生宅,1
可住,1
麻將間,1
父親林,1
金泉,1
簽新約付,1
並一語,1
連那出,1
會體驗,1
我陳柏穎,1
俊宏加,1
俊宏要,1
佳恩加,1
儲值驗,1
連陳,1
水人,1
稱新購,1
洪國翔,1
方之行,1
程惠蓮,1
李長,1
某極,1
縣區,1
永吉,1
並無欠,1
糖蜜,1
它作,1
包裝後以,1
並未導致,1
陳姵婷,1
廣明,1
以嘘,1
際線,1
小把戲,1
結出,1
經負,1
儀調查,1
徐琴,1
楓給,1
性溫,1
劉靜,1
專員們,1
原價貴,1
費後是,1
務無誤,1
演會門票,1
興起點,1
說額,1
費交,1
取數,1
調小額,1
易如反掌,1
向家裡,1
很類,1
還在平,1
購買詐,1
更多得,1
林湘琴,1
組接觸,1
名余,1
華在,1
明余慧華,1
余慧華,1
余慧華主動,1
日向線,1
金表,1
該表,1
余慧華幫,1
管金及,1
周婕文,1
算牌,1
裡一暖,1
林修岩,1
妥個,1
小卡有,1
青島線,1
卡代購,1
醫思國際,1
家祥南,1
牆並,1
然後連同,1
乾貨,1
甕佛,1
電南,1
付手術費,1
性命,1
救媽媽,1
實媽媽,1
別錯過,1
淚如雨下,1
昏歲,1
叫陳沛辰,1
沛辰,1
貸款後要,1
整共新,1
妥後不疑,1
裡沙,1
這破事,1
商周,1
所當,1
只想哭,1
泰版,1
語音予,1
銀行後出,1
熱愛購物,1
元立,1
張張過,1
感開始,1
裡電話,1
他信,1
誓旦告,1
看著家裡,1
業務借,1
認手續,1
輕信額,1
外聯絡,1
多獎,1
投資員工,1
優購物,1
瑞金,1
廖靜雪,1
安玉雨,1
瑞奇,1
區誠懇哥,1
誘人要,1
乙太幣給,1
號案,1
林文宏,1
號該,1
還其,1
一木,1
經貨到,1
稱雨下,1
台灣予,1
僅保險箱,1
內無對,1
江醫師,1
資訊後跳,1
下向,1
六處,1
五處,1
新北區,1
這事關,1
擔保物會,1
鄭和路,1
順利無阻,1
方多問,1
睿緒,1
秦嘉寧,1
給參,1
晏稱,1
稱日後還,1
則稱,1
並無確切,1
故無正確,1
直升,1
機因,1
旗津外,1
挾持,1
戶動,1
漫帝國,1
渡井謙,1
美加,1
超商梓,1
區瑞,1
精心设计,1
警備車,1
用資金,1
保險質,1
將我質,1
為媛沁,1
以在網,1
因電商,1
聯絡王,1
並傳王,1
廟方員工,1
宇及,1
診器,1
吳家蓉,1
蔡森,1
隨後都,1
下載鴻景,1
太高且,1
劉俊峰,1
我黃慧芸,1
那拔,1
因均,1
故就點,1
經協調,1
承諾自,1
避不聯絡,1
可佐證,1
謝如蕙,1
謝小漾,1
別人車,1
區永華路,1
商外,1
南紙,1
楊欣妍,1
惟弘逸,1
內入帳,1
姿宜,1
文正賣,1
文表現,1
確保手,1
機不會,1
尋周婕文,1
音穩,1
剛賣,1
伢兒,1
手作店,1
徵才區,1
廣傳給,1
還有類,1
莊佳真,1
車派給,1
車當場,1
因數,1
時尚家飾,1
先捐贈,1
一個律,1
一假網,1
獲利連,1
吳亦凡,1
招美,1
問投資標,1
淡忘,1
聯電,1
梁偉,1
週六起,1
劉芷琳,1
行之員工,1
區文賢路,1
辭親,1
資金後來,1
先後與幣商,1
還有友,1
指損,1
計而非,1
油後對,1
事業部,1
欠付,1
繳納切,1
方檢具,1
項截清,1
專學生,1
林允兒,1
名為許,1
商談後以,1
鴉遊戲,1
椅墊時,1
張劇勝,1
許麗,1
受金錢,1
我金幣,1
磚買,1
蘇琪媛,1
專員商,1
貸有,1
並遲,1
點發現,1
新寧,1
現元,1
號小額,1
閉小額,1
開貨物,1
再細,1
之後查詢,1
遠百店,1
時木貓,1
貓別墅,1
最後階段,1
孫稚,1
連社,1
原無法,1
原協助,1
李東原,1
李男共損,1
郭婷,1
務所向,1
幫轉,1
偵查員警,1
劉浩楠,1
華澤,1
命運稱,1
其命運,1
開法壇,1
馨媛,1
稱馨媛,1
堆金積玉,1
財運來,1
莊民,1
進犯,1
莊民無不動產,1
瀏覽並,1
資訊訊,1
欺乙案,1
孝親團,1
知識後續,1
公厝,1
其微,1
信名,1
壽門市,1
楊帛,1
翰至本,1
林茹欣,1
楊帛翰,1
雕龍,1
逸遊,1
周聖益,1
帳至別,1
人帳,1
永煌,1
其面,1
西埔一街,1
指要,1
學姊平時,1
學姊應,1
比訊息,1
戲票,1
稱白隱,1
渠便點,1
渠寄件,1
鐘後起,1
幫助求,1
賣新楓,1
貫鬥,1
雙龍,1
投資人會,1
張凡浩,1
親友後驚覺,1
林妍欣,1
欣熱情,1
特助麗,1
鏵給,1
小睿,1
石要,1
明價格,1
鑽石時,1
家版,1
時後發現,1
並無返,1
可說,1
兒遭,1
啟華南,1
師反應,1
好盜,1
以長,1
懼後對方,1
一高,1
發店,1
幣元並,1
內里,1
劉專員傳,1
有萊爾富,1
費證明,1
小雯馬,1
投寫,1
真比賽,1
又熱,1
這裡還,1
懶得管,1
剩零頭,1
調存,1
金寧分,1
碰為,1
續會用,1
多講,1
會輪,1
林雅,1
將經理,1
並才,1
當預定,1
按怒,1
預購款,1
許不錯,1
磐曦,1
並轉用,1
還沒到帳,1
名師賴,1
憲政老師,1
紅蓮,1
虛寶很有,1
那個號,1
寶這種,1
擺姿勢,1
無折,1
受人,1
經後悔,1
哲愷,1
楊小玲,1
那甜,1
膩膩,1
空落落,1
鄭討論,1
嫻人,1
以融,1
唯雅稱,1
結束後稱,1
著年,1
終驚喜,1
方贊助商,1
廣告害,1
惡棍害,1
苦難,1
時限未,1
牛仔布,1
簡直帥,1
名大學生,1
語氣給,1
訊息彈,1
力幫助,1
名義發訊息,1
怔住,1
瞭到,1
結設,1
察言,1
溫柔且,1
金喜,1
卻灑,1
群暱,1
陳婷,1
這人會給,1
明夷行動,1
傳來票,1
冠延店,1
是秀花,1
給秀花,1
傳來秀花,1
一點積,1
壯志門市,1
恩情,1
通的網,1
尋解決,1
小餐,1
報了類,1
其輕信,1
幫陳女,1
上帶,1
女約定,1
地張,1
他常噓,1
獨歲,1
購買架,1
之書桌,1
號後續,1
憤怒感,1
保護殼,1
買新書,1
遍後悔,1
沙龍當,1
余禧安,1
並期許,1
樂安門市,1
專坑,1
圍巾花,1
最後還匯,1
不笨,1
因著,1
搶著,1
擁入,1
懷中,1
犯約,1
名為利,1
中裕元,1
戶詢,1
經擅,1
卡及凱,1
日會配,1
送料,1
潔歆,1
拍行業,1
開口訴,1
以後暱,1
張欣妍並,1
目為何,1
問金錢,1
歐陽雪,1
保之費用,1
隨發現,1
元之補,1
問之會員並,1
及策,1
指新,1
之維,1
元委,1
李昊宇,1
內驗,1
需之虛擬,1
詢備案,1
稱梓玥,1
補嘗,1
民視,1
台以,1
會晃動,1
黑馬論壇,1
檸檬持續,1
職女,1
記手,1
林米婭,1
可愛又正點,1
看購,1
盛安幣,1
前後後陸,1
沒叫,1
知微,1
瑞斯,1
蜂膠,1
光澤洗,1
奶雞本,1
群組會,1
明故,1
且接,1
沈雅靜,1
美樂蒂酷,1
洛米,1
蛋黃哥,1
企鵝大耳狗,1
探勘,1
首爾機場,1
而補,1
權路,1
公廣場,1
楊宥,1
應後告訴,1
並於去,1
獲利後即,1
巷一帶,1
林秀惠,1
程為,1
盈動,1
他會噓,1
單不斷,1
方個資,1
宜泰假,1
物及,1
損失經,1
周泰巨,1
隊卡包,1
區霞海,1
郵政西,1
良檢察官,1
配托運,1
許依婷,1
或小傑,1
謝丹萍,1
繳納後還,1
朱宏義,1
創生,1
投三個,1
點擊安裝,1
吳碧月,1
吳佳慧,1
吳嫌,1
由且,1
不抱,1
元教會,1
我代價,1
紛鼓勵,1
搜尋遭,1
國安局,1
信話,1
帳號後並,1
頻號,1
頻教學,1
節課,1
分二至,1
黑無法,1
依當,1
其發覺,1
異後使,1
政諺,1
及代號,1
進去後會,1
放標,1
付費續,1
因感覺,1
禮物現,1
王男遂,1
遲女,1
該物則,1
再須,1
日初,1
時代周,1
梁麥琪,1
玄後加,1
金之故,1
閣樓,1
內容告,1
千惠,1
沈憶君,1
給沈憶君,1
楊惠雯,1
之後俊宏,1
醫官,1
跟俊宏,1
灣也,1
灣時,1
之後付,1
勇氣將,1
須宅,1
師主動密,1
將補償,1
兌銀行,1
兌金,1
文興會,1
盈涵,1
育涵,1
所學習,1
次僅,1
帳共付,1
竹豐門,1
潔面,1
李義山,1
終未到,1
張耀任,1
天後發現,1
方無里,1
筆不名,1
該多筆,1
金不名,1
騙致,1
這人稱,1
先後協助,1
這是網,1
查緝而發,1
群組後皆依,1
筆我先,1
然後提給,1
並與此,1
連貫信,1
處見過,1
泡過,1
故自,1
投資合計,1
方熱,1
卡在系,1
百揚,1
特用戶,1
揚機,1
龍安街,1
優越且,1
未到帳,1
嘉福街,1
楊尚衡,1
李冠逸,1
次女,1
吳卉羚,1
假收據,1
筆錢化,1
張志玲,1
人代匯,1
運大慶站,1
當我交,1
劃算,1
明盜,1
鼎瑜,1
原義門,1
有禮且,1
這組樂,1
多猶豫,1
情屋,1
保留住,1
劉兆筌,1
魅夜,1
友王,1
韋柏平時,1
韋柏見面,1
完後滿,1
吳重德,1
德拜,1
王韋柏,1
進房,1
包所謂,1
資金後便,1
宏太,1
安幣,1
李文恩,1
林上,1
確歸還,1
並發生,1
投資夢魘,1
換暱,1
終帶,1
嘉施,1
金錢詐,1
多理會,1
著禮貌,1
關於資金,1
楊晨,1
誤請,1
遭停,1
權無法,1
結發覺,1
隨貸款,1
經常舉,1
想下,1
渠申,1
渠加線,1
談失敗,1
失敗會,1
超商松,1
毛球,1
因清償,1
江女轉,1
帳陸續,1
中興街,1
財幾乎,1
雨倫小,1
高腰,1
了門,1
聊文學,1
洗成,1
白錢,1
鏈網,1
彰銀網,1
銀後發現,1
蜷縮,1
緊握,1
著冰涼,1
星夢絨園,1
大學裡,1
王正皓北,1
多眼,1
財遊,1
筆錢交,1
厚著,1
地質問,1
條到,1
花好,1
月圓,1
以豐,1
密函,1
組金手,1
郵政到,1
翰博,1
著日股,1
粗魯語氣,1
股現,1
養詐,1
能輕,1
經鬼,1
到後果,1
太諷,1
毫無涉,1
洗滌,1
靈符來,1
靈寶,1
博宇,1
修護廠,1
因經理,1
光仁門市,1
心較,1
職缺線,1
禪修,1
教徒,1
郭民後來,1
郭民加,1
郭民向,1
宜要,1
給王耀輝,1
元之裝,1
之裝修,1
許民無法,1
因時限,1
並無化療,1
進行銷,1
妥代價,1
新辰,1
踏夢什攜手,1
創造者,1
靚介紹,1
醫美機,1
貝絲特,1
獲利十萬新,1
五萬新,1
然後獲,1
發酵,1
然後巧,1
芯有,1
方主動給,1
台灣大,1
所委,1
倫納德,1
還拿取,1
三叔,1
衝人數,1
給回饋,1
林嘉儀,1
極難,1
雪娇,1
包再將,1
但雪娇,1
東西覺,1
資金加平,1
消遭,1
在麗鏵,1
試運行,1
總愛搜羅,1
出冷汗,1
漸將,1
怒不可遏,1
人訊息給,1
幣額後會,1
根究,1
桌過,1
山車,1
追貨,1
打展,1
目不暇接,1
苔癬,1
因低價,1
地為,1
福松還,1
一品,1
兩人都將,1
枕及,1
他計,1
心驟然,1
紹著,1
過這位,1
王雅蕙,1
獲利後需,1
推薦費,1
團夥設,1
展覽會,1
還計劃將,1
人流量,1
生產延遲,1
遺物時,1
誠實且,1
任心,1
心言語,1
圖查,1
子豪主動,1
與子,1
需時刻,1
款目,1
標帳,1
業務連絡,1
做款,1
驟至,1
風險稅,1
氣熱,1
現查詢,1
中尋找,1
初識,1
臥櫃,1
楷晴,1
盜賊裝,1
深得我心,1
細節後決,1
並郵局,1
大不相同,1
七戶,1
搜尋看,1
富利保,1
兩個並,1
現門號,1
單瓶,1
由林仁博,1
親自統,1
購名,1
單瓶能,1
高雄九如,1
保護資,1
專家驗證,1
裡高興,1
幾組要,1
啞鈴訊息,1
可無論,1
偉稱,1
個電,1
嘗試詢,1
叫林淚,1
可一,1
自不詳,1
並在後來,1
將房,1
產融,1
資後約,1
點擊後進,1
誇大虛擬,1
稍後才,1
證券處,1
上互,1
以詳,1
談收,1
之細節,1
才智,1
將盈餘,1
貸轉貸,1
華強,1
四巷,1
資訊導航,1
抽股,1
出郵政,1
許舜豪,1
新宏昌,1
及後昌,1
認屬,1
將共新,1
網販售楓,1
網網友,1
打楓,1
適椅,1
車獎,1
營廣告,1
明債務,1
齊瑞行銷,1
繳人壽,1
完費後才,1
蔣雅婷,1
現求,1
張以紅,1
側門,1
雨傘處,1
雙方閒,1
聊數,1
貨運號,1
想無私,1
幸運有,1
當我有,1
小曼聊,1
愛小曼,1
出領,1
並寄一個,1
而林佳慧,1
詳細標,1
蓮心,1
妙境,1
獎動作,1
以雙方,1
開通平,1
申請權,1
我約會,1
指明,1
經我主動,1
壹號,1
投資人員,1
鄭欣茹,1
區大有,1
林怡菁,1
迎豐,1
有玩過,1
辭職,1
吳少恩,1
迎竹門市,1
地點入,1
賣家應,1
投資額度並,1
分領件,1
一銘介紹,1
余晨,1
小嵐,1
如聞風,1
簽署並,1
潤數,1
為成,1
並且並,1
順利交貨,1
偶爾會詢,1
探險隊,1
理財給,1
聯合代書,1
住屋,1
類投資,1
欺帳,1
帳號後始,1
為易,1
主模式,1
具對,1
牆上,1
出貨廠,1
進行後並,1
林梓欣,1
翰麒,1
下載瑞,1
領等話術,1
故金,1
關融資,1
我之信,1
整入,1
群內暱,1
可將入,1
利約,1
填回,1
始點,1
涵郁,1
盡速驗證,1
義販售,1
頭戴式,1
遭旋轉,1
伯倫,1
楊雪萱,1
雪萱,1
打匯,1
無恙,1
林月怡,1
她則給,1
改痕跡,1
鐘聖凱,1
張易琪,1
凌惠菁,1
自宅門,1
城農會,1
頭城,1
廣投資告,1
債務資訊,1
債主結,1
新的債,1
國際法,1
規必須,1
幾聲訊息,1
能順,1
卡共遭,1
現涉,1
下載鑫,1
廣告訊息後即,1
航員之人,1
應徵陪,1
診員訊息,1
趴手續費,1
永創鉅額,1
皮作,1
創業線,1
小巴,1
屬認,1
林健濱,1
體驗麥,1
小迷姐,1
階會員,1
芙琳,1
謝采廷,1
其條,1
其土,1
土銀密碼,1
獲土,1
斜方,1
肌頸間,1
配通渠,1
循訊息,1
中所供,1
概略,1
元之爭,1
項待,1
詳細訂,1
我黃芷琪,1
開通匯,1
變代碼,1
騙話述,1
之後選,1
超前,1
呂俊瑩,1
劉偉華,1
余承恩,1
海貝卡,1
藝術紙,1
雕書,1
討倫退,1
贊助金,1
畫案,1
對方諮詢,1
填輸委,1
且餘額,1
負值,1
協成,1
嘉諾還,1
网上,1
號稱網,1
置身事外,1
永豐大戶,1
小觑,1
叫諾諾,1
阿雄購,1
張孜蕊,1
孜蕊,1
梁哲偉,1
內點入,1
用白,1
牌車,1
德安,1
巷文子,1
一千美元,1
投虛擬,1
號洽,1
共要繳,1
次該,1
談餘款,1
明川載,1
金原店,1
債主名,1
遭鍾志謙,1
志謙準,1
備開,1
運名義,1
志謙兒子,1
志謙承諾過,1
運後會,1
志謙,1
招寶萬金,1
經台,1
網登入,1
萬分紅,1
用員工,1
敦十門市,1
清茂門市,1
為富,1
蔡美茹,1
寶地,1
生金,1
保佳及,1
觀關,1
希渝,1
饋並,1
之協理暱,1
雯玲,1
奕奕,1
電台灣,1
課不克,1
故由母,1
之後有關,1
蔡婉貞之人,1
李銳穎,1
區振興路,1
韻之歌,1
林雪欽,1
楊麗,1
金麗金,1
周志翔,1
日陳長,1
日黃俊豪,1
發貨訂,1
偏門且,1
車子後擋,1
取卡時,1
車確,1
認煙盒,1
李柏彥,1
撈底,1
既將,1
回國後會還,1
溫蒂,1
然後溫,1
結家,1
遞費,1
幣當作,1
先後都,1
提利時,1
終覺,1
及代操,1
且代操,1
因後金額,1
越大才,1
遇一暱,1
費皆有,1
惟過程,1
啟疑,1
運蓮蓮,1
號後陳思瑜,1
健談且,1
熱愛珠,1
喜翠阁,1
珠寶專家,1
春彩,1
鐲不僅,1
佩戴,1
感驚訝,1
一焦,1
糖色,1
經談論,1
練到,1
寫訊息,1
浪犬,1
著安穩,1
曾郁恩,1
棒換,1
什麼爛,1
車輔助,1
要限時,1
餘溫,1
所裹挾,1
額盈餘,1
則負責,1
單幾樣,1
兒皮膚,1
化學味,1
決有,1
決給,1
我後陸續,1
前有針,1
買家爭,1
時私訊,1
獲利後會還,1
語下載,1
舒妍,1
李文見面,1
核貸給,1
徐專員稱,1
之人聊,1
之後共轉,1
賣家樂福,1
亞數位,1
機下,1
轉比較,1
勁後至,1
人陳怡,1
顆彈,1
全碼,1
黑格,1
九筆款,1
陳鈺瑜,1
欺之事,1
遇一,1
問暖然,1
從並,1
網銀代為,1
周乾瑞,1
徐凱,1
俞廷,1
東大門,1
賣糖,1
葉雅萍,1
給序,1
吳倩蓮,1
之後互換,1
國華徵信,1
詢據林,1
累鼠,1
親人確,1
認後驚,1
湘茹購,1
面後吃飯,1
稍待,1
處理導,1
譽分數,1
方下家,1
漫畫家,1
我獨,1
自升級,1
集漫畫,1
簽屬並,1
號碼則,1
行新,1
這事兒,1
連人壽,1
還順帶,1
白眼,1
百遍,1
手拿筆,1
入神,1
喝口,1
群還,1
眉開,1
眼笑,1
聲嘆氣,1
進幾筆,1
沒有當,1
全集,1
那後來,1
一星,1
攔匯,1
參與限時,1
冷笑,1
太囂,1
狂妄,1
立馬變,1
特氣,1
筆掰斷,1
他搖,1
封鎖後什麼,1
這臉,1
哪兒,1
猶豫什麼,1
防詐業務,1
廁所業務,1
像泵浦,1
緊皺,1
地一,1
發郵件,1
吃準,1
老帥,1
萬當現,1
萬元後款,1
要維修,1
支借,1
案賴,1
蔡秉翰,1
購買二組,1
石墨,1
貨後打開,1
是裝,1
連獲,1
邀張,1
程後便,1
堡國際,1
防風毯,1
成訂,1
因清關,1
需延遲,1
夏維寶,1
並有位,1
王雅莉,1
借據照,1
萬元加,1
日謝,1
祖主動,1
還沒籌,1
及林秉,1
以整,1
故延遲,1
委由小,1
制式化,1
文後遂,1
失輕,1
微不願,1
嗣後台,1
裡接觸,1
雄區,1
抽業績,1
認證後將,1
電傷,1
一剛,1
貨額度,1
過量,1
顧放棄,1
陸續點,1
先資金,1
點開後對,1
電氣,1
菲爾集團,1
職賣家,1
單後聲,1
深入分析,1
張敏,1
證檔,1
吳文佩,1
借貸過,1
當我後續詢,1
問計劃,1
訂立,1
取進,1
巡邏盤,1
查中,1
為佳蓓,1
將佳蓓加,1
佳蓓進,1
我安裝名,1
廷幫忙,1
廷幫,1
家希,1
貨款須,1
收貨後打開,1
購貨品,1
現貨品,1
依退貨,1
間幣商,1
手江泰瑋,1
無財力,1
證明者,1
吳哲源,1
並臨,1
櫃至,1
大銀行苓,1
巔勝利團,1
可訂立,1
為民間,1
簽付,1
柏翰要,1
事後陳員要,1
臨海,1
臨門市,1
拿卡,1
這太好康,1
台灣端,1
至捷,1
筆此,1
號幣,1
德吉,1
南巷,1
購買二筆,1
風向塔,1
石畫,1
然後電腦,1
單買方,1
證後回,1
沈佳麗將,1
祥順門市,1
店員新,1
英皇,1
進去網,1
已非,1
高規格,1
開始源,1
之餘來,1
金投資,1
嘉豪及,1
張凱文,1
巨大成功,1
清額外,1
林恩琦,1
雖能,1
張童童,1
這建議,1
調無法,1
煩心,1
我忙,1
那注,1
寄托,1
決定點,1
批下,1
無奈無法,1
根看,1
法王,1
阮忠,1
堅求,1
錦翠,1
皇鴻集團,1
阮嘉輝,1
辦事項,1
如代辦,1
高怡婷,1
辦出,1
觀光及,1
自快,1
看一個,1
邊旅遊邊,1
近千人,1
想應,1
人閣,1
給筱婕,1
調高額度,1
勤婷,1
珠寶進,1
職確,1
職時絕,1
寶裡面,1
搜尋兌,1
賴婧嬋,1
君還,1
育玫,1
販售業務時,1
灣置產,1
之後蔡,1
簡錦河,1
之後房,1
然後依詐,1
有檳,1
隨同陳民至,1
並基,1
之檳,1
但陳民,1
尋簽,1
興瑋,1
超商大頂,1
大智門市,1
不寄車,1
缺藥,1
李宗穎,1
小欣傳,1
裡大有,1
好後金額,1
上會還,1
帳號羅東,1
且常見,1
點半準,1
載後打,1
陸暮然,1
用模,1
應後買家,1
輕媽媽,1
文由一,1
並不著,1
網友氣,1
吳心始,1
張皓成,1
簡中,1
應附,1
凹痕,1
給顏杏,1
假顏杏,1
證進行,1
小錢學,1
警尋求,1
抽毛絨,1
經派,1
專員銀行,1
好後再,1
知導致,1
並正,1
繼續將,1
賣大學,1
堅毅,1
詞後並,1
故始察覺,1
郵政鶯歌,1
惟恩,1
音太像,1
光天化日,1
店裡行,1
文具店,1
回來付,1
跑不了,1
冠宏,1
前後共見,1
並總共,1
現始,1
楊書楷,1
立豐,1
鈴香安,1
西安,1
右值,1
加設,1
到並,1
合左溜,1
合前,1
鈺貞,1
的過,1
租蝦,1
徐員,1
衡陽路,1
並無此筆,1
許點,1
並拍設,1
本明細,1
畢後經,1
名義執行,1
音應用,1
許明,1
認不,1
稱隊,1
誠隊,1
點回報,1
商貿易,1
任貿易,1
獲國外,1
疑義便,1
但點入,1
連接給,1
出郵局,1
石抖,1
欺電信,1
等動產,1
超商試,1
作掛,1
失而,1
千是,1
完明,1
細後就,1
之後兌,1
區福貴,1
寶福祠,1
區福貴路,1
東二,1
視訊照,1
政治界,1
從付,1
穿雲裂,1
匯零頭,1
因為後面,1
廠商作,1
售業績,1
該單,1
單團購,1
賽特,1
贏到,1
學嘉,1
同窗,1
飛沙,1
我多個,1
以業務,1
劉培,1
越到後面,1
類訊息,1
快放棄,1
視訊驗票,1
做童,1
勉為,1
其難,1
雙像,1
幸紅偉,1
買家群,1
微博詢,1
寶申訴,1
寶雖然,1
計算後為,1
雙簧,1
總共不超過,1
電當,1
地里,1
帳戶權,1
重以,1
群雄逐鹿,1
終來,1
連結圖,1
決中獎,1
腦式,1
貨幣化,1
頻發,1
盧森,1
烘爐店,1
立變,1
仍靜靜,1
我思緒,1
紛亂,1
那夜過,1
世紀店,1
每節,1
樹仁路,1
無人場,1
翌年,1
落定,1
捷豹,1
難產生,1
閱存,1
給人溫,1
升級將,1
當天報,1
野中,1
五汴頭,1
心知肚明,1
尋求區,1
廣為,1
負責合庫,1
有期,1
貨外匯,1
贏得夾,1
對方承諾會給,1
商林,1
日典當,1
將降,1
區的代辦,1
誠實法,1
屋團隊,1
圖向代辦,1
經常將,1
恒源,1
點數設,1
提供支援,1
我賴駿,1
下葬,1
可菲,1
搜尋新聞後透過,1
認請,1
投資太望,1
之光電,1
至死不渝,1
證錄,1
影並,1
癌發現,1
以徵才,1
觀雲川,1
定點取,1
當沒發,1
談出,1
林綺雯,1
柯克蘭,1
三層,1
人談論,1
參加會,1
饋款,1
上多加,1
寶貝樂,1
獲得號,1
參加會員年,1
終好禮,1
獎代,1
因設,1
活動代號,1
財建議,1
旭日东升,1
充滿陽光,1
朝氣,1
公募,1
坑門市,1
張芯語,1
阿雄語,1
發給婷,1
誘惑訊息,1
創兆資產,1
明華態度,1
緊帶,1
創廠,1
商的員工,1
生猶豫,1
愛出者,1
愛返,1
福往者,1
數據還,1
願約會,1
財富會,1
李依晴,1
蔡蓮霧,1
即拉報,1
楊總將,1
施民因,1
信榮還,1
古美術,1
高腳杯,1
糖罐,1
齊電話,1
福樂村,1
埤角,1
故依詐,1
集團持,1
將證,1
對方承諾代繳,1
金流害,1
投資多數,1
請諮詢,1
服務需,1
內溝通,1
黑產,1
似費用,1
失大筆,1
東京回,1
吃得下,1
捷星,1
用僅存,1
那額,1
數字長,1
裡懸著,1
家底,1
十六次,1
知識學,1
習會,1
著換,1
語氣遊,1
點苦,1
伴手,1
稱陳麗華,1
我連夢,1
代班員工,1
地請求,1
海誓山盟,1
阿姐,1
周玉惠,1
筆大單,1
意氣,1
風發,1
都夠,1
商健,1
太門市,1
天美門市,1
款洋裝,1
幣安隊,1
盡是,1
彥文,1
蔡電器,1
特麗熱,1
扛走,1
著油畫,1
畫作後掛,1
輕慢,1
失火,1
只承諾會,1
是麗君,1
但麗君,1
了麗君,1
十小時,1
匯三萬塊給,1
三萬還,1
三萬塊轉,1
沒跑車,1
賠三萬,1
筆電處,1
理掉,1
裡精,1
打細算,1
珍寶的,1
我擊,1
林佳琦,1
一個將,1
魚升龍門,1
還跟銀行,1
組裡歡,1
呼雀躍,1
背地裡,1
財觀點,1
私訊往,1
行愛路,1
兩千兩百,1
零六,1
煉獄,1
牢籠,1
抽九萬,1
做頭,1
子之心,1
機空間,1
比腰,1
電商副業,1
院所,1
之苦,1
我之餘,1
熱又燥,1
拼集運,1
浪訊息,1
沒有驗證,1
過得慢,1
美之秘,1
生化,1
那閃耀,1
格里,1
那漫長,1
子義約,1
缺一萬,1
子義和,1
然後飛,1
看著牆,1
我愛情,1
世間,1
柏玥,1
奔放,1
著電動,1
歡樂過,1
不僅過,1
場買菜,1
手续费,1
邱建良,1
壓上,1
但五萬,1
機械音,1
何款,1
分在志學,1
之後會變,1
房事,1
房間給,1
補要,1
調侃,1
號召,1
還不自覺,1
稍後時間,1
持樂觀,1
關永全,1
誘騙將,1
師大郵局,1
買家願,1
勞見,1
所念,1
阿嘉開始,1
阿嘉給,1
阿嘉不僅,1
莉珍,1
張民為,1
家姊,1
弟至,1
卡未給,1
繳足,1
區館,1
差時,1
完醫美,1
病歷,1
來租給,1
試著進,1
這是將,1
但小捷,1
分數並,1
中實戶,1
知瑜,1
誠徵代,1
施築晴,1
裡創建,1
范程翔,1
萬眾憶,1
薪介紹,1
販售哥,1
丁翠貞,1
我後撥,1
吳諺,1
邱韋哲,1
寄的驗,1
由桃園,1
之後宗翰,1
商叫,1
先買幣,1
山鶯路,1
福鶯門市,1
完之後宗翰,1
之信,1
媽咪寶北,1
獲同學,1
機之款,1
福氣迎,1
轉四萬元給,1
之畫,1
之測,1
試中,1
清融資,1
多萬元領,1
方知其,1
書裡面,1
並跟小編,1
林婉茹,1
泰弘資,1
及員大,1
資錯,1
現網址,1
思維社,1
楊雨,1
至德,1
先賞,1
滿意訂,1
金可轉,1
需自,1
組會員改,1
致電其,1
子斌,1
李雅惠,1
雅惠學習,1
稱保佳,1
卡當訂,1
不買訂,1
叫陳曉霖,1
叫陳子,1
地用凱,1
帳出,1
李夢婷,1
臉書哥,1
楊成泉,1
該林佳慧,1
之星輝,1
該羅佳怡,1
我表,1
之許,1
永華路,1
國平門市,1
內前,1
品瑜,1
之機會,1
小八吉,1
依時間,1
異常來,1
詢問經,1
現實友,1
建商贈,1
林俊嘉致電,1
他會付,1
高雄晶英,1
並順利拿取,1
晶英,1
郭英萍,1
帳車,1
並無借,1
地中海,1
寄物區,1
傳融資,1
日狂,1
員多達,1
當來源,1
蔓婷,1
並於一個,1
學投資然,1
叫林馨,1
壬辰,1
那新,1
券訊息,1
稱天,1
合國際,1
第一周,1
嬰費,1
靜伊,1
蘭恩之人,1
已經詐,1
叫渠,1
關三個,1
海埔,1
電線桿,1
嗣後許,1
信以为真,1
先后,1
人壽及,1
挹注,1
幫大飛,1
許若雨,1
本件,1
之後線,1
以空殼,1
付賬,1
彥銘,1
渠介紹,1
澤雨,1
項款,1
賴嘉義,1
獲利之事,1
一人暱,1
楊蓉妮,1
區山東,1
詢兼職,1
貨幣帳,1
戶金錢,1
刮取,1
邱淑貞要,1
老兵,1
李巧琳,1
車後車,1
竹東門,1
市作,1
方高達,1
福興村,1
說菜,1
頭會,1
並安撫,1
苧代,1
波羅店,1
認面,1
試時間,1
吃點,1
捕撈量,1
成目,1
將巨額,1
所影響,1
胡說,1
八道,1
原單,1
超匯,1
貨運轉,1
接語音,1
姚書凱,1
保勞保,1
方薪轉,1
勞保時,1
勞保局,1
轉記錄,1
月後還,1
購反應,1
溝通後對方,1
李塵星,1
員之來電,1
戶代買,1
卓安,1
包登入,1
組黑貓,1
我玩線,1
蔡晨恩,1
金費,1
將廚,1
具送,1
邱少澤,1
俊興,1
之後談,1
完後在,1
蔡公,1
疑義詢,1
介假,1
灣嘉義,1
玉卿,1
傳送個,1
向個,1
團案,1
惟款,1
溫富松,1
夏宛桃,1
隨橫,1
渠代碼,1
聯繁,1
賴電話,1
林建志,1
林男向,1
男持續,1
透告,1
核對資,1
貸用,1
並都,1
承倉,1
鼠購,1
貸沒錢還,1
獲行動,1
裝艾創,1
單共,1
之相,1
同詐,1
警破,1
點代價,1
金加碼,1
無黃金,1
則中獎,1
重黃金,1
惟遊戲,1
林清守,1
刺入,1
李郡歡,1
片無盒,1
晶鑽,1
區後昌,1
管宣,1
終使,1
龍熱銷,1
投資換,1
內均,1
藥屋,1
呢喃,1
慧之,1
尋一間,1
對方幣,1
武營路,1
需當,1
內之個,1
赚取,1
利润,1
讯息,1
自称,1
专家,1
引导,1
资产,1
网站,1
保证,1
获利,1
高回报,1
诱惑,1
下载,1
账号,1
用于,1
此时,1
不切实际,1
丧失,1
警觉,1
新台币,1
充满,1
行为,1
代价,1
发布,1
订金,1
款项,1
轻信,1
的话,1
下来,1
现在,1
后悔不已,1
抽中會,1
我事後撥,1
一场,1
屏东市,1
复兴路,1
泰越,1
结束,1
发现自己,1
忘记,1
足够,1
现金支付,1
作为,1
担保,1
留给,1
提钱,1
离开,1
打电话,1
谎称,1
闯红灯,1
拖延时间,1
偿还,1
失联,1
严重性,1
轻率,1
带来,1
麻烦,1
初客,1
所犯,1
數件,1
並宅,1
組詢問,1
盧盈秀,1
目裡,1
聯鈞,1
就會變,1
成委約,1
繳國際稅,1
看處方,1
絕關,1
給爵,1
張志,1
國網友,1
大陸到,1
查醫院,1
思茹,1
林秀瓊,1
算得了什,1
樂能,1
空不見,1
而換,1
包和心,1
預測會,1
著新遊,1
持來,1
借貸給,1
大失敗,1
老眼,1
悔之晚矣,1
湛藍,1
從夢寐,1
羸弱,1
貸貸款,1
劉大維,1
擔點,1
邁識,1
七十三年,1
總有點,1
接線生,1
電監,1
談金,1
問後聲,1
也並,1
力和警,1
詢情況,1
過學習,1
勝福門市,1
汐福門市,1
必需品,1
簡訊千萬別,1
方犯,1
率還,1
專員趙長,1
皮辦,1
曾茹茜,1
陽大陽,1
迫不得已,1
給林百昌,1
學費成,1
輕信毀,1
過半旬,1
稅會,1
一絲暖陽,1
康世美,1
可懷疑,1
識霸,1
明力,1
膠囊狀,1
連調,1
對愛的,1
走宅配,1
原樣,1
音樂迷,1
代搶代刷,1
氣匯款,1
似網,1
急配,1
西閨蜜,1
案後主動,1
終止關,1
鄭秋雅,1
瞬即,1
阿嬤行動,1
緊湊,1
祥雲捧日,1
新團,1
小美說,1
脆片,1
價六萬,1
回盪,1
解讀師,1
田間,1
沉睡,1
那一塊,1
失敗組,1
地諷,1
白開,1
寡淡,1
生疏,1
媽媽敏銳,1
已經遠,1
著新學期,1
不及格,1
那滿,1
那滿滿,1
蛋黃,1
麻痹,1
李詳,1
李覺,1
貸資金,1
他才察覺,1
顧後發現,1
對常見,1
詩軒,1
領獎照,1
問後被,1
高評,1
價產品,1
當下動,1
楓里,1
鄰楓,1
林街,1
遭有,1
數十萬才,1
且熱,1
經盤點,1
卡匯入,1
李瑋鵬,1
免費牌,1
台點,1
歌機,1
買後照,1
代價來,1
該後照,1
稱後續款,1
但思來,1
揚之,1
沈姓,1
給沈民,1
銀領,1
詩佳,1
點共新,1
貼連,1
人營利,1
魚代,1
因旋轉,1
異常低,1
柔欣,1
定後經,1
問銀行後始,1
賽賽,1
銀登入,1
徐佳慧,1
亡故,1
遺物,1
給委,1
華麗金緣,1
王展鵬,1
水母,1
千百度,1
沒連絡,1
純蓁,1
單母,1
財聚銳,1
進學院,1
挚爱,1
寶石類,1
發言有,1
兩百萬元整,1
聯經理,1
獎品須,1
問賴名,1
所分,1
渠剛,1
就會個,1
區向暱,1
並由陳燕,1
偵介紹,1
運鈔車,1
高榮,1
企銀用,1
撤金,1
間經,1
買樹木,1
樹木細節,1
小鈴鐺,1
田民,1
一標,1
需田民,1
將放有,1
東灣門市,1
其寄給,1
我陳怡安,1
郭雲蘭,1
經我以,1
開元,1
蘇奕倩,1
即切,1
高梁,1
蘇永傑,1
詞供給,1
林曉苒,1
李玉玲,1
寶貝稱,1
李宇生,1
日坂菜,1
及後方,1
投資訊,1
我林煒翔,1
寄貨明,1
擁風,1
罐碳,1
易道,1
證過期,1
前葉,1
無著落,1
開後便,1
圖檢查,1
點歸還,1
幣升路,1
多媒,1
涵妤,1
密作,1
帳密時,1
百萬到,1
身價千萬想,1
開始賴,1
給瑤,1
明用,1
讀書會訊息,1
劉明旭,1
儀涵,1
其凱,1
失其凱,1
時時間,1
簡介有,1
庭昀,1
獲冒稱,1
無重,1
張鈺涵,1
唯暖,1
因有聘,1
文介紹員工,1
幸運成,1
文有植,1
然後葉子,1
轉完後群,1
帳櫃,1
阮婷,1
幫助婉倩,1
代刷遊,1
刷共三筆,1
領實,1
惟直,1
只此,1
明書給,1
瑪集團,1
王希,1
裝於紙,1
詹男欲,1
元到幣,1
所承辦,1
翻攝,1
百無聊賴,1
群組裡代,1
洪玉純,1
投資粉,1
宏志,1
廣納,1
騙後訴,1
這個領,1
但省,1
活動則,1
匯並,1
王姿琳,1
渠手,1
並令,1
渠升級,1
經麻痺,1
身經百戰,1
我兢兢業業,1
鞠躬,1
盡瘁,1
永遠藏,1
之業務林沛,1
奇電話,1
方林沛奇,1
華德,1
之股,1
財務極,1
第四季,1
梁嘉鈺,1
統太忙,1
王佩佳,1
棋鴻國際線,1
金之時,1
安和店,1
王威廷,1
金之罰,1
泓給,1
東平店,1
洪美如,1
數充,1
至索,1
李萬華,1
青葉檳榔,1
條紙,1
回以,1
自時光,1
香語者,1
徐霆,1
這大約,1
當途徑,1
或收,1
小潔主,1
編給,1
姿姿主編,1
任務現,1
之新營,1
路郵,1
鐵軌,1
鐵箱,1
並用紙,1
我張,1
將車票,1
方所訂,1
試著轉,1
近二萬元,1
仁真奈,1
日掃,1
描盲,1
潤被,1
還一連串,1
及堂,1
趴計算,1
六株,1
九時,1
按排,1
南郭,1
運時,1
點差,1
價應,1
大豹,1
筱軒,1
林詩涵,1
服查詢,1
號兌,1
了紅,1
地刮開,1
用不實,1
田律文,1
陸元華,1
並補交,1
地間,1
驚人且,1
顧問們,1
說得獎,1
裡謹,1
打完,1
屁後便轉,1
稱輸,1
贏可領,1
虧什麼,1
內額度後輸,1
方遭,1
隊辦,1
列貨物,1
蔣談樂,1
幣所和幣,1
財務崩潰,1
險象,1
環生,1
提提,1
問使,1
否能,1
還將驗,1
遭得款,1
網瀏覽,1
由賣,1
從夢境,1
嘉俊語,1
氣輕柔,1
嘉俊未,1
取些許,1
包名,1
是淑芬,1
現淑芬,1
當醫療,1
離別,1
給淑芬,1
圖聯絡淑芬,1
幹事,1
多衛,1
紙大禮,1
人員前,1
連介紹,1
給團隊,1
需間,1
總獲益,1
電玩迷,1
謊言太過,1
大吵一架,1
公關店,1
劃開,1
一段段,1
確保國際,1
濕濕,1
阿哲平時,1
電是,1
歐夜,1
壓小物,1
過順暢,1
漸變,1
鬼王,1
妥手,1
劉哲安,1
劉哲安是,1
什麼電,1
擅改,1
湖人,1
公務員來,1
也展,1
沈浸,1
我聯系,1
文慶,1
向員警,1
香精油,1
精油瓶,1
本學,1
生用,1
還買來,1
婦樣,1
麝香,1
走量,1
喜並,1
如期而至,1
孟子,1
天在,1
心及,1
鄒星妍,1
投資火,1
鍋店,1
上滬雞庄,1
重返,1
小凱個,1
張雅麗持續,1
張雅麗聲,1
李如,1
李根據,1
將我先,1
賴繼續,1
張淑雯,1
生產好,1
孕袋,1
好孕袋,1
講師給,1
藥行業,1
參後續,1
禍無法,1
柚見,1
鶴岡,1
日陳旭東,1
梓銘,1
大陸手,1
終好,1
金等種,1
種話術,1
魔術供,1
觀覽為,1
如不給,1
叫謝,1
欺期間,1
投資康利,1
集資並,1
下載後進,1
彌陀,1
簡嘉玟,1
獲營造,1
發文後假,1
邱啟,1
然後林俊嘉,1
點後把,1
李預,1
錄後說,1
典當來,1
專員梁,1
我輩詐,1
房話,1
起標區,1
保邀,1
蔡承,1
郡豐,1
孫雨彤,1
詳車,1
塔塔,1
點路,1
做團銷,1
手卡,1
張志誠買家,1
方補,1
國二生,1
將寄貨代碼,1
天將,1
價想,1
雲林太遠,1
日登錄,1
需處,1
徐梓晨稱,1
許志宏,1
稱玖,1
新逸不限,1
露兒,1
溜溜,1
出五筆,1
楊小紅,1
王慶均,1
宏合,1
並不適,1
還承諾過,1
並承諾過,1
幾天會將,1
吳志雄,1
由平,1
幸運娜,1
渠證件,1
至東,1
成二街,1
面小橋,1
迷一樣,1
威滿版,1
逢辰門市,1
小雯稱,1
但小雯,1
嘗鮮,1
郝享,1
童行,1
編主動,1
警消,1
愛困,1
則填寫,1
百萬積,1
吳家,1
豪態度,1
將分潤,1
熱愛時,1
編時,1
專員人,1
網銀教,1
抽貝殼幣,1
加強警,1
有職,1
貨幣訂,1
簡訊後驚,1
人員收,1
永無,1
友黃子玲,1
終保證,1
料想到,1
社路,1
持雙,1
正處理,1
正路,1
金海岸,1
語親切,1
證不在,1
則未進,1
童鈺婷,1
李研菲,1
嬰兒樂,1
衝販,1
賣數,1
包後離,1
包自動,1
朋水,1
閒聊後稱,1
超時將,1
然晚,1
冠亞大,1
冠亞,1
幾次後視,1
儲滿,1
從裡,1
何現,1
稱超過,1
天未繳,1
朱昌敏會,1
好介紹,1
愛愛的,1
鄭姓,1
為琪,1
損不僅,1
曼琪,1
真誠熱情,1
真誠度,1
設購,1
一筆致,1
轉計畫,1
許多員工,1
之愛心,1
充至,1
黑哥,1
張璐雯,1
關寶寶之事,1
問暖後對,1
事小編,1
日就給,1
除小編,1
之人該,1
縱之法,1
並評,1
估狀況,1
投資四筆,1
引導利,1
誘下答,1
張郵政,1
雯誼,1
活動動,1
必想,1
同學江,1
秋核實,1
組富遊,1
需費心,1
發放後連同,1
接報,1
湖見面,1
經理核,1
畢資料,1
維護費用,1
財務組,1
且界,1
捷運路,1
詳細次,1
別金額,1
書函,1
秀朗,1
稱曉彤,1
補助項,1
與曉彤,1
台灣帶,1
同電鍋,1
人所,1
騙後驚覺,1
來幣商,1
區龍門,1
為佩嘉,1
名為何,1
溝通橋,1
佩嘉便,1
快樂為,1
並說幣商,1
至新莊,1
對小卡,1
攝證件給,1
網銀資訊和驗,1
可樂壞,1
這噩夢還,1
吵著要,1
本想給,1
前交給,1
陰魂,1
準則,1
陽光街,1
新出,1
夠順利購,1
這幾項,1
尤先,1
般一,1
悲涼和後悔,1
正釋,1
還跟美國,1
給迷昏,1
盡千辛萬苦,1
故辦,1
劉靜茹,1
半邊,1
口裡面,1
養養,1
大陸長,1
大不如前,1
大補,1
發紅酒,1
集團群,1
以合資,1
刮樂為,1
借為,1
不放詐,1
清幽,1
共記,1
謝采姍,1
營邦,1
錢數,1
還偶爾會,1
駕駛計,1
勝銘,1
當車子,1
遠的車,1
下了車,1
過爾爾,1
蔡信德,1
我暈頭,1
信德,1
決之際,1
商收,1
虛假訂,1
默念,1
票絕,1
終存,1
垂憐,1
阿哲承諾,1
區載客,1
車資則,1
半小時過,1
程車資,1
股試試,1
做足,1
謹慎守護,1
古德貓寧,1
得省,1
費換,1
輕輕率,1
壁虎,1
聚光,1
梯子,1
閃照,1
那長,1
關於雜誌,1
青籟,1
蕭世融,1
猛獸,1
還可惡,1
風風雨雨,1
許不對,1
局奪,1
創建蝦,1
極度後怕,1
專員碎,1
那紋理,1
那色澤,1
太強烈,1
國際大,1
寶可夢晶燦,1
十二包,1
重歸,1
但點數,1
基層員工,1
可樂果,1
想順,1
韋恩用,1
候關,1
網閒,1
場訊息,1
周轉款,1
我踉蹌,1
兒頭,1
大幾歲,1
蘇麗玲,1
頭喜悅,1
銀行紀,1
教育系,1
統服務,1
親往,1
生後遺產,1
隨後又改,1
武傳民,1
親終,1
頭被,1
而延,1
詐騙裡,1
林姍,1
潤的訊息,1
排收,1
雷姆,1
臉書作,1
用量,1
阿毅線,1
家幫忙,1
公務部門,1
算得,1
銷售業務員來,1
幻輪框,1
可救藥,1
旺盛,1
臉色頓,1
時大變,1
還沒持續,1
程民,1
低價格,1
力致,1
信驊,1
葉莉芃,1
認犯,1
叮鈴鈴,1
離成,1
如無關,1
中籌措,1
而陳俊傑,1
商庚門市,1
絕不應,1
費太貴,1
上款,1
條的,1
登記給,1
持分,1
進行信,1
因貪心,1
北宜公路,1
追焦,1
警敏銳,1
瀏覽職,1
缺廣告,1
網卡有,1
名義指導,1
經營手,1
終表現,1
物業員工,1
閻致揚,1
購雞,1
崔鴻貴,1
還鼓動,1
組用,1
實得,1
無人會,1
幫忙衝,1
曾琮,1
駿青,1
薪資存,1
貨明細,1
商查詢,1
蔡春池,1
蔡男謊,1
仙吉路,1
樓統,1
商欣仙,1
吉門市,1
海玲,1
分接觸,1
孫太,1
孫太介紹,1
劉婉慧將,1
萬融,1
資方能,1
走跌,1
設詐,1
對方脫,1
林莫向,1
中辣大辣,1
李祥富,1
動產擔,1
保機車,1
選網路,1
故依犯,1
之人售,1
專科學校,1
軒向,1
半後領,1
至陳庭軒,1
組導,1
一閎業,1
幣十萬予,1
林俊偉,1
唐偉,1
明持,1
林文志,1
林警員,1
木棧,1
李華春,1
賣家額,1
正經營,1
漲後再,1
檢測費,1
火熱為,1
並嚴,1
抽幸,1
開始述,1
譬如,1
連款,1
場勘,1
葉昱澤,1
葉昱澤未,1
熱愛養魚,1
將虎魚,1
連詐,1
對方在確,1
至新市,1
東山門市,1
興悅門市,1
珠寶愛好者,1
寶石商,1
保證且,1
送小額,1
施伊晨,1
區安興,1
附一組,1
派並,1
呂念穎,1
因呂女,1
呂女察覺,1
洪女,1
名義四處,1
明洋,1
林明洋誤,1
明洋稱,1
徐鈺凱,1
蔡育庭,1
許秋兒,1
獲張,1
處理代銷,1
並漸漸,1
周雨熙,1
通訊並,1
信依,1
繳納後才,1
今後無法,1
其傳訊息,1
初亂,1
之裝備,1
仁愛街,1
先後聯絡,1
業人員,1
村統,1
瀚門市,1
贷款,1
檢查並,1
職經,1
簡歷,1
官告訴,1
培訓後會,1
對詢,1
財務細節,1
漫不經心,1
面隱藏,1
考慮將,1
情緒表現,1
軟磨,1
過我要,1
玄點擊,1
玉玄才,1
數日後感覺,1
之後營利,1
態度模,1
檢舉信,1
數蒸,1
氣卡,1
東南亞傳,1
教法,1
密術,1
降和業,1
大來,1
為茂達,1
營業員問,1
李嘉慧會,1
給拿錢給,1
顆打,1
青雲得,1
路納財,1
刮樂面,1
瀏覽人,1
喊要,1
組總中,1
因交錢,1
我常在網,1
方就友,1
林紫月,1
林紫月後來,1
林蓁莉,1
總共先,1
換兌,1
日請,1
關當,1
戶則,1
一個當,1
電信法,1
蛋幣,1
換第,1
小卡訊息,1
動產金飾,1
雲南購,1
續持,1
家電萬物,1
收除,1
依陳嘉明,1
特級,1
幫股,1
東換匯,1
股東將,1
搬磚,1
私扣,1
琳芸,1
暫不開,1
稱先匯,1
及永豐帳,1
並積,1
極遊,1
何郡勝,1
老師股,1
許廖林,1
出席率,1
一紅,1
潮坊,1
國門市,1
暫無財務,1
小澄,1
將撥款,1
機打,1
並於此,1
松柏,1
張借據,1
其副業,1
卓蘭鎮,1
鄉城門市,1
中談起,1
齊款,1
次外,1
如煙,1
待產品,1
目都極,1
單門檻,1
多傭金,1
千代,1
中藥行,1
雅之,1
講嗎,1
稱雅,1
蘇民登入,1
蘇民不疑,1
記損,1
道途,1
網因,1
講此,1
幣抽獎,1
輸繼續,1
博鬥,1
池香岚,1
狗叫,1
故自至,1
樂家,1
板材,1
人聯,1
徵查詢,1
建機,1
制允,1
許原,1
還承諾能,1
呂太,1
清楠,1
營場,1
露營場,1
地無關,1
研討室,1
山中,1
筆到幣,1
應徵蝦,1
張筠蓁,1
張筠蓁員工,1
蔡麗華有,1
卡機位,1
行銷售,1
旅遊小祈,1
遊旅遊,1
體無回,1
秦雅虞要,1
簽條款,1
志雄給,1
尹恩婷,1
岡山鎮,1
該永國,1
萬雄,1
乾爹,1
單後約,1
讀且,1
以小紅書,1
古亭,1
海天,1
叫曉涵,1
健神門市,1
松隆路,1
李平,1
吳念晨,1
舒眠,1
叫黃貞瑜,1
蔡家祺,1
叫梁,1
雙影,1
鏡界,1
並裝備,1
高傷,1
害並,1
圈樂迷,1
購樂迷,1
週後運,1
全心投入,1
已經籌,1
對方承諾大約,1
金寄給,1
般順利,1
步驟極,1
李秋瑤,1
還那張,1
寅燁,1
澳門舉,1
有黃寅燁,1
參加見,1
振紳,1
右後車,1
輪下,1
王伊伊,1
西區後龍,1
至陳泳宜,1
因親友,1
將大額,1
資金輕易,1
快門拾,1
光師,1
指導進,1
銀溪,1
方貨品,1
程華峰,1
說代為,1
貸後是,1
需虛擬,1
因板,1
回大陸,1
經營類,1
似亞馬遜,1
號旁圍,1
應徵時,1
繪影,1
喬鑫國際,1
開發園,1
區且,1
過鉅鑫,1
向長,1
並由鉅鑫,1
由會,1
雖承認,1
男不僅,1
國際化,1
資金該,1
終重,1
定儲,1
對生,1
基產品,1
生基買,1
張育祥,1
阿張,1
商銀信,1
罐生,1
片生,1
基片,1
金至信,1
面計畫,1
總共能,1
我寧靜,1
一絲安撫,1
將會代為,1
網絡訊息,1
埋藏,1
洗禮,1
樂隊,1
有誠信,1
隨和態度,1
成籌碼,1
守志來,1
案人點,1
電中稱,1
憑證驗,1
過於衝動,1
本不應,1
樂桃點數,1
桃點數,1
並先後匯,1
呂英,1
天退貨,1
人黃淑敏,1
也熱,1
賣家專,1
但項,1
開通外,1
回台灣後無法,1
官閒聊,1
林政達,1
因多筆,1
對方真,1
大學上,1
並專心,1
聽講,1
將書包,1
不僅取,1
將五筆,1
郭延挺親,1
必不可少,1
卡解決,1
還推脫,1
我聘,1
管在,1
計畫並,1
導大額,1
一朝一夕,1
李深浦養,1
肝丸,1
肝功能,1
這款藥,1
義診,1
能義診,1
醫生親,1
自關心,1
醫生袍,1
包裝極,1
購價值,1
臨危察覺,1
購買樂桃,1
日幣點,1
樂桃幣,1
周急,1
資對,1
認識談,1
商院,1
真包,1
分用幣,1
高蕙珍,1
誤遭,1
手及,1
億城門市,1
蔣欣加,1
擊後並,1
大勝店,1
阮公孟,1
且確,1
認郵局,1
拆裝,1
還沒乾,1
問蔡,1
裝煞車,1
商祥,1
烏明,1
胡琇雯,1
組因,1
驅離,1
故無相關,1
北安,1
北安路,1
點子,1
將點子,1
包之虛擬,1
裝修費,1
珊要,1
因懷疑,1
洋連絡,1
珊之款,1
隆稱,1
之後彭,1
珊稱,1
個手,1
張奕所,1
永正門市,1
門市詢,1
問經,1
林慧媛,1
攜有,1
何曉英,1
嘉雄,1
志工夥伴,1
現志,1
工夥伴,1
獎金名,1
卡由統,1
財神門市,1
商華秀門市,1
取賤,1
人黎承,1
曲竟,1
偶爾聊,1
上刷限,1
楊淑芬,1
內能夠,1
市環,1
入此,1
成三筆,1
此三筆,1
此五萬元,1
世緯,1
還會露,1
臉介紹,1
付保險,1
卡來付,1
還隨時,1
進確,1
江憶華,1
資填寫,1
片式,1
恆溫,1
暖器,1
賴藝,1
對暖器,1
省宅,1
故轉介,1
產來源,1
張可欣,1
合售,1
王景品,1
鳳王,1
我共分,1
聖護長,1
項延遲,1
賣特價,1
我交納,1
專員陳涵,1
正還,1
並承諾會代為,1
暖烘烘,1
楷門市,1
搬貨,1
解解,1
總共四萬塊,1
那四萬塊,1
被俘,1
徒勞,1
兒試,1
統鍵入,1
熱愛戶,1
總在,1
巴塔,1
哥尼亞,1
羊羔,1
按扣,1
棉服,1
翻領,1
感極佳,1
面塞著,1
破破爛爛,1
過簽署,1
關金,1
企銀萬華,1
豐四個,1
扛起,1
著準備,1
主修,1
心至極,1
給竊取,1
外送業績,1
這兩萬多塊,1
佳緣,1
熱愛改裝,1
待宅,1
他頓,1
會關,1
專家進,1
網友平,1
飛逝,1
竟拿著,1
區舊,1
城路,1
號一處,1
同胞,1
葉瓊,1
並在後續將,1
中國權,1
威檢測,1
入九個,1
圓潤,1
隨附,1
國家珠,1
僅返,1
人池,1
昭君,1
一申,1
袁采薇,1
中虎航,1
並抽到,1
共需,1
楊博翔,1
縣員林區,1
對方承諾處,1
畢後會將,1
學員何,1
進何,1
續儲值,1
對租賃,1
建議持,1
名義接,1
勒戒,1
電腦給,1
兩寶媽,1
許雅晴,1
嫻惠,1
誠信代,1
融卡給,1
文財丞運,1
號求,1
類飾品,1
林汐瑤,1
聊相關,1
稱醫美,1
雅太,1
亞美,1
小華用,1
急開,1
問小華才,1
職徵才,1
專用戶,1
韋治加,1
好後路,1
劉偉明,1
跨縣,1
金頓,1
國際大飯,1
電過,1
簡訊後面,1
最後順,1
利得標,1
專員黃柏謙,1
柏謙說,1
鴿互,1
但傅,1
聯絡傅,1
柏謙,1
伴們,1
幣的區,1
有龍,1
自致電,1
過不錯,1
素來,1
多渠道,1
進行理,1
駕駛計程,1
成員邀,1
車多處,1
估並,1
稍後補,1
出店,1
管理制度,1
星輝,1
順昌,1
試查,1
國存,1
私訊均,1
石器,1
時代之虛,1
貨後回,1
期因,1
部門會,1
晉學門市,1
開三大,1
樂酷,1
某大飯,1
獎金無果,1
房內,1
沿博愛路,1
轉經武,1
路由,1
客接,1
應載,1
周振凱,1
許嘗試,1
財產帳,1
該發,1
購買照,1
將幣安錢,1
中一,1
槓桿劃,1
惟輸入,1
結致,1
一不名,1
劉曉琳,1
載嘉源,1
以兒子,1
廠商購,1
瓶乳膠,1
應徵音,1
莫比,1
烏斯項,1
施琇雯,1
包相關,1
多線,1
觀覽,1
貨後再匯,1
莊雨青,1
傳頁,1
所說,1
揉成,1
紙團,1
由個,1
敷言,1
唐嘉聖,1
回高額,1
腳受,1
傷行動,1
忙代繳,1
教該,1
然後選,1
心心相印,1
壹圓,1
城鎮,1
青雲路,1
張玉莘,1
一點入,1
出金後全數,1
會虧,1
激增,1
各帳,1
目有點,1
豐東,1
藝瑄,1
認識陳曉雪,1
曉雪以,1
投資泰達,1
筆泰達,1
經陳女,1
入列,1
吸气,1
小可爱,1
蔡冬美以,1
總達,1
劉清華要,1
台查,1
詢新北,1
打分,1
找洪,1
續洪,1
過程後陳莉,1
珍稱,1
且陳莉珍,1
若屬實,1
珍要,1
之後方宗聖,1
故方宗聖,1
信內容,1
時取,1
之後共匯,1
日亦答,1
其閒暇,1
對方行,1
幣隨即,1
車上將,1
中王,1
調通報,1
遭新莊,1
寶寶黃金,1
獎序號,1
團體後能,1
獲星展,1
產檢有,1
說額度,1
轉第,1
至本隊,1
關商案,1
貂皮大衣,1
說書籍,1
群龍,1
還這筆,1
多嘴,1
從電,1
東禮卷,1
因住,1
完後叫,1
惠姍,1
資審核,1
葉門陸,1
奧杰,1
能念出,1
帳務資料,1
角捷,1
華稱,1
由林侑生,1
明細圖,1
經心,1
如麻,1
捷運環,1
過電話,1
得像極,1
債主拿著,1
還砸毀,1
張地筌,1
圖聯絡吳,1
峰詢,1
裡承認,1
潦草,1
砸車,1
幣區,1
裡先開,1
企銀雙,1
山銀樓,1
價格下,1
粉絲會員群,1
頂溪店,1
楊燿宏,1
蔡經理供,1
張貨到,1
借錢始,1
稱陳嘉欣,1
嘉欣詢,1
以信貸,1
華郵政帳,1
別匯入,1
之成員,1
號參加,1
一攤赫,1
填線,1
誠徵幾名,1
炫佑,1
以維尼,1
失補,1
王簽,1
鐘後封鎖,1
給證券,1
觀望後來,1
熱門股,1
筆虧,1
損金,1
錢會會,1
稱往,1
貨並給,1
一空時,1
團頭,1
國台,1
銷售行,1
發票機,1
積極面,1
會定,1
中經常,1
親子館,1
帳宣傳,1
當時戶,1
帳後隨即,1
載連結,1
近三年,1
並不輕微,1
林淑婷,1
鼓動下,1
銀行備,1
聯絡田,1
證和個,1
手續後會,1
項匯給,1
應繼,1
進行帳,1
動身,1
匯整數,1
細節後約定,1
以台哥,1
稱杰,1
我金錢,1
場週,1
感情世界,1
向別,1
函可去,1
彭雅琪給,1
勇聯絡,1
勇說,1
勇說還,1
續勇,1
英不斷,1
英還,1
收整,1
簡便且,1
劉弘,1
商三大,1
高立,1
取遊戲,1
連環話術,1
贈速,1
還送速,1
函傳,1
簡黑,1
若有疑,1
丟一連,1
稱未確,1
保其,1
因條件,1
需補件,1
師公會,1
借機,1
其講,1
張志偉,1
幣商捷,1
我欲成,1
高傭金,1
認證載,1
送德鴻,1
周傳,1
參與德,1
即會產,1
負責替,1
利潤且,1
日依潛,1
林檢察,1
萬台幣給,1
人員訊息,1
有連續,1
師且,1
上家門,1
兆富,1
現兆富,1
案遭,1
因裡面,1
富松,1
負責換,1
彩金並,1
博翰,1
先鋒營,1
區學,1
鄭夢瑤,1
大隱,1
只允,1
許購,1
因綁定,1
願景社,1
郭浩宇,1
文顯示,1
領機車,1
貸款類,1
資產將,1
因易,1
遊網,1
之轉,1
銀行求,1
單子給,1
遊玩及,1
取資金,1
王陽明,1
電教學,1
帽及,1
至京埔,1
南埔分會,1
至芬,1
對方拿給,1
匯款然,1
郵政信義,1
匯務局,1
事後是,1
老賴,1
拼錢,1
宏銓,1
這麼準,1
淑萍,1
給淑萍,1
事後我親,1
小哆拉玩,1
總共依,1
幣合計,1
警張,1
王文欽,1
林錦鴻以,1
林錦鴻要,1
稱賢慧,1
還債後要,1
屋育,1
數此,1
私號,1
教學上,1
課並,1
載泓奇,1
並於事,1
先善,1
盈瑜,1
稱欲轉,1
愛杰倫,1
宜萍,1
財富化,1
软體,1
網友子義,1
即見面,1
點款,1
之後知,1
車拉桿,1
官羿昀,1
問和群,1
許關,1
局交織,1
舊紙,1
兒有,1
偏執,1
加九萬,1
中奮戰,1
更添,1
那虛幻,1
戶陳薇雅,1
雅向,1
夠仗義,1
不親,1
自去問,1
但學長,1
沒發文,1
沉靜地,1
英國行,1
著倫敦,1
鄉村,1
雜亂,1
多學,1
美高層,1
覺得少,1
乾涸,1
美網,1
這傷,1
難撫平,1
冗長,1
夢想來,1
中大甲區,1
歐美風格,1
鏤空,1
錢省,1
軟默,1
潛龍騰躍,1
林俊卿,1
美光晶圓,1
我督導,1
資部,1
江政益,1
懲處面,1
談紀,1
錄表上,1
面談紀,1
錄表,1
韋信,1
以莫須,1
徐肇坤確,1
龍圓,1
洪行員,1
回證明,1
拆福帶,1
機觀,1
開及,1
兒子會,1
還發訊息給,1
我務農,1
並將裡面,1
冷靜面,1
下展,1
盤查並,1
認車,1
已切,1
飛航,1
終獎,1
獲利加,1
會訂,1
投向,1
資產不翼,1
書迷,1
書太多,1
當我後悔,1
還逐漸,1
忠權,1
大甲國,1
碩文,1
比過,1
商口,1
庄門市,1
履保合,1
葉時,1
因蝦,1
劉惠,1
先後提,1
人共損,1
熱愛理財,1
專門群,1
凱蒂迷,1
問阿雅,1
號的興,1
金獲利,1
徐曉苓,1
曉苓,1
售娃,1
裡放,1
選投資,1
金密碼,1
賴的平,1
收緊,1
試圖查,1
累積積,1
徐湘亭,1
康男轉,1
康男便,1
賭博才,1
元給康,1
謝詩蓉,1
並號,1
林嘉義,1
內報,1
巧匠,1
方心生,1
國外並,1
龐大無法,1
親不疑,1
前後李,1
孟蓉,1
入院,1
網員工,1
義投標,1
快刷,1
文石,1
高團兒,1
得多麼,1
機會外,1
很明確,1
劉冠宏,1
六十一年,1
這惡,1
認真念書,1
藝築文,1
旅簽,1
國德,1
給天時,1
只到,1
我租,1
東轉,1
地握,1
一個樸實,1
農家婦,1
著母,1
親去,1
著褓姆,1
開懷,1
熱起,1
為華山,1
為洛,1
吳守加,1
牛埔路,1
吳美,1
超商北園,1
可避稅,1
小憶稱,1
廠商給,1
股相,1
富爾,1
世外,1
方打,1
鎮區,1
數對,1
盟主,1
匯一萬進,1
優惠要,1
領詐,1
千萬日幣,1
阻後驚,1
冠庭稱,1
其代銷,1
永勝店,1
華七街,1
商詠,1
保密性,1
回來後想,1
取物訊息並,1
替廠,1
文後並,1
稱廠,1
商延後出貨,1
時賣家,1
熙琳,1
次始,1
中之台幣,1
南科媽媽,1
運動試,1
世情,1
葉蓓蓓,1
單異,1
常無法,1
因家長,1
過程共購,1
薈萃,1
減重諮詢,1
名氣,1
社團問,1
個暱,1
版友,1
慫我,1
小康,1
不糊塗,1
進驗,1
人在後續,1
班求,1
余芮萍,1
自恆泰國際,1
糾察隊,1
應仔細確,1
該代銷,1
卡後繼續,1
日互換,1
日向民眾,1
引導民眾,1
究極,1
愛用團,1
湯勺,1
陽聲,1
參加後可,1
登記表單,1
詩人,1
非馬,1
行業員工,1
專可參,1
完連同,1
龍躍鳳鳴,1
續欲出,1
貨而,1
故未出,1
組造富,1
贏會員,1
進林紅欣,1
登記個,1
仟元訂,1
韓宇,1
學安,1
嘉柏之人,1
速域,1
橙國際,1
貨款費,1
人生大事,1
這匯款,1
跨國際,1
省掉,1
淳卉,1
並引薦給,1
每筆間,1
六斗,1
醫店,1
號問,1
互動後便,1
憑寶寶手冊,1
取積分,1
對方華南,1
賦稅署,1
向幸,1
並結清,1
育恆,1
業務收,1
連結後對方,1
非賣品,1
劉志國,1
孤身,1
撐起,1
包在裡,1
服裝館,1
接一條,1
莊曉芸,1
轉交錢財,1
著三小時,1
分天,1
肝腸寸斷,1
夢萍,1
給陳夢萍,1
詩惠想,1
親自當,1
給鄭文龍,1
萬元夢碎,1
邱雅婷,1
車在鳴,1
安琳,1
覺得群,1
福蓮,1
茶業,1
岩昇門,1
數時候,1
做後產生,1
琳鈺,1
圓墩,1
龍躍門市,1
柑園,1
莊門市,1
專門鎖,1
蘇賜勳,1
蘇芊卉,1
重觸,1
早市,1
位區,1
號準備,1
猶豫會,1
梁世臻,1
有志,1
若續,1
租則,1
涂男將,1
據梁,1
男未,1
擬訂,1
男無法,1
梁男因,1
捍衛個,1
時光屋,1
費用則,1
囊中之物,1
張兆銘,1
張兆銘經,1
天祿,1
所現,1
許突,1
對方表要,1
傳送條,1
李滿,1
盆有,1
無傳,1
稱為易,1
通圓及,1
洪士,1
吹風直,1
慈稱,1
慈所,1
秋雯,1
秋雯稱,1
慈類,1
鑽石會,1
之將,1
納之款,1
故聲,1
時代館,1
時匯入,1
開貨,1
非個,1
群組群,1
玲娜,1
數旗,1
兩筆給,1
用愛尚,1
新機並,1
購機,1
傳記,1
嘉乐,1
批发,1
箱貨,1
將盡力,1
懷有,1
緬甸翠生,1
緣珠,1
多晶,1
標價僅,1
李婉珍,1
漢成,1
還當時,1
購買七張,1
新後昌門市,1
該七張,1
之七張,1
蕭裕峰,1
傳新北市,1
以怕,1
先連絡,1
春意盎然,1
小課,1
因通訊,1
商超,1
全門市,1
狀始,1
鄭建,1
岳所,1
寧詢問,1
來黃宥寧,1
可欲,1
順成,1
服透過,1
高存羿,1
佳斌,1
前後後總共代碼,1
文來,1
櫃收,1
好物坊,1
認活動,1
前峰,1
專研,1
四班,1
蔣佳儀,1
作為額,1
李國浩,1
稱警,1
條價格,1
匯款後此,1
未上線,1
曾雄偉,1
浮雕,1
此後便,1
互交,1
換清涼,1
綿羊,1
幾盒藥,1
藥後,1
承諾金,1
白金版,1
極上,1
那裡將,1
阿宏確,1
阿義園藝,1
銀佰萬,1
給電商,1
前約定,1
因為免,1
商新國,1
光店,1
交共新,1
號才給,1
小時後會將,1
金錢委,1
該理,1
百萬小學堂,1
伍柏宇加,1
天序,1
傳的連,1
喬楚,1
顏志添,1
林志翰,1
資金裡,1
一週後嘗試,1
遭同廠,1
新聞裡面,1
華興門市,1
整領,1
需數量,1
杯園,1
可選取,1
維及,1
使能,1
發封,1
控有個,1
李品研,1
匯之廣告,1
士綸,1
發競標,1
埃貢,1
時截標,1
標訊息,1
民依,1
宇銘,1
柏佑,1
問球員,1
專員林俊嘉,1
精領,1
實惠且,1
區北門路,1
加有,1
幣安辦,1
經測,1
試無誤,1
進口且,1
極少且,1
潤滑油,1
原對,1
服電話,1
貨運員到,1
抵達後由空,1
聚樂,1
匯麻將,1
尹義凱,1
認識關,1
學專業,1
劉莘蘭,1
說宅,1
府並,1
四萬零一,1
簡公園,1
愛力,1
根汽車,1
何會用,1
輕蔑,1
一組電,1
屬親,1
過電,1
當傳播,1
叫芳,1
和芳,1
職路,1
證金八萬元,1
底踐,1
李雅琪,1
很合適,1
創建墊子,1
照協會,1
財接,1
佳餚,1
俏皮,1
有多險,1
窗明,1
几淨,1
背井離,1
羚用,1
玄羽,1
在鐘,1
老員,1
又礙,1
望梅止渴,1
喜著,1
找相,1
證券股,1
游恬,1
用惡,1
數償還,1
單杯,1
連結後填,1
數瞬間,1
劉智輝,1
稅務部門,1
清華大學,1
研發出,1
能算,1
外行人,1
清大,1
資台幣,1
敏雯,1
燈光下,1
救死,1
簡嘉瑩,1
子銓,1
櫃且,1
張之倍,1
大居門市,1
將黃子,1
區新站,1
插畫家,1
裡一陣雀躍,1
這幅畫,1
圖板,1
緊薄,1
幾個鍵,1
大笑,1
愛開,1
著阿哲,1
行天,1
宮站,1
線斷,1
心所騙,1
李建宏,1
冬川,1
並依購,1
稱要簽,1
專教,1
挑細選,1
措時,1
獲趙偉任,1
偉任,1
雲耀,1
予雲耀,1
嚴峻,1
為穎茹,1
盡心機,1
爺給,1
二尊,1
若不將,1
幾句關,1
多么,1
林森南路,1
試線,1
幣商將,1
簡訊談,1
護理書籍,1
我費力,1
地建好,1
音撥,1
富鉅,1
我小贏,1
阿銓,1
老交情,1
新書包,1
人員的電,1
那滿腔,1
資通訊,1
念安,1
阿哲聲,1
中永遠揮,1
鄉菁埔村,1
駕駛車,1
加滿油,1
項便,1
躍在,1
使力,1
晁元,1
大鵬,1
同風起,1
裡試,1
終充,1
達人小組,1
天利,1
許命運,1
因國際,1
問國際,1
橋盈要,1
東華二店,1
會贈,1
遮羞,1
商銀購,1
總共五萬新,1
事導致,1
龍婆,1
五裂模,1
出貨假,1
找查,1
網在線,1
蔣話,1
獲信,1
物資供,1
載泉,1
元國際,1
隊稱,1
眾報案,1
元後均,1
雙方後亦透過,1
鈕將,1
小智,1
會計室,1
轉輸入,1
何俊,1
我會轉,1
破音,1
沈心宜,1
迪奧技術,1
販售迪,1
奧輕型,1
開進,1
面然,1
點掉,1
單點,1
做乙太幣,1
做代操,1
額是,1
此賣場,1
若涵,1
蔡雅雯,1
隨後經過,1
紅圖,1
組便,1
嘉駿購,1
區看車,1
立買,1
稱下訂,1
業務員賣,1
完後畢,1
優惠給,1
知上,1
買勁戰,1
林玟,1
隨後輔,1
實拿新,1
輔導員要,1
隔音,1
搜尋團,1
似代銷,1
鐘後便,1
香邑,1
財經玖學院,1
邵前,1
時心生,1
邵拒,1
昭銘,1
地標示,1
一場網,1
四十八年,1
訊息響,1
沒幾個,1
狹小,1
彌漫著,1
藝創作,1
知識實,1
恆巨,1
抽十萬元,1
幸運衝,1
書終,1
周轉出,1
仲康會,1
喜悅壓,1
無限憤,1
許無助,1
借四萬塊,1
週五發,1
還沒載,1
藝更,1
林慶龍,1
玩耍,1
幫阿龍,1
專輯終,1
繳三萬塊,1
名是,1
楊告訴,1
那六張,1
風波終,1
麗王台,1
裸紗,1
的測,1
攝影系,1
可愛模樣,1
極美,1
滿金,1
綠綠,1
暗淡,1
哆嗦,1
白證,1
談產品,1
捶胸,1
頓足,1
著匯款,1
潤姬,1
美言,1
奇佳,1
下肚,1
搔首弄姿,1
著擺脫,1
恭敬,1
蜜語將,1
星際夢,1
隨後斷,1
絕了,1
江西,1
可觀且,1
機會過,1
戶密,1
邱淑真,1
經理詢,1
稱陳淑君來,1
載玖瞬,1
股本,1
姿吟,1
將運動,1
精疲力竭,1
博凡,1
很輕,1
根據頁,1
顏富生,1
楊麗雅傳,1
薛凱,1
不中獎,1
須偵測,1
無洩漏,1
服務後再將,1
鐵時,1
福座,1
抽獎匯,1
鄭偉豪,1
運租車,1
歡季,1
楊光華之人,1
取簿,1
擊進,1
有廣泛,1
因為觸,1
發風控,1
轉林宗樹,1
調一種,1
過出,1
財富密,1
碼施,1
戲累,1
積遊,1
卡發生,1
的誤,1
打去詢,1
郵政主動,1
三軸運動,1
說會確,1
刀節,1
流閥,1
王芯瑩,1
取美,1
實用理,1
出金倍數,1
及理,1
財狀況,1
車亭,1
筆稅金,1
喜林,1
元確,1
網承諾,1
船期,1
日承諾,1
流並,1
外勞,1
曹妤,1
詠旭及,1
對方後由,1
其裝置,1
繳交宏旺當,1
回聯時,1
王建民,1
下來款,1
販賣雪褲,1
飲用,1
今經,1
配通成,1
東陳,1
木炭,1
僅匯,1
最後我並,1
價後,1
驗證後未,1
攜車,1
鄭宸翔,1
充線,1
且市,1
價明,1
雪洛琳,1
並允諾會將,1
將身邊,1
張寄給予,1
張一成,1
額嘗試,1
關切並,1
我無知,1
林政念,1
知投資,1
完貨品,1
懺悔,1
抗衰老,1
買頭,1
明細存,1
帳後五碼,1
賣蓮,1
花籽,1
順勝,1
金額後分,1
東宏會計,1
稱陳坤益,1
商惠富,1
音後發,1
旭日升,1
歡聚,1
退新,1
隨後補充,1
流當車,1
辦理子車,1
無泡,1
開櫃驗車,1
區鳳仁路,1
收購楓,1
酒具,1
方羅翊瑋,1
德門市,1
信義街,1
續代辦,1
檢查款,1
人台,1
更多類,1
沐函,1
似廣告,1
獎金後要,1
還沒動靜,1
李香,1
平煎鍋,1
美肌乳,1
耳墜,1
會違,1
口湖,1
林勝,1
明主,1
炒房,1
企銀以,1
企銀換,1
邱副理,1
萬有,1
超商后,1
綜門市,1
前導員,1
坦然,1
謝秉燁,1
投資牛,1
椴木,1
擴耳環,1
草味,1
鼻通,1
開光費,1
提拱,1
村村,1
自備款,1
萬頭款,1
給和潤,1
畢後車子,1
將車主,1
雙方簽,1
欺保費,1
監理單,1
位資,1
數之車輛,1
保強,1
首批,1
網紅加,1
網紅有,1
網紅將,1
共三人,1
作所謂,1
開後台,1
想止,1
損就,1
即要,1
證威脅,1
即現,1
壞損,1
空調行,1
來維修,1
爸媽家,1
去裝,1
趕不過,1
簽約後金額,1
問進,1
滅龍,1
鎧甲,1
關元大,1
臉書後對方,1
盤前,1
選下載,1
勸動,1
上德門市,1
護目鏡,1
用崩潰,1
調市場,1
未寄到,1
詞連貫,1
並未談,1
妥何,1
人任,1
乃據,1
藍慧瑜,1
知女兒,1
並設立,1
盜刷時,1
開新卡時,1
沈億君,1
三杰,1
宏碁,1
廠商下,1
土色,1
郵政截,1
郭志強,1
典所,1
分欲,1
弘儀,1
雅雯詢,1
問林民,1
張嘉麟,1
李寶華,1
為秉成,1
回訊息始,1
商高鳳門市,1
家洛,1
李兆佑及,1
誘對方,1
寄去給,1
便繳,1
居中,1
轉介花,1
蓮縣,1
資訊組,1
自動下,1
城代儲,1
小易,1
唯碩,1
侯祐仁,1
郭得,1
照接,1
鄭雅文,1
掛燈,1
親友施,1
施明陽,1
中主動加,1
刑大及,1
李淑葳,1
盡損,1
稱陳燁,1
炯銘,1
張曉嵐,1
部稱,1
財經加,1
到眾,1
城群組,1
財欣證券,1
田心,1
北二巷,1
班名義,1
給黃金,1
號側,1
楊男稱,1
日後楊,1
車賺,1
男共新,1
男為,1
稱富爾世及,1
邱登運動,1
鴨絨,1
可拆卸,1
羽絨服,1
時滿心,1
價錢過,1
萬元放著,1
確實還,1
資金大約,1
在鴻源,1
期稱,1
后来,1
始终,1
投資俱樂部,1
王曉勻,1
幣要換,1
包凍結,1
台幣化,1
信瑞要,1
信瑞介紹,1
徐庭飛,1
原相約,1
認渠,1
獎訊息且,1
能資助,1
谷關,1
溫泉時,1
承諾得,1
成員陳偉翔,1
時相當,1
具威脅,1
大型超市,1
機野,1
獸國,1
叫陳平,1
靜靜給,1
不離身,1
萬數,1
傾其,1
小娟兒,1
兒用,1
起起伏伏,1
做媽,1
不亂花,1
尚股,1
割肉,1
筆利潤將,1
靠個,1
服務維生,1
五光路,1
正街,1
裡雀躍地,1
聯絡陳麗,1
小方包,1
童鞋,1
吳駿鵬,1
李宜柔,1
李宜,1
蘇鶴,1
溫和地,1
中辛勞,1
成倍增加,1
眾合,1
聚源,1
耕莘,1
五專,1
彭美瑛,1
著炫富,1
那個學,1
李婧雪,1
並揚言會,1
正合,1
繳交滯,1
地根據,1
我安,1
守護別,1
老頭兒,1
磨平,1
棱角,1
這餡,1
餅裡,1
著毒藥,1
那少,1
下得,1
報表為伍,1
進六萬,1
真會,1
這五佰零八萬,1
加一橫槓,1
滿鈔票,1
王佩琪,1
問王佩琪,1
上錯,1
都問,1
地一個,1
林明勳,1
標榜獎,1
三選,1
家裡養,1
披薩店,1
幣巡,1
幫助驗證,1
馮興旺,1
驚人地,1
利門偉恩,1
豐大興門市,1
吧唧,1
谷美,1
偷換,1
時偷,1
天換,1
李煙,1
攝過,1
數萬台幣,1
既崩潰,1
日都將,1
我刷帳,1
人不僅,1
萬至案,1
民不願,1
該限時,1
延後課,1
選擇擇,1
優姿舒,1
適坊,1
動並將,1
貨幣接,1
廠商以,1
實億,1
王美君,1
便諮詢,1
早醒,1
找王,1
經空號,1
局有,1
瑪詐,1
未住,1
及和潤,1
拇指,1
給星展,1
變壓器,1
假買家後來,1
給小貝,1
錄後才識,1
愛琴店,1
巨額損,1
並把置,1
小菲菲,1
綠光,1
滑椅,1
自介稱,1
蔡秀,1
劉址,1
因其語,1
謝仲毅,1
及玉,1
若租,1
則總價,1
訂給,1
此後對,1
聯盟社,1
並經確,1
看實,1
賬戶並,1
耀祖,1
波場,1
應徵頁,1
金采澐,1
怡禎,1
叫慧子,1
貨回,1
報快,1
智忠,1
請醒,1
我些,1
這群裡,1
竟高達,1
宜蘭宜,1
興直,1
傳門口,1
錄影時,1
零卡額度,1
名義傳出,1
編之人,1
禮券並,1
接獲求,1
鄒詠,1
發紅,1
包慶祝,1
蔡仲林,1
當作擔,1
筆代幣,1
面後傳,1
林昊宇,1
獎信,1
圖元大,1
連轉入,1
為嚕,1
中電力,1
辦理電,1
表相,1
警員會,1
吳文,1
內放好,1
騎回,1
交通不便,1
不破,1
區照,1
單後頁,1
時會點,1
樓遠,1
文恩,1
清運費用,1
東智侃,1
勞務費,1
證物袋,1
合計數,1
中竟,1
小葵,1
想求購,1
修澤發片,1
瑞新門市,1
稱副理,1
人故,1
文進,1
邀陳宜,1
之後陳宜,1
如共計,1
宜如,1
證發覺,1
雜沒繼續,1
結買家,1
之戶,1
這簡單,1
企總熱情,1
止步,1
企總以,1
寄件標,1
補寄其餘,1
著滿桌,1
兩天後就還,1
九芎,1
出寄件,1
失敗成,1
營業員們,1
營業員則,1
雷利,1
賣家言,1
熱愛電商,1
安樂路,1
隆大藥,1
比心動,1
元買個,1
台灣鑫普,1
保錢,1
商麗,1
斯福路,1
巷與羅斯福,1
金惟無法,1
辦人來,1
來拿取,1
取後在,1
拼圖代,1
專欄,1
顧之鴻聲,1
盛給,1
機供,1
盛以,1
流動過,1
前後協助,1
方無果,1
免費遊,1
未中,1
擊後開始,1
文坤,1
可折疊,1
徐民詢問,1
貿商,1
聊房仲,1
他興致,1
理性分析,1
敗給,1
貼並,1
審核後會將,1
職之人,1
話述,1
苦痛,1
娛樂費用,1
還幸運,1
完員警,1
妥的數,1
連賣家個,1
老貓,1
舒服些,1
箱粉,1
可愛寵物,1
那粉,1
商嘉華門,1
如保證,1
時才將,1
急壞,1
行得,1
正坐,1
得直,1
跨年場,1
雙座,1
石羽婕,1
許多要,1
號這兩天,1
他會代為,1
坐享其成,1
林盈馨,1
浩晨,1
鄭旻詐,1
還寵物,1
蔡璋,1
埤角店,1
愛樂門市,1
猛獅,1
稱小高,1
許多購,1
現貨僅,1
美眉,1
企銀民雄,1
楊美鈴,1
來調,1
何是,1
計見面,1
以替,1
排行榜,1
組通話,1
貨運運輸,1
範之電子,1
琴音,1
數幫忙,1
小桃拉,1
茄拔,1
可盈學習,1
地責,1
豐成,1
數和,1
廉價地,1
妹終,1
因從,1
宜樺經,1
經兩人,1
音色,1
雙耳,1
一點屬,1
罵聲,1
比油,1
熱油,1
灼熱,1
比碗,1
在理,1
和諧,1
新造型,1
當大,1
稍後用,1
逐與,1
但嘉軒,1
數額度,1
菜頭還,1
湊不夠,1
梁郁晨,1
上淑時,1
中故,1
點心動,1
謝美芳,1
對案,1
被標,1
仲秋,1
確不錯,1
確有點,1
安裝工,1
永豐街,1
第一道,1
門後,1
再安裝,1
第二道,1
費四筆,1
稱欲以,1
致超商,1
遲遲和姍姍,1
一絲久,1
將其華南,1
衍伸,1
書報,1
那不斷,1
將壓,1
小紅書詐,1
騙暱,1
其部門,1
錦綢用,1
開元店,1
惟事後發覺,1
梁時音,1
進入芷芸,1
對方迪麗,1
泰達幣款,1
對方令,1
駕駛之車,1
目井路,1
元大信貸,1
李安宗,1
大關,1
李碩,1
保撥款,1
慧姍,1
吳柏榕,1
娘黃鈺嬌,1
幣伍,1
共壹拾,1
分能,1
向黃鈺,1
嬌求證,1
李發現,1
李意識,1
小美心,1
給佩儀,1
標業績,1
行斗內,1
將小張,1
務必謹,1
小華出,1
李先,1
無問,1
題後會將,1
名為曉東,1
告訴曉東,1
給台灣宅,1
許給,1
鎮彰,1
彰溪門市,1
問近況,1
迎領,1
按計劃,1
並疑慮,1
內容進,1
股旺,1
地政人員,1
地價達,1
信使,1
付服務站,1
失敗代碼,1
真容,1
聽後大,1
小芒,1
間隙,1
十萬內,1
元不僅,1
自張,1
大任,1
熱愛挑戰,1
透過求,1
各種專,1
金裕門市,1
三樹路,1
滿腔後悔,1
編織坊,1
發細節,1
裡高興極,1
立金門市,1
新道,1
兩萬元分,1
康宜慧,1
為陳曉蕊,1
片到,1
小紅書發,1
先由珊,1
浪愛,1
許承煬溝,1
通一陣子,1
迪汽車,1
看資產,1
掛賣幣址,1
專屬幣,1
值來,1
辛恩瑜,1
張建良會,1
看山,1
林浩東,1
調機,1
交車給,1
案補助,1
傳台,1
燦烈,1
時連絡,1
先承諾會,1
帳戶查,1
不察誤,1
楊穎,1
作債務,1
大崙門市,1
抹紅珠,1
寶貿易,1
劉佩妮,1
派員親,1
李銘浩,1
騙子實,1
吳美華,1
翠福堂,1
說玉鐲,1
調貨源,1
應後遂,1
筆超過,1
漲技術,1
蘇曉,1
台教,1
邱淑,1
人員查證,1
稱智捷,1
陽光婦,1
女協會,1
土風舞,1
雲臻,1
傳承玉,1
用戶滬,1
易威登,1
欠貨款,1
改輸入,1
銅鑼分,1
千里之行,1
足下,1
哀鳳大,1
舊物換,1
劉雄安,1
債者,1
當高,1
鳳鳴,1
往來務,1
曹恩嫻,1
防衛隊,1
辭溫,1
頻繁彈,1
費用將,1
服付,1
資金放貸,1
項時間,1
不願給,1
箱界,1
夢想啟,1
處理步,1
名洋,1
繁曬出,1
顆和,1
過程流,1
我思來,1
止扣,1
招詐,1
玄鴻道,1
主捐贈,1
远大,1
此持,1
試驗金,1
紅投資學,1
投資普,1
幸苦,1
寶山鄉,1
獲利取,1
毫無查,1
證就將,1
二分院,1
劉傳雄,1
世田谷區,1
縣長,1
治鄉,1
瓷碗,1
田所浩二,1
玉秀,1
固德,1
恒動,1
極道,1
先輩,1
格斯,1
簽卡,1
隱藏代價,1
樂極,1
生悲,1
侄兒通,1
勞門,1
財劇本,1
機加碼,1
戚動,1
臉書潮,1
飛葉,1
黑崎一護,1
月牙,1
賴可,1
林宜靜,1
吳志清,1
網友秋玥,1
加姵妤,1
親友黃鈺,1
喬所,1
親友黃鈺喬,1
楊宗德,1
函內容,1
許理會,1
我共以,1
珍所,1
珊涵,1
元因,1
面販賣,1
程林飛,1
幣十萬塊,1
鄭州,1
叫羅麗娟,1
給羅麗娟,1
那個羅麗娟,1
志龍給,1
穿便衣,1
柯亦文,1
開立販,1
共六罐,1
含宅配,1
數碼館,1
廉瀚,1
鄉新興路,1
因點入,1
號共,1
自至本,1
遭錄,1
我畏懼,1
聽命,1
另幫,1
知發現,1
面截,1
協物,1
滑動限,1
筆電情,1
報局,1
水裡面,1
知後便,1
卻期,1
中驚覺,1
万福,1
玉田,1
山坊,1
選地點,1
拉子帥,1
多愛熊,1
廣告絕,1
網張,1
池一個,1
矮椅,1
車一個,1
笠佑門市,1
偶爾喜歡,1
取當期,1
阿珠,1
媽表現,1
證中獎,1
艾遊,1
顏世庭,1
張媛,1
然後時,1
前後總共以,1
並相處,1
會員積點,1
理勞,1
潘文,1
先連上,1
從陳彥,1
談間還,1
漲後不僅,1
林福生,1
正主辦,1
獎港幣,1
網驗,1
這序號,1
竹惠,1
袁唯倉,1
職所,1
明說,1
幣的款,1
越多額,1
出金錢,1
最後以驗,1
籌一筆,1
錢姐,1
找會計,1
關紅酒,1
可夏,1
倒勾,1
寄鞋,1
胡天,1
錄行,1
用性,1
販售後會,1
鐵板燒,1
檔板,1
以訂購,1
組向,1
此驚覺,1
金將款,1
搜尋苓,1
喬莉,1
假協理將,1
專利屬,1
一產能,1
遭審查,1
過慢,1
決辦,1
法之際,1
庭嘉,1
齊該,1
進行匯,1
傳訊以,1
賞格鬥,1
群場,1
行店,1
既無法,1
貨和虛擬,1
葉寶物,1
麻疹,1
隔離後處,1
手珠及,1
寶物款,1
區右昌,1
將影,1
片公開,1
已長,1
亞馬遜網,1
給以,1
彭有給,1
帳號後交給,1
某臉,1
代送件,1
夾內,1
進悠,1
獲多個,1
便報,1
許志榮,1
方誠實,1
無論線,1
請千萬,1
摩爾證券,1
鎮樂涼軒,1
無手,1
將外幣,1
帳此,1
高效益,1
李曉萍,1
始作俑者,1
林亦涵,1
投資解,1
決難關,1
購買筆,1
然後洽,1
皮假,1
品誠電腦,1
獎有,1
園要,1
位家長,1
鏡光閣,1
聽後倒,1
將這兩,1
茄茹,1
導流板,1
財低,1
風險當,1
處理靜候,1
連不斷,1
不雅行,1
冷下,1
妖森,1
情緒席,1
周宏霖,1
玻色,1
因抗,1
由須,1
御鼎店,1
頭市,1
場鉅額,1
我亦覺,1
搜尋求證,1
之詳,1
內之資,1
之融,1
密碼還,1
登入後將,1
以別,1
肩包,1
地點予,1
區成,1
泰路,1
阿倆,1
問結果,1
過等,1
接連詢,1
讀後才,1
嘉斌,1
傑傑,1
相機加,1
一千左右,1
小加,1
過太,1
常傳,1
詩玲,1
裡習慣,1
詩自稱,1
張終,1
我僅匯,1
李冰冰,1
超商待碼,1
李是,1
李必須,1
元大信,1
致權益,1
商福華門市,1
單數,1
人小周,1
小周覺,1
王意,1
反詐諮詢,1
益通,1
其交給,1
投資山,1
文具用品,1
宣導品,1
莊畯,1
單準,1
潤分給,1
被羅用,1
選擇後詢,1
啟旋,1
之後金,1
戶餘額並,1
當我人點,1
均數,1
元不斷,1
對鏡頭,1
出鏡頭,1
當我表達出,1
華欣門市,1
第一套,1
發擔,1
心資金,1
絕給,1
終裝,1
金後見面,1
豪聊,1
基隆人,1
機的實,1
區龍安街,1
林先森,1
華碩主,1
權限無法,1
記數,1
有串,1
叫陳家,1
也免,1
續應,1
徵該,1
用薪轉,1
透過代,1
貨就補,1
可燕,1
錢後老,1
將其產品,1
曼達,1
芝媽媽,1
桌電,1
無時間,1
靜涵,1
惟後續羅靜,1
涵及,1
票務訂,1
李錦季,1
熱愛籃球,1
聯賽,1
許多金,1
賣買區,1
訊息裡給,1
衝績,1
張龍,1
代廣告,1
有頭鹿,1
小確性,1
設階段,1
職訂,1
正賢,1
認股並,1
睿涵,1
職店員,1
柱賓果,1
蔣維喬,1
浪情,1
秘書林語,1
共計入,1
虛繳納,1
聖恩,1
徐美鳳,1
觸控燈,1
問暖談,1
泰世華證券,1
丹頂鶴,1
選宅配,1
吳菀真,1
那禮,1
號之後詢,1
抽活動,1
商條,1
多龍,1
大師球,1
保卡牌,1
交貨單,1
五萬元匯,1
林輝,1
親友屬,1
賬時,1
極大興趣,1
胸前,1
這關乎,1
過無法,1
客滿,1
蒂亞,1
錢維持,1
江翠郵局,1
貞蓉,1
閒聊後續,1
茶商,1
款後要,1
資金賄,1
傅員詢,1
收金流,1
推廣張,1
簽約平,1
傳媒平,1
電子序,1
號後便,1
紛主動,1
舒華,1
初至,1
慧玫,1
酬給,1
商由,1
人員登,1
光華路,1
智華門市,1
金寶華門市,1
宇過,1
小緯,1
辦理代繳,1
以拿取,1
人在國,1
續遠,1
稱為吳,1
總款,1
給我暱,1
計幫,1
宗嘉,1
我林宇揚,1
找學,1
詩綺,1
財等語,1
幼女,1
育瑩,1
服務持續,1
詐金錢,1
解得,1
識金,1
活儲,1
唐仲亞,1
確跳,1
或系統,1
李新,1
張筠,1
完履,1
歷表,1
張蓁,1
韓國念書,1
過匯,1
志維感,1
覺特別,1
賣力,1
吆喝,1
親對,1
以海運,1
果斷將,1
越慶幸,1
方期,1
允馨,1
我少步,1
驟導致,1
將金退,1
童憶,1
起為,1
粉絲及,1
我拉人購,1
人托,1
誰後續,1
未寄發,1
告種,1
認匯,1
家稱,1
花蓮版,1
戚要,1
載該,1
上盜,1
附截圖,1
過後有,1
說後至,1
出金稱,1
自宜蘭戶,1
數字鍵,1
權威給,1
票價為,1
搖滾區票,1
事交給,1
卻強,1
為黃界,1
閔之人,1
更個,1
德芊用,1
非順,1
而後將款,1
他常向,1
窗戶邊,1
並提現,1
給之首,1
筆資金為,1
華康門市,1
詳談代銷,1
奔富,1
高希霸,1
登陸該,1
網友後成,1
閒聊後請,1
問日,1
林翊楷,1
另新,1
供借,1
貸實,1
見繳,1
期貨買,1
給案,1
林濡沐向,1
圖返,1
春聯,1
搜尋蝦,1
我察,1
著鍋,1
苦膽,1
范雅齡,1
茂吉,1
健德,1
老房子,1
成夢寐,1
偷工,1
減料,1
別多管,1
閒事,1
我溫,1
經和陳曉坤,1
蔡思妍,1
大喬,1
給小麗,1
將這群,1
再無法,1
美麗天,1
碩盈,1
下表達,1
觀察力,1
譚雅萱,1
興雅公園,1
相愛,1
未離,1
蟲輕易,1
咽下,1
運賣,1
豐賣,1
沛縈,1
沛縈是,1
沒響,1
沛縈向,1
摔斷,1
朴炯植,1
著愛我,1
壺裡,1
壺沒什麼,1
設計維生,1
經迷上,1
但雪晴,1
雪晴,1
繳風險,1
網路戀,1
情關,1
貨幣發,1
金動作,1
保家衛國,1
敵人,1
郭芊亞,1
我欲點,1
資戶,1
三安門市,1
對方承諾稱,1
著一棟,1
萬為,1
區三和路,1
最底,1
依約付,1
名義更要,1
比惡,1
機會彌補,1
會員禮品,1
尚輕,1
備銀行,1
國際詢,1
媽媽群,1
魚媽,1
正規性,1
轉而到,1
韓國樂團,1
票能,1
合計九萬,1
完節,1
還錢後要,1
通小玲,1
確獲利,1
大辦,1
丁電商,1
王惠鈴,1
遮羞布,1
經閃耀,1
隨後又發給,1
雪靜,1
雪靜給,1
蘇一合,1
主民確,1
給黃主民,1
杏仁,1
著輕,1
師般,1
般破滅,1
剛跨,1
過聖,1
誕節,1
鐘聲,1
預示,1
運即,1
將降臨,1
添補,1
皮連,1
程有點,1
福和店,1
印滿,1
剛一,1
淚水終,1
稱越,1
皂攢下,1
業更上,1
經營能,1
票務訊息,1
人質疑,1
肥年,1
詢師謝,1
自莊,1
芳匯入,1
王海輝,1
筆羅馬尼亞,1
賠領,1
包所,1
元等物,1
二郎腿,1
期心,1
還搶,1
那首,1
許紹偉,1
一個序,1
方首頁,1
李文芳,1
開幕賽,1
貴賓門票,1
時寄到,1
留票給,1
挺熱鬧,1
商道,1
酬信,1
劉一銘,1
還展現,1
律動,1
對人際,1
自遠方,1
稅捐處,1
沒教過,1
痛快,1
北檢力,1
報旗號,1
不僅學,1
確曾,1
急成,1
潮向,1
顧璟,1
商興悅,1
激盪大腦,1
過黃金,1
證雙,1
軍傳來,1
軍傳給,1
中林紹,1
軍不斷,1
文欣學習,1
阿毅稱,1
有行動,1
帳戶後五碼,1
後雙,1
內心還,1
因當下,1
帳號經,1
貓跟,1
點數後態度,1
財相當,1
總工司,1
雅熙,1
專員會給,1
極穩,1
許投資,1
完天後便,1
網路代辦,1
方票價,1
商後達成,1
卻轉,1
稱其媽,1
媽車,1
遭詐後到,1
接聽後對,1
共四萬元,1
安瑞宏觀,1
點類,1
過萊爾富,1
因解,1
財鼠,1
中大談,1
納紅利股,1
朋查證,1
榆透過,1
門內,1
榆還,1
洛心,1
幕後主謀,1
老楊,1
帳合計,1
並不頻,1
大掌櫃,1
賀昌,1
時臨櫃,1
送床,1
單樣,1
予名,1
購之貨品,1
今遲,1
容是,1
盆下,1
帳了,1
斷以,1
木木見面,1
要場,1
丹佛,1
洛杉磯,1
快艇,1
總分,1
有念,1
先至店,1
遲不來,1
洪琬棋,1
哪裡會,1
劉雅麗,1
天安,1
員丁俊元,1
丁俊元將,1
帳務時,1
卡差點,1
酿大禍,1
未少,1
這之後他,1
還挺窩心,1
電話後變,1
搜尋賣,1
交清,1
真後對方,1
再交審,1
核費,1
卡雲端,1
惟恐,1
結國,1
外大額,1
機當,1
組編號,1
鐘過後會,1
打上,1
簽一,1
並充,1
我二種,1
兒子陳昱維,1
兒子手,1
前後盜,1
王文祥,1
吳佳恩,1
投資後名,1
給三德,1
呂尚軒,1
日三德,1
宏成,1
將自,1
惟無電,1
辦及,1
費兩次,1
交費入,1
因畏懼,1
網友羅美麗,1
網友羅美麗會,1
專交給,1
依據線,1
山窮水,1
盡時,1
交錢來,1
基契約掛,1
本契約,1
非空頭,1
玄女,1
因手續,1
指導時,1
自多項,1
閱項,1
證碼絕,1
可一連串,1
單組,1
被華而,1
完後頓,1
經頂,1
莊澤清,1
然後金,1
需參加,1
請代辦,1
共貸,1
我買車,1
並於豐,1
之後立馬貸,1
代辦員,1
打鐵,1
將我虛擬,1
部防衛隊,1
政宗,1
給陳政宗,1
債務不僅,1
有困,1
大少,1
資產幫,1
四五年,1
前經常,1
事後只,1
金其實,1
詩穎丫,1
帳戶過,1
日鑫,1
號就匯,1
天秤,1
將禮品,1
將抽中,1
林建同,1
金協會,1
明定,1
下共購,1
脂達人,1
若持續,1
萬榮譽,1
且產品,1
飾品終,1
還拉進,1
這個業,1
和平西路,1
碼親,1
著國,1
玻商,1
和律,1
所之間,1
周煥翔,1
總愛,1
梁振芳,1
蜂群,1
地一陣,1
金騙局,1
好的網,1
看著物,1
價飛漲,1
往網,1
藏起,1
著診,1
睡眠不足,1
上皮,1
膚狀況,1
內部釋,1
這操,1
勞一輩子,1
礦工,1
更碎,1
力活,1
號社區,1
妻兒,1
我無地,1
清淡,1
蜘蛛,1
師口,1
貨幣平,1
著銷,1
售佳績,1
卻度過,1
著夢幻,1
稱羅嘉毅加,1
香格里拉酒店,1
葉福淳,1
榮四樓,1
美容中心,1
投資合夥,1
開發部,1
夜燈終,1
適牌,1
李秉翰,1
內埔分會,1
圓夢閣,1
策群,1
財破,1
款耳環,1
終業績,1
午後時,1
噩夢持續,1
留作養,1
著會計,1
穩度,1
徐佩君,1
凱基業務,1
輕易劃,1
繳交關,1
一銀好,1
一銀信貸,1
吳東偉諄,1
將升學,1
貸務必,1
閒得,1
義捐,1
鈕傳,1
檢驗師,1
學問,1
坦途,1
嘻嘻哈哈,1
盈之人,1
案延遲,1
無非,1
經十幾年,1
腳涼,1
裡陽光,1
四十出,1
上爾虞,1
賣主,1
謝莉慧,1
拿不住,1
能療,1
解惑,1
許萊恩,1
出擷,1
圖表向,1
游淑,1
伊吉棒,1
凱態度,1
他準,1
晚點匯,1
主和小,1
會放貨,1
翰志,1
蔡圓,1
圓持續,1
購買區,1
熱愛卻,1
比機械,1
將九萬,1
可要,1
給賴朝,1
怎麼夠,1
小寶寶的,1
快用,1
紹延主動加,1
找紹,1
延詢問,1
許傑,1
過兩萬,1
放陳宏奕出,1
但愛情,1
全花,1
要六萬,1
學勤路,1
敞乾淨,1
著久,1
躲藏在,1
像陽光,1
親自邀,1
承受度,1
納什麼,1
小芬現,1
局求證,1
加九萬八,1
百萬台幣,1
站立,1
謝志雄,1
試坐,1
蘋果員工,1
機和耳機,1
比毒,1
還徹,1
李健豪,1
邁出,1
一大步,1
億歐元,1
出人意料,1
訴訟詐,1
得罪,1
勤承諾會,1
而黃勤,1
近四萬元,1
嘗試後才,1
豆後便,1
戚開戶,1
或手,1
繳納超,1
防保,1
萬元化,1
須選用,1
小佳才,1
謹防高,1
僅退,1
證平,1
粉絲六群,1
該支,1
潤賣,1
動念要,1
負責代賣,1
黑魔法,1
競遊戲,1
越往,1
驟有點,1
將啟,1
財盡,1
失後才,1
俊昊,1
交對方,1
皇寶銀樓,1
五帝,1
錢手,1
失敗導,1
鈺雯,1
炒股票,1
並跟該,1
賴賬,1
號後會,1
賴通話,1
視訊關,1
秀所,1
飛股,1
明一種,1
尋軟體,1
國亮,1
致電高雄,1
給我到,1
李勝榮,1
蔓妮,1
相關疑,1
對話給,1
郵局驗,1
專業合,1
幣資產,1
日由網,1
浚銘,1
信而後依,1
買家否,1
認寄錯,1
華宇,1
問跨,1
預訂確,1
欠續,1
張偉傑,1
張偉傑會,1
用系,1
當時腦,1
接要,1
連橫,1
俊威,1
次網,1
詐騙還,1
許嘉欣,1
運網址,1
服務員名,1
須經律,1
張楠汐,1
王凱翔,1
稱林青,1
損則,1
還飆,1
搭檔,1
廂一個,1
風尚,1
可餐,1
兩萬五下,1
總共到,1
刷五筆,1
單親且,1
其言詞,1
吳君榮,1
區顧問,1
關埔國,1
說陳秀菁,1
組行動,1
承諾三到,1
幾克黃金,1
掌中,1
刷子,1
吳嘉茵,1
張智彬,1
直搖頭,1
實資料,1
廖某,1
匯款後曉華,1
曉華誤,1
曉華查,1
共同提高,1
加懷疑,1
小市民,1
曉華信,1
這時曉華才察覺,1
火幣將,1
新鐘,1
行道,1
吳承達,1
綠湖,1
致電證券,1
張致,1
輝旺,1
熱門貨,1
區表達,1
動應,1
許竹谷,1
出金的過,1
過繁瑣,1
溪北,1
特佳,1
樂多美,1
爆炫戰鬥,1
舊時代,1
初代戰鬥,1
買國泰,1
涵一,1
區河,1
曾酉前,1
手網,1
裡笑,1
西養活,1
幫代墊,1
曾嘉欣,1
購票訊息,1
價和細節,1
隨後撥通,1
裡當家管,1
優娜,1
飛丰,1
機不僅,1
對方承認,1
假合夥詐,1
前後後總共儲值,1
單興奮,1
沒日,1
沒夜,1
服務卡,1
營須,1
贈額外,1
著觀,1
林茹萍,1
幾百個,1
消費英,1
投資柏,1
根帝,1
红酒,1
頂級園,1
聽後察覺,1
林淼淼,1
正籌劃,1
宣判,1
戴葳,1
走遍,1
天涯海角,1
沙子,1
擦拭,1
著櫃,1
著涼,1
打兆豐,1
兒子存,1
還信貸,1
周峻,1
期保證,1
如約繳,1
期共,1
反射,1
詳地,1
規劃費,1
申請樂,1
抱頭,1
假費用,1
鳥鳴,1
法洛米,1
慧玲司,1
導聯誼,1
其主動,1
稱買,1
家維未,1
處裡款,1
周佳敏,1
號詢問,1
現雪巴,1
領共六筆,1
會員後可,1
魅影,1
社團網,1
為黃慧玟,1
以登,1
記資,1
重化門市,1
文自路,1
將我媽媽,1
從富里,1
鄉富,1
縣新鑫門市,1
二溪路,1
分整,1
九鼎,1
卡依交貨,1
遠船,1
並依交貨,1
供查證,1
中爭,1
越多虛擬,1
艾達幣,1
隨後買家聲,1
證動作,1
瑞順門市,1
星際導航,1
筆萬鍋堂,1
優惠賣給,1
千加幣,1
吸附,1
型牙套,1
接著座,1
感工,1
網說,1
分譚,1
木秀于,1
富所,1
勝富,1
及床,1
包共新,1
以三個,1
開唱日,1
購買共三張,1
每部,1
誇大該,1
船王,1
並承諾確,1
一貸,1
維護商,1
房後再,1
各國國際,1
投給,1
掃條,1
碼共損,1
高級球,1
有余,1
獲利釋,1
還未達,1
誘人話,1
魚躍牛門,1
徐彩恩,1
搜查,1
和裝,1
衷心希望,1
學習理,1
假頭,1
疑點務必,1
無壞損,1
不會熱,1
凱經理,1
寄帶,1
會福,1
碼騙,1
張忠謀贈,1
並無破,1
放連結,1
還發截,1
音戶,1
種關,1
問調,1
閱明,1
日多筆,1
號誌,1
韓語,1
徐民才,1
事業並,1
小額諮詢,1
貸約,1
結若,1
轉至給,1
地規劃,1
抱著省,1
按理,1
多低,1
點警覺,1
費核,1
結鄉,1
風之物語,1
還優惠,1
稱民間,1
賠滿,1
商銷,1
筆大訂,1
經王,1
記無截,1
搜尋貸,1
款代辦,1
恰恰,1
經兩次,1
夢才,1
則發來,1
著救,1
搭著車,1
書等級,1
要來點,1
兜裡,1
冒失,1
董彥,1
對過,1
新聞離,1
信義商,1
兩市,1
杰利,1
連財務部,1
著光,1
實戰營,1
斷崖式,1
私訊民眾,1
堆中,1
到頭,1
雖然存,1
爆炒,1
高點,1
極新,1
業高階,1
幾天確,1
廖天儀,1
林嘉麗,1
頭雀躍,1
諄諄教,1
時機點,1
確小漲,1
蛀蟲,1
也經,1
東西持,1
賣家語,1
男神級,1
歪理,1
演得實,1
門票僅,1
男鞋,1
認真誠懇,1
謝明澤,1
謝明澤為,1
人仗,1
謝明澤發文,1
還電話,1
總共六萬塊,1
過對,1
幣什麼,1
老夥計,1
煞白,1
吳婉琳,1
求人,1
相求,1
涂琬翎,1
這訊息裡,1
給琬翎,1
採購費,1
之升級,1
慈自,1
慈騙,1
已經照,1
驟驗,1
遠比遊戲,1
文像,1
萬解鎖,1
外儲值,1
面後一,1
儲值值,1
萬挽值,1
回明確,1
哼唱,1
慘事實,1
洛說,1
紅庄,1
磚窯,1
地調,1
哺乳期,1
輩子餐,1
簡潔地,1
禦寒,1
憤得,1
付幾個,1
看管,1
笑瞇瞇地,1
他話裡,1
門面,1
扇門,1
緊閉,1
禮包獎,1
其美,1
那驗,1
時補足,1
圈上,1
光油,1
應在確,1
宇維,1
其楓,1
日賣給,1
認假,1
台幣僅,1
內幕股,1
並買入,1
並不懂,1
單金錢,1
一買入,1
討教,1
合作性,1
會費方,1
互動維持,1
既恨,1
筆無法,1
投資重,1
機業,1
照代辦,1
遭吊銷,1
故聯絡,1
驟上,1
渠將,1
項盡,1
快會給,1
渠轉,1
林明傑,1
林明,1
傑給,1
手付,1
速隆,1
韓露熙,1
冰肌,1
泥膜,1
勞麗,1
詩嫩膚,1
地責怪,1
未賣,1
真且,1
續予,1
銀系統,1
我本應,1
一時色,1
自重,1
粉絲六團,1
花童,1
創新踏夢,1
問秘書,1
然後能,1
鐘子,1
邱曜吉,1
本益比,1
搖籃床,1
通手,1
隨後也加,1
關兩個,1
末頁,1
賴美,1
程大,1
因同樣,1
事期,1
樂樂字,1
監以,1
詢台,1
鄭允,1
未特,1
開供,1
誤號,1
婉琳,1
販遊戲,1
內聖,1
誕樹,1
聖誕樹,1
將聖,1
誕樹時,1
裝以,1
姚健,1
平鎮萊爾富,1
日永豐,1
劉沐晴,1
劉沐晴給,1
警購,1
張所,1
證親友,1
華所,1
組拉,1
獲廠,1
勁銳,1
區重慶,1
造鷹,1
票主,1
芭樂票,1
行周,1
該鷹,1
資金擋,1
將十張,1
傳申,1
失十張,1
籠及,1
滾輪,1
阿谷,1
寶民門市,1
建元,1
尚在幣商,1
鼎泰門市,1
購買後股,1
價不僅,1
但木木,1
柔藏,1
結參,1
另額外,1
回播,1
義借,1
幾筆後驚,1
通訊平,1
女觀,1
兩手,1
出見,1
處裡點,1
親經,1
寄付,1
儲蓄領,1
包資金,1
證金錢,1
八法,1
砸場,1
築間,1
結後先,1
並又用,1
林祥生,1
劉皓嘉主動加,1
稱黃雅莉,1
電鍋售,1
超商惠,1
文門市,1
內容錄,1
當時礙,1
階級,1
還算劃,1
戲劇性,1
價簡直,1
張風衣,1
轉才,1
寧可花,1
徵齒模,1
實齒模,1
網紅衝,1
螢幕的實,1
蘇老,1
師表現,1
條和現,1
休閒椅,1
禁聊,1
名為陳秉宏,1
周成澤,1
方而導致,1
開通訂,1
技及,1
俞雯,1
戲會,1
當然動,1
分紅費,1
吳曼,1
許巧薇,1
截圖後回,1
高人氣,1
股有,1
胖團,1
實嘗到,1
財據,1
師陳柏宏,1
元買入,1
人同樣,1
鄧正琪,1
貼文廣,1
灰位,1
東文店,1
已新戶,1
如太少,1
龍騰虎躍,1
因營業員,1
電商並,1
問寵物,1
間後對方,1
稅不夠,1
而給,1
賴冠瑋,1
推估,1
主網,1
蘇友,1
稱羅永,1
百課,1
看圖,1
地利人和,1
操盤術,1
由原,1
稱漲,1
投資法國,1
成員內,1
需代銷,1
歐淑娟,1
本相,1
其驗,1
與煒煒,1
東興門市,1
三族門市,1
看裸體,1
之頻,1
給觀眾,1
二舍,1
但宅配,1
區安富,1
由女,1
邱詩婷,1
賣鍵盤,1
記幾日,1
熱給,1
元之紅包,1
惟事後發現,1
洗錢罪,1
件須,1
將財產給,1
區慈,1
屋服務,1
通貨運,1
時才會,1
貓用,1
點一連結,1
龍來,1
財相,1
抱恙,1
范瑞櫻,1
每標,1
價者,1
採匯款,1
誠徵訂,1
高聖,1
打後為,1
資加,1
吳民購,1
吳民要,1
吳民給,1
錢驗,1
乃是,1
何胤儒,1
松德,1
高國華,1
甚怪,1
阿清服,1
裝割,1
太會裝,1
每套,1
明貨會,1
之後貨,1
一護,1
手霜予,1
多圍,1
鑰無論,1
前後三碼,1
怡安媽,1
將假線,1
樂主動,1
統解,1
上律,1
思博瑞,1
來平,1
根據平,1
區雙園,1
雙福店,1
筆運彩,1
注單,1
肩上,1
先服,1
銀金,1
輕語,1
雙鳳路,1
竹子,1
摩菲爾廣告,1
投資後回,1
整技,1
亞迪電子,1
鴻曜,1
科藝,1
德軒,1
綠鼎,1
丰偉,1
霍普金,1
萬元後購,1
則介紹,1
及副理,1
財富智庫,1
何侑芳,1
渠始,1
鋪連結,1
特樂,1
通官,1
特樂通,1
引繩,1
乙支,1
網稱,1
張慶瑤,1
會員輸入,1
灣電動,1
蔡秀霞,1
號芳妮,1
成員極力,1
信命,1
航少,1
匣子,1
禮的,1
老師表現,1
彥翔,1
前以,1
將交票,1
至嘉理,1
壺會,1
只會後悔,1
到汐,1
萬路,1
高額酬,1
勞而疏,1
這上頭,1
稱陳曉婷,1
冷不防,1
商鳳展,1
驚慌來,1
林佳珊將,1
失踪,1
這宗詐,1
決定試,1
顛峰給,1
權限及,1
雅雯給,1
當營業員,1
收益分配,1
葉俊榮,1
真下載,1
方之話語,1
將駕照,1
兩可地,1
總訂,1
郭陽,1
光將,1
交齊,1
聯結供,1
開聯邦,1
地檢處理,1
彭俊鑫,1
內告訴,1
色手機,1
純銀手,1
愚公,1
移夢,1
再宅配,1
張憶菱,1
號的華南,1
三芝,1
劉耀傑,1
陳穎茹,1
誘買家,1
袁采微,1
劉薪慈,1
電話訊息,1
通緝要,1
林伯文,1
報到並,1
若報,1
障戶,1
匯林,1
舊事,1
裝通,1
滿口答,1
李員不疑,1
臥龍街,1
李員至,1
沒有律,1
日積,1
並依群,1
若不出,1
范誌,1
要驗車,1
認主,1
負責電,1
商後台,1
負責後台,1
之後又換,1
應訊息且,1
應依,1
問買房,1
我無因,1
國文,1
不吃不喝,1
辛勞付,1
怪裡,1
怪氣,1
啃食,1
位公務員,1
當司機,1
這樣毀,1
師講,1
號投資,1
經閃閃,1
平靜都毀,1
故友,1
孤獨久,1
瑤則,1
中庸,1
下八張,1
多慘,1
高登,1
雙心,1
陳淑雯,1
友緣,1
鄭淳元,1
年易,1
武古樹,1
懷詢問,1
簽借據,1
還壓,1
聖誕餅,1
吸飽,1
負責拉,1
資金中,1
無後事,1
我的頭,1
服務業裡,1
點積蓄,1
八旬,1
港商,1
享享,1
數次款,1
著實,1
還寫過,1
头像,1
轉戰到,1
林坤湖,1
學說,1
省匯,1
省錢妙,1
換澳幣給,1
多換,1
繳交高達,1
申辦切,1
價腳,1
只握,1
破車,1
幽靈般,1
海不斷,1
不眠不休,1
風像,1
經無人接,1
傻小子,1
賣勁戰,1
台勁,1
戰實,1
撈針,1
職省,1
泛著,1
白光,1
桑費,1
工小王,1
是員,1
尋靈感,1
調性,1
配款,1
著重,1
飛車還,1
來兢兢業業,1
裡的心,1
萬華開,1
封街,1
連租,1
謝天,1
謝地,1
沒識,1
這惡毒,1
通訊業,1
般澆滅,1
閱訊息,1
搜尋蛛,1
承諾永遠,1
還忍,1
兒子線,1
未在網,1
消沉,1
那光,1
成渣,1
只小試,1
洪亞姿,1
洪亞,1
姿長,1
期開,1
終於見,1
步田地,1
那惡劣,1
珍奶,1
巨響,1
漆黑,1
開遊覽車,1
車發,1
保修,1
費和維,1
修費加,1
對業者,1
鄭宜婷,1
慌亂極,1
平時查,1
官網訂,1
旅還,1
總共八萬多塊,1
寵物客,1
制館,1
著抱,1
毛色,1
願意重,1
內寄給,1
兩十萬,1
李芯瑜,1
裡氣,1
瓊林,1
李海濤,1
萬鍋堂,1
李兆,1
立寶樂,1
園賽,1
瓊安,1
將藥物,1
因為案,1
欣盤勢,1
林麒熙,1
黛娜倩,1
家東,1
竹簾幫,1
歡刷,1
吳佳莉,1
壺賺,1
公西,1
事為,1
連忙點,1
蘇秀珠,1
給喜歡,1
購物族,1
百分之十三,1
銀人壽,1
女保,1
親剛,1
手尾,1
還發生,1
張介欽號,1
北檢,1
或北檢,1
現金和幣商,1
詞略顯,1
大課,1
賣雅加,1
經裡面,1
號裡存,1
幹部代為,1
代投資,1
投資人能,1
回密碼,1
我怕後續,1
三批,1
問貨什麼,1
低價位,1
金再,1
發現後察覺,1
銀行後發,1
至雲頂,1
資訊稱,1
須金,1
金裝成,1
偉慶林,1
網飛,1
奈飛,1
獨享,1
家庭式,1
務所仁,1
愛辦,1
張信元,1
叫陳淑華,1
當機票,1
下驗證,1
劉沐勤,1
圖報,1
匯款剛,1
外國泰國,1
保萬,1
一故,1
當螢,1
討無果,1
出識,1
及點入,1
及林婉慧,1
宏帳,1
宏之犯,1
剛好載,1
因其自,1
教師員工,1
職以,1
南華及,1
系辦,1
學校給,1
該校,1
尖端,1
證書及,1
那東,1
及東,1
自請,1
資遣費,1
網留,1
學教務,1
學則,1
學轉學,1
肄業,1
張民依,1
組華南,1
外資集,1
股行動,1
並動,1
獨居關,1
懷協會,1
之家求,1
調團隊,1
試性,1
經過律,1
調電,1
專門換,1
龍宸,1
鎮博愛街,1
單繼續,1
中所謂,1
中多筆,1
收納屋,1
水川,1
徐清霖,1
他接,1
監理費,1
金當場,1
懸掛,1
證之營業員,1
方入,1
且會給,1
並承諾會額,1
從下,1
會多加,1
導玫,1
排名第,1
抽獎活,1
以銷,1
看面,1
山岩,1
約市,1
某輪,1
店裡換,1
當輪胎,1
和餅,1
身亡,1
因凍結,1
過施,1
喬進行,1
結算日,1
情沉,1
為淨,1
其虧損,1
紅社團,1
並協助轉,1
網路路,1
進而謊,1
對方數,1
認步驟,1
送品,1
貝子涵,1
代銷貓,1
慈濟員工,1
王欣,1
補卡時,1
還很著,1
退多餘,1
方見過,1
像餅,1
餅乾禮盒,1
當作節,1
日禮物,1
單積壓,1
可愛小琪,1
顧右,1
京麗,1
戴家駿,1
機銀行查,1
豐厚且,1
問語,1
青主,1
將服飾,1
寒楓,1
曾民,1
曾民陷,1
曾民即,1
亮面,1
反車線,1
短外套,1
石育,1
制容,1
建國空,1
人員無法,1
依之,1
宣傳頁,1
年餅,1
金黃,1
酥脆,1
許象,1
徵喜氣,1
點綴,1
喜慶氣氛,1
根針,1
區哭訴,1
出格,1
財務捷徑,1
委的,1
委說,1
月穎學習,1
得現,1
上買貨,1
傳送訂,1
時常訂,1
遭罰款,1
紙藝術,1
並總共購,1
知後續,1
而告,1
攝大頭照,1
中洩漏,1
鎮區戶,1
文年紀,1
銀行仁,1
李民有給,1
民請,1
民給,1
礦理財,1
許民繳,1
許民一錢,1
鏈協會,1
許民才,1
幣博安,1
是則,1
販賣點,1
區一甲,1
魚販,1
經楊,1
一甲,1
投資霧,1
眉店,1
局結,1
束鉅額,1
遭楊姓,1
嫌標,1
會共新,1
開之旋轉,1
筆故,1
叫陳皓軒,1
石滬,1
一則位,1
泰山路,1
陽大,1
宣傳泓策,1
會員大,1
賴億園,1
張豪彥,1
費送幣,1
蘭頌婦,1
給的訊息,1
嘉義現,1
利泰源,1
專屬碼,1
需由銀,1
項名,1
東西塞進,1
其事地,1
憤怒且,1
熱心體,1
王邵敏,1
邵敏,1
哇教,1
母兔,1
起虛擬,1
重現,1
過後就,1
問幾次,1
貨幣代儲,1
心存疑惑,1
裡又慌,1
學姐陳翊庭,1
曬娃包,1
那名客,1
林國棟,1
多萬款,1
平順街,1
過寄,1
此後失聯,1
李婉靜,1
點嘗試,1
帳棚,1
林士,1
弘態度,1
無虞後資,1
組代,1
未善罷,1
時虧,1
馮亞麗,1
頭次,1
通宅,1
能達,1
丟啊,1
很常滑,1
銀行頁,1
西豐原,1
行員當,1
一筆酬,1
江誠義同樣,1
號聽,1
叫辰德,1
投資辰德,1
買直,1
冰谷,1
此情可待,1
戰東京,1
未詳,1
潤投,1
資承諾,1
還會匯,1
服務往,1
開盤市,1
臉書杰,1
杰臻珠,1
商鑑定,1
貨之假貨,1
換貨要,1
續換,1
王智弘,1
但同,1
李夢軒,1
艾拓,1
思資本,1
並上線,1
交貨將,1
詩嫻,1
楊芷宣,1
確保分,1
數夠,1
以爭,1
繳清帳,1
稱羅奕森,1
劃時代,1
投足,1
恨羅奕森,1
地洞,1
撒旦,1
師叫煜峰,1
但佳,1
和煜峰,1
戲院,1
繳交六萬元,1
劉安澤,1
劉安澤不斷,1
給身,1
德園,1
著價值,1
獎金夢碎,1
人得,1
得長,1
著經濟,1
上的損,1
上輕信,1
勃然大怒,1
當男侍,1
應生,1
給怡婷,1
九份,1
但小敏,1
通小敏,1
鄉後鎮村,1
二竹門市,1
月委,1
超大型,1
加飯,1
登飯,1
程機票,1
林弘翊,1
林弘翊是,1
車隨時,1
騙子發,1
執拗,1
但媽媽,1
失魂落魄,1
區大鶯路,1
一擺,1
不動產質,1
扒皮,1
有虎航,1
裡抽中,1
大立光,1
一個後悔,1
蔡明彰,1
朝權,1
會算到,1
這後果,1
沒太接,1
惡詐,1
紀念小卡,1
房仲小王,1
對小王,1
趕圖,1
輕易的將,1
連騙子長,1
剩一萬,1
圖聯絡耀雄,1
你踐,1
親子照,1
藝班,1
然後賺,1
翻雲覆雨,1
著帶,1
在虛,1
老江湖,1
動產來,1
來義,1
冰碴,1
事後再還,1
跟靜宜,1
通靜宜,1
難破,1
紀悠,1
一絲怪,1
聊著天,1
家裡給,1
法解釋,1
宇倫小,1
樓般,1
抽獎費,1
經閃爍,1
千華,1
兩萬過,1
兴隆,1
工艺品,1
稱價格會,1
總感,1
覺質,1
序曲,1
絕技,1
別人學,1
晚委,1
工將,1
還拿來,1
還載,1
務所和戶,1
甜食,1
寶商貿,1
包裝的確,1
咬了一口,1
不熟練,1
耳裡,1
談吐熱絡,1
興奮蓋過,1
排練,1
著晨晨,1
發現關,1
金穩,1
兒不太,1
著僅,1
我陳述,1
多藏,1
裡賠,1
金時光,1
還冒險,1
廢墟,1
張卡上,1
心醉,1
還算能,1
炮彈般,1
中崙,1
種難,1
地想問,1
事者,1
注射,1
裡當個,1
著周,1
簽上,1
我六萬,1
粘住,1
合唱,1
清亮,1
軍營裡,1
聊音樂,1
曹思涵,1
模作樣,1
瑣碎,1
張凱靜,1
國銘,1
失敗者,1
到夠,1
林蔓婷,1
觀眾席,1
證的後果,1
往生會員,1
壯志,1
凌雲地,1
背後分別,1
領據,1
絕出,1
區福興里,1
終得標,1
确信,1
富佳,1
研琳,1
允諾將,1
以發,1
查緝此,1
職頁,1
推廣用,1
薪質,1
當天限結,1
曲江,1
帳號後進,1
個千層,1
千層,1
職務上,1
陸子義,1
商和南,1
許韓,1
區植福路,1
光南,1
貸人,1
基福,1
完畢要,1
問無法,1
區敦富,1
萌寶,1
敦富,1
臉書雙,1
重訊息,1
屋供,1
為育貞,1
但育貞,1
告詐,1
網銀分次,1
張瑄,1
帶供,1
中書智庫,1
中書智,1
庫加,1
王麗娜給,1
負責給,1
臨櫃補,1
成公,1
或號,1
證這些,1
百變,1
小櫻,1
鳥頭,1
頭飾,1
陣轉盤,1
庫洛牌,1
品諺,1
捷博,1
銥熙,1
疊式,1
故申,1
吳沛,1
要吳,1
民用,1
吳民當,1
范慧文,1
范民謊,1
范民確,1
樓內,1
石春吉來,1
楊雅惠,1
分自國,1
顏麗雯,1
超豪華,1
開始響,1
下一輪,1
妮給,1
好支,1
幫所謂,1
婚期,1
項後聲,1
張星曜,1
建商購,1
面共識,1
認計,1
皓月,1
當空,1
繳交升級,1
齊司禮,1
浮夢娃,1
結後假,1
點各提領,1
由律師,1
葉試,1
台中后,1
這還算,1
李唯介紹,1
繳費機,1
廣智門市,1
聯絡遠,1
賣家陳毅,1
消防人,1
網連上,1
最後又要,1
惟於後續,1
魏淑敏,1
早起,1
潘志聖,1
水漲,1
籠機,1
陪玩費用,1
若欲見面,1
理等語,1
該事始,1
以國際,1
需多人,1
訓國際,1
貨品後該,1
狗頸圈,1
高檔且,1
神農,1
評賣家,1
監控器,1
過有,1
會錯,1
超商省,1
宜門市,1
烏塔,1
女詐,1
元共五筆,1
秀娟,1
始開始,1
盜刷列,1
仍想,1
竟無將,1
職夢,1
從速,1
小卡遲,1
還偶爾玩起,1
距下,1
大內分,1
之試,1
包之訊息,1
梨兒,1
伶新,1
深厚感情,1
如辦理,1
連續數,1
私群,1
許竣傑,1
至福,1
臉書匯,1
繳完後覺,1
腳及頭,1
事後將過,1
他途,1
至苓,1
購過程,1
竟一去,1
返時,1
配到貨,1
認貨運,1
壺後能,1
仁雄路,1
美旁,1
天內要,1
管理策略,1
人金飾,1
親和代書,1
彭柏豪,1
賴思雨,1
搶樂,1
點開後發,1
現介紹,1
林思琦,1
林思琦給,1
林思琦告訴,1
俾利將,1
叫黃子,1
賣香氛,1
子芸,1
沐桓,1
吳銨,1
日時候,1
獲利之款,1
明簡,1
雅倫,1
好後約定,1
指教,1
吳佳龍後續,1
籌資新,1
站統,1
覺會,1
問社,1
誘貸款,1
詢等,1
且聲,1
納貸,1
李雪如,1
會圓滿,1
大轉盤,1
安一門市,1
勞豐厚,1
冠文,1
業務性,1
考慮換,1
證卡套,1
行動時,1
性不夠,1
美妝悅色,1
著替,1
龍爸,1
美麗謊,1
任人宰割,1
轉入現,1
方共新,1
鐵桌,1
皮諮詢,1
進行解,1
滿是關,1
但林怡君,1
那傳,1
絕世佳釀,1
成難,1
投資都須,1
期貨大漲,1
區仁義街,1
張男告訴,1
擔任志工,1
好歹,1
劫還,1
英杰,1
之後在民國,1
內之冷,1
日其,1
愛物,1
然後報警,1
那裡東,1
半自動,1
利落,1
三兩下,1
毛寵,1
愛動物,1
黑尾,1
鐵朗,1
稱志霖,1
變沒有,1
以忘記,1
出貸款,1
最後欲,1
並宣,1
電照,1
進度當,1
因中間,1
四處詢,1
那五,1
摩力,1
叫梅,1
李則安,1
號封鎖,1
達並,1
萬風險,1
裡觀,1
地閒聊,1
還直,1
假話,1
初計,1
程淑芬,1
給雪巴,1
詐團會,1
男陸續,1
音論壇,1
下載後裡面,1
加宋慶,1
數卡向,1
想取,1
代價發,1
亞東捷,1
表要,1
一國際,1
傳威脅訊息,1
獲價金,1
洪志仁聲,1
因洪志仁,1
詐騙始,1
私訊後達,1
稱濤濤,1
並由買家,1
給小傑後察覺,1
辦臨,1
櫃申,1
寄金片,1
方後與,1
撥話,1
理兆豐,1
稅後,1
房須,1
但報,1
餘額採,1
夫借,1
站後無法,1
問和潤,1
專員黃俊棋,1
因超過,1
出金來源,1
未依其,1
李凌霄,1
戶將,1
誇大其詞,1
親友陳品,1
閱傳訊息,1
許斌,1
但後續當,1
送假,1
面後開始,1
網之人,1
保之人,1
保稱,1
固體,1
盒並,1
售後反,1
饋諮詢,1
推銷給,1
德僑,1
玩國輝,1
多萬獎,1
錢會儲,1
福星高照,1
迪哥,1
貸辦理,1
過業務,1
敏銳度,1
領藥處,1
我的藥,1
藥錢,1
這悲慘,1
單送貨,1
但熙熙,1
優惠點,1
購抖,1
並無訂,1
商官,1
資金內,1
我五萬元,1
個訊息問,1
不僅款,1
不動作,1
便興,1
林麗虹,1
並無設定,1
無設,1
加帳,1
義上,1
還一腳,1
詢細節,1
依告訴,1
錢聲,1
投資動作,1
著大撈,1
中世紀,1
多門票,1
內部班級,1
地套,1
探照,1
燈般,1
嘴唇,1
等匯,1
更嚇,1
駕輕,1
楊聰慧,1
點金額,1
元馬上,1
醫同,1
醫學話題,1
臨床,1
三四年,1
認罰,1
罰金應,1
錯之款,1
盜刷遊,1
旅遊購,1
高雄到,1
還補發,1
沮喪極,1
毅透,1
當銀,1
限魚,1
昌便,1
鍋香,1
四溢,1
匯後對,1
跟國,1
過經理,1
擊群組,1
富邦理,1
賠教導,1
中訓,1
元寄給,1
然後受,1
還虧損,1
聊有關,1
超商慶華門市,1
隨後李,1
巴特里,1
經訊問,1
買家供,1
蘇丞丞,1
卷要,1
史子,1
史男稱,1
超商球場,1
抽換成,1
未先,1
配人員到,1
收門,1
票確,1
該宅配,1
適不,1
比心,1
組成員遊,1
當其,1
精誠路,1
元龍殿,1
飄飄,1
以浪費,1
處施壓,1
需緊,1
或剛,1
認識者,1
某稱,1
某承諾,1
貸幫助,1
當處,1
代儲詐,1
及交貨,1
王耀祥,1
小兔子,1
組小編,1
雯瑄,1
金流疑,1
田小,1
股會漲,1
點選頭,1
牙貼,1
傳兆豐,1
並預計,1
點選後對方,1
義秋旗,1
艦珠,1
師進,1
證升級,1
會公開,1
將廣告給,1
討說法,1
德財,1
林鳳婷,1
貨物過,1
條條,1
個玉鐲,1
面不見,1
方便性,1
可店,1
適還,1
招架之力,1
方多有,1
遊之遊戲,1
林营,1
仍進,1
半條命,1
十萬進,1
背後涼,1
颼颼,1
廟裡求,1
詩寫,1
應驗,1
大買家,1
氣下,1
東西纏,1
還夢見,1
爛成,1
黑水,1
活見,1
虛的,1
傳以,1
未懷疑,1
迎向,1
帳號款,1
不攻自破,1
卡而非,1
張龍日,1
以寵物,1
出貨意,1
投資後將,1
自正規,1
稱宏明,1
現金將,1
黃竑傑,1
餘錢,1
說選,1
匯額,1
林寶恩,1
梅靜怡,1
李欣妍,1
宜蘭戶政,1
申請門,1
單寄來,1
嘉芯,1
回租,1
她委,1
佳泉,1
購車費,1
杜澤明,1
還偶爾視,1
致富路,1
生猶疑,1
會告,1
創佳績,1
毫未,1
義或,1
貨便作,1
內控,1
集團作,1
之後鍾民持續,1
總共買入,1
四國,1
投資先,1
我林素,1
聖義協助,1
稱東森,1
東宏融,1
資貸款,1
林嘉琪,1
面又點,1
廖玉書,1
網友青,1
認識後想,1
黑研,1
貨走,1
姚舒文,1
螢幕裂,1
貼照,1
卡有關,1
溫習,1
考卷,1
張郁欣,1
卡戶,1
之火,1
員並,1
當小華,1
但平,1
時省,1
調貨物,1
沒有面,1
元化,1
分紅金,1
成九萬,1
游文毅,1
一黑,1
學用,1
需租卡,1
讀著,1
畢業後能,1
闖出,1
那五萬八,1
恨透,1
雷蒙魏,1
挺帥氣,1
還當作,1
為黃秉哲,1
整組給,1
族長,1
封小額,1
一環地,1
顆乙太幣,1
我和賴,1
著陳慧琳,1
一百九十八,1
我述,1
利嘉,1
別讓網,1
張透過,1
決出,1
簡直嚇,1
豆玟,1
巨蟹,1
態度體,1
格銳費,1
不像個,1
謊言的紙,1
第一回,1
笑裡,1
藏刀,1
榮利,1
智德,1
介文,1
遭滑,1
鐵盧,1
控盤師,1
存一絲,1
擔保六萬元,1
徵集,1
心頭雀躍,1
用場,1
牛黨,1
音樂搖,1
匯學堂,1
趁勝,1
追擊,1
姬本姬,1
那燦爛,1
媽媽興,1
荒唐事,1
這兒,1
說媽媽,1
媽媽終,1
對媽媽,1
上無情,1
張國榮,1
依著訊息裡,1
張德培,1
過戀,1
沒絲毫,1
目送,1
想重,1
周玉琴,1
心飛學習,1
變出,1
她妝容,1
翻版,1
妝容濃,1
這三萬多塊,1
急遽,1
錢奪,1
劃破,1
鄰居們,1
孤寡老人,1
看著夕陽,1
騙子毀,1
稱喚,1
許舊情,1
出項,1
魏予,1
芳介紹,1
也漸,1
大街小巷,1
通心,1
奮得語,1
木訥,1
范育維,1
阿哲試,1
臉色慘,1
教训,1
一二年,1
阿芬家,1
嘉家,1
橋水,1
說橋,1
緯穎,1
方彤蓮,1
按市,1
價算,1
結算價,1
二百七十,1
東義,1
珍藏品,1
安睿鴻觀,1
完之後點,1
面發現,1
子後來,1
山巔,1
杯品,1
商免,1
免費額,1
網然,1
鈕後照,1
麗雲是,1
噩夢是當,1
當我急,1
這誘惑,1
費和家裡,1
橄欖枝,1
慶約,1
慶能,1
轉頭問,1
先幫冠霖,1
開冠霖,1
給冠霖,1
網路外,1
並隨,1
數字碼,1
賣家關,1
吳欣,1
劉巧琦所,1
劉巧琦,1
欺紀錄,1
需扣,1
御鼎國際,1
李嘉雯,1
戲一樣,1
財富付,1
龔明輝,1
男三人,1
店來,1
傳台灣,1
相繼離,1
總共十張,1
連喘口氣,1
裡樂,1
李銘鵬,1
還確實,1
望洋,1
興嘆,1
都市生活,1
雙溪,1
施騰,1
船員,1
機般,1
修船,1
好人家,1
學琴,1
裡擺,1
穆夏聯,1
面都識,1
購氣氛,1
上陳俊傑,1
錢花用,1
商彰,1
辭門市,1
購物店,1
資訊後該,1
遞稱,1
新卡寄到,1
山網,1
啟一,1
開後來,1
確關,1
好後告訴,1
誤問,1
金片裡,1
網銀前,1
明其實,1
萬網,1
千獲利,1
專傳來,1
關於獎,1
品的後續,1
專和訊息,1
回好,1
許就能,1
之後不疑,1
說伴,1
數圖,1
片發,1
村店,1
皮帳,1
境界,1
探客,1
種跟單,1
五五分,1
出豐,1
貪念漸,1
漸膨脹,1
曬利潤,1
浸水,1
店領,1
匯通,1
找換,1
施行,1
蔡郁玟,1
窮困,1
給撫平,1
手環給,1
張姻,1
戒給,1
卡種,1
還沒集團,1
一配,1
轉還給,1
講限額,1
許共刷,1
密稱,1
高興到,1
下大禮,1
連連拜,1
急診費,1
車資費用,1
科興,1
轉成網,1
發瘋,1
收貨連,1
家裡將,1
一連將,1
相如,1
王孟寰,1
號售價,1
交貨後再付,1
碼獎勵,1
廠商返,1
先拿點,1
時方能,1
失帳,1
差點魂,1
請師,1
父來,1
腦把,1
一雙破,1
貪念來,1
服務超,1
店員全,1
撞鬼,1
邪氣,1
張電腦,1
吳瑾,1
頻聯絡,1
群會員,1
久等,1
我在確,1
因報案,1
人旋轉,1
會員後先,1
組禮,1
品碼,1
並帳號,1
光明磊落,1
真美,1
獵人來,1
兩人聯,1
赤腳,1
丫生態,1
農莊,1
先例,1
紙代儲,1
顧著省,1
還自告,1
漸話鋒,1
資金分,1
會難,1
曾秉毅,1
區南陽路,1
賴佳瑤,1
時常表現,1
會談及,1
幫心,1
幣加,1
決手頭,1
興安路,1
甲尚門市,1
先墊給,1
金如約,1
碼則,1
寶碩,1
活到老,1
著學點,1
劉欣彤,1
營帳,1
充氣床,1
李孟芸,1
轉錢來,1
核對後才,1
家儀,1
控和策,1
局罷,1
卓美菁,1
美菁,1
課堂裡,1
山民,1
安街,1
詹芷紜,1
獲有,1
確實查,1
相承,1
張友瀚,1
筆電訂,1
現檢測,1
防地,1
啟訊息,1
先匯些,1
資訊分,1
這次訊息裡,1
王詩琪,1
還主動將,1
公債,1
勝多門市,1
葛森療,1
許多領,1
可調,1
可試,1
工帳號,1
結將,1
筆港幣,1
天牧,1
銀行員林,1
還樂觀,1
事後警,1
租車券,1
曾奈,1
衝虛擬,1
並簡單,1
張瑋琳,1
呂承厚,1
隨後就轉,1
解凍後款,1
樹林人,1
快租快,1
這麼定,1
租成,1
章偉昌,1
我放過,1
幾條訊息給,1
宣傳費,1
畫布,1
吳芷薰,1
一世,1
半路出家,1
組進,1
之後資,1
裡的資,1
內容涵,1
宅來,1
科技界,1
想踏進,1
將會後悔,1
弄潮,1
劉立婕,1
殷切希望,1
五十三年,1
過這麼,1
裡比,1
鐵律,1
地避開,1
卻敗給,1
誓旦丹,1
只為求,1
金錢劃,1
等號,1
懈怠,1
夠用,1
輕聲音,1
螢幕奪,1
溫飽,1
著盤點,1
聲嗲氣,1
通資金,1
地避重,1
直發,1
飛上,1
艷陽,1
汗流,1
音太過,1
想興奮,1
一敗,1
塗地,1
買家毫,1
還特別熱,1
還善,1
記悶,1
陣暈眩,1
回本後會,1
下十條,1
杜信,1
本國,1
納新台,1
龐大之金額,1
金算,1
進油,1
大連五萬塊,1
脫下,1
瀏覽海賊,1
隨後詳,1
張曼婷,1
補貨並,1
聯訊,1
至璽,1
聞風,1
喪膽,1
地不記,1
成韻,1
王成韻,1
王成,1
韻見,1
稱葉熊,1
葉熊,1
店員工,1
經理驗,1
證故,1
續天,1
戰堂並,1
記就,1
補餘款,1
員實,1
刷限時,1
或費用,1
搶空,1
處理擊,1
施竹萍,1
開心且,1
給網路,1
額現,1
草率行事,1
並遠離,1
之憶,1
可贏,1
師陳嘉明,1
雜等,1
晶慶典,1
灣國外,1
含新北市,1
若不先,1
戶進,1
新寶貝,1
覺得升,1
將升,1
想馬上,1
林欣如,1
秋院,1
專員珮馨,1
李佳芝,1
經理侯,1
竣銘,1
如和芳芳,1
加現,1
特鋁,1
哀嘆,1
傳來語,1
尹斗俊,1
賣貨連,1
結傳,1
附連帶,1
星殞,1
失共,1
菩提子,1
刪資料,1
經自稱,1
並無還,1
林正坤聲,1
唯鑫門市,1
存給,1
主動展,1
鈕供,1
統始,1
聖博門,1
來賓,1
萬一去,1
先觀察,1
天樂,1
礦機並,1
千鍋,1
壹味,1
粉絲專,1
向會員,1
費後順利,1
貨保證,1
錢來速,1
嘉誠先,1
當嘉,1
驚然,1
名氏,1
有門檻,1
執刀,1
鎮富,1
痛癢,1
還示範,1
商聯手,1
補償費,1
務處理,1
恰巧是,1
蕭凱,1
晉之間,1
將贊助,1
克飆,1
舒玥,1
超商興,1
之後打開,1
郵件還,1
偵察,1
支以,1
約九點,1
訊息裡問,1
聽後心裡,1
現入,1
戶鎖定,1
去後聊,1
初代,1
屁眼,1
麗薇,1
轉知後才,1
區鼎山,1
街統,1
給欣,1
比個,1
真誠模樣,1
中輕易,1
職費用,1
將軍又,1
鼎山店,1
結寄貨,1
資後發給,1
高雄海,1
關見,1
人員始終,1
為俊宏,1
流暢通,1
然後保證,1
大陸腔,1
總能編,1
小俊建議,1
內後經,1
賭博遊,1
出金後來,1
廣告後將,1
國賓門市,1
夾資訊,1
內容後稱,1
曾馨馨,1
最後才後悔,1
而裡面,1
裡一盤,1
呂鎔均,1
幣了,1
低匯率,1
調千萬,1
三雙鞋,1
拍到,1
剩慘,1
投資氣氛,1
問金額,1
法務人員,1
銀行施,1
壓求償,1
作為律,1
先解開,1
詩念,1
小芽,1
伯樂,1
剛創業,1
精氣神,1
確緊,1
沮喪時,1
育育,1
永遠處,1
百煉,1
經金,1
稱雨涵,1
笑靨,1
還有陽,1
幻小窩,1
個屬,1
債務像,1
面閃閃,1
國小教師,1
金勉,1
強夠,1
幾棟,1
交合,1
絲徹底,1
正透過,1
瀏覽國泰,1
人員不厭,1
廣告講,1
酒香,1
金獵,1
十號過,1
中如,1
獲得進,1
因延誤,1
珍貴遊,1
顯示線,1
辦展覽,1
換場,1
互道,1
火一樣,1
刺一樣,1
金傳,1
耀達,1
曾律,1
師和江,1
創造樂趣,1
大壽才,1
財務必,1
漸濃,1
張嘉年,1
華門票,1
會而省,1
記警鐘,1
喜著終,1
億馨,1
瓷娃娃,1
還雀躍著,1
然後輕聲,1
安穩度過,1
成功感,1
貨幣業務,1
幣未來,1
不可限量,1
會察言,1
油亮,1
君自故,1
鄉來,1
聊著家,1
鄉事,1
挑動,1
單純到,1
帥哥加,1
劇還,1
台灣後會付,1
給洗腦,1
成可憐,1
關測,1
試員,1
高層次,1
關試員,1
新鮮秋刀魚,1
自產地,1
張仲澄,1
邱雅琪,1
哥團購,1
壺是,1
租地,1
租賃關,1
易主,1
高腳椅,1
邱玉萍,1
得繪聲,1
報點,1
自泰國,1
回泰國,1
之後退稅,1
台資線,1
職員約定,1
查訊,1
活動後便,1
事貨運,1
細無法,1
指通,1
事後登錄,1
淘寶訂,1
地參,1
會額外,1
豪華禮盒,1
沒白費,1
選擇轉,1
關於販售,1
並瀏覽,1
幾週會,1
團後點擊,1
淑琳,1
林淑琴,1
林淑琴將,1
情社,1
搜尋完,1
寶貝屋,1
施施,1
切開後原,1
石中確,1
實用性,1
然後現,1
續米,1
可愛小,1
未穩,1
還我應,1
同樣將,1
我無計,1
服務證件,1
案卷,1
銷後有,1
吳疆,1
數卡然,1
呂呂子,1
票共新,1
善人,1
梅川內,1
查無狀態,1
之星城,1
法賣,1
平添,1
寶德達,1
動掃碼,1
戀戀,1
炫舞團,1
音舞,1
奶冰,1
費和通,1
會代繳,1
費從,1
獲利之道,1
李真源,1
專員林國偉,1
還教會,1
說般,1
嘉誠則,1
以額外,1
圖查證,1
耗資,1
明越,1
以後心裡,1
投資鴻海,1
緊動作,1
仍不願,1
後簽,1
消使,1
提然,1
繳請,1
談天話,1
查有,1
撞壞,1
車都,1
軟釘子,1
佳德,1
動魄,1
投資奪,1
篩選出,1
好見,1
並不全,1
林雲慧給,1
郭保麗,1
張芮瑤還,1
進飄紅,1
稱林雅雯,1
載匯,1
及求,1
慫勇,1
因員工,1
林沂萱,1
黑貓線,1
王心圓,1
給林鼎宇,1
卡相關,1
續黃婉怡,1
萬出頭,1
一社團,1
線教學,1
結然後到,1
楊文傑,1
並弄,1
阿軒並,1
為律師,1
柏宏之人,1
跟律,1
師妥,1
協付,1
攔截要,1
過橋,1
存到幣,1
半島幣,1
三重人,1
該文,1
撥雲見,1
方主動詢,1
連結後請,1
轉由該,1
銀行後轉,1
栩栩,1
如穎,1
小肩,1
因閉,1
資金衝,1
會員驚,1
完之後認,1
供驗,1
繳納均,1
配額僅,1
金忠,1
給確,1
網查閱,1
數共三筆,1
如不補足,1
宇翎,1
這次損,1
東萬門市,1
竟達,1
我備,1
我買入,1
我銘記,1
逐點入,1
林侑芯,1
股經,1
閃電行動,1
五萬元會,1
林侑芯並,1
三德假,1
提領然,1
朋发,1
蔬秋燕,1
韋佳瑩,1
兒子童,1
建隆,1
雷蒙德,1
商務組,1
費和高額,1
張聲,1
若來,1
還誇耀,1
由外,1
發來訊息確,1
上斗內,1
回馬來,1
預計進,1
國告訴,1
轉改,1
商銀轉,1
出之兆豐,1
商銀戶頭,1
張婉婷會,1
付辛勞費,1
還陸續換,1
通貨穩,1
蘇玲玉,1
劉昌煥,1
批發款,1
保業務,1
石富,1
和鑫富,1
詐團還,1
已延遲,1
理享,1
新揚門市,1
換化妝品,1
編下,1
阿心,1
將七張,1
小孟,1
不私,1
銨科,1
卡座,1
來令,1
燒結,1
務看,1
購買後會,1
祭壇,1
並裝,1
中送,1
智核,1
先獲,1
王志明,1
收盤,1
日至元,1
資料後始,1
統一培養,1
俞偉民,1
證至戶,1
通訊以,1
林文忠以,1
以證物,1
邁體,1
假免,1
地檢事務官,1
慶福寺,1
康樂,1
台後方將,1
服務區,1
將手續費,1
名義告,1
叶北枝,1
故信,1
弊案,1
偽裝實,1
隨之蒸發,1
關於黃,1
江文,1
萬理論,1
雖然款,1
賭黃金,1
主熱情,1
賭局,1
獲利後馬,1
贏現,1
發放用,1
當取,1
釣取,1
維認,1
比封,1
筆台,1
認契約,1
認後簽,1
國泰詢,1
正能,1
皮包公司,1
六萬到,1
加手,1
並保證過,1
絕少會,1
直截,1
尋中國,1
西盛街,1
至遊戲,1
接著並,1
貨便訂,1
圖騰款,1
服飾代購,1
其發布,1
芳慈稱,1
之後薇,1
每個員工,1
江志恆,1
經過芳,1
慈一,1
始號,1
續融,1
天經理,1
其說,1
原初,1
徐雯心,1
並訊問,1
願稱,1
時當,1
靖瑄,1
許借,1
梁晉,1
王承恩,1
股友並,1
一個陳俊傑,1
人販,1
面騎士,1
項狀況,1
查緝洗,1
滿平二街,1
琪姐,1
且話術,1
之人入,1
入金後發現,1
民之雙,1
戶政辦,1
民信,1
建宏及,1
官黃敏昌,1
稱黃民,1
榮華詐,1
因黃民無法,1
幣三萬及,1
兩萬之金額,1
幣八萬元,1
至後埔郵局,1
此費用,1
蕭小,1
雨昕,1
自進行,1
移置,1
經動土,1
骨骸,1
吉日,1
適合入,1
備入,1
華藏,1
連小紅書,1
拆穿,1
先買來,1
分獎,1
劉希,1
潔瑩,1
代書介紹,1
持其,1
偉鴻之員,1
警加,1
衛生衣,1
取卡以,1
承諾以,1
沛珊,1
宣傳下,1
費長,1
蔡婉蓉,1
伯霖,1
稱大筆,1
結尾還,1
字節,1
獲利後想將,1
並無到,1
事互,1
徵專員,1
還沒解,1
富耀康,1
凱普光電,1
登記表上,1
翻到,1
邱睿鋒,1
徐志文,1
購買魚,1
將魚,1
清光,1
存庫裡,1
辦理驗,1
過兆豐,1
則向,1
以酒,1
楊勝,1
開立永豐,1
我尚,1
期三個,1
青溪,1
選轉帳,1
白鳥麗子,1
並無經濟,1
洪惠君的關,1
阿哲以,1
阿哲會,1
小明照,1
投資經,1
給阿哲,1
經聯邦,1
小明加,1
人員告,1
訴小明,1
將小明拉進,1
鎮安宮,1
戲和辦,1
壓爐,1
事後小美覺,1
紅包裡,1
小美進,1
忠訊,1
熱愛騎行,1
注許,1
不謀而合,1
熱愛投,1
營業員來電,1
阿壯代為,1
營業員還,1
阿壯決,1
喬裝成,1
王益,1
當王益,1
將王益,1
成為線,1
完陳小強,1
租一押,1
小梅接,1
外匯車,1
空曠,1
當豐厚,1
資繼續,1
說陳佩怡,1
點理財,1
純屬,1
翻桌,1
新申,1
方金幣,1
密對,1
並意,1
其積,1
莫妍,1
賴後顯示,1
內之泰達幣,1
當晚將,1
行子,1
回票票,1
筆等,1
五周年,1
過大會,1
需取,1
方僅取,1
之約會,1
守護金,1
收守護金,1
則騙,1
上欲網,1
請以,1
時欲將,1
錄音後以,1
工資後不疑,1
無大筆,1
當電子,1
設在,1
可假,1
推廣免,1
業務稱,1
群組後負,1
責人稱,1
完後報,1
聯合珠,1
檢驗後均,1
載瀚華,1
而後群,1
惟事後因,1
上肢,1
凹子底,1
將紀錄,1
故有關,1
價證,1
債務後續,1
浩是,1
貸的員工,1
稱音,1
交罰款,1
學務處,1
蕙網,1
需老,1
過竹,1
填輸資,1
皮要,1
但必,1
項去,1
運撞車,1
筆賠償,1
求千萬,1
谨记,1
南笙北,1
貨改變,1
財如,1
家屬察覺,1
並想加,1
東訊,1
我共計計,1
雖期,1
已令,1
轉共轉帳,1
然事後該,1
繳滯,1
傳檢核碼,1
機車控,1
晶產品,1
覺得悔,1
門法會,1
地檢有,1
檢處理,1
小煒,1
小段,1
包蔚倩,1
可向,1
獎金過,1
條件過,1
至帳,1
掛機費,1
結後就加,1
已經額,1
勞計件,1
給小組長,1
方互傳,1
下體,1
攝及,1
面貌,1
雖無做,1
號二樓,1
日天,1
收納架,1
張達利,1
宜武,1
現金後轉,1
款代,1
搶門,1
成票價,1
張機車,1
呼嘯而過,1
規的網,1
王表鏞,1
須訂,1
蔣詩語,1
局倒,1
定宅,1
事聯絡,1
犬貓,1
裕恆,1
問裕恆時,1
楊昱昌聲,1
吞星展,1
開債,1
權會議,1
簽金額,1
用亂,1
稱陳曉佳,1
向陳曉佳,1
金合會,1
恩合會,1
遭開戶,1
憲之人,1
號先,1
反稱,1
會什麼,1
邪術,1
有靈性,1
得家裡,1
血跡,1
夢到,1
沾染,1
裡陰氣,1
大師來,1
驅邪,1
繳交一點,1
已無影,1
他後悔,1
無比興奮,1
韓工社,1
裡盤旋,1
韓元能,1
杜坤諺,1
雜事,1
經無形,1
負責將,1
車竟,1
並無特別,1
愛妻,1
試駕,1
連加,1
裝車,1
意料之外,1
在夾,1
機店裡,1
雖然並,1
不情,1
籠轉,1
將狗籠,1
分由國,1
六歲,1
區柳,1
楊東街,1
香城大飯,1
元大及,1
佳芳,1
並無動,1
專業型,1
鄭惟,1
載運比,1
這異常,1
這封詐,1
蔡昀蓉,1
林志森,1
地蓋房,1
賣購,1
獲透過,1
人員金,1
林怡秀,1
匯資訊,1
完之後經理,1
文附,1
看貓,1
其當天,1
領取貓,1
高鐵離,1
楚思,1
商訊息,1
商連絡後將,1
過兩三個,1
賣車子,1
空軍門市,1
稅金繳,1
保險型,1
繳納保,1
車電話,1
臉書吉,1
金南門店,1
未找到,1
億元富,1
並自建,1
循正,1
規證,1
總計八筆,1
急診室,1
加總共計,1
玺悦,1
楊國強,1
並開票,1
安是,1
算個,1
老鳥,1
抽錢袋,1
廠商北,1
一冷凍,1
商核實,1
不仅仅,1
幫其付,1
事務向,1
齊樂,1
比約定,1
李曉琳,1
價出,1
補足後才,1
股子,1
詩還,1
面目可憎,1
許知,1
打滾,1
艾倫說,1
艾倫開,1
完後些,1
政漢,1
測股,1
李姿潤,1
不僅轉,1
犯們,1
幣寶,1
松展,1
問驗,1
金後要,1
什麼給,1
宇化,1
封鎖致,1
入國際,1
小人物,1
義興,1
申登,1
門戶,1
掏寶購,1
因貓,1
貓交給,1
員匯,1
飄宏,1
林雅文,1
會員入,1
國民運動,1
東樹林,1
下六張,1
東拼西,1
倍控,1
五戶,1
位期,1
那八個,1
歐華及,1
想維護,1
紫辛,1
予線,1
底朝天,1
價六萬塊,1
仔細驗,1
過港路,1
面放有,1
回所內,1
電商學習,1
熱心解,1
證和合,1
蔡國韋,1
景安捷,1
挑斷,1
將詳細,1
完之後他,1
我黎兆祥,1
現金由幣,1
我件,1
面報,1
臉書先,1
以批,1
團成員,1
勝宇話術,1
辦週,1
年慶,1
聯通,1
五停,1
一族,1
但陳雨澤,1
蘇鈺婷,1
小何,1
拉薩,1
虛寶或,1
一遊,1
廁所為,1
職導遊,1
伶介紹,1
育瑋有,1
應給付,1
刑大豹,1
捷運置,1
並被轉,1
云頂,1
金販售,1
並斷絕,1
經常刷,1
一清點,1
借三個,1
隨後和對,1
許浩川,1
賴明昌,1
軋餅,1
遭傳出,1
員先問,1
主名,1
當原石,1
被切,1
切漲,1
謝瑩琛,1
以一樣,1
載驗,1
方凱,1
裡分別,1
這兩份,1
于志浩,1
立維以,1
師阮蕙,1
事證券,1
數著,1
針等,1
一購,1
先訂貨,1
省則,1
小美給,1
動地加,1
總算察覺,1
群惡,1
財運不佳,1
時安裝,1
禮網,1
傳賴連,1
分數來,1
汪佩萱,1
隨後又點,1
軒廷,1
候將,1
想都不想,1
老師會教,1
站員,1
錢額,1
卡越,1
號蘆,1
張共需,1
熱以,1
稍後過,1
詩雅不斷,1
創造師,1
達成店,1
湖崗門市,1
回報將,1
換相關,1
柔不斷,1
除螨機,1
負離子,1
進來點,1
並選,1
給店,1
市員山,1
小祥,1
超商鎵,1
數歸,1
王珮瑜,1
方無論,1
隨後駕,1
斯卡尼,1
亞楓,1
黯在,1
過實際,1
賣票務,1
張國祥,1
梓昕,1
如不斷,1
財訊息給,1
何嘉慧,1
暈著,1
這四,1
人拿委,1
隨後社,1
會局,1
人壽年,1
人壽確,1
認回饋,1
領故,1
超商收,1
給華山,1
申辦電,1
受保護,1
分老,1
參加馬拉松,1
林書玉,1
抱負,1
贖車,1
利伯,1
惟王,1
偶而,1
點向,1
由超,1
無取件,1
區公園,1
從公園,1
從馬路,1
方企,1
椅享,1
中陳思萍,1
未下,1
弘鼎及,1
鯿故,1
須保證,1
區店,1
燒品,1
過二,1
細聊後才,1
經款,1
宅運,1
稱法,1
規有,1
偽造法,1
規變,1
伪裝,1
成融,1
每每,1
經不接,1
網民應,1
中國當,1
帳戶櫃,1
申請存,1
並承諾個,1
匯轉成,1
職夢竟,1
財務災,1
前後共面,1
義大,1
並於天,1
幣總共,1
人員江程,1
帳密後發現,1
稱黃曉,1
意後對方,1
金保費,1
傳票須,1
投資家電,1
一週後便,1
聲請幣,1
程峰,1
重寄一個,1
擺件,1
藍諾,1
寶刷,1
便後續,1
便知,1
袋將,1
加入收藏,1
警鈴開,1
始響,1
四十多分,1
音賣,1
轉抖音,1
惟抖音,1
雅青,1
永樂市,1
場二樓,1
面華,1
行給,1
說布,1
山洞,1
亞麻長,1
回永樂,1
的亞,1
體形,1
我的亞,1
裁一塊,1
大的給,1
服裝行,1
作褲子,1
給華,1
兩塊亞,1
細致,1
棉布,1
西服店,1
對華,1
訂金予,1
台車輛,1
快三週,1
亞忻,1
建寧,1
會偽,1
十幾萬進,1
開語,1
周岳,1
影介紹,1
郭男向,1
向勝門,1
質疑並,1
郭男則,1
通訊線,1
友資,1
隨後林坤堯,1
北中壢,1
這建,1
對訪,1
林珮晴,1
經林,1
官顧問,1
需發,1
門口親,1
自收,1
志瑜,1
世鳴,1
回收站,1
鼎薪,1
停發,1
並質問,1
一個車,1
團貼,1
管賣,1
管有,1
灣交貨,1
研習室,1
各區,1
米羅,1
叫宏祥,1
杰倫音樂,1
張好,1
眾心,1
成城,1
平方和,1
缴交,1
發给,1
帮派,1
成员,1
並發来,1
接连,1
尝试,1
满足,1
总共,1
威胁,1
并未,1
变本加厉,1
这时,1
终于,1
绝望,1
赶紧,1
这次,1
让我学,1
未经,1
核实,1
情况,1
财物,1
李建章,1
洪敏超,1
保溫鍋,1
然後黑貓,1
會驗,1
預購代,1
剩餘代,1
日會取,1
一陣子後並,1
為限,1
營利太大,1
炫媽,1
書長,1
偉銘,1
聯徵查詢,1
修聲,1
師去,1
數據調,1
整開,1
萬一數,1
判別,1
之後有詢,1
修說,1
幾天後不僅,1
愛莫能助,1
放任不管,1
毫無實際,1
看金額,1
抓不住,1
恐怖片,1
人員主動致,1
決該,1
以變,1
日兆豐,1
整層,1
整棟,1
溶月,1
彩葉,1
中玉,1
還承諾事,1
甲天下,1
對下,1
單後隨即,1
推廣電信,1
佳星,1
置卡,1
米蘭小表匠,1
許增長,1
我士,1
曾到,1
色卡,1
蘇清池,1
豪地,1
政士,1
並推諉,1
期貨並,1
風華錢景,1
以體驗,1
張祖耀,1
出不錯,1
許玉婷,1
薪資並,1
中幸,1
運得獎,1
認中獎,1
李專員用,1
紅包能,1
李詩玥,1
著外匯,1
財務請,1
求務,1
幾次後覺,1
軒見面,1
軒和經,1
二林分,1
創合,1
聚福,1
張配額,1
借數位,1
這才後怕,1
林柏軒,1
項後給,1
遞資訊,1
票務絕,1
不均,1
意傳,1
不值一提,1
只會害,1
接獲手,1
插播,1
程之遠,1
吳磊,1
配通代,1
討論後致電,1
信義人,1
一雙心,1
夢夢介紹,1
珠寶之,1
人喊單,1
算經,1
市燈,1
通明,1
李倩的網,1
到寧,1
服裝費,1
的寧,1
怡貞,1
卡照給,1
有無多,1
寶橋,1
就魂,1
粉嫩,1
詮釋,1
對療,1
火眼金睛,1
破網,1
浚源,1
他標,1
藍維昊,1
意義又能,1
笑里藏刀,1
警員聊,1
沒外,1
連一點察覺,1
客戶關,1
貨後將款,1
方未作,1
他帥氣,1
猙獰,1
響徹,1
沒在國,1
握緊,1
拳頭,1
爭辯,1
按壓,1
區延壽街,1
延壽街,1
老朽,1
夠我兒,1
鷺江街,1
我欲交,1
稱麗麗並,1
麗麗用,1
並傳詐,1
元非,1
騙二筆,1
剛慶祝,1
滑稽,1
最後栽,1
那五張,1
五夜,1
合眼,1
蔡東泰,1
續談話,1
共會轉,1
兌換些,1
有後向,1
從事著,1
中絕,1
包材共新,1
軒齊,1
之後黃軒,1
齊傳,1
販售熱,1
樹林門市,1
本裡面,1
鳳和門市,1
門中並,1
亞杰,1
將悠,1
擊發,1
熊並,1
劉靜雅,1
任柔瑾,1
商銀以,1
當日詢,1
話術嚇,1
啟動代儲,1
方其實,1
並實行,1
楊羽,1
涂晨烽,1
李鴻星,1
警商,1
戴梓昕,1
徵童,1
位階金額,1
應回,1
李冠霆,1
稱紅單,1
委員寄來,1
該委會,1
欺等語,1
筆數過,1
還兩倍,1
索拉納,1
劉泰英,1
無阻,1
蔡涵,1
蔡導師,1
沮喪後悔,1
一錯,1
著陳鈺婷,1
生鮮娃,1
鮭魚,1
慧蕾,1
認好票,1
捷運國,1
父紀念館,1
圖款,1
凱鴻之人,1
分共轉,1
華群,1
收周杰,1
天犯,1
劉的,1
劉平時,1
將我視,1
流散,1
隨後退還,1
沈梓棋,1
建良來,1
裡興,1
配貨給,1
調錄,1
音存,1
人壽保,1
給安聯,1
人壽求證,1
安聯人壽,1
禮拜領,1
抽佣,1
再離,1
開銀,1
稱林玉,1
如還,1
萬元起,1
網友慧雯,1
認購款,1
加廣告,1
小如約,1
操台語,1
藥協助,1
李權,1
市地,1
不察以,1
傳大榮,1
區裕誠路,1
大盤商,1
酋長國,1
賠到,1
納傭金,1
寶寶之家,1
溫馨館,1
兒稱,1
藍双,1
萬元裝,1
以掛,1
網戀來,1
被家裡,1
劉怡,1
雙方剛,1
認識時,1
事後怡,1
並無理會,1
將案,1
如點,1
經同,1
保所參,1
筆後始,1
並不輕易,1
同學還,1
林俊浩稱,1
啟遠,1
托運費,1
方欲以,1
萬收,1
談後黃,1
故尚,1
泰達幣後至,1
以福袋,1
日之後向,1
傳真訊息,1
身規劃,1
許不尋常,1
談之間,1
急匯,1
賴小梓,1
鄒奕賢,1
雖為,1
徐聖豪,1
痛悔,1
粉粉,1
匯款後觀,1
看次數,1
許昱,1
勞遲,1
英國貸,1
叫黃志偉,1
過幣托,1
損彌補,1
還處,1
職六個,1
資入,1
帳相關,1
今後求,1
服老,1
他專,1
阿美族,1
通後多,1
區正榮,1
三總醫院,1
青森,1
調門市,1
商就會,1
小鯨魚,1
然後指導,1
發放傭金,1
課程學,1
既難,1
機會永遠,1
楊鎮榮,1
關注並,1
動產生,1
德行,1
郵局還,1
防範為,1
中補,1
保傳給,1
保接,1
何曼,1
備進,1
確保購,1
完後嚇,1
異常大額,1
李健忠來,1
證手,1
外幣後金額,1
問交車,1
日交車,1
試驗性,1
薪夢,1
挪客,1
彰欣店,1
著家裡終,1
實賣家,1
老紅線,1
未切,1
問具,1
體要,1
趁機行,1
永樂街,1
棉片,1
則花,1
夜泰國,1
農民銀行,1
繳交司機,1
當導,1
遊帶,1
館時,1
並對額,1
張玉蓮,1
卡貝,1
作行動,1
財經解,1
刀疤,1
刑堂,1
台中坤哥,1
賣類,1
開運小硬幣,1
道大至,1
緣德無量,1
志義,1
親密暱,1
蔡佳琪,1
已經失,1
失主,1
客戶劉,1
村有將,1
全由國,1
好後傳,1
半糖,1
粉絲組,1
親友解,1
將耳機給,1
富鑫,1
項因,1
規避限額,1
帳戶筆,1
阿樂媽媽,1
貝塔國際,1
已不屬,1
並詳述,1
開相關,1
宗奇,1
並承諾回,1
裡向,1
方都將,1
點返,1
婚鞋,1
組進行,1
內代銷,1
電清,1
台灣虎行,1
三年期,1
人視訊教,1
頓時心,1
惟勳,1
數後面,1
蔣園,1
雨鈺,1
曾達銘,1
保證代購,1
一取貨,1
買床,1
董麗淑不斷,1
覺小明,1
時訂,1
叫家怡,1
購電,1
綠電買,1
小美陸續,1
匯款後務,1
必告訴,1
上業務,1
劉可萱,1
教學虛擬,1
點急,1
盜刷會,1
一步棋,1
道富,1
將國泰,1
證存,1
這很誠懇,1
故任,1
當我慌,1
遭陳欣蘭,1
概述,1
進相關,1
日後賣,1
出能,1
回報並,1
騙後至隊,1
事後民眾,1
李佳陵,1
職找,1
規後認,1
以違,1
反群,1
提帳,1
秋季,1
雄赫,1
潘向,1
人訴,1
作紀錄,1
湯蓮倩,1
家怡,1
徐蔓兒,1
張台灣,1
蔣銘辰,1
其大陸,1
山亞,1
退保,1
人國泰,1
須個,1
證協助,1
卡行動,1
貨寄貨,1
農藥行,1
方名義,1
經連結,1
活動戶,1
證後離,1
劉強輝,1
將凍,1
軒萱,1
蘇珊,1
紀律,1
石牌路,1
股熟,1
經膨脹,1
搬著,1
得暈頭,1
老粗,1
名買,1
完後懷疑,1
大興發,1
實剛,1
許多轉,1
帳視,1
看後感覺,1
區四維,1
剛捐,1
因結束,1
給陽光,1
覬覦,1
夢靨,1
戲頁,1
皮金,1
了記,1
沒露過,1
雙園,1
園鑫店,1
漢口路,1
漢口門市,1
不愛樂,1
那面,1
負責史子,1
對方恿,1
會後續,1
師之人加,1
烹愛,1
賣輪框,1
山靈,1
業務員陳俊,1
中新社,1
男會,1
教周,1
成員陳昊,1
加質疑,1
變心,1
包廂門票,1
同學終,1
當鄭,1
捐到,1
有在幣,1
忙裡,1
閒地,1
腦中響,1
務取貨,1
當我細,1
細端,1
區購,1
臉書精,1
華龍來,1
可賣車,1
雖對,1
而後趙雅彤給,1
雅彤點,1
完後再問,1
賣方要,1
再配,1
榛子,1
貝雷帽,1
妝點,1
之人核,1
女兒現,1
然後拿去,1
因一筆,1
卡平時,1
兒後始,1
欺便,1
馮培珍,1
轉售商,1
裡簡單,1
連鄰,1
周專員加,1
歡慶,1
國安來電,1
傳訊息確,1
華巡,1
逆流而上,1
幾家幣,1
元嘗試,1
侯宏林,1
太天,1
好運龍,1
總來,1
交貨等語,1
王芷瑄,1
覺異樣,1
幾百張,1
特徵等,1
聯詐,1
革命,1
門夾,1
衡旭,1
投資蠻,1
撕過,1
頭腦嗡,1
太老練,1
較多處,1
無確切,1
破頭,1
發中獎,1
會魂,1
感蓋過,1
餡餅還,1
著序號,1
看杰倫,1
巨東門市,1
證據證,1
明門票,1
萬濠,1
區敬業,1
午後陽,1
福致,1
新書單,1
不鼓,1
寶貝小卡,1
事發近,1
思雅門票,1
廣曜,1
女兒賴,1
劉秀琪,1
跟黃妍,1
恩購,1
沒貨未,1
專員帳,1
張哲銘,1
思瑜,1
相談細,1
節後透過,1
方繪畫,1
交檔,1
僅通過,1
邱筠捷,1
達且,1
張澤凱,1
費共需,1
分共,1
轉完後覺,1
女陳亭,1
關南,1
開立店,1
匯捆,1
南稱,1
業務洽,1
跟業務,1
找業務,1
稱曉玫,1
稱其徵,1
金紙類,1
並以須,1
號手,1
獲洪丞葦,1
分離費,1
費戶,1
選寄貨,1
事後翁毓君,1
翁毓君,1
事後張,1
遠傳合,1
單後宅,1
皓皓,1
郭皓承,1
研莉,1
王婉怡,1
寧門市,1
因為繳,1
館長,1
飆悍,1
成吉思汗,1
孫傑,1
李定,1
鎮民權,1
感怪,1
新冠林店,1
過程終,1
勁後勸,1
時特別,1
給供,1
顯等,1
以欠,1
債為,1
前金區戶,1
但分,1
保修卡,1
一雙粉,1
張詩琳,1
雨後陽光,1
蔡淑貞,1
常介紹,1
沈秋英,1
妥後上,1
池上,1
秋玲,1
訊息害,1
沒錢用,1
當親,1
如大頭,1
改裝成,1
王心語,1
解悶,1
貿易業務,1
並訊息,1
訛稱,1
事金,1
屬機,1
並轉戶,1
港海,1
舅舅家,1
回折騰,1
包轉款,1
明細來,1
獎條,1
價比市,1
額異常且,1
自工廠,1
最愛買,1
屋賣屋,1
凱益,1
購物城,1
衛凱益,1
剝皮詐,1
漁夫帽,1
內容念給,1
初登場,1
社圍,1
一匿稱,1
侯旭,1
轉至拉定,1
稱瀚華及,1
分會款,1
工所,1
張總價,1
區現場,1
契約且,1
金後對方,1
舒壓館,1
婚禮費用,1
台面,1
優接,1
卡超商,1
吳柏榮,1
依約分,1
均照,1
著范思懿,1
全押,1
之後卡,1
提領光,1
抖幣代,1
儲補,1
彈商,1
提通,1
錢導致,1
我搖,1
同學並,1
販售家,1
單氣炸,1
鍋並,1
著價格,1
箱根,1
房資料,1
吳芳華則,1
當地報,1
向律師,1
將理,1
賠時間,1
將總共一萬,1
中福袋,1
機宣稱,1
這筆點,1
已退,1
群且,1
大選期,1
幣大漲,1
挽損,1
雖無法,1
天津,1
農商,1
農村,1
信用社,1
聯合社,1
簽售會,1
還門票,1
攝近,1
外幣代匯,1
點到帳,1
將財務,1
銷虛擬,1
張東,1
一組淨,1
投資淨,1
鄭伊庭,1
箱格蘭,1
箱蘇,1
老顧,1
稍後向,1
李鍵,1
滅鬼,1
手游時,1
不會詐,1
曾觀,1
佩恩,1
租卡換,1
優惠券代碼,1
日達,1
受拒,1
許欣瑤,1
為彤彤,1
投資博識,1
證多麼,1
作中,1
對方拉進,1
獲利十幾億,1
繳交綠色,1
房間將,1
票務資格,1
頻貼,1
小凱蒂,1
核對驗證,1
應徵專員,1
廣濟門市,1
彭文傑,1
白蓮幫,1
這副夢寐,1
吳強,1
嚴杰,1
儀之人,1
張靜儀,1
群組後會,1
劉妤,1
福備,1
團購券,1
許黛莉,1
莫翔,1
員夢瑤,1
愛老師,1
認證開,1
飲品給,1
領幾次貨,1
約花,1
新興陽門市,1
獎金裡面,1
叫琳姐,1
財務部給,1
打電來,1
證兒子,1
內之現,1
買沙發,1
可代玩,1
共玩,1
房產事業,1
發放合,1
賭博致,1
時千萬記,1
中積極,1
潘嘉玲,1
有媽,1
更多損,1
成誠懇,1
張連,1
雖不低,1
調買家,1
場簽,1
心無法,1
莊淑琴,1
傅至,1
機會購,1
各訂,1
職開戶,1
未求,1
廣結,1
李怡帆,1
出買進,1
心戀,1
裝協助,1
開協商,1
轉至凱,1
需緩,1
西門捷,1
當蘇婕涵,1
著一種,1
三兩句,1
雖然還,1
秘書還,1
企劃督導,1
人至極,1
賴詩雅,1
因為場,1
以場,1
地裝修,1
開幕後會統,1
窗內,1
經營後抖音,1
聯防機,1
制導致,1
由育平,1
開幕要,1
因場,1
獎金應,1
湯飯,1
過向,1
拎包,1
軟答,1
應會還,1
語氣過,1
幾天後回,1
死命,1
煩得,1
酒壯,1
人膽,1
陪葬品,1
法疑點,1
承諾若,1
爆發時,1
產險員,1
呂佳,1
通之訂,1
專門代銷,1
但供,1
二班,1
畫回,1
面領,1
搜尋中獎,1
攝風景,1
賞魯夫,1
是陳雯娟,1
推廣電商,1
奶凍,1
登記試,1
吃奶,1
管會會,1
葉為,1
並畫,1
失散,1
他聘,1
事後還給,1
店員稱,1
單方能,1
以監,1
管名,1
義不斷,1
林琮,1
推拒,1
賠款給,1
意美飾,1
七門市,1
木盒,1
非實際購,1
鐵魄,1
筆抖,1
領國家,1
確保資產,1
張貴華,1
王美華,1
繳清近,1
非出,1
品薇詢,1
麻將樂趣,1
湯圍,1
統一樂,1
試著重,1
游橋,1
用卡內,1
張小華參,1
當轉盤,1
譚俊宏以,1
蔣名,1
欣主動,1
經理告,1
訴陳民,1
民才,1
至嘉營,1
王民是,1
王民對,1
顏忠明,1
錄案,1
號兩處,1
問張明,1
越情,1
當投資期,1
李文下,1
當李文欲將,1
當黃,1
雅彤還,1
並向浩呆,1
允潔,1
浩呆,1
費和代辦,1
教林浩呆,1
越虧,1
允潔時,1
人多麼,1
王政傑,1
阿花將,1
當阿花後來,1
貸名義,1
凸顯,1
當借貸,1
貸服務時,1
將買家,1
虛假驗證,1
駿龍,1
司機載,1
載送,1
人驗證,1
分中國信,1
自賣家,1
曾千傑,1
周涵,1
力機,1
賣來,1
沮喪且,1
樂易購,1
別入,1
給陳雅琳,1
雅琳聲,1
歧路,1
日後進,1
賣家款,1
電折後照,1
當王,1
認資金來,1
王小,1
強將,1
幽遊,1
白書,1
激鬥,1
手塚悅,1
高雄大順,1
熱鍋坊,1
耳機付,1
遭網路,1
盈利模式,1
面遊,1
未求證,1
之後就會將,1
雯雯給,1
隨後經華南,1
經華南,1
為樂器,1
文留門,1
網搜尋相關,1
調服務,1
金賢重,1
愛他,1
低籌,1
何官,1
份訂,1
氣用,1
簽約後會,1
張鑫茹,1
蔡佳儒,1
商百義門市,1
商泰,1
帳的訊息,1
帆布包,1
語接,1
銀頁,1
夢霜給,1
私人生活,1
夢霜交談,1
夢霜並,1
千左右,1
購床,1
細陳述,1
出話術,1
半公眾,1
購麥,1
區信義路,1
之四張,1
交當,1
魁武,1
近眉,1
未戴,1
金要將,1
需律師,1
新易貸,1
區廣興,1
通過幣安,1
大好事,1
時失敗,1
給做過,1
叫鍾育,1
確發現,1
雖中間,1
元萬元,1
郵匯局,1
關於徵求,1
兼當,1
對方業務員,1
撫平儀,1
問業務員,1
業務為,1
透由抖音,1
單價值,1
連卡內,1
火朝天,1
貿參觀,1
氣繳,1
至鳳山區,1
並看,1
補助後便,1
其緣,1
張美珊,1
事成後會將,1
然後改,1
原價門票,1
高雄岡山,1
剩餘費用,1
這仍,1
通給,1
他宅,1
掃描加,1
筆對方,1
對方凍,1
筆告訴,1
我系統,1
美鈴,1
商明,1
郎門市,1
侯民,1
加價訂,1
詹凱喬,1
張已,1
早訂,1
加賴名,1
蒙志高,1
郭東,1
郭東雲向,1
惠比壽木藝,1
花瓶,1
標後貨到,1
明票,1
誠心購,1
真實票,1
啟國,1
門店,1
點擊後廣告,1
慶延,1
售實,1
王樹興,1
手遊版,1
補分潤,1
華漢服,1
得多長,1
偵防詐,1
宏謀,1
培碩,1
車先,1
無法供,1
應車輛,1
時交車,1
退清,1
面計劃,1
美華要,1
並拿著,1
碼成,1
當票務,1
負責票,1
林文憶,1
幫遊,1
何男有,1
中何,1
實際機,1
張票並,1
性功能,1
必安,1
無共識,1
購藥,1
石宇華稱,1
數卡後把,1
錢秉甫,1
坐月子,1
前後共陸續,1
遭多種,1
方後加,1
領知,1
惟當場,1
蕭淑芬,1
日寄票給,1
李逸軒,1
票馬上,1
一邊確,1
關於理,1
獲利來源,1
只重,1
推進關,1
國泰世華大樹,1
將借,1
還淨,1
趨勢學,1
超時費,1
嘉北車,1
風涼話,1
轉貼給,1
運單號,1
毫無辦法,1
搶輸,1
時之樹,1
許多網,1
作罷並,1
當被,1
宣傳話術,1
詩穎以,1
秦珠,1
李雲海,1
四塊,1
萬丹,1
愉察覺,1
灣力匯,1
福耀,1
裡聽,1
偉保介紹,1
楊思雨,1
科星門市,1
廣源,1
親自跑過,1
當陳偉保,1
獨立團,1
飲醉,1
三義全,1
聯門口,1
便通,1
淑蓉,1
楊茹萍,1
稱吉卡,1
遭竊導致,1
資隱私,1
可小議,1
描後會,1
禍須,1
分暱,1
謝彤彤,1
蘇郁婷,1
服引導,1
開兆豐,1
分共匯入,1
微博號,1
美夢破滅,1
組裝筆,1
當我達,1
暫地,1
林昭傑,1
圍籬,1
巷離開,1
白短,1
資犯,1
遭板橋,1
偵二組,1
李清友,1
維碼,1
掃該,1
私訊息,1
票價單,1
元待,1
超罰,1
審表請,1
精科路,1
不續,1
林禹,1
盛稱,1
用壽險,1
曉婉建議,1
我向陳曉婉,1
連合約,1
聖皓,1
藍惠,1
及學校,1
並命,1
徵虛擬,1
知原,1
紅群組,1
吳佳琳,1
倉計畫,1
號周,1
致聖門,1
國成,1
范將,1
白黃,1
瘟疫,1
入代號,1
寄件資,1
滿為,1
之以,1
手機親,1
小汪,1
作門票,1
扮公伙,1
經相關,1
業者訴,1
方亦用,1
賣的熱,1
簽個,1
完驚覺,1
以何,1
收薪資,1
資拿來,1
郭憶芸,1
溫庭嘉並,1
稱富,1
某保險,1
曉曉進,1
區進行,1
王心怡,1
過六張,1
張租車,1
方事後匯款,1
車卷給,1
工路,1
名陳嘉豪,1
稱可購,1
然稱,1
可解決,1
超愛周,1
朱庭葦,1
發來票,1
這牽涉,1
總之能,1
語彤,1
找林,1
語彤問,1
鄭薇潔,1
我償還,1
品測,1
萬贖款,1
改風,1
這幾段,1
威脅會,1
藥共,1
遭眾,1
寶發旺,1
應徵資料,1
辦理融,1
催討信,1
將後續,1
金差額,1
連獎,1
匯给,1
天公,1
桂微,1
有議,1
價空間,1
覺頭,1
不果,1
中透,1
無法觸,1
該綠電,1
綠電是,1
專利費用,1
接待客人,1
結束後來,1
還多筆,1
調員,1
推文裡,1
處尋找,1
佩奇,1
假圖片,1
還拿數,1
著強,1
當損失,1
出金麻痺,1
戲說,1
早下,1
單早,1
完為止,1
金額後約定,1
信一為,1
動後續,1
專帳,1
安錢,1
領泰達幣,1
服務費元,1
私訊販,1
隨後設計,1
辦業務員,1
該業務員主動,1
人交,1
來麗麗,1
便發,1
迸出,1
走銀樓,1
禮拜後對,1
雜並,1
稱郁涵,1
發生點,1
搬出去,1
竟下,1
連實體,1
過菲亞,1
高雄版,1
金流交,1
請大眾,1
因雙,1
振楊,1
關大額,1
機密的關,1
過美簽,1
致電聯邦,1
還新鑫,1
潤和裕富,1
負債案,1
內持,1
待詐,1
投資人確,1
問詐,1
李振,1
況作,1
夏洛特,1
花魁,1
劉婉菁,1
瀚華網,1
連證件,1
說票號,1
林翊恩,1
編林翊恩給,1
寶箱行,1
日林翊恩稱,1
深美門,1
炒匯,1
連民,1
連民與幣,1
李安成,1
李民經理,1
經常透,1
電話切,1
腦發,1
還很好,1
額就行,1
灣預,1
購現,1
貨代購,1
蔡秉翰用,1
原價加,1
票則,1
點於桃園,1
發貨費用,1
貨順利,1
單遲延,1
暫聊,1
歌德,1
飛東京,1
喪葬費還,1
張成龍,1
這對經,1
熱愛劉德華,1
會交貨,1
特別針,1
竣圭,1
宣傳成,1
稱林琳,1
半環島,1
可可西里,1
沃克,1
正義館,1
打女,1
智雄,1
廣告後點擊,1
組參加,1
前後合計,1
另與幣商,1
票務緊,1
問陳女,1
理票務,1
票越,1
對方表其,1
其言語,1
獲得數,1
他會額,1
職缺益,1
齊來,1
韻茹,1
容關,1
及芸兒,1
許淑慧,1
林美娟,1
這兩人稱,1
分用訊息,1
林樂鵬,1
桿後,1
便裡用,1
養雞場,1
始報,1
雙認證,1
帳本時,1
灰灰,1
付技術,1
須登記,1
枇杷,1
躲貓貓,1
還經,1
大塊,1
搜尋周,1
賣杰倫,1
社團欲訂,1
購杰倫,1
賣家許,1
次到貨,1
同址,1
金成,1
直自今,1
外中得,1
開麻,1
上動手,1
幾日過,1
並承諾酬,1
將新開,1
大名,1
辭懇切,1
皮後台,1
自飯,1
緊急且,1
檢驗碼,1
連環施,1
一角,1
與櫃,1
店員洽,1
店員態度,1
卷時,1
解職,1
劉將,1
拉至,1
裡一則,1
財通經,1
營業員陳淑慧,1
石佳靈,1
計劃產,1
所奪,1
這氛,1
提票,1
監察人,1
張瑞琪,1
投資風,1
軟銀集團,1
軟銀台灣,1
人公關,1
賴琇,1
分談,1
摺子,1
區英,1
稍差,1
但興櫃,1
興櫃案,1
豐厚績,1
經銷售過,1
宣傳鈞,1
碩參,1
師和律,1
內漲,1
漲後賣,1
增資後發行,1
誠意且,1
遭無情,1
萬華人,1
歸檔,1
鄭曉萍,1
梳是,1
樹脂,1
進級,1
疑略,1
方寄給,1
寄的貨,1
潘亭郁,1
她剛,1
決所謂,1
果數位,1
經打給,1
雨欣理,1
銷獲利,1
經由代銷,1
出價購,1
劉詩穎,1
擴大詢,1
問潛,1
廖祥,1
港籍,1
員來確,1
以代償,1
問後無,1
嘉馥門,1
北京站,1
帶門票,1
錯車票,1
政課,1
永新,1
萬贓款,1
市幣商,1
莊弼策,1
查無對,1
並於新,1
予門票,1
郭榮哲,1
領卷,1
整匯入,1
滿十萬元,1
將發放,1
幣三萬元紅,1
鋪後如要,1
何亞萍,1
仍並,1
周杰倫演,1
何明,1
續何,1
明妃,1
密碼將,1
拉亞漢堡,1
男運送,1
人漸,1
揭發詐,1
嫌問,1
檢查後始,1
我後發,1
現同,1
政隨後,1
增高鞋,1
發貨後會,1
將廣告,1
西昌,1
左手,1
答覆何,1
詩嘉,1
換新的給,1
王紫婕,1
外幣存,1
痛處,1
稱為線,1
生寫,1
單曲,1
如邀,1
群組始,1
薪資前,1
明分,1
專有術語,1
財務現,1
靜玟,1
三朵,1
向靜玟,1
靜梅理財,1
金多達,1
張飛鳥,1
為翔耀,1
張艾創,1
飛鳥車,1
以理財,1
知人購,1
並金新,1
林璟,1
並誇大,1
鄭丞凱,1
樓傘,1
富仁俱樂部,1
找黃泳瑋,1
無簽,1
現黃泳瑋,1
來後來,1
許美靜,1
貨幣候,1
存金,1
騙通,1
江陵,1
王振益,1
稱會來,1
收前,1
鄭給,1
鄭指導,1
鄭登入,1
品堯,1
風控險,1
取後發,1
椅坊,1
激動點,1
瀏覽門票,1
古卉,1
並於轉,1
稱會員點,1
數即,1
需來,1
創立帳,1
載鈞,1
完限動,1
非遊戲,1
提現後會,1
李嘉德,1
納公證費,1
控費,1
采恩,1
台灣加,1
維恩,1
證明別,1
心開,1
高承翊,1
連結後點擊,1
聘人員,1
好門票,1
成口頭,1
當天準,1
隨後簡,1
簡佑融,1
超跑,1
告此,1
分嘗試,1
將會來,1
初群,1
經警查,1
書信,1
鄭育姿,1
樹夏,1
樹夏稱,1
將沒,1
點的序,1
遲不見,1
始後續,1
但林思儀,1
出金無果,1
全來,1
因避稅,1
構想,1
方主導,1
辦理群,1
連書,1
樂會員,1
樂廣告,1
南州,1
壽元門市,1
以勞,1
心逐,1
美接,1
還很驚訝,1
金拿去,1
領航員杰,1
朱郁萍,1
林文恆,1
林文恆將,1
服務費且,1
女宿,1
北棟,1
聊篇天,1
其見,1
東門門市,1
前加,1
陽子,1
周楚,1
莊健銘,1
稱宏祥,1
健恩是,1
元吃紅,1
還偷店,1
分欲刷,1
明細郵,1
恆昌,1
仁義街,1
仕恩,1
分雙方,1
分後會給,1
愛玉,1
郭學楷,1
瑤將,1
德志,1
筆又,1
筆翌,1
筆同,1
振恩之華展,1
著灰,1
棉褲,1
益豐,1
林佑宗,1
之華展,1
胖高,1
戴手,1
著白,1
第十,1
第十一,1
郵寄郵局,1
管官網,1
優惠彩金,1
供假,1
木柵區戶,1
財利,1
他持,1
前樓,1
許天,1
由買家,1
紐西蘭幣,1
及紐,1
西蘭幣,1
推撥加,1
發電及,1
還經常給,1
投資蓮豐,1
證跟著,1
嘗試性,1
確保選擇,1
檢查後會,1
並不詳,1
詢美國,1
關於解,1
開唱時,1
金錢付,1
幫線,1
擊後發,1
碧霞,1
過貴,1
建電子,1
小寶個,1
多加驗證,1
新餐,1
相當值,1
稱餐,1
開幕後會,1
自求多福,1
包清,1
單終,1
遠的關,1
嘿美,1
很和氣,1
招攬個,1
稍後發,1
送寶寶,1
孟淑,1
孟淑雲解釋,1
小紅書時,1
錢寄來,1
至瑞,1
如拒,1
轉不開,1
錢後確,1
傳台灣宅,1
該宅,1
暮云,1
詩和遠方,1
狗頭,1
張瑞妤,1
小漲,1
寶台幣,1
數予,1
鏡變,1
叫雨彤,1
董在,1
董以,1
規劃理,1
總共害,1
整裝待發,1
圓汽車,1
鄭采勤,1
歐建宗,1
還不來,1
偏何,1
寶珊,1
票系,1
此代購,1
林昊辰,1
金煥顏,1
專員詢,1
明門,1
市付,1
能體諒,1
歐文的國,1
外企,1
歐文,1
隊員不疑,1
共總失,1
獲廣告,1
最後動心,1
適合想,1
資結算,1
張口,1
還廠,1
日落,1
汐山,1
會正,1
張曉彤,1
劉美蓮,1
教得,1
仔細及,1
除權,1
還能解,1
天輪,1
會友,1
晚後天,1
裡很踏實,1
商顯示,1
毫無相關,1
賠錢給,1
方導致,1
方除,1
退遇,1
遭多人,1
牛排餐,1
饗食,1
供先,1
元未計,1
繳完稅,1
金後開通,1
買標,1
吳美鈴,1
為安淇,1
故至電,1
協助代墊,1
吳宥臻,1
訂銀行,1
日寄掛,1
柳營,1
屋人員,1
鄒民後續,1
芯穎,1
舒淇,1
為裕利,1
以清潔,1
名義找,1
鋪會員,1
會門片,1
稱馨兒,1
方結,1
發發奇,1
元次,1
討取,1
電競無線,1
欣林,1
台平,1
劉詩寧給,1
並於之後叫,1
補足二個,1
小安在,1
及小明,1
歇爾藍芽,1
但小慧,1
小慧察覺,1
小華分,1
小華下,1
載虛擬,1
李燦,1
事後皆以,1
客作,1
特拉,1
單後賣家,1
隨後已,1
此產,1
開討論,1
這一竊,1
傑還,1
應後自稱,1
天總共能,1
參與本,1
連結後參,1
將抽獎,1
與眾,1
臉書的車,1
尋改,1
這家廠,1
加安裝,1
緊下單,1
人疑,1
開發過,1
只肯,1
地將訂,1
走錯,1
偽造序,1
春華秋實,1
前後累積,1
登時,1
推廣一項,1
劉偉立,1
之解,1
機智運財,1
天後加,1
林育辰,1
出足夠,1
裡又著,1
還慶,1
夠幫,1
平時育辰,1
結果育辰,1
從語,1
柳川店,1
傳宗,1
當父親,1
蔡松,1
交上,1
閃盒,1
並維護,1
時輕易,1
劉奕辰,1
說會來,1
夾物,1
代夾物,1
當抽到,1
應機,1
認機,1
公正性,1
遊玩並,1
滿是懇,1
非法手段,1
氣質佳,1
餘款則,1
給我訂,1
單編碼,1
交誼區,1
容誠懇,1
提示框,1
趁亂,1
問資產,1
高雨,1
制來,1
騙術層,1
試匯款,1
認後還,1
始訊息發,1
畫經,1
查陳俊宇,1
由陳員,1
陳員覺,1
給于,1
話後頓,1
閒閒,1
高山,1
葉產品,1
台紀錄,1
現主,1
伍益豪,1
檢視後台,1
伍益,1
葉批,1
冰山一角,1
抵達後馬,1
位國際,1
潘敬衡,1
李婉榕,1
新聞常報,1
營運數,1
吳嘉訓,1
筆透過,1
軋票,1
萬元差,1
雪崩,1
投資麻,1
地感謝,1
因供,1
著茶壺,1
能搏,1
比興奮,1
純正,1
點出貨,1
運費險,1
損壞將,1
群組報,1
樓現,1
問陳醫師,1
此家屬,1
海興宮,1
而靜怡,1
由以,1
急先鋒,1
吳菲雪,1
由港,1
吳菲雪稱,1
禮物表達,1
張一鳴,1
西部,1
為筱慧,1
而後叫,1
完後綁,1
職獎勵,1
鰲峰門,1
拿料,1
外售,1
區甲后,1
將金紙,1
張雅妮,1
號大甲,1
已利,1
之後熱情,1
柯欣宜,1
美妝美,1
滿市,1
體驗素,1
高價門票,1
訊息後就將,1
雖心生,1
還回應,1
幾拍,1
還祝,1
會玩得,1
捉弄,1
數秒,1
連忙致,1
表達願,1
服務費來,1
感涌,1
區博愛路,1
投資定,1
投資派,1
呂政哲,1
分欲以,1
許錦煌給,1
力時,1
實卡,1
號申,1
攝影者,1
續約面,1
三竹智,1
益陽,1
林宇翔,1
獎產品,1
加鼎付,1
其業,1
兌成,1
輕易嚇,1
給有關,1
報此,1
物要,1
程正樺,1
孟沁嵐,1
飄瑩,1
喬透過,1
喬承諾會,1
敏慧,1
輕信華,1
項竟,1
王鴻騰,1
內不補,1
建國進,1
理財數,1
利時,1
事業家,1
本業外,1
卻彈,1
專門接,1
驚艷,1
最後修編,1
資金四處,1
澤澤在,1
龍潭育,1
龍店,1
澤澤看,1
跟澤澤,1
高階等級,1
作備案,1
金站,1
稅金作,1
面後談,1
燦坤門市,1
康的給,1
這們,1
之後正當,1
賣家話,1
個鐘,1
社鐘,1
浪琴,1
窮思維,1
富邏輯,1
陳倩齡,1
倩齡,1
聯絡陳倩齡,1
這個局,1
以相,1
注意安全,1
認為終,1
包給系,1
證金等語,1
頭代幣,1
投資因,1
用氧氣機,1
建私訊,1
福運寶寶屋,1
如截圖,1
李翊寧,1
潜蛟,1
當冲,1
曉芬,1
弘選,1
則給,1
證獲,1
利穩,1
並額外,1
群益燁燁,1
萱琳,1
流為,1
瓷基,1
力產生,1
林美佳用,1
分還,1
林美,1
佳通,1
目看,1
交資金時,1
我小額入,1
金嘗試,1
稍後再確,1
郵寄進度,1
每發,1
慕義通過,1
愛走,1
國聲,1
方居浩斯,1
騰億生技,1
完手頭,1
卡龍塘,1
膠臉,1
無一,1
免費學,1
李博是,1
李博詳,1
運電商,1
艾鉑,1
雅珠,1
或系,1
收樂高,1
瀏覽限,1
認真詢,1
隱感覺,1
數後發現,1
半成品,1
發宴,1
社團暱,1
稱余嫦兒,1
稱雲霞,1
成異,1
彩給,1
伍漢林,1
郵寄相關,1
單及款,1
請切,1
卡售,1
日輸要,1
商心,1
心門市,1
實施詐,1
但雅晴,1
雅晴竟,1
當我實,1
九一,1
以想,1
包後繼續,1
雖好,1
國際金,1
流的關,1
連日來,1
商志,1
無明顯,1
陳旭修,1
故多,1
或額外,1
組投資,1
選勤,1
定額當,1
張順藥,1
王立忠,1
元大台灣,1
曾彥傑,1
以仲,1
其相關,1
會動用,1
許久終,1
問其應,1
匯款後系,1
統確,1
方念給,1
尋股,1
因幣別,1
給金管,1
給我金流,1
勁德,1
他震,1
陶晶瑩理,1
卡找,1
領國民年,1
威廉,1
樂高廣告,1
遭懷疑,1
人疑慮,1
劉容華,1
湖中,1
小公園將,1
介信,1
再群,1
親黃雅,1
甄協助,1
甄根據,1
家瑩,1
臨櫃和網,1
今夏,1
李阳,1
聊妥,1
通中獎,1
裡中獎,1
銷路,1
對方卡內,1
實動機,1
審核科,1
天岳,1
友仁,1
這種過,1
名頭,1
多響,1
和當,1
調繳,1
雙方後協議,1
幣訂,1
投名,1
清陽,1
並引誘,1
由犯,1
何鴻燊有,1
何超瓊,1
轉由兒子,1
何猷,1
續系,1
送維修,1
可買卷,1
日買家加,1
及輸入,1
已重,1
欺向,1
福壽園,1
鯊代購,1
該合庫,1
瞳彩及,1
及黃元財,1
分鐘後會將,1
中太過,1
文透過,1
其旋,1
傳中國信,1
劉月婷將,1
先後約定,1
新永大門市,1
少量出,1
開立給,1
自動匯,1
萬禮金,1
康連,1
等言詞,1
經放棄,1
元得,1
稱三德,1
四組超,1
天取票,1
給票號,1
添彩,1
阿楊,1
楊介紹,1
獎鍵,1
雙重代價,1
以學院,1
實際票價,1
中壢志,1
廣郵局,1
僅可借,1
天喜,1
國外當,1
求四筆,1
買家林慧,1
率真,1
位常,1
定托運,1
隨後又找,1
入頁,1
網參加,1
投現,1
該何,1
歌林,1
傑能,1
特社團,1
填輸該,1
牽個,1
為代為,1
房產之酬,1
新北人,1
在生活上,1
鄉遊客,1
相濡以沫,1
區詢,1
魏珮妘語,1
史邁,1
特人,1
因學,1
尚在備,1
全消,1
蔡佩伶,1
周凱倫,1
周凱倫承諾,1
房東還,1
優先給,1
建議面,1
並檢,1
查房,1
友關,1
利潤證,1
點晴,1
原萃,1
王宏雄,1
新大興門市,1
區大興,1
能調,1
查並,1
臉書小毅,1
覺得項,1
訴請究,1
李怡,1
謝爾比,1
興崗門市,1
磁吸,1
富通,1
組國泰,1
單雙,1
照字號,1
登字,1
東純,1
精穩盛,1
區新興,1
郭蕙,1
閱權,1
應攜回,1
關賣票,1
錢後接,1
信尾,1
飛龍騰,1
有輪,1
框含,1
依新,1
我人住,1
版雅加,1
套產品,1
為國內,1
選國外,1
信商,1
蔡筱涵,1
商車輛,1
分鐘後前,1
嚴格要,1
隨後許,1
隨後又撥,1
並均,1
費共遭,1
愛周,1
心遠,1
登頂,1
承諾均,1
請票,1
撥動,1
我果,1
斷用,1
遠大計畫,1
李等,1
觸並,1
對來歷,1
紐元換,1
過短,1
選雙重,1
之紐元,1
網抖音,1
群維,1
投資和理,1
當所謂,1
改編,1
此心,1
小茹時,1
實訊息害,1
名義聊,1
問經紀,1
實物前,1
天精,1
背後會,1
駕臨,1
霧眉師,1
享勞健,1
誠徵霧,1
眉師,1
欺騙求,1
證和殘障,1
並嚴重,1
國小校門,1
條和領,1
帶夾,1
再浪費,1
違反格,1
魯吉亞,1
疑慮終,1
呂妍鵑,1
明富,1
劉文誠向,1
劉文誠不斷,1
劉伊思,1
劉雅玲,1
票售價,1
人惱,1
票共售,1
廖弘,1
諺談,1
魔掌,1
辭終,1
不期而遇,1
既怕,1
面歸還,1
杜淑琴,1
需捐,1
元後參加,1
嘉工門市,1
許哲緯,1
蕭品,1
金近,1
坐收,1
補交後就,1
寵物樂享,1
植電話,1
用許,1
仍信,1
巨額代價,1
核實平,1
而金額,1
則簡訊,1
請升級,1
行升級,1
密和幣,1
銀和幣,1
財務帳,1
還解,1
敲擊者,1
熟成,1
光美來電,1
睿君,1
君進,1
出虛假,1
李尤莉用,1
尤莉,1
她訊息,1
李尤莉,1
隨後線,1
磨毛,1
一萬元解,1
易于,1
集氣,1
煙囪,1
叫偉綸,1
叫陳昊,1
躲躲,1
心設計,1
蕭玄燁,1
林鳳華,1
一萬餘元,1
無外,1
十餘萬元,1
商金,1
蓬門市,1
還超過,1
因及,1
泉北門市,1
國律師,1
至誠信,1
周佳慧,1
諸事順,1
熱愛卡牌,1
天請,1
水水發,1
辛亥,1
鍵來鍵,1
紅酒將,1
一樓門,1
診大廳,1
區忠三街,1
心神不安,1
異狀後詢問,1
馨給,1
傳兩張,1
經我朋,1
稍後會給,1
迪卡奧,1
骨雕,1
閃耀迪迦,1
僅拆,1
擺無暇,1
項線,1
而小美,1
還很優,1
劉建谷,1
非機票,1
王雲傑,1
夢魘始,1
員熱情,1
資金嘗試,1
購買家樂,1
福禮品,1
卡折,1
美國國際,1
隨著次,1
極快,1
詢問露,1
款後會給,1
並無給,1
台中輝哥,1
應對類,1
王伯佑,1
帳後確實,1
角鐵,1
許家文,1
損失後終,1
幣商則,1
分鐘且,1
方寸,1
以租代購,1
抽空到,1
林俊嘉透,1
林俊嘉透過,1
正款,1
返金額,1
涵建議,1
私訊子,1
根據捷,1
捷解釋,1
之貨號,1
剪輯師,1
高質量,1
將教學,1
將會用,1
小成,1
自嘉義某,1
半套,1
將總值,1
稱票價,1
總價購,1
郭綺苑,1
曾佳雯,1
曾佳雯細,1
不僅門檻,1
獎後填,1
並度過,1
同乘,1
農電商,1
澄果,1
創之好,1
單失,1
敗且,1
如欲解,1
開凍結,1
雙里,1
賦梅,1
宋屋,1
當兩筆,1
義逼,1
群組勝券,1
土銀王,1
懶懶,1
懶熊,1
獲利先,1
百貨之眼,1
徐園長,1
護生,1
之後小編,1
楊宗嘉說,1
卡兩次,1
雅琪用,1
情步驟,1
情時間,1
碼點,1
群群組,1
對方富邦,1
李恆毅,1
王男有,1
林震維,1
張詠,1
買方有,1
真然後照,1
運產品,1
專員交,1
洪裕翔,1
依中華電信,1
清過,1
一相機,1
出金動作,1
許多則,1
元在網,1
許多票務,1
票務序號,1
全無回,1
楊皓成,1
貸綁,1
有風度,1
阿雷,1
數證明,1
上業務員,1
稅務線,1
還說款,1
總喜歡,1
別管,1
單滿,1
最後幾天,1
申請戶,1
騙裝,1
初險費,1
立證,1
二把手,1
林慶輝,1
林慧臻,1
經開啟,1
但曉宇,1
得剛,1
中接觸,1
吳秋霞,1
隱蔽且,1
保獎,1
中家電,1
簡佑旭主動,1
法會來,1
姚佳茂,1
仍試,1
面臨後續,1
經常張,1
商凱,1
無法運,1
此信,1
幣達數,1
位門市,1
點睛,1
對方通,1
隨後又發來,1
戴蓉萍,1
機雜物,1
李紅雪,1
田麗君,1
吳盛煙,1
全價購,1
更多細,1
節確,1
機取票,1
楊智鴻,1
灣門市,1
多試,1
終無效,1
溫暖且,1
馨榮,1
美妍坊,1
到幣安購,1
裝品,1
卡可申,1
不會委外,1
然後之,1
中美國,1
致電元,1
珉用,1
機也始,1
萬醫療,1
費動,1
提具體,1
我多留,1
調驗,1
收後才,1
轉賣票,1
票量,1
天內會給,1
關吉,1
林書涵,1
關訊息後始,1
網徵韓國,1
以填寫,1
人員諮詢,1
私訊諮詢,1
並關閉,1
為莊,1
稱黃士,1
毛建國,1
範此,1
銷售並,1
啟興,1
熟識後邀,1
前後進行,1
刀哥,1
撞見,1
所貸,1
款幣,1
萬多換,1
當元大,1
海納百巴谷,1
成本低,1
欣福門市,1
自今,1
人壓,1
學海,1
弄清,1
處租約,1
現金渡過,1
嘉聖,1
先共匯款,1
繳金錢,1
向東,1
現惟因,1
並於分,1
李佳鴻讓,1
李佳鴻請,1
蘇蕊,1
周怡彤,1
明麗,1
椅館,1
佳音,1
稱如欲,1
言明,1
給且,1
碼儲值,1
稱芸,1
可拿取,1
投資苑,1
外尚,1
獵鬼人,1
斑紋,1
聯樂友,1
人檔,1
存儲假,1
稱遭,1
李慧琳,1
確認後續,1
點應,1
說會加,1
剛交,1
膚況,1
遊戲光,1
款至,1
有疑義,1
元約會,1
職台,1
熟識後該,1
來的幣,1
當牽扯,1
繳交委,1
知經紀,1
妝容,1
捐獻才,1
其電話給,1
照未,1
網友妮妮,1
電愛後,1
中交貨,1
該圖,1
唱針,1
稱販賣,1
即傳,1
台新帳,1
許書怡,1
約場,1
義之手,1
機釣魚,1
兌泰銖,1
進要,1
從善,1
鄭道明,1
碼後隔,1
服確,1
權幫,1
貸細,1
覺悟,1
劝阻,1
寶寶甄選,1
匯智,1
林敬原,1
統管,1
單發,1
只號,1
到幣安買,1
終付,1
健保卡積,1
洪偵查,1
林世鵬,1
及人員,1
蔡代,1
小羅在,1
小羅談,1
探著問,1
葉雅倩,1
故額,1
之公單,1
萬元想,1
問沒,1
關心詢,1
經常掛,1
打裝備,1
掛網,1
頭表達,1
手遊平,1
戲谷,1
滿踏實,1
網銀記,1
但育,1
一子,1
圈不大,1
擔保且,1
始略,1
顯不情,1
投資動心,1
很壯,1
變成浩克,1
地衝到,1
罐軟,1
藍魔,1
文熙,1
三雀,1
一特價,1
靜指脈,1
優惠組,1
已經下,1
老糊塗,1
著租車,1
伙租,1
車之後就,1
幾百通,1
幾千條訊息,1
吃黃連,1
有苦,1
求神拜佛,1
偏方,1
神通,1
巫見,1
大巫,1
購實,1
我遍,1
尋各處,1
並熱切,1
資訊紀錄,1
隨後換,1
物給,1
剛添購,1
大貓櫃,1
舊貓,1
櫃賣,1
但宅,1
選驗證,1
行員加,1
許時間,1
重物,1
這大筆,1
金匯出,1
罪後才,1
顏值,1
典亮,1
並語氣,1
張博彥,1
博達,1
幾天後有,1
李知,1
分鐘後款,1
蹦弟,1
施昇輝,1
施哑韻,1
哑韻,1
天主教,1
善牧,1
誇大網,1
男側,1
王大瞳,1
自停,1
車大聲,1
唐吉軻德,1
通貨膨脹,1
向問,1
投資秘,1
訣並,1
效正,1
美妙,1
胴體,1
矽谷,1
愛填滿,1
業投,1
防具,1
京漢,1
京漢向,1
但京漢稱,1
稱京漢,1
且售,1
價超,1
中小型,1
游志義副理,1
從京,1
至信,1
玲傳,1
好家,1
錯收,1
少新,1
大學時,1
意視訊,1
偵查員張,1
受命,1
匯款後獎,1
知和後悔,1
武藤,1
求代購,1
當我會,1
認電子,1
各大電商,1
偏差,1
單核,1
會排,1
趴變,1
專員惠,1
美則,1
貨就落,1
卡閒置,1
淡去,1
蝦米,1
熱愛網購,1
升格,1
過幾年,1
學經歷,1
歡那間,1
小學時,1
繳納許,1
帳號後分,1
將先,1
應賣給,1
照上,1
讲究,1
奮發,1
圖強,1
弊安,1
遞票,1
倩不斷,1
氣且,1
家世,1
李藝聲,1
恩斯,1
寶座,1
小澤開始,1
原產物,1
員斷,1
誠意並,1
裁員,1
支柱,1
周薰,1
周熏給,1
周熏將,1
時雨來,1
萬都給,1
著陽光,1
細節展,1
並因身,1
兩人能,1
卻訴,1
諸愛意,1
國帳,1
覺馬克,1
充腦,1
阿浩談,1
李浩才,1
將電腦,1
漲幅給,1
富鴻,1
協助代買,1
非善類,1
以後不疑,1
人員何,1
將畫,1
面公,1
錄像,1
犯通過,1
認總共,1
注意力,1
戶升級,1
結著,1
狂訊息給,1
子小霖,1
兒子吳,1
抖音觀,1
著較,1
急修,1
轉墊付,1
橫田,1
美仁,1
活動鏈,1
幸運贏,1
點擊後連結,1
創盈智谷,1
晴告訴,1
成數位,1
將數位,1
晴並,1
住進,1
換屋,1
點入後進,1
利億國際,1
劉景豪,1
何秀蓮,1
方竊取,1
則銀行會,1
這番言辭,1
輾轉加,1
過化妝品,1
莊凱迪,1
本欲購,1
台鋼,1
並隨後報案,1
真差,1
轉介此,1
我轄區,1
累計購,1
麥子,1
問烏,1
許問題,1
包攬,1
體恤,1
太依賴,1
太頻,1
再毫,1
初柚,1
水靈,1
帥還,1
那有,1
續林耀東,1
給社福,1
金匯來,1
男模特,1
載後馬,1
費淨利,1
設計人,1
土豪,1
數不盡,1
谷幣,1
之谷幣,1
楓之谷幣,1
呼風喚,1
還押,1
問裡面,1
先放錢,1
嘗試當,1
出金應,1
敏智,1
自造,1
訪嘉源,1
換禮品,1
以自動,1
轉擊,1
承諾後續,1
主動照,1
屋有,1
忠欣國際,1
油管,1
國際油,1
勢予,1
萬利且,1
錢會來,1
行員皆會,1
完實,1
整日,1
魂不守舍,1
點領,1
即匯,1
帳獎勵,1
漸多且,1
幣額度,1
王員警,1
廖世華隊,1
吳檢察官,1
脫失,1
房為,1
曉茵,1
順利並,1
名傳統,1
天下父母,1
不辭,1
賣瑪修,1
瑪修,1
公個,1
事鬧,1
南新,1
茶品,1
網友點,1
若願意,1
冰原,1
林郁霖,1
天梯,1
台灣官,1
割愛給,1
湯姆時,1
別太累,1
房會,1
嫌棄,1
群光,1
盲點,1
母親則,1
種菜,1
風特別,1
凱米,1
侵襲,1
吹破,1
雨水,1
地灌,1
接雨,1
風過,1
北信,1
作人頭,1
修房,1
孝敬,1
過結束,1
更坦,1
負人,1
惡夢無窮,1
頭號,1
費跟,1
告四人門,1
票諮詢,1
活耀度,1
其販,1
價金會,1
迫不急待,1
已然,1
可當到,1
攫住,1
然後用後來,1
問王,1
著王,1
問筱昕,1
連我想,1
缺發現,1
悔不當,1
初還,1
洪鈺婷,1
解獨到,1
成無話,1
項清償,1
新貝樂,1
免持,1
二兒,1
著償還,1
談吐誠懇,1
嘉告訴,1
貨後就,1
新床,1
剛線,1
端會將,1
不諒,1
輕生念頭,1
睡前,1
訓練師,1
排泄物,1
之後艾利,1
投不,1
艾利想,1
問艾利,1
王虎馬,1
項連本,1
現金見,1
想連絡,1
許多露,1
營趣,1
較體,1
結交異性,1
幾到,1
聊太多,1
最後神,1
課後前,1
堇次,1
小蒂蒂,1
蒂蒂聲,1
職家管,1
試著報,1
好喝,1
潤口,1
因違,1
轉彎先,1
彌陀分,1
警求證,1
敗家子,1
短短几天,1
筆智冠,1
框當,1
敗家,1
賣家界,1
心太軟,1
心塞,1
美色,1
銷售靈,1
會會員,1
熱愛遊,1
戲卡牌,1
無事進,1
新一代,1
歌音響,1
爛爛,1
手機和網,1
看且,1
獵心,1
最後申,1
時事,1
廣投,1
取想,1
貪念起,1
富邦陳悅,1
然後方,1
辦約定,1
難行員,1
辦質,1
台腳,1
思訊,1
領醬,1
保證分,1
哇勒,1
這下代誌,1
對者僅,1
取貨後才,1
單純接,1
信後便將,1
天便,1
財金達,1
且會員,1
獲利應,1
將申購,1
待儲,1
假台灣宅,1
不斷將,1
